ID,Year_Birth,Education,Marital_Status,Income,Kidhome,Teenhome,Dt_Customer,Recency,MntWines,MntFruits,MntMeatProducts,MntFishProducts,MntSweetProducts,MntGoldProds,NumDealsPurchases,NumWebPurchases,NumCatalogPurchases,NumStorePurchases,NumWebVisitsMonth,AcceptedCmp1,AcceptedCmp2,AcceptedCmp3,AcceptedCmp4,AcceptedCmp5,Response,Complain,Z_CostContact,Z_Revenue,Age,Children,HouseholdSize,CustomerTenure,TotalSpend,TotalPurchases,DealsPurchases,WebVisitIntensity,WebShare,CatalogShare,StoreShare,CampaignAcceptance,cluster,pc1,pc2,segment
10000,1973,Graduation,Single,43939.0,0,2,2014-01-27,59,70,62,90,7,20,25,4,3,4,3,6,0,0,0,0,0,0,0,3,11,42,2,3,339.0,274.0,10,4,6,0.3,0.4,0.3,0,1,1.77660769508451,-0.7560297587194482,Digital Enthusiasts
10001,1973,Master,Together,53956.0,1,1,2012-03-18,39,310,24,74,104,8,93,4,5,1,6,2,0,0,1,0,0,0,0,3,11,42,2,4,1019.0,613.0,12,4,2,0.4166666666666667,0.08333333333333333,0.5,1,1,1.6660234259308326,0.01695803768885469,Digital Enthusiasts
10002,1963,Graduation,Divorced,42581.0,1,0,2013-03-13,79,164,28,344,179,36,5,5,3,1,8,4,0,0,0,0,0,0,0,3,11,52,1,2,659.0,756.0,12,5,4,0.25,0.08333333333333333,0.6666666666666666,0,1,0.7804002743705676,1.4278403886905944,Digital Enthusiasts
10003,1985,Master,Married,38281.0,1,2,2014-05-06,64,130,60,50,15,42,26,4,2,4,2,7,0,0,0,0,0,0,0,3,11,30,3,5,240.0,323.0,8,4,7,0.25,0.5,0.25,0,1,3.3888967589349583,-1.3118065586741239,Digital Enthusiasts
10004,1951,PhD,Together,93169.0,0,0,2013-06-16,3,2135,219,1281,163,5,120,0,7,16,38,3,0,0,1,0,0,1,0,3,11,64,0,2,564.0,3733.2199999999975,58,0,3,0.11475409836065574,0.26229508196721313,0.6229508196721312,2,0,-3.3393388246560414,0.7677035889245861,High-Value Loyalists
10005,1959,Graduation,Together,35873.0,1,0,2014-01-24,64,417,31,84,38,45,241,2,2,5,11,9,0,0,1,0,0,0,0,3,11,56,1,3,342.0,856.0,18,2,9,0.1111111111111111,0.2777777777777778,0.6111111111111112,1,1,0.9548655654438603,1.0370264709939907,Digital Enthusiasts
10006,1973,Master,Widow,57656.0,0,1,2013-05-26,73,34,26,87,40,27,24,3,4,1,4,7,0,0,0,0,0,0,0,3,11,42,1,2,585.0,238.0,9,3,7,0.4444444444444444,0.1111111111111111,0.4444444444444444,0,1,0.8118444393357871,0.0580847985088446,Digital Enthusiasts
10007,1975,PhD,Widow,38107.0,1,1,2013-07-29,22,129,35,122,29,39,27,3,3,3,2,7,0,0,0,0,0,0,0,3,11,40,2,3,521.0,381.0,8,3,7,0.375,0.375,0.25,0,1,1.5728343260245818,-1.139516603462518,Digital Enthusiasts
10008,1962,Master,Together,86209.0,0,0,2013-10-03,1,454,99,76,60,4,425,1,11,4,7,2,1,0,1,0,1,0,0,3,11,53,0,2,455.0,1118.0,22,1,2,0.5,0.18181818181818182,0.3181818181818182,3,0,-1.5828181810148354,-0.803335591536478,High-Value Loyalists
10009,1963,Graduation,Widow,55241.0,0,0,2013-11-01,82,212,261,204,31,3,86,2,13,1,5,3,0,0,0,0,0,0,0,3,11,52,0,1,426.0,797.0,19,2,3,0.6842105263157895,0.05263157894736842,0.2631578947368421,0,0,-0.754141032418882,-0.8250962732775423,High-Value Loyalists
10010,1973,Graduation,Widow,58351.0,1,0,2013-01-25,30,793,72,214,30,0,196,2,3,9,13,7,0,1,0,0,0,0,0,3,11,42,1,2,706.0,1305.0,25,2,7,0.12,0.36,0.52,1,0,-0.364520728915367,0.38990557776031964,High-Value Loyalists
10011,1966,2n Cycle,Together,50193.0,1,0,2013-08-21,45,60,27,90,47,11,39,1,1,1,4,2,0,0,0,0,0,0,0,3,11,49,1,3,498.0,274.0,6,1,2,0.16666666666666666,0.16666666666666666,0.6666666666666666,0,1,0.7267543750391882,1.314597662344376,Digital Enthusiasts
10012,1983,Graduation,Together,38696.0,1,1,2012-11-02,57,126,7,54,56,19,15,5,1,0,4,8,0,0,0,0,0,0,0,3,11,32,2,4,790.0,277.0,5,5,8,0.2,0.0,0.8,0,1,2.6740963319996247,1.7576197264479674,Digital Enthusiasts
10013,1957,Graduation,Single,58686.0,1,0,2012-01-12,37,94,132,101,21,4,69,2,2,2,3,5,0,0,0,0,0,0,0,3,11,58,1,2,1085.0,421.0,7,2,5,0.2857142857142857,0.2857142857142857,0.42857142857142855,0,1,0.28409706084886327,0.08671906461043973,Digital Enthusiasts
10014,1980,PhD,Widow,80685.0,1,0,2012-04-02,0,778,25,323,31,10,29,1,4,10,5,5,0,0,0,0,0,0,0,3,11,35,1,2,1004.0,1196.0,19,1,5,0.21052631578947367,0.5263157894736842,0.2631578947368421,0,0,-0.7710125637918284,-1.1007168284888629,High-Value Loyalists
10015,1991,Graduation,Widow,61284.0,0,0,2013-07-12,13,384,60,189,57,14,61,2,5,3,7,4,0,0,1,0,1,0,0,3,11,24,0,1,538.0,765.0,15,2,4,0.3333333333333333,0.2,0.4666666666666667,2,0,-1.1857392319599265,0.07564346966942206,High-Value Loyalists
10016,1965,Basic,Divorced,34687.0,1,1,2013-06-15,43,55,31,78,16,114,35,8,3,1,6,5,0,0,0,0,0,0,0,3,11,50,2,3,565.0,329.0,10,8,5,0.3,0.1,0.6,0,1,2.124374765277262,0.912530570743153,Digital Enthusiasts
10017,1975,Graduation,Single,98233.0,0,0,2012-08-08,16,365,244,584,558,115,48,1,6,4,18,3,0,1,1,0,0,0,0,3,11,40,0,1,876.0,1914.0,28,1,3,0.21428571428571427,0.14285714285714285,0.6428571428571429,2,0,-2.388542899059937,0.970229114498175,High-Value Loyalists
10018,1942,PhD,Single,58757.0,0,0,2013-02-02,35,491,56,363,10,74,62,5,11,1,6,6,1,1,0,1,1,1,0,3,11,73,0,1,698.0,1056.0,18,5,6,0.6111111111111112,0.05555555555555555,0.3333333333333333,5,0,-0.9440635566518553,-0.45762715455662695,High-Value Loyalists
10019,1957,Graduation,Widow,34839.0,1,1,2014-05-03,25,62,24,62,63,14,55,2,2,2,4,8,0,0,0,0,0,0,0,3,11,58,2,3,243.0,280.0,8,2,8,0.25,0.25,0.5,0,1,1.5662191225963806,0.3835480546369725,Digital Enthusiasts
10020,1973,Graduation,Single,44508.0,0,2,2014-01-02,45,121,7,60,4,6,11,4,1,1,2,4,0,0,0,0,0,0,0,3,11,42,2,3,364.0,209.0,4,4,4,0.25,0.25,0.5,0,1,1.7318031183459903,0.33670203189742565,Digital Enthusiasts
10021,1974,Master,Widow,79068.0,1,0,2013-01-03,62,653,87,128,100,2,77,2,5,3,12,3,0,0,0,0,0,0,0,3,11,41,1,2,728.0,1047.0,20,2,3,0.25,0.15,0.6,0,0,-0.3174684874883294,0.819610951820342,High-Value Loyalists
10022,1963,Graduation,Widow,67328.0,0,0,2013-05-05,37,236,31,24,1,44,34,1,3,1,4,4,0,0,0,0,0,0,0,3,11,52,0,1,606.0,370.0,8,1,4,0.375,0.125,0.5,0,0,-0.873157140604269,0.5401787171614144,High-Value Loyalists
10023,1949,Graduation,Divorced,74211.0,1,0,2013-09-26,47,144,89,92,208,100,91,1,4,5,3,5,0,0,0,0,0,0,0,3,11,66,1,2,462.0,724.0,12,1,5,0.3333333333333333,0.4166666666666667,0.25,0,0,-0.14266516255410544,-0.8408627986025057,High-Value Loyalists
10024,1975,Graduation,Widow,31954.0,0,1,2013-10-05,89,95,18,111,44,57,25,6,3,2,4,9,0,1,0,1,0,0,0,3,11,40,1,2,453.0,350.0,9,6,9,0.3333333333333333,0.2222222222222222,0.4444444444444444,2,1,1.4546419303366729,0.15258265630081386,Digital Enthusiasts
10025,1975,Graduation,Divorced,90251.0,0,0,2012-05-13,12,1504,593,1487,384,659,229,1,16,18,40,0,0,0,1,1,0,1,0,3,11,40,0,1,963.0,3733.2199999999975,58,1,0,0.21621621621621623,0.24324324324324326,0.5405405405405406,3,0,-3.788759693720383,0.19167657042827305,High-Value Loyalists
10026,1980,2n Cycle,Single,65147.0,1,0,2012-09-09,99,279,18,294,89,108,120,4,4,4,6,8,0,0,0,1,1,1,0,3,11,35,1,2,844.0,908.0,14,4,8,0.2857142857142857,0.2857142857142857,0.42857142857142855,3,1,0.5880797209690007,-0.11074169026908218,Digital Enthusiasts
10027,1970,Master,Together,88252.0,0,0,2013-03-01,47,601,173,617,5,152,168,0,9,3,15,3,0,0,0,0,0,1,0,3,11,45,0,2,671.0,1716.0,27,0,3,0.3333333333333333,0.1111111111111111,0.5555555555555556,1,0,-1.567212201622282,0.49268708205243683,High-Value Loyalists
10028,1969,Graduation,Married,79040.0,0,0,2014-03-23,29,387,198,521,169,215,36,0,7,2,18,4,0,0,0,0,0,1,0,3,11,46,0,2,284.0,1526.0,27,0,4,0.25925925925925924,0.07407407407407407,0.6666666666666666,1,0,-1.48281719459033,1.1434863846911067,High-Value Loyalists
10029,1964,Graduation,Married,57656.0,1,1,2012-04-03,52,64,25,176,28,2,9,6,3,1,2,3,1,0,0,0,0,0,0,3,11,51,2,4,1003.0,304.0,6,6,3,0.5,0.16666666666666666,0.3333333333333333,1,1,2.1919638970955404,-0.755371913501852,Digital Enthusiasts
10030,1978,PhD,Widow,38711.0,0,1,2013-10-12,87,101,14,141,35,22,10,5,1,1,2,8,0,0,1,0,0,0,0,3,11,37,1,2,446.0,323.0,4,5,8,0.25,0.25,0.5,1,1,1.3729559159370144,0.4914628739374398,Digital Enthusiasts
10031,1940,Graduation,Widow,44593.0,1,0,2012-12-31,36,267,28,142,47,11,112,4,3,2,3,6,0,0,0,0,0,0,0,3,11,75,1,2,731.0,607.0,8,4,6,0.375,0.25,0.375,0,1,0.5809428382681413,-0.061959647299136,Digital Enthusiasts
10032,1988,Graduation,Single,57656.0,1,1,2012-12-28,28,616,116,498,100,42,366,2,16,4,7,6,0,1,0,0,0,0,0,3,11,27,2,3,734.0,1738.0,27,2,6,0.5925925925925926,0.14814814814814814,0.25925925925925924,1,1,0.42569772975412046,-1.5314335288569345,Digital Enthusiasts
10033,1965,Basic,Together,55455.0,0,0,2013-05-19,73,452,117,146,88,64,42,4,5,1,7,8,0,0,0,0,0,0,0,3,11,50,0,2,592.0,909.0,13,4,8,0.38461538461538464,0.07692307692307693,0.5384615384615384,0,1,0.22970038405631224,0.673259717189963,Digital Enthusiasts
10034,1986,Master,Married,52167.0,1,1,2012-06-27,29,562,16,543,196,91,265,2,12,4,10,6,0,1,0,1,1,1,0,3,11,29,2,4,918.0,1673.0,26,2,6,0.46153846153846156,0.15384615384615385,0.38461538461538464,4,1,0.8711007721703415,-0.9509990799064899,Digital Enthusiasts
10035,1967,Graduation,Together,94318.0,0,0,2013-07-23,17,883,146,951,74,49,228,1,13,18,11,3,0,0,0,0,0,0,0,3,11,48,0,2,527.0,2331.0,42,1,3,0.30952380952380953,0.42857142857142855,0.2619047619047619,0,0,-2.228433948048528,-1.1151816625972297,High-Value Loyalists
10036,1970,Graduation,Together,92758.0,0,0,2013-03-19,13,735,311,780,2,2,62,0,2,4,19,2,0,0,0,0,0,0,0,3,11,45,0,2,653.0,1892.0,25,0,2,0.08,0.16,0.76,0,0,-1.881402122213192,1.6745738894869593,High-Value Loyalists
10037,1980,Master,Widow,72984.0,0,0,2012-12-21,0,496,21,239,55,32,177,2,5,4,8,5,1,1,0,0,0,0,0,3,11,35,0,1,741.0,1020.0,17,2,5,0.29411764705882354,0.23529411764705882,0.47058823529411764,2,0,-1.484889741569377,0.1200412929169147,High-Value Loyalists
10038,1971,PhD,Divorced,100641.0,0,0,2012-05-11,60,857,126,1165,584,27,133,3,25,2,24,6,0,0,0,0,0,0,0,3,11,44,0,1,965.0,2892.0,51,3,6,0.49019607843137253,0.0392156862745098,0.47058823529411764,0,0,-2.4569092894260156,-0.08953386240189887,High-Value Loyalists
10039,1960,Graduation,Married,40167.0,0,1,2012-05-22,57,67,24,42,1,19,52,5,2,1,5,11,0,1,0,0,1,0,0,3,11,55,1,3,954.0,205.0,8,5,11,0.25,0.125,0.625,2,1,1.7040958820189736,1.0608891807371885,Digital Enthusiasts
10040,1968,PhD,Married,57656.0,0,1,2012-07-02,61,336,79,410,390,42,31,4,6,1,14,7,0,0,0,0,0,0,0,3,11,47,1,3,913.0,1288.0,21,4,7,0.2857142857142857,0.047619047619047616,0.6666666666666666,0,1,0.7149982072354865,1.1183115302016484,Digital Enthusiasts
10041,1957,2n Cycle,Divorced,41919.0,1,0,2013-08-16,48,126,90,84,49,39,79,3,3,3,4,3,0,0,0,0,0,0,0,3,11,58,1,2,503.0,467.0,10,3,3,0.3,0.3,0.4,0,1,0.4372516709512867,0.017130674390504155,Digital Enthusiasts
10042,1970,Graduation,Married,29377.0,1,1,2012-12-18,48,218,86,147,16,0,84,3,3,2,9,8,0,0,1,0,1,0,0,3,11,45,2,4,744.0,551.0,14,3,8,0.21428571428571427,0.14285714285714285,0.6428571428571429,2,1,2.0897513491506916,0.8946448220600357,Digital Enthusiasts
10043,1984,Master,Divorced,89206.0,0,0,2012-01-11,23,265,247,273,561,82,183,0,7,10,15,6,1,0,0,1,0,1,0,3,11,31,0,1,1086.0,1611.0,32,0,6,0.21875,0.3125,0.46875,3,0,-2.22591623775977,-0.054173413855739844,High-Value Loyalists
10044,1961,2n Cycle,Single,43231.0,0,0,2014-02-25,67,222,41,65,97,2,52,2,3,3,2,5,0,0,0,0,0,0,0,3,11,54,0,1,310.0,479.0,8,2,5,0.375,0.375,0.25,0,0,-0.3380751411966366,-0.6518455120016103,High-Value Loyalists
10045,1963,PhD,Married,42201.0,0,0,2013-12-28,34,255,16,136,64,118,164,5,3,2,7,2,0,0,0,0,0,1,0,3,11,52,0,2,369.0,753.0,12,5,2,0.25,0.16666666666666666,0.5833333333333334,1,0,-0.10578168114609846,1.0060932361538348,High-Value Loyalists
10046,1981,Basic,Divorced,64494.0,0,0,2013-09-22,46,815,1,405,12,12,23,1,5,2,10,4,0,1,0,0,0,1,0,3,11,34,0,1,466.0,1268.0,17,1,4,0.29411764705882354,0.11764705882352941,0.5882352941176471,2,0,-1.3345598449132199,0.8012537511742248,High-Value Loyalists
10047,1976,Graduation,Married,63838.0,0,0,2013-08-30,38,416,26,342,97,31,32,0,9,1,7,5,0,0,0,0,0,0,0,3,11,39,0,2,489.0,944.0,17,0,5,0.5294117647058824,0.058823529411764705,0.4117647058823529,0,0,-0.7233084188461795,-0.26545533037077196,High-Value Loyalists
10048,1987,Master,Together,31724.0,0,1,2013-08-11,35,121,46,65,16,31,95,1,1,1,2,6,0,0,0,0,1,0,0,3,11,28,1,3,508.0,374.0,4,1,6,0.25,0.25,0.5,1,1,1.0772376578089404,0.2208747851085688,Digital Enthusiasts
10049,1967,Graduation,Together,84675.0,0,0,2013-11-27,18,716,361,497,63,109,457,3,19,3,12,2,0,0,1,0,0,0,0,3,11,48,0,2,400.0,2203.0,34,3,2,0.5588235294117647,0.08823529411764706,0.35294117647058826,1,0,-1.7452176998866074,-0.6928896525963633,High-Value Loyalists
10050,1954,Graduation,Widow,115087.0,0,0,2014-04-13,28,641,316,259,174,33,639,1,10,5,14,0,1,0,0,0,0,0,0,3,11,61,0,1,263.0,2062.0,29,1,0,0.3448275862068966,0.1724137931034483,0.4827586206896552,1,0,-2.700290459138408,0.2695097368853394,High-Value Loyalists
10051,1958,PhD,Together,76601.0,0,0,2014-05-26,21,858,273,424,55,165,95,1,4,18,12,4,0,0,1,0,0,0,0,3,11,57,0,2,220.0,1870.0,34,1,4,0.11764705882352941,0.5294117647058824,0.35294117647058826,1,0,-1.73886074305712,-0.3848129733506439,High-Value Loyalists
10052,1976,PhD,Together,28756.0,0,1,2012-09-16,99,72,86,104,12,30,25,5,1,2,4,7,0,0,0,0,0,0,0,3,11,39,1,3,837.0,329.0,7,5,7,0.14285714285714285,0.2857142857142857,0.5714285714285714,0,1,1.949338050284735,0.8683810519812162,Digital Enthusiasts
10053,1983,Graduation,Married,45883.0,1,2,2012-10-21,63,96,48,119,4,12,27,6,5,2,2,7,0,0,0,0,0,0,0,3,11,32,3,5,802.0,306.0,9,6,7,0.5555555555555556,0.2222222222222222,0.2222222222222222,0,1,3.551155370381233,-1.6296071140390236,Digital Enthusiasts
10054,1968,Graduation,Widow,41932.0,0,2,2012-05-30,53,101,24,96,41,20,4,3,2,1,1,5,0,0,0,0,1,0,0,3,11,47,2,3,946.0,286.0,4,3,5,0.5,0.25,0.25,1,1,1.707148903532246,-1.1391543472948298,Digital Enthusiasts
10055,1990,Graduation,Widow,33565.0,1,1,2013-04-24,50,56,7,75,23,9,48,5,4,1,2,9,0,0,0,1,0,0,0,3,11,25,2,3,617.0,218.0,7,5,9,0.5714285714285714,0.14285714285714285,0.2857142857142857,1,1,2.213221061459094,-1.118754116394328,Digital Enthusiasts
10056,1969,Basic,Widow,47368.0,1,0,2013-01-07,32,712,34,256,79,465,643,1,18,1,12,3,0,0,1,0,0,0,0,3,11,46,1,2,724.0,2189.0,31,1,3,0.5806451612903226,0.03225806451612903,0.3870967741935484,1,0,-0.9114842845534569,-0.5702136840509574,High-Value Loyalists
10057,1973,Master,Widow,32742.0,1,1,2013-07-23,44,45,15,80,12,4,31,4,2,2,2,4,0,0,0,0,0,0,0,3,11,42,2,3,527.0,187.0,6,4,4,0.3333333333333333,0.3333333333333333,0.3333333333333333,0,1,1.8098796318388157,-0.5810105116699555,Digital Enthusiasts
10058,1952,Graduation,Single,89021.0,0,0,2013-07-11,9,462,28,677,573,264,232,1,3,23,16,4,0,0,0,1,0,1,0,3,11,63,0,1,539.0,2236.0,42,1,4,0.07142857142857142,0.5476190476190477,0.38095238095238093,2,0,-2.788802416442293,-0.21606075335224365,High-Value Loyalists
10059,1980,Graduation,Married,113630.0,0,0,2013-06-11,41,707,214,415,176,29,141,1,9,1,20,3,0,1,0,0,0,0,0,3,11,35,0,2,569.0,1682.0,30,1,3,0.3,0.03333333333333333,0.6666666666666666,1,0,-1.7894752234154,0.9776627921707259,High-Value Loyalists
10060,1964,2n Cycle,Single,30885.0,1,1,2012-01-15,91,152,4,31,42,15,302,4,2,1,8,3,0,0,0,0,0,0,0,3,11,51,2,3,1082.0,546.0,11,4,3,0.18181818181818182,0.09090909090909091,0.7272727272727273,0,1,1.8360776608933993,1.623949065237347,Digital Enthusiasts
10061,1978,Master,Single,63910.0,1,0,2013-07-24,28,344,38,234,60,74,65,0,5,9,11,4,0,0,0,0,1,0,0,3,11,37,1,2,526.0,815.0,25,0,4,0.2,0.36,0.44,1,0,-0.6332326019703735,-0.09754091013876803,High-Value Loyalists
10062,1974,Master,Divorced,43494.0,0,2,2012-05-10,67,106,15,58,12,1,19,7,2,1,1,8,0,0,0,0,0,0,0,3,11,41,2,3,966.0,211.0,4,7,8,0.5,0.25,0.25,0,1,2.4453557377557713,-1.0961426968540415,Digital Enthusiasts
10063,1982,Master,Single,27096.26,1,1,2014-04-27,43,84,23,39,5,25,17,5,3,1,6,7,0,0,0,0,0,0,0,3,11,33,2,3,249.0,193.0,10,5,7,0.3,0.1,0.6,0,1,2.0693176252322636,0.777542937657298,Digital Enthusiasts
10064,1967,Graduation,Married,46728.0,0,2,2012-02-02,60,101,2,51,5,78,80,4,1,1,1,3,0,0,0,0,0,0,0,3,11,48,2,4,1064.0,317.0,3,4,3,0.3333333333333333,0.3333333333333333,0.3333333333333333,0,1,2.2253342694093323,-0.6546355903079346,Digital Enthusiasts
10065,1966,Graduation,Together,29997.0,1,1,2013-03-11,29,62,46,33,4,3,17,5,1,2,2,6,0,0,0,0,0,0,0,3,11,49,2,4,661.0,165.0,5,5,6,0.2,0.4,0.4,0,1,2.446108445231209,-0.21543449982868487,Digital Enthusiasts
10066,1957,Graduation,Single,40609.0,0,1,2012-12-21,39,100,7,70,20,22,14,2,1,1,1,4,0,0,0,1,0,1,0,3,11,58,1,2,741.0,233.0,3,2,4,0.3333333333333333,0.3333333333333333,0.3333333333333333,2,1,0.482700330581096,-0.4000014389975233,Digital Enthusiasts
10067,1969,Graduation,Widow,68287.0,1,0,2014-02-14,18,88,54,144,13,85,123,3,2,3,7,4,0,0,0,0,0,0,0,3,11,46,1,2,321.0,507.0,12,3,4,0.16666666666666666,0.25,0.5833333333333334,0,0,-0.009492033554221308,0.8718953384480594,High-Value Loyalists
10068,1971,Master,Divorced,111802.0,0,0,2012-01-09,24,538,70,503,671,48,252,3,13,9,11,2,0,0,1,0,0,0,0,3,11,44,0,1,1086.6599999999999,2082.0,33,3,2,0.3939393939393939,0.2727272727272727,0.3333333333333333,1,0,-2.434485362283304,-0.717524915110999,High-Value Loyalists
10069,1986,Master,Married,72571.0,1,0,2013-07-22,12,329,38,182,181,44,176,4,6,3,7,5,0,1,1,1,0,0,0,3,11,29,1,3,528.0,950.0,16,4,5,0.375,0.1875,0.4375,3,1,0.25907526807970715,-0.35464396196680414,Digital Enthusiasts
10070,1977,2n Cycle,Single,55944.0,0,0,2014-01-11,0,289,116,460,50,73,91,1,5,6,11,3,0,0,0,0,0,0,0,3,11,38,0,1,355.0,1079.0,22,1,3,0.22727272727272727,0.2727272727272727,0.5,0,0,-1.5833626672839056,0.40434863654284847,High-Value Loyalists
10071,1966,Graduation,Widow,55558.0,0,0,2013-12-05,7,951,47,268,67,331,73,0,8,5,14,11,1,0,0,0,0,0,0,3,11,49,0,1,392.0,1737.0,27,0,11,0.2962962962962963,0.18518518518518517,0.5185185185185185,1,0,-1.5769741583551962,0.421791435043102,High-Value Loyalists
10072,1960,Master,Together,53457.0,1,0,2012-09-19,48,140,107,61,13,20,36,3,4,0,6,11,0,0,0,0,0,0,0,3,11,55,1,3,834.0,377.0,10,3,11,0.4,0.0,0.6,0,1,1.3186693089397095,0.8280596243350186,Digital Enthusiasts
10073,1966,Basic,Together,62514.0,0,0,2012-10-22,20,727,49,297,175,19,289,1,11,5,12,13,1,0,1,0,0,1,0,3,11,49,0,2,801.0,1556.0,28,1,13,0.39285714285714285,0.17857142857142858,0.42857142857142855,3,0,-0.8987286477031232,-0.25293816303790284,High-Value Loyalists
10074,1962,Graduation,Married,99021.0,0,0,2012-07-09,15,753,283,130,22,6,261,4,6,9,5,2,0,0,0,1,1,1,0,3,11,53,0,2,906.0,1455.0,20,4,2,0.3,0.45,0.25,3,0,-1.4099248118570828,-1.0543232571645704,High-Value Loyalists
10075,1975,Graduation,Single,76116.0,0,0,2012-10-23,43,1030,96,372,197,394,24,2,9,6,15,4,0,0,0,0,1,0,0,3,11,40,0,1,800.0,2113.0,30,2,4,0.3,0.2,0.5,1,0,-1.8919472817395706,0.2699097154454182,High-Value Loyalists
10076,1980,2n Cycle,Together,73411.0,1,0,2013-01-17,19,535,25,368,254,65,283,5,18,0,7,5,0,0,0,1,1,0,0,3,11,35,1,3,714.0,1530.0,25,5,5,0.72,0.0,0.28,2,1,0.10232449983162713,-1.354156373388318,Digital Enthusiasts
10077,1966,Graduation,Widow,36406.0,0,1,2014-04-21,56,55,18,34,17,58,8,4,4,1,3,11,0,0,0,0,0,0,0,3,11,49,1,2,255.0,190.0,8,4,11,0.5,0.125,0.375,0,1,1.2673763499226889,-0.2463689210652281,Digital Enthusiasts
10078,1972,Master,Together,27096.26,0,1,2014-03-13,99,59,10,84,18,7,20,5,2,3,6,9,0,0,0,0,0,0,0,3,11,43,1,3,294.0,198.0,11,5,9,0.18181818181818182,0.2727272727272727,0.5454545454545454,0,1,2.0238199157224246,0.7591527861812386,Digital Enthusiasts
10079,1974,Graduation,Divorced,34691.0,1,1,2014-01-19,49,162,9,147,17,0,17,2,1,2,5,16,0,0,0,0,0,0,0,3,11,41,2,3,347.0,352.0,8,2,16,0.125,0.25,0.625,0,1,2.1531880407411323,0.9671401106796075,Digital Enthusiasts
10080,1966,Graduation,Divorced,41300.0,0,2,2012-12-29,53,68,41,109,28,4,4,5,2,1,3,5,1,1,0,0,0,0,0,3,11,49,2,3,733.0,254.0,6,5,5,0.3333333333333333,0.16666666666666666,0.5,2,1,1.829004524687235,0.2846277131961211,Digital Enthusiasts
10081,1979,2n Cycle,Divorced,52263.0,0,0,2013-03-31,46,548,61,295,28,5,142,1,2,5,9,3,0,0,0,1,0,0,0,3,11,36,0,1,641.0,1079.0,16,1,3,0.125,0.3125,0.5625,1,0,-1.1746517327916375,0.8231152646107294,High-Value Loyalists
10082,1960,Graduation,Together,58998.0,0,0,2013-03-30,34,433,38,200,92,64,179,4,8,2,10,7,1,0,1,0,0,0,0,3,11,55,0,2,642.0,1006.0,20,4,7,0.4,0.1,0.5,2,0,-0.39395275635887356,0.3557457535273456,High-Value Loyalists
10083,1962,Graduation,Married,107931.0,0,0,2013-02-18,14,445,1,182,281,78,443,2,2,2,19,3,0,1,1,0,0,0,0,3,11,53,0,2,682.0,1430.0,23,2,3,0.08695652173913043,0.08695652173913043,0.8260869565217391,2,0,-1.6711828355028213,2.057084999830828,High-Value Loyalists
10084,1967,Graduation,Married,92313.0,1,0,2012-06-27,25,468,98,373,648,345,35,0,8,3,20,4,1,0,0,0,0,0,0,3,11,48,1,3,918.0,1967.0,31,0,4,0.25806451612903225,0.0967741935483871,0.6451612903225806,1,0,-0.9373960807701397,0.7709932798705549,High-Value Loyalists
10085,1963,Graduation,Single,48767.0,0,0,2012-08-14,32,883,315,811,129,228,365,0,13,9,19,7,0,0,0,0,0,0,0,3,11,52,0,1,870.0,2731.0,41,0,7,0.3170731707317073,0.21951219512195122,0.4634146341463415,0,0,-2.151024385291918,0.08511207283522264,High-Value Loyalists
10086,1975,Graduation,Together,29429.0,0,1,2013-06-06,37,158,18,77,37,5,86,10,4,2,5,7,1,0,0,0,0,0,0,3,11,40,1,3,574.0,381.0,11,10,7,0.36363636363636365,0.18181818181818182,0.45454545454545453,1,1,1.9518721343560148,0.10298522712606675,Digital Enthusiasts
10087,1987,Master,Together,94786.0,1,0,2012-07-05,50,422,25,469,9,16,141,1,8,4,5,8,1,0,1,0,1,0,0,3,11,28,1,3,910.0,1082.0,17,1,8,0.47058823529411764,0.23529411764705882,0.29411764705882354,3,0,0.07113077478174831,-1.2415575418101472,High-Value Loyalists
10088,1953,Graduation,Married,80681.0,0,0,2012-03-09,62,471,132,343,86,288,383,2,4,4,17,2,0,1,0,0,0,0,0,3,11,62,0,2,1028.0,1703.0,25,2,2,0.16,0.16,0.68,1,0,-1.245188833919333,1.4130195218638164,High-Value Loyalists
10089,1959,Graduation,Single,27096.26,0,2,2012-07-22,15,48,18,68,3,5,3,11,2,3,2,7,0,0,0,0,0,0,0,3,11,56,2,3,893.0,145.0,7,11,7,0.2857142857142857,0.42857142857142855,0.2857142857142857,0,1,2.5342570891012115,-0.6738575511818677,Digital Enthusiasts
10090,1959,Graduation,Single,115222.0,0,0,2014-03-30,36,565,63,159,167,272,45,1,4,3,7,5,1,0,1,0,0,0,0,3,11,56,0,1,277.0,1271.0,14,1,5,0.2857142857142857,0.21428571428571427,0.5,2,0,-1.841175877334503,0.4264878868945837,High-Value Loyalists
10091,1975,Master,Together,38102.0,1,1,2014-04-27,55,108,21,79,1,41,67,4,1,1,3,5,0,0,0,0,0,0,0,3,11,40,2,4,249.0,317.0,5,4,5,0.2,0.2,0.6,0,1,2.353750057703209,0.7979350591644391,Digital Enthusiasts
10092,1980,Graduation,Divorced,81075.0,1,0,2012-02-19,31,318,25,357,152,181,59,1,4,1,11,4,0,0,0,0,0,1,0,3,11,35,1,2,1047.0,1092.0,16,1,4,0.25,0.0625,0.6875,1,0,-0.5380523999090968,1.1405411509212624,High-Value Loyalists
10093,1966,2n Cycle,Divorced,68702.0,1,0,2012-08-27,45,736,20,214,13,48,152,3,12,1,11,5,0,0,0,1,0,0,0,3,11,49,1,2,857.0,1183.0,24,3,5,0.5,0.041666666666666664,0.4583333333333333,1,0,-0.2645140058592975,-0.05506138720188451,High-Value Loyalists
10094,1980,2n Cycle,Together,71243.0,0,0,2013-12-24,68,226,77,308,269,241,587,2,14,5,8,10,1,0,0,0,1,0,0,3,11,35,0,2,373.0,1708.0,27,2,10,0.5185185185185185,0.18518518518518517,0.2962962962962963,2,0,-0.6808308741959983,-0.9884184343827337,High-Value Loyalists
10095,1977,Graduation,Single,40861.0,0,2,2013-02-05,63,46,29,32,26,14,31,7,1,0,3,5,0,0,0,0,0,0,0,3,11,38,2,3,695.0,178.0,4,7,5,0.25,0.0,0.75,0,1,2.2909708203798025,1.6666897439786077,Digital Enthusiasts
10096,1963,Graduation,Divorced,74730.0,0,1,2012-07-09,59,453,134,352,20,40,52,1,4,5,9,6,0,1,0,0,0,0,0,3,11,52,1,2,906.0,1051.0,18,1,6,0.2222222222222222,0.2777777777777778,0.5,1,0,-0.27071453519763167,0.3386664536341075,High-Value Loyalists
10097,1967,Master,Married,130117.49999999999,0,0,2013-09-05,27,350,760,283,87,512,49,0,11,5,16,2,0,1,0,0,0,0,0,3,11,48,0,2,483.0,2041.0,32,0,2,0.34375,0.15625,0.5,1,0,-2.3928973407173983,0.0971664715180743,High-Value Loyalists
10098,1952,Graduation,Together,109291.0,0,0,2013-08-10,36,350,146,241,251,175,290,0,9,3,11,1,0,0,0,1,0,0,0,3,11,63,0,2,509.0,1453.0,23,0,1,0.391304347826087,0.13043478260869565,0.4782608695652174,1,0,-1.8170781955457835,0.18975832532171338,High-Value Loyalists
10099,1965,Master,Divorced,37909.0,0,1,2013-08-03,40,545,62,264,27,5,164,0,8,3,8,4,1,0,0,0,0,0,0,3,11,50,1,2,516.0,1067.0,19,0,4,0.42105263157894735,0.15789473684210525,0.42105263157894735,1,0,-0.22964056827023183,-0.14356992518212183,High-Value Loyalists
10100,1949,Basic,Divorced,56859.0,0,0,2012-12-12,52,512,84,131,12,42,94,2,4,5,5,6,0,0,0,0,0,0,0,3,11,66,0,1,750.0,875.0,14,2,6,0.2857142857142857,0.35714285714285715,0.35714285714285715,0,0,-0.804869251367637,-0.0793394257079508,High-Value Loyalists
10101,1955,PhD,Together,47745.0,0,1,2013-11-24,52,150,22,76,30,14,21,2,1,1,5,3,0,0,0,0,0,0,0,3,11,60,1,3,403.0,313.0,7,2,3,0.14285714285714285,0.14285714285714285,0.7142857142857143,0,1,0.8986523876707229,1.6802436900468596,Digital Enthusiasts
10102,1977,Graduation,Divorced,82676.0,0,0,2012-08-05,40,1199,79,343,83,282,288,3,10,10,13,5,0,1,0,0,0,0,0,3,11,38,0,1,879.0,2274.0,33,3,5,0.30303030303030304,0.30303030303030304,0.3939393939393939,1,0,-1.9381295493943542,-0.33512795187282474,High-Value Loyalists
10103,1956,Graduation,Single,47747.0,0,0,2012-12-07,15,198,35,42,18,32,25,2,1,1,3,5,1,0,0,0,0,0,0,3,11,59,0,1,755.0,350.0,5,2,5,0.2,0.2,0.6,1,0,-0.6667862866426805,1.2004965179693483,High-Value Loyalists
10104,1981,Graduation,Single,47970.0,0,2,2014-03-21,33,167,4,72,22,2,12,5,5,2,1,12,0,0,1,0,0,0,0,3,11,34,2,3,286.0,279.0,8,5,12,0.625,0.25,0.125,1,1,2.06040298216819,-1.9704524642228294,Digital Enthusiasts
10105,1963,Graduation,Widow,45747.0,1,2,2012-10-26,84,140,34,64,25,11,49,3,7,1,1,5,0,0,0,0,0,0,0,3,11,52,3,4,797.0,323.0,9,3,5,0.7777777777777778,0.1111111111111111,0.1111111111111111,0,1,2.7558772197788772,-2.095792084371101,Digital Enthusiasts
10106,1984,Master,Together,108733.0,1,0,2012-04-19,68,384,121,128,88,43,49,5,5,0,6,4,0,0,1,0,1,0,0,3,11,31,1,3,987.0,813.0,11,5,4,0.45454545454545453,0.0,0.5454545454545454,2,1,0.5221570070289735,0.2427477527327189,Digital Enthusiasts
10107,1978,Graduation,Together,55946.0,0,0,2013-03-28,0,404,90,465,107,116,107,2,7,4,14,2,0,0,1,0,1,0,0,3,11,37,0,2,644.0,1289.0,25,2,2,0.28,0.16,0.56,2,0,-1.2447390393473992,0.5169369555174107,High-Value Loyalists
10108,1976,PhD,Single,81315.0,0,0,2013-08-30,15,388,13,234,14,223,375,1,6,12,6,5,0,0,0,0,0,0,0,3,11,39,0,1,489.0,1247.0,24,1,5,0.25,0.5,0.25,0,0,-1.7480281215612874,-0.9689724585443319,High-Value Loyalists
10109,1941,PhD,Divorced,48912.0,0,0,2013-07-25,35,132,19,245,234,142,33,4,7,4,7,5,0,0,0,0,0,0,0,3,11,74,0,1,525.0,805.0,18,4,5,0.3888888888888889,0.2222222222222222,0.3888888888888889,0,0,-0.7384075889817816,0.11460300384196478,High-Value Loyalists
10110,1968,Graduation,Divorced,58930.0,1,0,2012-08-19,43,1200,231,150,48,30,60,1,13,5,11,5,1,0,1,0,0,1,0,3,11,47,1,2,865.0,1719.0,29,1,5,0.4482758620689655,0.1724137931034483,0.3793103448275862,3,0,-0.771457950780741,-0.572773575935089,High-Value Loyalists
10111,1967,Master,Widow,75325.0,0,0,2014-06-14,26,714,180,434,213,337,230,0,16,5,15,3,0,1,0,0,0,1,0,3,11,48,0,1,205.34,2108.0,36,0,3,0.4444444444444444,0.1388888888888889,0.4166666666666667,2,0,-2.4305158824772746,-0.24297810627679964,High-Value Loyalists
10112,1987,Master,Married,37407.0,0,1,2013-10-27,52,148,1,138,164,43,75,3,6,6,6,3,0,0,0,0,0,0,0,3,11,28,1,3,431.0,569.0,18,3,3,0.3333333333333333,0.3333333333333333,0.3333333333333333,0,1,0.852545803422268,-0.6854729279299931,Digital Enthusiasts
10113,1959,Graduation,Divorced,34836.0,1,1,2013-06-12,28,81,21,13,45,13,21,4,2,1,2,4,0,0,0,0,0,1,0,3,11,56,2,3,568.0,194.0,5,4,4,0.4,0.2,0.4,1,1,1.6514649794775724,-0.21267430589945444,Digital Enthusiasts
10114,1969,PhD,Married,96900.0,0,0,2013-10-28,35,798,99,888,124,233,213,1,7,11,16,3,0,1,1,0,0,0,0,3,11,46,0,2,430.0,2355.0,34,1,3,0.20588235294117646,0.3235294117647059,0.47058823529411764,2,0,-2.0604372064198286,0.02987517564801779,High-Value Loyalists
10115,1962,Graduation,Widow,47115.0,1,0,2013-11-21,44,101,33,388,26,41,37,4,4,1,2,4,1,0,1,0,1,0,0,3,11,53,1,2,406.0,626.0,7,4,4,0.5714285714285714,0.14285714285714285,0.2857142857142857,3,1,0.44967649445397756,-0.8298491200904518,Digital Enthusiasts
10116,1986,Master,Married,55961.0,1,1,2013-06-01,41,27,9,22,1,5,36,2,6,2,2,11,0,0,0,0,0,0,0,3,11,29,2,4,579.0,142.34,10,2,11,0.6,0.2,0.2,0,1,2.210968201300749,-1.728582934029354,Digital Enthusiasts
10117,1977,2n Cycle,Married,38102.0,1,1,2014-04-12,67,103,11,211,19,39,67,2,4,5,6,6,0,0,0,0,0,0,0,3,11,38,2,4,264.0,450.0,15,2,6,0.26666666666666666,0.3333333333333333,0.4,0,1,2.0125584197901265,-0.3697439465246417,Digital Enthusiasts
10118,1989,Master,Widow,84149.0,1,1,2012-09-14,32,501,70,486,20,113,22,0,7,2,8,8,0,0,0,0,0,0,0,3,11,26,2,3,839.0,1212.0,17,0,8,0.4117647058823529,0.11764705882352941,0.47058823529411764,0,1,0.500990996618351,-0.3204117680998192,Digital Enthusiasts
10119,1976,Graduation,Together,40040.0,1,1,2012-01-04,55,56,23,52,46,24,5,9,1,1,2,8,0,0,0,0,0,0,0,3,11,39,2,4,1086.6599999999999,206.0,4,9,8,0.25,0.25,0.5,0,1,3.0870477913399688,0.24971167178294562,Digital Enthusiasts
10120,1966,Graduation,Together,44830.0,0,1,2013-06-11,87,157,95,98,19,4,36,4,2,1,5,5,0,0,0,0,0,0,0,3,11,49,1,3,569.0,409.0,8,4,5,0.25,0.125,0.625,0,1,1.4526297137696333,1.1263261470491293,Digital Enthusiasts
10121,1975,Basic,Divorced,40183.0,1,1,2012-08-16,59,88,26,40,9,3,52,5,3,0,7,8,0,0,0,0,0,0,0,3,11,40,2,3,868.0,218.0,10,5,8,0.3,0.0,0.7,0,1,2.0820114600781574,1.306992216655291,Digital Enthusiasts
10122,1964,Master,Married,118341.0,0,0,2014-01-11,70,573,23,420,104,140,202,0,11,4,5,2,0,1,0,0,1,0,0,3,11,51,0,2,355.0,1462.0,20,0,2,0.55,0.2,0.25,2,0,-1.5841049220965011,-1.154166306506599,High-Value Loyalists
10123,1983,Graduation,Single,65731.0,0,0,2012-01-03,0,724,154,187,1,151,100,2,3,5,8,4,0,0,0,0,0,0,0,3,11,32,0,1,1086.6599999999999,1317.0,16,2,4,0.1875,0.3125,0.5,0,0,-1.4588445287048228,0.3413867960149233,High-Value Loyalists
10124,1966,PhD,Together,99388.0,0,0,2013-12-08,27,2108,267,796,388,118,62,2,33,9,21,1,1,0,0,0,0,0,0,3,11,49,0,2,389.0,3733.2199999999975,58,2,1,0.5238095238095238,0.14285714285714285,0.3333333333333333,1,0,-3.0209795203828755,-0.9806670687065048,High-Value Loyalists
10125,1962,Graduation,Together,69941.0,0,0,2014-03-24,13,814,173,709,228,45,162,2,23,0,12,7,0,1,0,0,0,0,0,3,11,53,0,2,283.0,2131.0,35,2,7,0.6571428571428571,0.0,0.34285714285714286,1,0,-1.4543468641857116,-0.7719293719043404,High-Value Loyalists
10126,1980,2n Cycle,Married,61358.0,1,0,2014-04-14,17,324,129,674,48,125,19,1,3,15,6,4,0,0,0,0,1,0,0,3,11,35,1,3,262.0,1319.0,24,1,4,0.125,0.625,0.25,1,0,-0.24200649293046697,-1.1626729895135235,High-Value Loyalists
10127,1963,Graduation,Together,97593.0,0,0,2012-12-14,13,400,222,1166,140,84,253,1,18,11,7,2,0,0,0,0,0,0,0,3,11,52,0,2,748.0,2265.0,36,1,2,0.5,0.3055555555555556,0.19444444444444445,0,0,-2.1656448368899928,-1.530118377537916,High-Value Loyalists
10128,1979,Graduation,Single,130117.49999999999,0,0,2014-01-05,48,1295,591,410,126,85,59,2,15,5,22,3,0,0,0,0,0,1,0,3,11,36,0,1,361.0,2566.0,42,2,3,0.35714285714285715,0.11904761904761904,0.5238095238095238,1,0,-2.847962338834625,0.20609864224140925,High-Value Loyalists
10129,1959,Graduation,Divorced,36000.0,0,1,2013-06-06,49,85,6,69,5,1,8,1,0,0,0,16,0,0,0,0,0,0,0,3,11,56,1,2,574.0,174.0,2,1,16,0.0,0.0,0.0,0,1,1.3148629425721292,-0.20376291650843795,Digital Enthusiasts
10130,1970,Graduation,Married,97876.0,0,0,2012-01-21,2,780,26,395,395,356,474,1,13,10,13,0,1,1,1,0,0,0,0,3,11,45,0,2,1076.0,2426.0,36,1,0,0.3611111111111111,0.2777777777777778,0.3611111111111111,3,0,-2.531528940874675,-0.7459798647212066,High-Value Loyalists
10131,1945,PhD,Divorced,66873.0,1,0,2013-03-11,66,191,42,87,41,61,48,3,3,4,4,3,0,0,0,0,0,0,0,3,11,70,1,2,661.0,470.0,11,3,3,0.2727272727272727,0.36363636363636365,0.36363636363636365,0,1,0.24731510101140475,-0.10378802031804601,Digital Enthusiasts
10132,1972,Master,Married,47734.0,1,1,2013-10-07,31,120,47,91,1,16,41,6,0,0,0,4,0,0,0,0,0,0,0,3,11,43,2,4,451.0,316.0,2,6,4,0.0,0.0,0.0,0,1,2.365626134071834,-0.47642759575958016,Digital Enthusiasts
10133,1973,Master,Divorced,65152.0,0,1,2013-11-08,74,356,22,506,59,43,69,4,8,2,8,2,0,1,1,1,0,0,0,3,11,42,1,2,419.0,1055.0,18,4,2,0.4444444444444444,0.1111111111111111,0.4444444444444444,3,0,-0.017675205572189805,-0.0653937945559464,High-Value Loyalists
10134,1966,Graduation,Together,27096.26,1,1,2012-12-07,29,187,59,60,12,6,14,8,3,2,2,4,0,1,0,0,1,1,0,3,11,49,2,4,755.0,338.0,7,8,4,0.42857142857142855,0.2857142857142857,0.2857142857142857,3,1,2.48128315390228,-0.9785592058522482,Digital Enthusiasts
10135,1970,Master,Widow,99798.0,0,0,2012-11-27,21,988,180,128,357,134,201,0,4,17,10,3,0,0,1,0,1,0,0,3,11,45,0,1,765.0,1988.0,31,0,3,0.12903225806451613,0.5483870967741935,0.3225806451612903,2,0,-2.6170309008695494,-0.6478359147473829,High-Value Loyalists
10136,1945,Master,Divorced,33360.0,1,1,2013-08-05,94,85,27,29,5,2,44,2,1,2,2,2,0,0,0,0,0,0,0,3,11,70,2,3,514.0,192.0,5,2,2,0.2,0.4,0.4,0,1,1.749964000766506,0.09637975103297024,Digital Enthusiasts
10137,1984,PhD,Single,87215.0,1,0,2012-01-11,30,571,12,505,2,39,101,2,7,4,7,4,0,0,0,0,0,0,0,3,11,31,1,2,1086.0,1230.0,18,2,4,0.3888888888888889,0.2222222222222222,0.3888888888888889,0,0,-0.5333396663862996,-0.5190751123216255,High-Value Loyalists
10138,1965,PhD,Married,39310.0,1,1,2014-02-04,67,80,32,39,85,88,33,6,1,1,1,4,0,0,0,0,0,0,0,3,11,50,2,4,331.0,357.0,3,6,4,0.3333333333333333,0.3333333333333333,0.3333333333333333,0,1,2.5903837057492884,-0.5489561355916214,Digital Enthusiasts
10139,1970,Graduation,Widow,109919.0,0,0,2012-11-19,25,870,344,429,461,136,10,2,13,13,10,6,0,0,0,0,0,1,0,3,11,45,0,1,773.0,2250.0,36,2,6,0.3611111111111111,0.3611111111111111,0.2777777777777778,1,0,-2.4295649214396158,-1.0134382232161707,High-Value Loyalists
10140,1975,2n Cycle,Widow,54270.0,0,0,2013-06-09,37,660,54,310,13,47,22,2,6,8,4,7,0,0,0,0,0,0,0,3,11,40,0,1,571.0,1106.0,18,2,7,0.3333333333333333,0.4444444444444444,0.2222222222222222,0,0,-0.9330836128514721,-1.0414053952708318,High-Value Loyalists
10141,1981,Graduation,Married,47650.0,0,0,2013-02-27,19,559,11,805,274,204,294,1,7,12,11,6,0,0,0,0,1,0,0,3,11,34,0,2,673.0,2147.0,30,1,6,0.23333333333333334,0.4,0.36666666666666664,1,0,-1.2829703720724783,-0.5310732566907574,High-Value Loyalists
10142,1953,Master,Single,54784.0,1,1,2012-12-25,61,300,94,171,30,15,87,4,5,3,6,4,1,1,0,0,0,0,0,3,11,62,2,3,737.0,697.0,14,4,4,0.35714285714285715,0.21428571428571427,0.42857142857142855,2,1,1.2410707368289846,-0.08842843708447501,Digital Enthusiasts
10143,1980,Graduation,Widow,37745.0,0,1,2012-12-30,87,198,16,54,5,47,10,6,2,1,5,5,0,0,0,0,0,0,0,3,11,35,1,2,732.0,330.0,8,6,5,0.25,0.125,0.625,0,1,1.2936720607875971,1.1492549599333843,Digital Enthusiasts
10144,1976,Graduation,Divorced,58914.0,1,0,2013-11-30,0,899,117,279,157,129,129,2,4,5,18,3,1,0,0,0,0,0,0,3,11,39,1,2,397.0,1710.0,27,2,3,0.14814814814814814,0.18518518518518517,0.6666666666666666,1,0,-0.9309706370757521,1.0877465833481046,High-Value Loyalists
10145,1977,Graduation,Widow,66110.0,1,0,2012-09-02,17,491,291,228,89,44,176,1,3,2,11,5,0,0,0,0,0,0,0,3,11,38,1,2,851.0,1319.0,16,1,5,0.1875,0.125,0.6875,0,0,-0.4674406596131639,1.2229254965349188,High-Value Loyalists
10146,1982,Basic,Widow,113055.0,1,1,2014-05-05,25,359,58,227,34,98,41,1,4,4,9,3,0,0,0,0,0,0,0,3,11,33,2,3,241.0,817.0,17,1,3,0.23529411764705882,0.23529411764705882,0.5294117647058824,0,1,0.08111921419343442,0.16976229977588442,Digital Enthusiasts
10147,1972,PhD,Widow,44902.0,1,2,2012-03-27,38,18,6,42,31,6,7,4,1,0,0,5,1,0,0,0,1,0,0,3,11,43,3,4,1010.0,142.34,2,4,5,1.0,0.0,0.0,2,1,2.7481452755696862,-2.930907988331278,Digital Enthusiasts
10148,1976,Graduation,Together,80181.0,0,1,2013-01-12,52,449,202,100,5,199,5,1,5,6,7,2,0,1,0,1,0,0,0,3,11,39,1,3,719.0,960.0,18,1,2,0.2777777777777778,0.3333333333333333,0.3888888888888889,2,0,-0.08358567699137535,-0.4695078160866981,High-Value Loyalists
10149,1971,2n Cycle,Widow,106548.0,0,0,2012-01-26,14,1313,50,512,21,159,481,0,7,18,12,3,0,0,0,1,1,0,0,3,11,44,0,1,1071.0,2536.0,37,0,3,0.1891891891891892,0.4864864864864865,0.32432432432432434,2,0,-3.022147608415304,-0.7744187989275149,High-Value Loyalists
10150,1955,Graduation,Married,69905.0,1,0,2012-12-20,53,155,29,200,67,78,14,4,5,3,2,6,0,0,0,0,0,1,0,3,11,60,1,3,742.0,543.0,10,4,6,0.5,0.3,0.2,1,1,0.8984731557867515,-1.2981103751702086,Digital Enthusiasts
10151,1962,Master,Widow,50060.0,0,1,2014-03-30,84,506,59,191,27,33,24,2,14,1,4,6,0,0,0,0,0,0,0,3,11,53,1,2,277.0,840.0,19,2,6,0.7368421052631579,0.05263157894736842,0.21052631578947367,0,1,0.3999605789672201,-1.2805663237930944,Digital Enthusiasts
10152,1948,2n Cycle,Single,59672.0,0,0,2013-05-19,0,600,73,532,384,25,396,0,7,3,24,1,0,0,0,1,0,0,0,3,11,67,0,1,592.0,2010.0,34,0,1,0.20588235294117646,0.08823529411764706,0.7058823529411765,1,0,-2.484686692192571,1.5523589028236893,High-Value Loyalists
10153,1963,Master,Married,36593.0,1,1,2012-02-29,64,169,7,191,16,1,73,6,7,2,3,11,0,0,0,1,1,0,0,3,11,52,2,4,1037.0,457.0,12,6,11,0.5833333333333334,0.16666666666666666,0.25,2,1,2.6966277290520986,-1.2747151840180475,Digital Enthusiasts
10154,1964,Graduation,Divorced,105864.0,0,0,2013-09-05,25,719,95,134,32,431,288,0,10,4,15,2,0,1,1,1,0,0,0,3,11,51,0,1,483.0,1699.0,29,0,2,0.3448275862068966,0.13793103448275862,0.5172413793103449,3,0,-2.5747204213527257,0.32056799984297624,High-Value Loyalists
10155,1962,Basic,Widow,31300.0,1,2,2012-12-23,55,161,51,73,35,6,8,6,3,1,5,5,1,0,0,0,0,0,0,3,11,53,3,4,739.0,334.0,9,6,5,0.3333333333333333,0.1111111111111111,0.5555555555555556,1,1,2.9340663077382954,0.48099260038438163,Digital Enthusiasts
10156,1993,PhD,Widow,62747.0,1,0,2012-04-20,18,459,209,293,218,8,209,2,4,4,10,3,1,0,1,1,0,0,0,3,11,22,1,2,986.0,1396.0,18,2,3,0.2222222222222222,0.2222222222222222,0.5555555555555556,3,0,-0.6062615487933379,0.3283991138406841,High-Value Loyalists
10157,1992,Graduation,Married,33090.0,0,1,2012-03-11,49,273,23,90,5,25,80,6,3,1,7,12,0,0,0,0,0,0,0,3,11,23,1,3,1026.0,496.0,11,6,12,0.2727272727272727,0.09090909090909091,0.6363636363636364,0,1,1.8829347253322342,0.9012158334152487,Digital Enthusiasts
10158,1975,Master,Widow,51315.0,1,2,2013-01-30,57,69,4,31,26,5,12,3,1,0,3,4,0,0,0,0,0,1,0,3,11,40,3,4,701.0,147.0,4,3,4,0.25,0.0,0.75,1,1,2.5698390042297667,1.4153695859466606,Digital Enthusiasts
10159,1983,Graduation,Widow,44145.0,1,2,2012-04-10,53,76,8,76,34,32,8,1,8,0,2,8,0,0,0,0,0,0,0,3,11,32,3,4,996.0,234.0,10,1,8,0.8,0.0,0.2,0,1,2.5836929595561395,-1.8811764911406106,Digital Enthusiasts
10160,1968,Graduation,Widow,102526.0,0,0,2013-08-08,43,860,233,346,76,584,524,0,22,8,9,5,0,0,0,1,0,0,0,3,11,47,0,1,511.0,2623.0,39,0,5,0.5641025641025641,0.20512820512820512,0.23076923076923078,1,0,-2.6613493218842987,-1.3551580743716964,High-Value Loyalists
10161,1952,Master,Single,58884.0,1,0,2013-08-05,27,506,23,391,34,145,17,4,3,7,10,1,0,1,0,0,0,0,0,3,11,63,1,2,514.0,1116.0,20,4,1,0.15,0.35,0.5,1,0,-0.37226492923752885,0.5176331641128985,High-Value Loyalists
10162,1970,PhD,Widow,64518.0,0,0,2014-03-03,7,490,65,424,105,135,41,3,14,4,4,5,0,0,0,1,1,1,0,3,11,45,0,1,304.0,1260.0,22,3,5,0.6363636363636364,0.18181818181818182,0.18181818181818182,3,0,-1.4619513443854117,-1.495047640881289,High-Value Loyalists
10163,1976,PhD,Together,93627.0,0,0,2014-04-11,0,350,130,718,305,86,110,1,15,3,12,1,1,1,1,0,0,0,0,3,11,39,0,2,265.0,1699.0,30,1,1,0.5,0.1,0.4,3,0,-2.046466148463561,-0.5408610896708594,High-Value Loyalists
10164,1968,Master,Single,29981.0,0,1,2014-04-19,61,178,34,86,38,7,30,3,1,2,4,7,0,0,0,0,0,0,0,3,11,47,1,2,257.0,373.0,7,3,7,0.14285714285714285,0.2857142857142857,0.5714285714285714,0,1,0.9589109094911187,0.9725983783532931,Digital Enthusiasts
10165,1977,2n Cycle,Together,41976.0,0,1,2012-11-09,54,361,367,555,142,127,49,0,4,8,17,6,0,0,0,0,0,0,0,3,11,38,1,3,783.0,1601.0,29,0,6,0.13793103448275862,0.27586206896551724,0.5862068965517241,0,1,0.061317181873416546,0.6291762555429008,Digital Enthusiasts
10166,1951,Graduation,Together,53585.0,0,0,2012-08-17,26,170,16,149,20,171,15,4,1,1,4,4,0,1,0,0,0,1,0,3,11,64,0,2,867.0,541.0,6,4,4,0.16666666666666666,0.16666666666666666,0.6666666666666666,2,0,-0.1438349778492641,1.5029085592685962,High-Value Loyalists
10167,1958,Graduation,Together,55481.0,0,0,2013-11-02,24,305,126,134,26,24,89,1,4,1,4,1,0,0,0,1,0,1,0,3,11,57,0,2,425.0,704.0,9,1,1,0.4444444444444444,0.1111111111111111,0.4444444444444444,2,0,-0.7264983046286554,0.11201341927581158,High-Value Loyalists
10168,1966,Graduation,Divorced,82784.0,0,0,2013-01-17,79,669,120,278,89,436,209,3,4,7,11,6,1,0,0,0,0,1,0,3,11,49,0,1,714.0,1801.0,22,3,6,0.18181818181818182,0.3181818181818182,0.5,2,0,-1.3242282071617801,0.47386203593019816,High-Value Loyalists
10169,1954,2n Cycle,Divorced,71201.0,0,0,2013-12-03,80,479,199,272,81,171,70,2,17,2,6,5,0,1,1,1,1,1,0,3,11,61,0,1,394.0,1272.0,25,2,5,0.68,0.08,0.24,5,0,-1.3473159498653766,-1.0921254491074674,High-Value Loyalists
10170,1963,Graduation,Widow,88978.0,0,1,2014-01-14,67,112,257,456,116,56,528,2,5,12,10,2,0,0,0,0,0,0,0,3,11,52,1,2,352.0,1525.0,27,2,2,0.18518518518518517,0.4444444444444444,0.37037037037037035,0,0,-0.7978326029838748,-0.30778851753983405,High-Value Loyalists
10171,1978,Graduation,Divorced,31124.0,0,1,2013-07-30,65,187,8,32,6,20,32,6,4,0,5,3,0,0,0,0,0,0,0,3,11,37,1,2,520.0,285.0,9,6,3,0.4444444444444444,0.0,0.5555555555555556,0,1,1.1289626549394185,0.699299905898974,Digital Enthusiasts
10172,1972,2n Cycle,Married,60578.0,0,0,2013-02-28,53,248,15,720,14,3,127,4,2,2,14,8,0,0,1,1,1,0,0,3,11,43,0,2,672.0,1127.0,18,4,8,0.1111111111111111,0.1111111111111111,0.7777777777777778,3,0,-0.2816717761187238,1.8705438311088463,High-Value Loyalists
10173,1954,Master,Single,57243.0,1,0,2014-02-20,45,231,140,125,64,123,83,2,5,2,7,2,0,1,0,1,0,1,0,3,11,61,1,2,315.0,766.0,14,2,2,0.35714285714285715,0.14285714285714285,0.5,3,0,-0.2025401227899637,0.3971137613778408,High-Value Loyalists
10174,1969,Graduation,Divorced,130117.49999999999,0,0,2013-04-02,0,651,205,365,88,155,354,1,8,11,9,2,1,0,0,0,0,1,0,3,11,46,0,1,639.0,1818.0,28,1,2,0.2857142857142857,0.39285714285714285,0.32142857142857145,2,0,-2.8591319425625277,-0.7592940505180834,High-Value Loyalists
10175,1961,Basic,Single,121005.0,0,0,2012-06-17,0,807,129,326,486,273,21,2,13,8,16,3,1,0,0,1,0,0,0,3,11,54,0,1,928.0,2042.0,37,2,3,0.35135135135135137,0.21621621621621623,0.43243243243243246,2,0,-2.8717999271502492,-0.1992826693221704,High-Value Loyalists
10176,1980,Graduation,Married,81310.0,0,1,2012-04-09,38,282,5,256,76,107,44,4,7,3,10,3,0,0,0,0,0,1,0,3,11,35,1,3,997.0,770.0,20,4,3,0.35,0.15,0.5,1,1,0.2773512362972446,0.0707578449588505,Digital Enthusiasts
10177,1975,PhD,Together,48119.0,0,0,2012-03-08,72,134,104,359,124,73,221,6,5,7,8,5,0,0,1,0,0,0,0,3,11,40,0,2,1029.0,1015.0,20,6,5,0.25,0.35,0.4,1,1,0.09757041050986591,-0.09353679097209641,Digital Enthusiasts
10178,1978,Graduation,Single,43580.0,1,0,2012-04-04,48,171,43,170,1,7,9,7,6,1,3,5,0,0,0,0,0,0,0,3,11,37,1,2,1002.0,401.0,10,7,5,0.6,0.1,0.3,0,1,1.0607514864781558,-0.8032104066534981,Digital Enthusiasts
10179,1961,PhD,Together,44495.0,0,1,2013-02-14,71,20,31,58,57,22,49,3,7,3,2,10,0,0,1,0,0,0,0,3,11,54,1,3,686.0,237.0,12,3,10,0.5833333333333334,0.25,0.16666666666666666,1,1,1.4587640156568387,-1.5143034391711148,Digital Enthusiasts
10180,1944,Graduation,Divorced,41725.0,0,0,2013-06-14,50,125,41,194,42,131,109,1,3,3,6,8,0,0,0,1,0,1,0,3,11,71,0,1,566.0,642.0,12,1,8,0.25,0.25,0.5,2,0,-0.6396670298076718,0.7082961937080952,High-Value Loyalists
10181,1938,Master,Divorced,49578.0,0,0,2013-04-25,58,289,261,455,47,108,161,5,5,5,12,3,0,0,0,0,1,1,0,3,11,77,0,1,616.0,1321.0,22,5,3,0.22727272727272727,0.22727272727272727,0.5454545454545454,2,0,-0.9673303294777391,0.994024877016682,High-Value Loyalists
10182,1972,PhD,Together,37138.0,1,1,2012-11-24,74,108,17,63,10,4,37,5,0,2,4,8,0,1,0,0,0,0,0,3,11,43,2,4,768.0,239.0,6,5,8,0.0,0.3333333333333333,0.6666666666666666,1,1,2.675335468047229,1.243787573670723,Digital Enthusiasts
10183,1988,Graduation,Divorced,89387.0,0,0,2012-11-30,67,230,77,407,33,13,132,0,2,7,4,4,0,0,0,0,0,0,0,3,11,27,0,1,762.0,892.0,13,0,4,0.15384615384615385,0.5384615384615384,0.3076923076923077,0,0,-1.290560766524626,-0.6059611848633089,High-Value Loyalists
10184,1975,2n Cycle,Single,35398.0,1,1,2013-04-15,64,110,29,72,2,6,8,5,1,1,5,7,1,0,0,1,0,0,0,3,11,40,2,3,626.0,227.0,7,5,7,0.14285714285714285,0.14285714285714285,0.7142857142857143,2,1,2.0526733043669263,1.4623719983414427,Digital Enthusiasts
10185,1971,Master,Married,27096.26,0,2,2014-04-09,99,225,61,72,5,23,138,9,1,2,5,14,0,0,0,1,0,1,0,3,11,44,2,4,267.0,524.0,8,9,14,0.125,0.25,0.625,2,1,3.5191879459203914,1.030678946366398,Digital Enthusiasts
10186,1986,Graduation,Widow,71900.0,0,1,2013-10-14,32,98,43,180,10,3,62,0,3,2,7,2,0,0,0,0,0,0,1,3,11,29,1,2,444.0,396.0,12,0,2,0.25,0.16666666666666666,0.5833333333333334,0,0,-0.2961113903785094,0.6812241636698211,High-Value Loyalists
10187,1953,Graduation,Divorced,78258.0,0,0,2012-04-21,57,508,4,262,354,105,65,1,11,6,7,4,0,0,0,1,0,0,0,3,11,62,0,1,985.0,1298.0,24,1,4,0.4583333333333333,0.25,0.2916666666666667,1,0,-1.5672387621778079,-0.6849647282950627,High-Value Loyalists
10188,1954,Graduation,Widow,38325.0,1,1,2012-09-04,70,220,15,272,24,167,92,10,7,2,10,4,0,0,0,0,0,0,0,3,11,61,2,3,849.0,790.0,19,10,4,0.3684210526315789,0.10526315789473684,0.5263157894736842,0,1,2.0573847187708516,0.5503176066628364,Digital Enthusiasts
10189,1974,PhD,Widow,63883.0,0,0,2014-04-19,0,651,146,305,10,106,222,2,7,3,9,8,0,1,0,0,1,0,0,3,11,41,0,1,257.0,1440.0,19,2,8,0.3684210526315789,0.15789473684210525,0.47368421052631576,2,0,-1.4074466597691562,0.14337749743755684,High-Value Loyalists
10190,1954,2n Cycle,Together,49230.0,0,0,2014-02-15,83,204,15,120,3,12,55,5,3,4,7,4,0,0,0,0,0,0,0,3,11,61,0,2,320.0,409.0,14,5,4,0.21428571428571427,0.2857142857142857,0.5,0,1,0.32465149264322585,0.7370810855257862,Digital Enthusiasts
10191,1988,Graduation,Widow,76131.0,0,0,2013-01-15,17,547,271,176,97,7,33,0,1,8,5,4,0,0,0,0,0,0,0,3,11,27,0,1,716.0,1131.0,14,0,4,0.07142857142857142,0.5714285714285714,0.35714285714285715,0,0,-1.5855643625406484,-0.362941336151713,High-Value Loyalists
10192,1954,Graduation,Widow,66237.0,0,0,2012-08-18,22,774,117,561,267,189,42,2,23,1,3,4,0,0,0,0,0,1,0,3,11,61,0,1,866.0,1950.0,27,2,4,0.8518518518518519,0.037037037037037035,0.1111111111111111,1,0,-1.778421964898366,-1.8995241654214672,High-Value Loyalists
10193,1953,Master,Married,46892.0,0,0,2014-01-19,71,416,166,218,1,6,48,0,7,2,5,6,0,0,0,0,0,0,0,3,11,62,0,2,347.0,855.0,14,0,6,0.5,0.14285714285714285,0.35714285714285715,0,0,-0.24829952745923964,-0.2716054227415996,High-Value Loyalists
10194,1969,Basic,Divorced,103195.0,1,0,2014-01-17,11,1181,202,1487,724,138,89,0,12,7,43,3,0,0,0,0,0,0,0,3,11,46,1,2,349.0,3733.2199999999975,58,0,3,0.1935483870967742,0.11290322580645161,0.6935483870967742,0,0,-2.8022311927369588,0.9497266459426251,High-Value Loyalists
10195,1963,Graduation,Widow,79598.0,0,0,2012-12-06,26,1078,68,438,317,4,297,1,10,11,15,2,0,0,0,1,1,1,0,3,11,52,0,1,756.0,2202.0,36,1,2,0.2777777777777778,0.3055555555555556,0.4166666666666667,3,0,-2.533847615404867,-0.18052746848747497,High-Value Loyalists
10196,1976,Graduation,Married,27545.0,1,1,2012-03-23,72,145,5,34,13,10,21,4,2,1,3,4,0,0,0,0,0,0,0,3,11,39,2,4,1014.0,228.0,6,4,4,0.3333333333333333,0.16666666666666666,0.5,0,1,2.5415197878864175,0.19195380427085826,Digital Enthusiasts
10197,1952,Master,Married,59439.0,0,0,2013-04-02,33,151,96,419,9,20,142,3,3,3,7,3,0,1,0,0,1,0,0,3,11,63,0,2,639.0,837.0,13,3,3,0.23076923076923078,0.23076923076923078,0.5384615384615384,2,0,-0.5629356779226989,0.7471839121553152,High-Value Loyalists
10198,1978,Basic,Together,112666.0,0,0,2013-07-10,22,475,79,430,65,209,198,2,5,8,8,3,0,1,0,0,1,0,0,3,11,37,0,2,540.0,1456.0,21,2,3,0.23809523809523808,0.38095238095238093,0.38095238095238093,2,0,-1.6073315135504767,-0.45407085719186524,High-Value Loyalists
10199,1969,Master,Married,64418.0,1,0,2013-09-11,30,331,13,105,13,61,253,2,6,4,8,6,0,0,0,1,0,0,0,3,11,46,1,3,477.0,776.0,18,2,6,0.3333333333333333,0.2222222222222222,0.4444444444444444,1,1,0.3607693987076435,-0.11245233663273158,Digital Enthusiasts
10200,1972,PhD,Married,27096.26,0,1,2014-03-27,79,60,7,44,11,14,8,2,4,2,3,9,0,0,0,0,0,0,0,3,11,43,1,3,280.0,144.0,9,2,9,0.4444444444444444,0.2222222222222222,0.3333333333333333,0,1,1.6735093142469435,-0.5476372507448823,Digital Enthusiasts
10201,1944,Graduation,Together,59886.0,0,0,2013-03-02,86,139,23,102,20,40,19,5,3,6,3,7,0,0,0,0,0,0,0,3,11,71,0,2,670.0,343.0,12,5,7,0.25,0.5,0.25,0,1,0.4339943268323034,-0.5565893897718494,Digital Enthusiasts
10202,1973,Basic,Together,27265.0,0,1,2014-03-30,33,77,9,62,33,2,16,6,4,2,2,4,0,0,0,1,0,0,0,3,11,42,1,3,277.0,199.0,8,6,4,0.5,0.25,0.25,1,1,1.4926229223311633,-1.0288985490780482,Digital Enthusiasts
10203,1968,Master,Single,95734.0,0,0,2014-02-25,29,482,22,225,26,116,343,7,4,5,4,4,0,0,0,0,1,1,0,3,11,47,0,1,310.0,1214.0,13,7,4,0.3076923076923077,0.38461538461538464,0.3076923076923077,2,0,-1.0654423989689648,-0.5421382762925091,High-Value Loyalists
10204,1976,Master,Widow,75363.0,0,0,2012-02-09,16,831,91,818,249,24,127,1,12,5,13,4,0,0,0,0,0,0,0,3,11,39,0,1,1057.0,2140.0,30,1,4,0.4,0.16666666666666666,0.43333333333333335,0,0,-2.1094671454878986,-0.18195710396833062,High-Value Loyalists
10205,1971,2n Cycle,Widow,51543.0,1,0,2013-04-28,38,235,116,173,49,27,128,3,6,3,6,7,0,0,0,0,0,0,0,3,11,44,1,2,613.0,728.0,15,3,7,0.4,0.2,0.4,0,1,0.3467593093174385,-0.22888133708182332,Digital Enthusiasts
10206,1974,2n Cycle,Married,82387.0,0,0,2012-05-13,66,262,36,86,21,128,43,1,4,3,4,1,0,0,0,0,0,0,0,3,11,41,0,2,963.0,576.0,11,1,1,0.36363636363636365,0.2727272727272727,0.36363636363636365,0,0,-0.6304529055044821,-0.36185199132498846,High-Value Loyalists
10207,1975,Graduation,Widow,36632.0,1,1,2012-01-17,66,39,14,83,30,19,3,4,1,2,2,9,0,0,0,0,0,0,0,3,11,40,2,3,1080.0,188.0,5,4,9,0.2,0.4,0.4,0,1,2.1912196787002767,-0.20613599521464962,Digital Enthusiasts
10208,1966,Graduation,Divorced,79120.0,0,0,2012-02-05,15,677,5,414,93,97,302,2,6,9,8,3,0,0,1,0,0,0,0,3,11,49,0,1,1061.0,1588.0,23,2,3,0.2608695652173913,0.391304347826087,0.34782608695652173,1,0,-1.8692041941563935,-0.43764665869960684,High-Value Loyalists
10209,1971,Graduation,Together,42748.0,1,1,2013-12-19,27,82,49,45,12,6,29,4,2,3,5,13,0,0,0,0,0,0,0,3,11,44,2,4,378.0,223.0,10,4,13,0.2,0.3,0.5,0,1,2.468161633289788,0.19604827231193475,Digital Enthusiasts
10210,1985,2n Cycle,Single,34757.0,1,1,2014-02-16,79,164,82,135,71,24,23,7,4,3,5,6,1,0,0,0,0,0,0,3,11,30,2,3,319.0,499.0,12,7,6,0.3333333333333333,0.25,0.4166666666666667,1,1,2.1898190119023453,-0.20980211964266285,Digital Enthusiasts
10211,1973,PhD,Single,46230.0,1,1,2013-03-20,47,68,32,84,2,8,28,2,2,4,2,8,0,0,0,0,0,0,0,3,11,42,2,3,652.0,222.0,8,2,8,0.25,0.5,0.25,0,1,1.6241293209139875,-1.0574224315890455,Digital Enthusiasts
10212,1960,PhD,Widow,95206.0,0,0,2014-06-04,10,598,463,1092,156,221,125,0,9,10,21,6,0,0,0,0,0,0,0,3,11,55,0,1,211.0,2655.0,40,0,6,0.225,0.25,0.525,0,0,-2.7870566168059208,0.4261413488562019,High-Value Loyalists
10213,1957,Graduation,Married,45229.0,0,0,2013-08-29,58,230,174,64,55,66,27,4,3,3,7,7,1,0,0,0,0,0,0,3,11,58,0,2,490.0,616.0,13,4,7,0.23076923076923078,0.23076923076923078,0.5384615384615384,1,1,0.1868579237959012,0.8111872218102693,Digital Enthusiasts
10214,1973,Graduation,Single,31957.0,1,2,2012-02-11,70,48,6,175,12,1,34,6,0,1,2,8,0,0,0,0,0,0,0,3,11,42,3,4,1055.0,276.0,3,6,8,0.0,0.3333333333333333,0.6666666666666666,0,1,3.352319444546796,1.1989441639406135,Digital Enthusiasts
10215,1970,Graduation,Widow,27333.0,0,1,2012-10-18,49,57,9,65,36,11,26,3,2,1,3,4,0,0,0,0,0,0,0,3,11,45,1,2,805.0,204.0,6,3,4,0.3333333333333333,0.16666666666666666,0.5,0,1,0.8566179634700557,0.46258173883426934,Digital Enthusiasts
10216,1968,2n Cycle,Divorced,95388.0,0,0,2013-08-17,7,792,205,532,118,54,156,0,8,3,11,4,0,0,0,0,0,1,0,3,11,47,0,1,502.0,1857.0,22,0,4,0.36363636363636365,0.13636363636363635,0.5,1,0,-2.271365856055498,0.2473946222051658,High-Value Loyalists
10217,1975,Graduation,Together,83838.0,0,0,2013-09-21,58,496,135,555,135,23,76,0,7,3,9,0,0,0,1,0,1,0,0,3,11,40,0,2,467.0,1420.0,19,0,0,0.3684210526315789,0.15789473684210525,0.47368421052631576,2,0,-1.3809914729226187,0.08371122952408912,High-Value Loyalists
10218,1954,Master,Widow,32356.0,0,0,2013-10-03,67,211,47,206,9,56,132,7,3,2,7,2,0,0,0,1,0,1,0,3,11,61,0,1,455.0,661.0,12,7,2,0.25,0.16666666666666666,0.5833333333333334,2,0,-0.11249820928686839,1.2275480239124426,High-Value Loyalists
10219,1970,Graduation,Together,58396.0,1,0,2013-10-12,59,486,143,200,54,72,96,4,6,11,9,3,0,0,0,0,0,1,0,3,11,45,1,3,446.0,1051.0,26,4,3,0.23076923076923078,0.4230769230769231,0.34615384615384615,1,1,0.3657093989957831,-0.5391563778632892,Digital Enthusiasts
10220,1986,Graduation,Together,54281.0,0,0,2013-07-13,30,322,8,294,20,25,134,4,2,2,6,4,0,0,1,1,1,1,0,3,11,29,0,2,537.0,803.0,10,4,4,0.2,0.2,0.6,4,0,-0.31851127690873055,0.8229513653017201,High-Value Loyalists
10221,1980,Graduation,Widow,89079.0,1,1,2014-06-17,19,554,144,125,268,365,221,1,6,1,16,1,0,0,1,0,0,0,0,3,11,35,2,3,205.34,1677.0,23,1,1,0.2608695652173913,0.043478260869565216,0.6956521739130435,1,0,-0.2622411964011345,0.9883241888674822,High-Value Loyalists
10222,1983,Graduation,Divorced,27096.26,0,1,2013-06-21,46,187,14,75,1,8,42,2,1,4,4,8,0,0,0,0,0,0,0,3,11,32,1,2,559.0,327.0,9,2,8,0.1111111111111111,0.4444444444444444,0.4444444444444444,0,1,0.8269449903303941,0.15347702285325537,Digital Enthusiasts
10223,1946,Master,Together,38977.0,0,0,2012-11-24,18,177,51,242,12,4,37,2,7,3,6,6,0,0,0,0,0,0,0,3,11,69,0,2,768.0,523.0,16,2,6,0.4375,0.1875,0.375,0,0,-0.25705756460004453,-0.1428990371282714,High-Value Loyalists
10224,1978,Graduation,Divorced,81157.0,1,0,2012-06-18,30,645,73,216,8,62,212,0,5,9,7,3,0,0,1,0,0,1,0,3,11,37,1,2,927.0,1216.0,21,0,3,0.23809523809523808,0.42857142857142855,0.3333333333333333,2,0,-0.9326489680549279,-0.7531386295280584,High-Value Loyalists
10225,1960,PhD,Married,68210.0,0,0,2012-07-16,37,372,93,83,7,25,21,1,8,1,5,4,0,0,0,0,0,0,0,3,11,55,0,2,899.0,601.0,14,1,4,0.5714285714285714,0.07142857142857142,0.35714285714285715,0,0,-0.5740149437368965,-0.4418771516425183,High-Value Loyalists
10226,1966,Graduation,Together,77541.0,1,0,2013-01-24,26,575,77,289,369,32,24,2,9,5,8,2,0,0,0,0,0,0,0,3,11,49,1,3,707.0,1366.0,22,2,2,0.4090909090909091,0.22727272727272727,0.36363636363636365,0,0,-0.24259731578899194,-0.6031042110771105,High-Value Loyalists
10227,1981,Basic,Widow,33487.0,1,1,2013-03-09,59,174,41,46,22,2,3,3,1,2,3,8,0,0,0,0,0,0,0,3,11,34,2,3,663.0,288.0,6,3,8,0.16666666666666666,0.3333333333333333,0.5,0,1,1.9766079660436016,0.2951985817846402,Digital Enthusiasts
10228,1980,Graduation,Together,42984.0,1,1,2012-03-30,59,95,2,103,0,19,2,9,2,3,1,9,1,1,0,1,0,0,0,3,11,35,2,4,1007.0,221.0,6,9,9,0.3333333333333333,0.5,0.16666666666666666,3,1,2.9510108520558553,-1.655025169909792,Digital Enthusiasts
10229,1978,Master,Married,56508.0,0,0,2013-09-14,15,534,250,388,44,5,105,3,7,0,13,3,0,1,0,0,0,0,0,3,11,37,0,2,474.0,1326.0,20,3,3,0.35,0.0,0.65,1,0,-0.8327687510273566,1.0376681542764583,High-Value Loyalists
10230,1975,2n Cycle,Widow,62027.0,0,0,2012-12-21,1,320,85,250,105,138,127,1,9,4,6,1,0,0,0,1,0,0,0,3,11,40,0,1,741.0,1025.0,19,1,1,0.47368421052631576,0.21052631578947367,0.3157894736842105,1,0,-1.680433667617043,-0.710292568839843,High-Value Loyalists
10231,1967,Basic,Married,61451.0,0,0,2013-03-09,6,355,310,242,75,16,5,2,5,4,4,7,0,1,0,1,0,0,0,3,11,48,0,2,663.0,1003.0,13,2,7,0.38461538461538464,0.3076923076923077,0.3076923076923077,2,0,-0.6560204970199796,-0.7356666762835725,High-Value Loyalists
10232,1959,Master,Widow,70897.0,0,0,2013-09-10,56,261,3,258,84,51,112,3,10,1,6,6,0,0,0,0,0,0,0,3,11,56,0,1,478.0,769.0,17,3,6,0.5882352941176471,0.058823529411764705,0.35294117647058826,0,0,-0.7745619135125087,-0.32815392362837625,High-Value Loyalists
10233,1968,PhD,Single,34829.0,0,1,2014-02-14,60,66,27,82,11,17,11,3,1,1,4,10,0,1,0,0,0,1,0,3,11,47,1,2,321.0,214.0,6,3,10,0.16666666666666666,0.16666666666666666,0.6666666666666666,2,1,1.0611964349181862,1.3954405182676874,Digital Enthusiasts
10234,1960,PhD,Together,53060.0,1,0,2013-05-24,21,691,30,268,97,184,346,2,17,3,6,8,0,0,0,0,0,0,0,3,11,55,1,3,587.0,1616.0,26,2,8,0.6538461538461539,0.11538461538461539,0.23076923076923078,0,1,0.15279069739696385,-1.400009654619634,Digital Enthusiasts
10235,1947,Master,Together,65235.0,1,1,2014-05-16,83,171,288,73,1,104,230,1,4,3,4,5,0,0,0,0,0,0,0,3,11,68,2,4,230.0,867.0,11,1,5,0.36363636363636365,0.2727272727272727,0.36363636363636365,0,1,1.5935928174858207,-0.42710948422741546,Digital Enthusiasts
10236,1986,2n Cycle,Married,99064.0,0,0,2013-09-29,56,1079,106,252,172,240,38,2,12,9,7,7,1,0,0,0,0,1,0,3,11,29,0,2,459.0,1887.0,28,2,7,0.42857142857142855,0.32142857142857145,0.25,2,0,-1.287321379733768,-1.2973023661516432,High-Value Loyalists
10237,1971,PhD,Widow,33859.0,1,1,2014-05-31,35,77,44,62,126,43,26,6,7,1,5,9,0,0,0,0,0,0,0,3,11,44,2,3,215.0,378.0,13,6,9,0.5384615384615384,0.07692307692307693,0.38461538461538464,0,1,2.0446819220850494,-0.4347460569527105,Digital Enthusiasts
10238,1966,Master,Widow,89697.0,0,0,2013-01-08,33,1597,665,872,484,182,43,0,31,9,17,8,0,0,0,0,1,0,0,3,11,49,0,1,723.0,3733.2199999999975,57,0,8,0.543859649122807,0.15789473684210525,0.2982456140350877,1,0,-3.184532961001561,-1.1348611250163554,High-Value Loyalists
10239,1948,Basic,Divorced,129570.0,0,0,2012-04-23,24,505,72,347,272,2,212,1,5,7,12,3,0,0,0,0,0,0,0,3,11,67,0,1,983.0,1410.0,24,1,3,0.20833333333333334,0.2916666666666667,0.5,0,0,-2.3786751035171934,0.46813590835530894,High-Value Loyalists
10240,1948,Graduation,Together,38352.0,0,0,2012-08-07,57,104,20,44,9,41,17,4,1,1,2,9,0,0,0,0,0,0,0,3,11,67,0,2,877.0,235.0,4,4,9,0.25,0.25,0.5,0,1,0.7072756516147637,0.7274518389636632,Digital Enthusiasts
10241,1976,PhD,Single,46670.0,1,1,2012-08-07,61,115,15,36,16,1,54,6,2,0,4,13,0,0,0,0,0,0,0,3,11,39,2,3,877.0,237.0,6,6,13,0.3333333333333333,0.0,0.6666666666666666,0,1,2.4941942837623685,1.1075720787288996,Digital Enthusiasts
10242,1972,Graduation,Divorced,53023.0,1,0,2012-10-28,52,592,245,80,126,109,271,2,9,4,7,9,1,0,0,1,0,0,0,3,11,43,1,2,795.0,1423.0,20,2,9,0.45,0.2,0.35,2,0,0.011302320689045891,-0.6523267319765538,High-Value Loyalists
10243,1954,Graduation,Married,38787.0,0,1,2012-09-22,90,96,2,161,24,9,4,4,5,1,2,9,0,0,0,0,0,0,0,3,11,61,1,3,831.0,296.0,8,4,9,0.625,0.125,0.25,0,1,1.8032934636585634,-0.9636501624463264,Digital Enthusiasts
10244,1985,Master,Divorced,36200.0,1,1,2013-03-26,64,105,16,137,33,5,14,4,3,1,5,13,0,0,0,0,0,0,0,3,11,30,2,3,646.0,310.0,9,4,13,0.3333333333333333,0.1111111111111111,0.5555555555555556,0,1,2.327392664338762,0.45022129686823664,Digital Enthusiasts
10245,1960,Graduation,Together,42933.0,0,0,2014-04-15,63,441,30,298,37,193,24,5,6,2,11,1,0,0,0,0,1,0,0,3,11,55,0,2,261.0,1023.0,19,5,1,0.3157894736842105,0.10526315789473684,0.5789473684210527,1,0,-0.21727735822431382,0.97410744209551,High-Value Loyalists
10246,1973,Graduation,Divorced,31217.0,1,2,2012-04-10,90,133,70,31,26,24,40,5,1,2,2,6,0,0,0,0,0,0,0,3,11,42,3,4,996.0,324.0,5,5,6,0.2,0.4,0.4,0,1,3.230067749252303,-0.28913958090808756,Digital Enthusiasts
10247,1981,Master,Widow,68695.0,0,0,2013-12-04,26,870,87,450,73,5,72,0,3,14,8,6,0,0,0,0,0,0,0,3,11,34,0,1,393.0,1557.0,25,0,6,0.12,0.56,0.32,0,0,-1.7312096670009427,-0.5672149963750297,High-Value Loyalists
10248,1980,Graduation,Together,79320.0,0,0,2013-05-25,17,54,67,427,127,4,125,5,6,1,10,8,0,0,0,0,0,0,0,3,11,35,0,2,586.0,804.0,17,5,8,0.35294117647058826,0.058823529411764705,0.5882352941176471,0,0,-0.2899861963723738,0.7269511413351747,High-Value Loyalists
10249,1988,PhD,Together,63335.0,0,1,2012-04-19,52,457,121,32,23,78,48,6,2,7,5,6,0,0,1,1,1,1,0,3,11,27,1,3,987.0,759.0,14,6,6,0.14285714285714285,0.5,0.35714285714285715,4,1,0.8890460483178865,-0.6108821175513138,Digital Enthusiasts
10250,1960,Graduation,Single,38537.0,1,1,2013-12-20,31,272,16,115,76,0,38,4,1,1,8,2,1,0,0,0,0,0,0,3,11,55,2,3,377.0,517.0,10,4,2,0.1,0.1,0.8,1,1,1.2886617791722375,2.0145824231541587,Digital Enthusiasts
10251,1965,Basic,Married,58293.0,0,0,2013-01-29,34,287,83,149,87,29,9,2,6,3,8,2,0,1,0,0,0,0,0,3,11,50,0,2,702.0,644.0,17,2,2,0.35294117647058826,0.17647058823529413,0.47058823529411764,1,0,-0.6436824467453682,0.23863368654006306,High-Value Loyalists
10252,1979,Graduation,Together,53520.0,0,1,2013-08-22,71,425,42,242,5,97,97,1,5,3,5,3,0,1,0,1,0,0,0,3,11,36,1,3,497.0,908.0,13,1,3,0.38461538461538464,0.23076923076923078,0.38461538461538464,2,1,0.5112670677460898,-0.46421687864986705,Digital Enthusiasts
10253,1969,Master,Together,75364.0,0,0,2014-04-16,0,332,34,348,61,14,120,3,10,4,7,3,0,0,1,1,0,1,0,3,11,46,0,2,260.0,909.0,21,3,3,0.47619047619047616,0.19047619047619047,0.3333333333333333,3,0,-1.1168767018310075,-0.6938757498633302,High-Value Loyalists
10254,1978,Graduation,Married,76574.0,0,0,2012-05-14,44,273,40,243,150,144,48,3,4,1,8,5,0,1,0,0,0,0,0,3,11,37,0,2,962.0,898.0,13,3,5,0.3076923076923077,0.07692307692307693,0.6153846153846154,1,0,-0.4592420009355158,0.8976901253468672,High-Value Loyalists
10255,1979,Graduation,Divorced,63963.0,1,2,2012-07-04,26,86,15,11,30,19,52,9,5,1,4,5,1,0,1,0,0,0,0,3,11,36,3,4,911.0,213.0,10,9,5,0.5,0.1,0.4,2,1,2.75972961153585,-0.6333583555513411,Digital Enthusiasts
10256,1964,Graduation,Single,48232.0,0,0,2012-06-14,61,134,2,92,33,1,119,1,4,1,6,7,0,0,0,0,1,0,0,3,11,51,0,1,931.0,381.0,11,1,7,0.36363636363636365,0.09090909090909091,0.5454545454545454,1,0,-0.47494647951120594,0.7684127305990677,High-Value Loyalists
10257,1968,Graduation,Widow,82121.0,0,0,2013-05-13,68,415,159,214,31,169,86,1,7,8,3,4,0,0,1,0,0,0,0,3,11,47,0,1,598.0,1074.0,18,1,4,0.3888888888888889,0.4444444444444444,0.16666666666666666,1,0,-1.3264847628582312,-1.3414467999145667,High-Value Loyalists
10258,1973,2n Cycle,Together,104962.0,0,0,2014-05-30,5,263,186,262,95,515,444,2,3,1,20,3,1,0,1,0,0,0,0,3,11,42,0,2,216.0,1765.0,24,2,3,0.125,0.041666666666666664,0.8333333333333334,2,0,-1.7999208026011655,1.995207697283752,High-Value Loyalists
10259,1970,Master,Together,44764.0,1,1,2013-09-12,11,73,27,35,63,11,14,3,0,0,1,6,0,1,0,0,0,0,1,3,11,45,2,4,476.0,223.0,2,3,6,0.0,0.0,1.0,1,1,1.9917640737423226,2.9268888531564383,Digital Enthusiasts
10260,1978,Graduation,Single,80866.0,0,0,2013-06-10,35,1525,258,350,17,468,275,0,5,13,25,4,0,0,0,0,0,1,0,3,11,37,0,1,570.0,2893.0,43,0,4,0.11627906976744186,0.3023255813953488,0.5813953488372093,1,0,-2.757956097304853,0.6394657435608391,High-Value Loyalists
10261,1947,PhD,Together,47972.0,0,0,2012-02-28,38,390,14,219,57,2,10,3,3,2,10,3,0,1,0,0,1,0,0,3,11,68,0,2,1038.0,692.0,15,3,3,0.2,0.13333333333333333,0.6666666666666666,2,0,-0.4179380258999984,1.471164057113226,High-Value Loyalists
10262,1977,Graduation,Divorced,72429.0,1,1,2012-10-28,33,789,139,130,60,74,80,3,9,4,5,8,0,0,0,0,1,0,0,3,11,38,2,3,795.0,1272.0,18,3,8,0.5,0.2222222222222222,0.2777777777777778,1,1,0.8327360774701553,-1.2566164703211558,Digital Enthusiasts
10263,1965,Master,Widow,76271.0,0,0,2013-01-23,36,635,141,330,68,36,222,1,2,11,10,3,0,0,0,0,0,0,0,3,11,50,0,1,708.0,1432.0,23,1,3,0.08695652173913043,0.4782608695652174,0.43478260869565216,0,0,-1.7453024880023253,0.19252925480544217,High-Value Loyalists
10264,1942,Master,Divorced,47901.0,0,0,2013-03-16,64,184,102,83,26,115,82,4,3,1,4,7,1,0,0,1,0,0,0,3,11,73,0,1,656.0,592.0,8,4,7,0.375,0.125,0.5,2,0,-0.22811152162491682,0.7270994819789064,High-Value Loyalists
10265,1970,PhD,Married,91627.0,1,0,2014-04-06,40,774,89,674,451,108,84,4,9,5,19,2,1,0,0,0,0,1,0,3,11,45,1,3,270.0,2180.0,33,4,2,0.2727272727272727,0.15151515151515152,0.5757575757575758,2,0,-0.6784013453921706,0.4604169019268294,High-Value Loyalists
10266,1983,2n Cycle,Divorced,79327.0,1,1,2012-11-12,37,894,180,98,280,31,27,0,7,2,13,2,0,0,1,0,1,0,0,3,11,32,2,3,780.0,1510.0,22,0,2,0.3181818181818182,0.09090909090909091,0.5909090909090909,2,0,-0.05965787018368561,0.3603882911170938,High-Value Loyalists
10267,1971,PhD,Together,79749.0,0,0,2012-01-11,37,764,66,676,77,94,157,0,17,3,9,3,0,0,0,0,1,0,0,3,11,44,0,2,1086.0,1834.0,29,0,3,0.5862068965517241,0.10344827586206896,0.3103448275862069,1,0,-1.5962683485768836,-0.9748118068316157,High-Value Loyalists
10268,1968,Graduation,Widow,62261.0,0,0,2013-01-14,23,1006,150,281,253,780,392,0,15,6,22,2,1,0,0,0,1,0,1,3,11,47,0,1,717.0,2862.0,43,0,2,0.3488372093023256,0.13953488372093023,0.5116279069767442,2,0,-2.7724592819971408,0.21576073339484683,High-Value Loyalists
10269,1967,Graduation,Together,61344.0,0,0,2013-07-24,20,1208,36,327,147,26,162,0,12,3,13,5,0,0,0,0,0,1,0,3,11,48,0,2,526.0,1906.0,28,0,5,0.42857142857142855,0.10714285714285714,0.4642857142857143,1,0,-1.4382840052687462,-0.019264563572353288,High-Value Loyalists
10270,1973,2n Cycle,Divorced,69960.0,0,0,2012-12-10,27,738,92,634,172,795,137,1,19,6,13,2,1,1,0,0,0,0,0,3,11,42,0,1,752.0,2568.0,38,1,2,0.5,0.15789473684210525,0.34210526315789475,2,0,-2.491707234010976,-0.7471721737650189,High-Value Loyalists
10271,1983,Graduation,Together,69212.0,0,0,2014-02-25,40,462,297,439,184,22,174,1,9,7,7,1,0,0,0,0,0,0,0,3,11,32,0,2,310.0,1578.0,23,1,1,0.391304347826087,0.30434782608695654,0.30434782608695654,0,0,-1.230937011302276,-0.8311294223399815,High-Value Loyalists
10272,1971,Graduation,Widow,87260.0,0,0,2013-12-20,13,371,59,304,32,21,166,0,6,2,4,4,0,0,0,0,0,0,0,3,11,44,0,1,377.0,953.0,12,0,4,0.5,0.16666666666666666,0.3333333333333333,0,0,-1.5806896805471922,-0.5722955267315225,High-Value Loyalists
10273,1969,Master,Married,29958.0,0,1,2013-01-21,62,117,15,100,36,11,31,9,1,3,7,9,0,0,0,0,0,0,0,3,11,46,1,3,710.0,310.0,11,9,9,0.09090909090909091,0.2727272727272727,0.6363636363636364,0,1,2.1300634273370043,1.273899712026524,Digital Enthusiasts
10274,1970,Graduation,Widow,33017.0,0,1,2014-03-28,47,47,55,51,112,30,74,3,1,4,3,4,0,0,1,0,1,0,0,3,11,45,1,2,279.0,369.0,8,3,4,0.125,0.5,0.375,2,1,0.5510778180937447,-0.12935634081416508,Digital Enthusiasts
10275,1968,Graduation,Widow,55677.0,1,0,2012-08-21,21,139,107,203,120,639,221,2,4,5,8,4,0,0,1,0,0,0,0,3,11,47,1,2,863.0,1429.0,17,2,4,0.23529411764705882,0.29411764705882354,0.47058823529411764,1,0,-0.4133302291003696,0.13158102713099779,High-Value Loyalists
10276,1962,Master,Married,59518.0,1,1,2014-04-13,61,855,219,30,73,92,81,2,3,3,15,4,0,0,0,0,0,0,0,3,11,53,2,4,263.0,1350.0,21,2,4,0.14285714285714285,0.14285714285714285,0.7142857142857143,0,1,1.203361482628989,1.34321621617978,Digital Enthusiasts
10277,1965,Graduation,Together,49506.0,1,1,2013-10-15,66,132,1,77,2,16,17,8,3,4,3,6,0,0,0,0,0,0,0,3,11,50,2,4,443.0,245.0,10,8,6,0.3,0.4,0.3,0,1,2.6737304426790147,-0.738298275093752,Digital Enthusiasts
10278,1942,Master,Together,59361.0,0,0,2012-05-24,60,169,32,158,19,50,28,4,3,1,5,7,0,0,0,0,0,0,0,3,11,73,0,2,952.0,456.0,9,4,7,0.3333333333333333,0.1111111111111111,0.5555555555555556,0,1,0.23357315513005955,0.9573276857251273,Digital Enthusiasts
10279,1947,Graduation,Together,52168.0,1,0,2012-11-26,31,407,65,111,71,28,83,0,1,5,13,7,0,1,0,0,0,0,0,3,11,68,1,3,766.0,765.0,19,0,7,0.05263157894736842,0.2631578947368421,0.6842105263157895,1,1,0.24093638051665245,1.4204796997272504,Digital Enthusiasts
10280,1953,Master,Single,82073.0,0,0,2013-08-18,22,607,231,979,186,110,122,2,13,6,14,2,0,0,0,0,0,0,0,3,11,62,0,1,501.0,2235.0,33,2,2,0.3939393939393939,0.18181818181818182,0.42424242424242425,0,0,-2.287161924908365,-0.0207219446504618,High-Value Loyalists
10281,1952,Master,Divorced,82530.0,0,0,2012-10-27,41,654,23,540,39,19,259,3,10,2,15,3,0,1,1,0,0,0,0,3,11,63,0,1,796.0,1534.0,27,3,3,0.37037037037037035,0.07407407407407407,0.5555555555555556,2,0,-1.741102538333883,0.7171275580838526,High-Value Loyalists
10282,1970,Graduation,Married,57656.0,0,0,2013-12-26,46,667,65,297,378,106,240,2,12,7,13,6,1,0,0,0,0,1,0,3,11,45,0,2,371.0,1753.0,32,2,6,0.375,0.21875,0.40625,2,0,-1.063742275420466,-0.27720018225423937,High-Value Loyalists
10283,1972,Master,Widow,73056.0,0,0,2012-08-22,94,309,6,360,34,107,6,1,13,2,2,7,0,0,0,0,0,0,0,3,11,43,0,1,862.0,822.0,17,1,7,0.7647058823529411,0.11764705882352941,0.11764705882352941,0,0,-0.6858077612488337,-1.7623391084219593,High-Value Loyalists
10284,1973,PhD,Married,31692.0,0,1,2014-04-04,62,91,27,58,3,1,45,2,1,1,1,9,0,0,0,0,0,0,0,3,11,42,1,3,272.0,225.0,3,2,9,0.3333333333333333,0.3333333333333333,0.3333333333333333,0,1,1.6070081923651451,-0.5040781669838753,Digital Enthusiasts
10285,1978,2n Cycle,Single,65476.0,0,0,2014-05-14,23,934,242,605,133,222,5,2,10,3,17,11,0,0,1,0,0,0,0,3,11,37,0,1,232.0,2141.0,30,2,11,0.3333333333333333,0.1,0.5666666666666667,1,0,-1.5256670500468827,0.5753199362613672,High-Value Loyalists
10286,1969,Graduation,Divorced,59948.0,0,0,2012-04-01,18,898,29,947,192,60,518,1,17,12,17,4,0,0,0,1,0,1,0,3,11,46,0,1,1005.0,2644.0,46,1,4,0.3695652173913043,0.2608695652173913,0.3695652173913043,2,0,-2.5686677838526335,-0.5658639284566489,High-Value Loyalists
10287,1973,Master,Together,67811.0,0,0,2013-11-01,19,117,91,641,36,71,47,1,3,4,7,2,0,0,0,0,0,0,0,3,11,42,0,2,426.0,1003.0,14,1,2,0.21428571428571427,0.2857142857142857,0.5,0,0,-0.9517234020328824,0.39417272804513614,High-Value Loyalists
10288,1977,Basic,Single,44257.0,0,1,2013-08-24,43,143,79,13,52,5,21,6,3,6,2,5,0,0,0,0,1,1,0,3,11,38,1,2,495.0,313.0,11,6,5,0.2727272727272727,0.5454545454545454,0.18181818181818182,2,1,0.7607995679000894,-1.282495848561957,Digital Enthusiasts
10289,1968,Master,Married,85097.0,0,0,2012-05-04,30,652,3,753,194,67,345,3,13,9,10,2,1,0,0,0,0,0,0,3,11,47,0,2,972.0,2014.0,32,3,2,0.40625,0.28125,0.3125,1,0,-1.5956234609614803,-0.8345562776120815,High-Value Loyalists
10290,1972,2n Cycle,Married,74780.0,0,0,2013-08-13,41,50,14,73,28,1,52,5,1,1,5,4,0,0,0,0,0,0,0,3,11,43,0,2,506.0,218.0,7,5,4,0.14285714285714285,0.14285714285714285,0.7142857142857143,0,0,0.05355213549314691,1.6960549747067042,High-Value Loyalists
10291,1953,Graduation,Single,75457.0,0,0,2012-09-24,57,397,224,365,138,25,198,1,9,5,5,8,1,1,1,1,0,0,0,3,11,62,0,1,829.0,1347.0,19,1,8,0.47368421052631576,0.2631578947368421,0.2631578947368421,4,0,-1.3618312780882327,-0.9005548182936707,High-Value Loyalists
10292,1955,Master,Married,54311.0,1,1,2013-12-30,71,148,33,249,118,15,47,4,5,1,4,2,0,0,0,0,0,0,0,3,11,60,2,4,367.0,610.0,10,4,2,0.5,0.1,0.4,0,1,1.9268825379396397,-0.30008628623533673,Digital Enthusiasts
10293,1963,PhD,Single,89357.0,1,0,2014-03-17,47,887,34,523,100,41,76,0,7,3,14,0,0,0,0,0,0,0,0,3,11,52,1,2,290.0,1661.0,24,0,0,0.2916666666666667,0.125,0.5833333333333334,0,0,-1.19036699323401,0.7162396189291108,High-Value Loyalists
10294,1942,Graduation,Widow,50967.0,0,0,2012-01-01,46,341,39,87,44,17,153,1,7,1,6,6,1,0,0,1,0,0,0,3,11,73,0,1,1086.6599999999999,681.0,14,1,6,0.5,0.07142857142857142,0.42857142857142855,2,0,-0.8855954632495531,0.1599491776867768,High-Value Loyalists
10295,1951,PhD,Together,50825.0,1,0,2014-01-16,72,251,70,313,66,163,90,3,8,0,9,5,0,0,0,1,0,0,0,3,11,64,1,3,350.0,953.0,17,3,5,0.47058823529411764,0.0,0.5294117647058824,1,1,0.7778251234380943,0.4943614339634902,Digital Enthusiasts
10296,1942,Graduation,Divorced,53126.0,1,0,2014-06-02,74,147,96,271,4,17,13,1,5,3,5,3,0,0,0,0,0,0,0,3,11,73,1,2,213.0,548.0,13,1,3,0.38461538461538464,0.23076923076923078,0.38461538461538464,0,1,0.17195635703010342,-0.008810615426503576,Digital Enthusiasts
10297,1963,2n Cycle,Divorced,61611.0,0,0,2012-11-12,87,107,11,150,12,23,112,2,3,3,2,6,0,1,1,0,0,0,0,3,11,52,0,1,780.0,415.0,8,2,6,0.375,0.375,0.25,2,0,-0.4052818177092049,-0.7519243935832038,High-Value Loyalists
10298,1952,Master,Divorced,50056.0,0,2,2014-06-02,46,168,23,24,38,26,37,5,1,1,3,9,0,0,0,0,0,0,0,3,11,63,2,3,213.0,316.0,5,5,9,0.2,0.2,0.6,0,1,1.960286941504151,1.0249006837202246,Digital Enthusiasts
10299,1963,2n Cycle,Divorced,37983.0,0,1,2013-09-30,58,112,16,61,37,2,19,6,3,3,2,7,0,0,1,0,0,0,0,3,11,52,1,2,458.0,247.0,8,6,7,0.375,0.375,0.25,1,1,1.1567359448589127,-0.8096291722987873,Digital Enthusiasts
10300,1970,PhD,Divorced,44730.0,0,1,2013-05-25,41,105,16,49,22,6,66,4,1,2,2,4,0,1,0,0,0,0,0,3,11,45,1,2,586.0,264.0,5,4,4,0.2,0.4,0.4,1,1,0.6611633218983373,-0.02729518525096168,Digital Enthusiasts
10301,1955,Master,Married,78215.0,0,0,2012-03-31,86,303,1,784,7,148,458,2,8,9,13,2,1,0,0,1,0,1,0,3,11,60,0,2,1006.0,1701.0,30,2,2,0.26666666666666666,0.3,0.43333333333333335,3,0,-1.2622099080436835,0.01443030463518865,High-Value Loyalists
10302,1981,Graduation,Widow,44291.0,0,1,2013-03-23,53,141,225,201,3,81,4,6,6,1,6,7,1,0,1,1,0,0,0,3,11,34,1,2,649.0,655.0,13,6,7,0.46153846153846156,0.07692307692307693,0.46153846153846156,3,1,0.7988383711043507,-0.0018401908412049028,Digital Enthusiasts
10303,1974,Master,Widow,32629.0,1,1,2012-05-14,86,36,4,36,16,6,20,4,1,1,2,8,1,0,0,0,1,0,0,3,11,41,2,3,962.0,142.34,4,4,8,0.25,0.25,0.5,2,1,2.2655560126553866,0.3019653730497761,Digital Enthusiasts
10304,1942,Graduation,Together,64675.0,1,0,2012-09-17,55,128,123,190,52,24,18,4,3,1,9,5,0,0,0,0,0,0,0,3,11,73,1,3,836.0,535.0,13,4,5,0.23076923076923078,0.07692307692307693,0.6923076923076923,0,1,0.8540703402235418,1.5420052362426329,Digital Enthusiasts
10305,1992,PhD,Single,101141.0,0,0,2014-03-21,57,305,55,533,23,4,228,1,2,6,12,5,0,0,0,0,0,0,0,3,11,23,0,1,286.0,1148.0,20,1,5,0.1,0.3,0.6,0,0,-1.5302695402763848,0.8878666257115012,High-Value Loyalists
10306,1973,Graduation,Widow,63432.0,0,0,2012-04-10,37,364,72,73,111,103,131,5,3,0,8,9,0,0,0,0,0,0,0,3,11,42,0,1,996.0,854.0,11,5,9,0.2727272727272727,0.0,0.7272727272727273,0,0,-0.34191036853231355,1.688607656503622,High-Value Loyalists
10307,1967,Master,Together,27096.26,0,1,2013-05-04,78,244,38,72,5,4,31,6,2,1,3,8,1,0,0,1,0,0,0,3,11,48,1,3,607.0,394.0,6,6,8,0.3333333333333333,0.16666666666666666,0.5,2,1,1.913884382979847,0.4094634292908895,Digital Enthusiasts
10308,1962,Graduation,Married,58252.0,1,1,2014-05-31,44,219,255,651,15,298,129,2,4,7,17,7,1,0,0,0,0,0,0,3,11,53,2,4,215.0,1567.0,28,2,7,0.14285714285714285,0.25,0.6071428571428571,1,1,0.9942517392102007,0.6823385420974849,Digital Enthusiasts
10309,1979,Basic,Divorced,115144.0,0,0,2012-05-02,65,951,52,632,54,24,153,1,11,11,8,3,0,0,1,0,0,0,0,3,11,36,0,1,974.0,1866.0,30,1,3,0.36666666666666664,0.36666666666666664,0.26666666666666666,1,0,-2.2225198723699338,-1.0616624143322462,High-Value Loyalists
10310,1965,2n Cycle,Together,72603.0,1,0,2012-06-19,44,283,35,309,163,56,192,1,1,0,11,4,0,0,0,0,0,0,0,3,11,50,1,3,926.0,1038.0,12,1,4,0.08333333333333333,0.0,0.9166666666666666,0,1,0.23149178832359937,2.5334868750745723,Digital Enthusiasts
10311,1982,PhD,Divorced,68318.0,0,0,2013-03-17,22,264,184,357,130,14,153,3,4,7,10,6,0,0,0,0,0,0,0,3,11,33,0,1,655.0,1102.0,21,3,6,0.19047619047619047,0.3333333333333333,0.47619047619047616,0,0,-1.1770072845618962,0.26986662942418915,High-Value Loyalists
10312,1981,Graduation,Single,79529.0,0,0,2013-03-23,49,381,188,265,26,9,237,2,6,4,8,4,0,0,0,0,0,0,0,3,11,34,0,1,649.0,1106.0,18,2,4,0.3333333333333333,0.2222222222222222,0.4444444444444444,0,0,-1.2451486933713602,0.061766974318993015,High-Value Loyalists
10313,1987,PhD,Divorced,71613.0,1,0,2013-02-21,38,215,174,423,27,226,52,2,3,5,9,2,1,0,0,0,0,0,0,3,11,28,1,2,679.0,1117.0,17,2,2,0.17647058823529413,0.29411764705882354,0.5294117647058824,1,0,-0.4445135320430336,0.3652208479544703,High-Value Loyalists
10314,1986,Master,Married,82925.0,0,0,2012-07-19,16,344,127,101,92,13,394,2,3,9,3,3,1,0,0,0,0,0,0,3,11,29,0,2,896.0,1071.0,15,2,3,0.2,0.6,0.2,1,0,-1.0503238999224946,-1.3501796014546992,High-Value Loyalists
10315,1974,Graduation,Single,78122.0,1,0,2014-06-16,46,562,57,242,179,129,97,1,5,4,17,3,0,0,0,0,0,1,0,3,11,41,1,2,205.34,1266.0,26,1,3,0.19230769230769232,0.15384615384615385,0.6538461538461539,1,0,-0.7702694596093548,1.0683972739252159,High-Value Loyalists
10316,1986,PhD,Single,88122.0,1,0,2012-04-06,24,1106,129,145,39,58,54,1,3,9,7,5,0,1,0,0,0,1,0,3,11,29,1,2,1000.0,1531.0,19,1,5,0.15789473684210525,0.47368421052631576,0.3684210526315789,2,0,-0.8792463874324578,-0.6126755456724547,High-Value Loyalists
10317,1966,2n Cycle,Single,40827.0,1,1,2012-01-14,52,59,6,43,58,1,9,7,1,1,2,7,0,0,0,0,0,0,0,3,11,49,2,3,1083.0,176.0,4,7,7,0.25,0.25,0.5,0,1,2.291474377554665,0.38769571259384494,Digital Enthusiasts
10318,1983,Graduation,Widow,77901.0,1,0,2012-08-08,38,522,24,151,67,3,3,4,4,4,7,4,0,0,0,0,0,0,0,3,11,32,1,2,876.0,770.0,15,4,4,0.26666666666666666,0.26666666666666666,0.4666666666666667,0,0,0.0153223634460782,0.06645794786474349,High-Value Loyalists
10319,1963,Graduation,Single,48902.0,1,0,2013-10-27,7,74,9,160,4,29,44,5,4,5,4,7,0,0,1,0,0,0,0,3,11,52,1,2,431.0,320.0,13,5,7,0.3076923076923077,0.38461538461538464,0.3076923076923077,1,1,0.47491243143147865,-0.5978349125586128,Digital Enthusiasts
10320,1958,2n Cycle,Widow,46106.0,0,1,2012-04-25,42,179,188,207,11,129,147,2,5,1,11,2,0,0,1,1,0,0,0,3,11,57,1,2,981.0,861.0,17,2,2,0.29411764705882354,0.058823529411764705,0.6470588235294118,2,0,-0.15125036349310006,1.150076285588396,High-Value Loyalists
10321,1975,Graduation,Together,91445.0,1,0,2013-11-11,58,595,56,302,7,27,277,2,6,9,4,6,0,0,0,0,0,0,0,3,11,40,1,3,416.0,1264.0,19,2,6,0.3157894736842105,0.47368421052631576,0.21052631578947367,0,1,0.12578426823505165,-1.382728797651807,Digital Enthusiasts
10322,1980,2n Cycle,Widow,67872.0,0,0,2012-12-20,33,590,164,410,21,9,199,3,19,7,2,7,0,0,1,1,0,1,0,3,11,35,0,1,742.0,1393.0,28,3,7,0.6785714285714286,0.25,0.07142857142857142,3,0,-1.3752975823599811,-2.2110530915451903,High-Value Loyalists
10323,1971,PhD,Married,44637.0,1,1,2013-11-28,16,33,14,45,7,16,48,6,1,0,1,10,0,0,1,0,0,1,0,3,11,44,2,4,399.0,163.0,2,6,10,0.5,0.0,0.5,2,1,2.586210273323311,0.049200757608428396,Digital Enthusiasts
10324,1948,Graduation,Single,53303.0,1,0,2012-07-12,50,553,78,28,178,105,280,1,6,12,4,5,1,0,0,0,1,0,0,3,11,67,1,2,903.0,1222.0,22,1,5,0.2727272727272727,0.5454545454545454,0.18181818181818182,2,0,-0.3985245011931723,-1.2700584401509483,High-Value Loyalists
10325,1963,Basic,Widow,33794.0,0,1,2013-11-30,68,124,28,60,7,0,4,3,3,2,3,7,0,1,0,0,0,0,0,3,11,52,1,2,397.0,223.0,8,3,7,0.375,0.25,0.375,1,1,0.9639144360468691,-0.17043546513562374,Digital Enthusiasts
10326,1956,Graduation,Widow,52114.0,0,0,2012-01-02,45,102,128,134,138,39,120,3,3,0,7,9,0,0,0,0,0,0,0,3,11,59,0,1,1086.6599999999999,661.0,10,3,9,0.3,0.0,0.7,0,0,-0.33396503271845507,1.6665307268484313,High-Value Loyalists
10327,1980,Graduation,Married,50642.0,0,1,2013-09-30,52,106,21,87,68,78,28,4,5,2,3,8,0,0,0,0,0,1,0,3,11,35,1,3,458.0,388.0,10,4,8,0.5,0.2,0.3,1,1,1.2994695601915596,-0.9080494766674934,Digital Enthusiasts
10328,1971,Graduation,Together,42463.0,0,1,2012-01-22,48,53,33,44,11,7,45,5,1,2,1,4,1,0,0,0,1,0,0,3,11,44,1,3,1075.0,193.0,4,5,4,0.25,0.5,0.25,2,1,1.3285275288101028,-0.96053847194633,Digital Enthusiasts
10329,1974,Basic,Divorced,46159.0,1,1,2013-01-16,51,627,31,133,103,7,34,2,8,6,5,6,0,0,0,1,1,0,0,3,11,41,2,3,715.0,935.0,19,2,6,0.42105263157894735,0.3157894736842105,0.2631578947368421,2,1,1.016605275297849,-1.212890541140825,Digital Enthusiasts
10330,1983,Graduation,Married,36399.0,1,1,2013-09-27,39,103,44,50,40,31,32,6,1,0,1,10,0,1,0,1,0,0,0,3,11,32,2,4,461.0,300.0,2,6,10,0.5,0.0,0.5,2,1,2.7959147769517467,-0.005006269725549017,Digital Enthusiasts
10331,1974,Graduation,Together,128544.0,0,0,2012-02-14,40,2844,241,589,1048,61,845,0,35,4,46,6,0,1,0,1,0,0,0,3,11,41,0,2,1052.0,3733.2199999999975,58,0,6,0.4117647058823529,0.047058823529411764,0.5411764705882353,2,0,-3.2018952332415465,-0.04008172482131546,High-Value Loyalists
10332,1977,Graduation,Widow,36409.0,0,1,2014-04-10,52,111,6,62,46,16,73,7,3,4,1,3,0,0,0,0,0,0,0,3,11,38,1,2,266.0,314.0,8,7,3,0.375,0.5,0.125,0,1,1.062987962863967,-1.507579795467632,Digital Enthusiasts
10333,1955,PhD,Widow,36276.0,0,0,2014-05-20,79,499,90,354,37,123,39,4,1,18,4,2,0,0,1,0,0,0,0,3,11,60,0,1,226.0,1142.0,23,4,2,0.043478260869565216,0.782608695652174,0.17391304347826086,1,0,-0.8086413364481405,-0.8855951491009183,High-Value Loyalists
10334,1973,Graduation,Single,130117.49999999999,0,0,2013-09-13,17,1354,429,579,199,79,364,2,16,9,21,3,0,1,0,0,1,1,0,3,11,42,0,1,475.0,3004.0,46,2,3,0.34782608695652173,0.1956521739130435,0.45652173913043476,3,0,-3.3813142533990836,-0.23859678996847858,High-Value Loyalists
10335,1966,Graduation,Single,43557.0,0,1,2012-08-05,33,117,3,68,103,7,25,9,6,2,4,7,0,0,0,0,0,0,0,3,11,49,1,2,879.0,323.0,12,9,7,0.5,0.16666666666666666,0.3333333333333333,0,1,1.2257060403093476,-0.4858128908169902,Digital Enthusiasts
10336,1979,PhD,Together,88749.0,0,0,2013-10-02,41,330,14,263,171,52,476,1,13,0,11,3,0,0,0,0,0,0,0,3,11,36,0,2,456.0,1306.0,24,1,3,0.5416666666666666,0.0,0.4583333333333333,0,0,-1.2163637985932134,-0.11330166335856601,High-Value Loyalists
10337,1984,PhD,Married,35280.0,1,1,2012-10-01,68,207,92,66,26,23,5,8,4,1,4,8,0,0,0,0,0,0,0,3,11,31,2,4,822.0,419.0,9,8,8,0.4444444444444444,0.1111111111111111,0.4444444444444444,0,1,2.980607888569237,-0.20752846717675957,Digital Enthusiasts
10338,1969,PhD,Divorced,111752.0,0,0,2013-08-19,37,286,52,399,34,209,95,0,5,2,14,1,0,0,0,0,0,0,0,3,11,46,0,1,500.0,1075.0,21,0,1,0.23809523809523808,0.09523809523809523,0.6666666666666666,0,0,-2.100294945547677,1.2774989512706516,High-Value Loyalists
10339,1955,PhD,Married,46658.0,1,1,2012-05-17,70,279,405,371,49,30,5,5,6,8,8,9,0,0,1,1,0,0,0,3,11,60,2,4,959.0,1139.0,22,5,9,0.2727272727272727,0.36363636363636365,0.36363636363636365,2,1,1.9185827576423173,-0.5470701908024486,Digital Enthusiasts
10340,1978,Master,Divorced,113235.0,0,0,2013-07-08,5,924,261,465,117,117,165,1,12,8,15,4,0,0,0,0,0,0,0,3,11,37,0,1,542.0,2049.0,35,1,4,0.34285714285714286,0.22857142857142856,0.42857142857142855,0,0,-2.650590040784844,-0.25446250230757217,High-Value Loyalists
10341,1958,2n Cycle,Together,57956.0,0,0,2012-10-25,34,55,12,73,10,55,21,2,0,0,0,7,0,0,0,0,0,0,0,3,11,57,0,2,798.0,226.0,2,2,7,0.0,0.0,0.0,0,1,0.15337618791470534,-0.14452192390188742,Digital Enthusiasts
10342,1957,Master,Divorced,54608.0,1,0,2013-06-12,81,252,68,93,21,3,109,0,4,2,2,3,0,0,0,0,0,0,0,3,11,58,1,2,568.0,546.0,8,0,3,0.5,0.25,0.25,0,1,0.24859269546391233,-0.8927295004580851,Digital Enthusiasts
10343,1975,Master,Single,39122.0,0,2,2012-10-22,67,124,2,167,26,32,8,5,7,1,6,12,0,0,1,0,1,0,0,3,11,40,2,3,801.0,359.0,14,5,12,0.5,0.07142857142857142,0.42857142857142855,2,1,2.153855158768948,-0.29767495609609196,Digital Enthusiasts
10344,1970,Graduation,Widow,36693.0,1,1,2012-09-01,47,66,22,87,25,21,36,7,0,0,2,6,0,0,0,0,0,0,0,3,11,45,2,3,852.0,257.0,2,7,6,0.0,0.0,1.0,0,1,2.2644628924347914,3.1359275982053307,Digital Enthusiasts
10345,1977,2n Cycle,Divorced,46839.0,0,1,2012-11-19,19,71,37,144,7,44,65,7,3,5,3,4,0,0,0,0,0,0,0,3,11,38,1,2,773.0,368.0,11,7,4,0.2727272727272727,0.45454545454545453,0.2727272727272727,0,1,0.7128284330467898,-0.7950669039081076,Digital Enthusiasts
10346,1942,Master,Widow,43736.0,1,0,2014-02-26,24,214,19,96,12,57,50,1,4,1,7,7,0,0,0,0,0,0,0,3,11,73,1,2,309.0,448.0,12,1,7,0.3333333333333333,0.08333333333333333,0.5833333333333334,0,1,0.22483972078961903,0.9942135579674369,Digital Enthusiasts
10347,1974,PhD,Widow,46993.0,1,0,2012-12-29,16,226,8,350,14,32,70,0,2,4,4,5,0,0,0,0,1,1,0,3,11,41,1,2,733.0,700.0,10,0,5,0.2,0.4,0.4,2,0,-0.17314789234279768,-0.23501830513002894,High-Value Loyalists
10348,1978,Graduation,Divorced,42969.0,0,1,2013-09-14,45,110,9,84,16,6,48,4,0,0,0,11,0,1,0,1,0,0,0,3,11,37,1,2,474.0,273.0,2,4,11,0.0,0.0,0.0,2,1,1.1782531464176909,-0.34492769397802303,Digital Enthusiasts
10349,1966,Graduation,Together,102111.0,0,0,2013-08-24,34,366,362,344,330,422,98,1,9,7,13,3,0,0,0,0,0,1,1,3,11,49,0,2,495.0,1922.0,29,1,3,0.3103448275862069,0.2413793103448276,0.4482758620689655,1,0,-1.813935213332402,-0.06366421546439183,High-Value Loyalists
10350,1971,Basic,Married,41831.0,1,1,2013-06-25,27,122,10,32,40,10,32,4,7,1,5,6,0,0,0,0,1,1,0,3,11,44,2,4,555.0,246.0,13,4,6,0.5384615384615384,0.07692307692307693,0.38461538461538464,2,1,1.9866926891764505,-0.6309125152699481,Digital Enthusiasts
10351,1957,Graduation,Divorced,97647.0,0,0,2014-05-23,16,558,96,1583,300,16,475,1,10,25,10,3,0,0,0,1,0,0,0,3,11,58,0,1,223.0,3028.0,45,1,3,0.2222222222222222,0.5555555555555556,0.2222222222222222,1,0,-3.13426322385897,-1.1749447033726634,High-Value Loyalists
10352,1976,PhD,Divorced,35640.0,0,1,2012-02-09,30,74,49,32,8,14,25,3,2,0,2,7,0,0,0,0,0,0,0,3,11,39,1,2,1057.0,202.0,4,3,7,0.5,0.0,0.5,0,1,0.9024663234752455,0.2708194517694078,Digital Enthusiasts
10353,1965,Graduation,Together,44482.0,0,1,2013-04-15,48,141,14,85,44,24,7,5,1,0,4,10,0,1,0,0,0,1,0,3,11,50,1,3,626.0,315.0,5,5,10,0.2,0.0,0.8,2,1,1.5927900987017578,1.9820538144928528,Digital Enthusiasts
10354,1977,Graduation,Married,64410.0,0,1,2014-05-28,90,299,29,537,95,127,92,1,11,2,11,4,0,1,0,0,0,1,0,3,11,38,1,3,218.0,1179.0,24,1,4,0.4583333333333333,0.08333333333333333,0.4583333333333333,2,1,0.26273966208277333,-0.14456529160923495,Digital Enthusiasts
10355,1960,Graduation,Widow,34473.0,0,1,2014-06-13,84,69,0,37,23,23,3,9,2,2,2,6,1,0,0,0,0,0,0,3,11,55,1,2,205.34,155.0,6,9,6,0.3333333333333333,0.3333333333333333,0.3333333333333333,1,1,1.684541107159714,-0.21088687166085082,Digital Enthusiasts
10356,1961,PhD,Single,35702.0,1,1,2013-02-03,70,50,3,83,16,5,12,5,1,1,2,6,0,0,0,0,0,0,0,3,11,54,2,3,697.0,169.0,4,5,6,0.25,0.25,0.5,0,1,2.184263910950063,0.4590860505583938,Digital Enthusiasts
10357,1970,Graduation,Married,56924.0,1,1,2012-02-19,46,117,17,79,39,6,23,10,5,2,5,5,0,0,0,0,0,0,0,3,11,45,2,4,1047.0,281.0,12,10,5,0.4166666666666667,0.16666666666666666,0.4166666666666667,0,1,2.613763119063884,-0.2817185887634479,Digital Enthusiasts
10358,1980,Graduation,Widow,45943.0,0,0,2012-11-18,14,689,380,1077,23,67,206,0,5,9,26,3,0,1,0,0,0,0,0,3,11,35,0,1,774.0,2442.0,40,0,3,0.125,0.225,0.65,1,0,-2.37387889486825,1.0389030280908682,High-Value Loyalists
10359,1967,PhD,Widow,41995.0,0,2,2012-12-04,56,79,5,123,88,41,13,4,1,2,3,5,0,0,0,0,0,0,0,3,11,48,2,3,758.0,349.0,6,4,5,0.16666666666666666,0.3333333333333333,0.5,0,1,1.7674837998566195,0.39724592707723394,Digital Enthusiasts
10360,1955,Master,Single,37167.0,0,0,2012-11-23,17,57,58,127,17,31,31,1,1,1,2,8,0,0,0,0,0,0,0,3,11,60,0,1,769.0,321.0,4,1,8,0.25,0.25,0.5,0,0,-0.4137307868626471,0.6806360885175816,High-Value Loyalists
10361,1953,Master,Together,88073.0,1,0,2012-01-28,42,328,1,137,28,11,77,4,10,2,3,3,0,0,0,0,1,0,0,3,11,62,1,3,1069.0,582.0,15,4,3,0.6666666666666666,0.13333333333333333,0.2,1,1,0.38717342017107526,-1.4491420262875625,Digital Enthusiasts
10362,1966,Basic,Together,82524.0,0,0,2014-04-11,23,417,12,856,122,642,461,1,16,17,6,3,1,1,1,0,0,0,0,3,11,49,0,2,265.0,2510.0,39,1,3,0.41025641025641024,0.4358974358974359,0.15384615384615385,3,0,-2.1899645160015675,-1.7536303213009647,High-Value Loyalists
10363,1970,Graduation,Divorced,59312.0,0,0,2013-06-21,27,720,55,331,187,385,154,0,6,4,15,4,0,0,0,0,0,1,0,3,11,45,0,1,559.0,1832.0,25,0,4,0.24,0.16,0.6,1,0,-1.8496571394748555,0.8940556847991319,High-Value Loyalists
10364,1975,PhD,Together,41075.0,1,1,2012-12-09,21,144,28,117,5,7,131,7,1,1,2,7,0,0,1,0,0,0,0,3,11,40,2,4,753.0,432.0,4,7,7,0.25,0.25,0.5,1,1,2.4749815080907878,0.17017355634986087,Digital Enthusiasts
10365,1987,Graduation,Single,60243.0,1,0,2014-05-31,39,260,63,282,58,61,99,0,5,5,2,6,0,1,0,0,0,0,0,3,11,28,1,2,215.0,823.0,12,0,6,0.4166666666666667,0.4166666666666667,0.16666666666666666,1,0,-0.09817562200085167,-1.620172598453588,High-Value Loyalists
10366,1967,Graduation,Married,27096.26,0,1,2014-02-03,52,59,77,132,41,1,9,5,1,0,2,7,0,0,0,0,0,0,0,3,11,48,1,3,332.0,319.0,3,5,7,0.3333333333333333,0.0,0.6666666666666666,0,1,1.7800632873155013,1.3239696271032955,Digital Enthusiasts
10367,1978,2n Cycle,Single,44948.0,0,2,2012-07-10,36,145,31,104,67,20,19,7,0,1,1,7,0,0,0,0,0,0,0,3,11,37,2,3,905.0,386.0,2,7,7,0.0,0.5,0.5,0,1,2.1026465237193883,0.41200572108245215,Digital Enthusiasts
10368,1969,Graduation,Together,86608.0,0,1,2012-06-13,42,256,295,153,226,28,12,0,8,1,6,8,0,0,1,1,0,0,0,3,11,46,1,3,932.0,970.0,15,0,8,0.5333333333333333,0.06666666666666667,0.4,2,1,0.10618722034981583,-0.5599667687929237,Digital Enthusiasts
10369,1964,PhD,Widow,70054.0,0,0,2013-10-07,43,237,57,38,103,80,12,3,3,2,3,2,0,0,0,1,0,0,0,3,11,51,0,1,451.0,527.0,8,3,2,0.375,0.25,0.375,1,0,-0.8635775733090963,-0.10553881243956667,High-Value Loyalists
10370,1970,Graduation,Divorced,40828.0,0,2,2014-02-27,64,56,76,88,21,1,40,6,1,0,4,5,0,0,0,0,0,0,0,3,11,45,2,3,308.0,282.0,5,6,5,0.2,0.0,0.8,0,1,2.117079723276849,2.008913519375025,Digital Enthusiasts
10371,1968,Graduation,Single,65602.0,1,1,2013-11-17,51,755,5,357,68,153,75,1,15,3,10,4,1,0,0,0,0,0,0,3,11,47,2,3,410.0,1413.0,28,1,4,0.5357142857142857,0.10714285714285714,0.35714285714285715,1,1,0.3167386705835371,-0.7953873399733986,Digital Enthusiasts
10372,1995,Master,Single,84777.0,1,0,2014-01-11,14,697,43,376,9,6,13,5,4,2,13,5,0,0,1,0,0,0,0,3,11,20,1,2,355.0,1144.0,19,5,5,0.21052631578947367,0.10526315789473684,0.6842105263157895,1,0,-0.2716022846981629,1.0851838414067458,High-Value Loyalists
10373,1961,Master,Together,91000.0,1,0,2012-04-03,40,695,236,466,57,95,116,2,9,5,13,6,0,0,1,1,0,0,0,3,11,54,1,3,1003.0,1665.0,27,2,6,0.3333333333333333,0.18518518518518517,0.48148148148148145,2,0,-0.3802121118649143,-0.03764533062642732,High-Value Loyalists
10374,1970,Master,Divorced,112902.0,0,0,2012-06-01,29,708,178,443,134,45,85,1,5,3,20,7,0,1,1,1,0,0,0,3,11,45,0,1,944.0,1593.0,28,1,7,0.17857142857142858,0.10714285714285714,0.7142857142857143,3,0,-2.189280918029788,1.3630854171562743,High-Value Loyalists
10375,1965,Graduation,Single,74552.0,0,0,2013-01-24,55,183,85,448,136,79,216,1,8,5,6,4,1,1,0,0,0,1,0,3,11,50,0,1,707.0,1147.0,19,1,4,0.42105263157894735,0.2631578947368421,0.3157894736842105,3,0,-1.4569092322458121,-0.6248434850732763,High-Value Loyalists
10376,1949,Graduation,Married,54137.0,0,0,2013-06-15,70,686,56,276,35,163,98,3,11,5,7,6,0,0,1,0,0,0,0,3,11,66,0,2,565.0,1314.0,23,3,6,0.4782608695652174,0.21739130434782608,0.30434782608695654,1,0,-0.41633474426652156,-0.5832089276920684,High-Value Loyalists
10377,1972,Master,Married,70972.0,1,1,2012-05-05,30,234,93,267,85,80,156,4,4,8,5,4,0,0,0,0,1,0,0,3,11,43,2,4,971.0,915.0,17,4,4,0.23529411764705882,0.47058823529411764,0.29411764705882354,1,1,1.289262992412546,-1.0449628356547533,Digital Enthusiasts
10378,1975,Graduation,Single,45262.0,1,0,2012-02-24,28,155,118,389,37,189,38,1,1,6,10,5,0,0,1,0,0,0,0,3,11,40,1,2,1042.0,926.0,17,1,5,0.058823529411764705,0.35294117647058826,0.5882352941176471,1,0,-0.1635831834295142,0.8136463849489858,High-Value Loyalists
10379,1964,Graduation,Together,41740.0,1,1,2012-11-12,61,85,2,99,7,22,58,5,2,9,5,4,0,0,0,1,0,0,0,3,11,51,2,4,780.0,273.0,16,5,4,0.125,0.5625,0.3125,1,1,2.07780730772057,-0.6757769981693834,Digital Enthusiasts
10380,1967,Master,Married,59871.0,1,1,2013-09-30,33,105,23,70,7,2,80,4,3,4,3,5,0,1,0,0,1,0,0,3,11,48,2,4,458.0,287.0,10,4,5,0.3,0.4,0.3,2,1,1.78426630605363,-0.920118743983149,Digital Enthusiasts
10381,1939,Graduation,Together,59100.0,1,0,2013-12-27,30,243,78,132,1,27,55,2,2,2,4,5,0,0,0,0,0,0,0,3,11,76,1,3,370.0,536.0,8,2,5,0.25,0.25,0.5,0,1,0.6317291617363286,0.5456083646637523,Digital Enthusiasts
10382,1967,Graduation,Widow,51023.0,1,1,2014-01-05,47,75,29,74,52,24,24,9,3,0,6,5,0,0,0,0,0,0,0,3,11,48,2,3,361.0,278.0,9,9,5,0.3333333333333333,0.0,0.6666666666666666,0,1,2.1432560372779466,1.2423068026612163,Digital Enthusiasts
10383,1962,Basic,Divorced,67422.0,1,0,2012-09-18,0,496,82,259,39,167,90,2,5,4,7,4,0,0,0,0,0,0,0,3,11,53,1,2,835.0,1133.0,16,2,4,0.3125,0.25,0.4375,0,0,-0.5045935909132638,-0.039690261512905625,High-Value Loyalists
10384,1970,2n Cycle,Married,64055.0,1,0,2012-09-19,16,199,114,592,41,119,163,4,3,4,15,4,0,0,0,0,1,1,0,3,11,45,1,3,834.0,1228.0,22,4,4,0.13636363636363635,0.18181818181818182,0.6818181818181818,2,1,0.08511134545270758,1.1568181077727844,Digital Enthusiasts
10385,1968,Graduation,Widow,56120.0,1,0,2014-04-19,44,125,9,69,8,13,29,2,1,0,2,7,0,0,0,0,0,0,0,3,11,47,1,2,257.0,253.0,3,2,7,0.3333333333333333,0.0,0.6666666666666666,0,1,0.6502643757531752,1.3151513166243516,Digital Enthusiasts
10386,1951,2n Cycle,Widow,32279.0,1,1,2012-05-21,99,170,52,181,82,71,16,6,4,1,3,8,0,0,0,0,0,1,0,3,11,64,2,3,955.0,572.0,8,6,8,0.5,0.125,0.375,1,1,2.373625260255452,-0.28544222841383027,Digital Enthusiasts
10387,1958,Graduation,Together,42884.0,1,0,2013-11-29,37,264,74,142,15,37,55,2,5,3,5,6,0,0,0,1,0,0,0,3,11,57,1,3,398.0,587.0,13,2,6,0.38461538461538464,0.23076923076923078,0.38461538461538464,1,1,0.7755202611903853,-0.28915070172981805,Digital Enthusiasts
10388,1955,Master,Single,115940.0,0,0,2012-01-04,42,1566,131,301,11,19,342,1,16,9,15,4,0,0,0,0,1,0,0,3,11,60,0,1,1086.6599999999999,2370.0,40,1,4,0.4,0.225,0.375,1,0,-2.735870809530696,-0.45120394539594677,High-Value Loyalists
10389,1953,Graduation,Widow,68423.0,1,0,2012-08-24,47,85,20,143,27,4,88,3,2,1,7,6,0,0,0,0,1,0,0,3,11,62,1,2,860.0,367.0,10,3,6,0.2,0.1,0.7,1,1,0.3118797455231038,1.5700621637534649,Digital Enthusiasts
10390,1963,Basic,Single,31167.0,1,1,2012-06-21,67,89,10,52,7,23,53,7,3,3,3,9,0,0,0,0,0,0,0,3,11,52,2,3,924.0,234.0,9,7,9,0.3333333333333333,0.3333333333333333,0.3333333333333333,0,1,2.4606834212036266,-0.4955764598371445,Digital Enthusiasts
10391,1972,Master,Widow,109225.0,0,0,2013-01-18,4,777,96,419,15,81,83,0,11,9,6,2,1,0,0,0,0,0,0,3,11,43,0,1,713.0,1471.0,26,0,2,0.4230769230769231,0.34615384615384615,0.23076923076923078,1,0,-2.504867145332536,-1.2546720853135633,High-Value Loyalists
10392,1966,Graduation,Single,37345.0,0,2,2012-04-08,23,177,29,175,49,10,49,6,3,2,7,12,0,0,0,0,0,1,0,3,11,49,2,3,998.0,489.0,12,6,12,0.25,0.16666666666666666,0.5833333333333334,1,1,1.993319733024763,0.6830538671157175,Digital Enthusiasts
10393,1974,Graduation,Divorced,40672.0,0,1,2013-07-09,88,103,6,107,1,5,2,6,1,1,2,7,0,0,0,0,0,0,0,3,11,41,1,2,541.0,224.0,4,6,7,0.25,0.25,0.5,0,1,1.479429432596462,0.5614053013516642,Digital Enthusiasts
10394,1954,Graduation,Widow,98677.0,0,0,2013-01-31,0,1055,63,691,232,25,468,1,13,6,23,7,0,0,0,1,0,1,0,3,11,61,0,1,700.0,2534.0,42,1,7,0.30952380952380953,0.14285714285714285,0.5476190476190477,2,0,-2.8148242594647894,0.4501238564275605,High-Value Loyalists
10395,1974,Graduation,Divorced,79302.0,1,1,2013-06-30,70,329,75,112,355,15,13,3,7,1,11,6,0,0,0,0,0,0,0,3,11,41,2,3,550.0,899.0,19,3,6,0.3684210526315789,0.05263157894736842,0.5789473684210527,0,1,1.0246033449933134,0.5173648920107934,Digital Enthusiasts
10396,1946,Graduation,Married,52867.0,1,0,2013-10-16,43,148,34,137,35,83,84,2,3,3,5,6,0,0,0,0,0,0,0,3,11,69,1,3,442.0,521.0,11,2,6,0.2727272727272727,0.2727272727272727,0.45454545454545453,0,1,0.7850441685337064,0.25033847900605,Digital Enthusiasts
10397,1995,Graduation,Divorced,86178.0,0,0,2013-05-21,19,276,102,559,38,14,58,1,9,2,7,5,0,1,0,0,0,1,0,3,11,20,0,1,590.0,1047.0,18,1,5,0.5,0.1111111111111111,0.3888888888888889,2,0,-1.5722819133761292,-0.5331864942172496,High-Value Loyalists
10398,1978,PhD,Married,69149.0,0,0,2013-04-15,26,1117,254,286,73,80,62,3,4,7,24,5,0,0,0,0,0,0,0,3,11,37,0,2,626.0,1872.0,35,3,5,0.11428571428571428,0.2,0.6857142857142857,0,0,-1.2799345527899502,1.2524264594755339,High-Value Loyalists
10399,1974,PhD,Together,73643.0,1,1,2012-12-04,73,233,119,165,11,8,24,5,3,4,4,5,0,0,0,0,0,0,0,3,11,41,2,4,758.0,560.0,11,5,5,0.2727272727272727,0.36363636363636365,0.36363636363636365,0,1,2.001670547831904,-0.5666905002738016,Digital Enthusiasts
10400,1976,Graduation,Married,55022.0,0,0,2013-08-15,22,276,2,222,54,23,121,0,3,2,9,1,0,0,0,0,0,0,0,3,11,39,0,2,504.0,698.0,14,0,1,0.21428571428571427,0.14285714285714285,0.6428571428571429,0,0,-0.8495355047471436,1.1483687218201253,High-Value Loyalists
10401,1946,Graduation,Widow,80076.0,1,0,2014-04-29,43,146,42,56,14,14,23,4,3,3,3,5,0,0,0,0,0,0,0,3,11,69,1,2,247.0,295.0,9,4,5,0.3333333333333333,0.3333333333333333,0.3333333333333333,0,1,0.29071380388650125,-0.3049064903920885,Digital Enthusiasts
10402,1974,Graduation,Divorced,41744.0,0,1,2012-05-10,79,77,13,34,10,7,46,5,4,0,2,6,0,0,0,0,0,0,0,3,11,41,1,2,966.0,187.0,6,5,6,0.6666666666666666,0.0,0.3333333333333333,0,1,1.28385322664807,-0.5898494975464729,Digital Enthusiasts
10403,1966,Graduation,Together,103794.0,0,0,2012-03-20,38,309,273,225,67,69,452,1,3,7,12,8,1,0,1,1,1,1,0,3,11,49,0,2,1017.0,1395.0,22,1,8,0.13636363636363635,0.3181818181818182,0.5454545454545454,5,0,-1.4148706263085706,0.4431803315527303,High-Value Loyalists
10404,1944,Graduation,Widow,37698.0,0,0,2013-12-19,97,100,15,144,59,2,17,3,6,1,2,6,0,0,0,0,0,0,0,3,11,71,0,1,378.0,337.0,9,3,6,0.6666666666666666,0.1111111111111111,0.2222222222222222,0,1,0.10960541407736281,-0.7680892891281632,Digital Enthusiasts
10405,1972,Graduation,Married,44111.0,0,0,2013-07-23,77,138,66,242,13,8,1,5,2,1,7,10,0,0,0,1,0,0,0,3,11,43,0,2,527.0,468.0,10,5,10,0.2,0.1,0.7,1,1,0.7368650578600024,1.611893740505412,Digital Enthusiasts
10406,1973,Graduation,Together,83260.0,1,0,2013-06-05,22,247,19,196,36,26,11,5,5,3,9,8,0,1,0,0,0,0,0,3,11,42,1,3,575.0,535.0,17,5,8,0.29411764705882354,0.17647058823529413,0.5294117647058824,1,1,0.650605012631119,0.3260636377634245,Digital Enthusiasts
10407,1956,Graduation,Divorced,55071.0,0,1,2012-02-02,80,138,140,19,7,51,65,0,6,4,2,6,1,1,0,0,0,1,0,3,11,59,1,2,1064.0,420.0,12,0,6,0.5,0.3333333333333333,0.16666666666666666,3,1,0.21101932480879676,-1.4563357371549586,Digital Enthusiasts
10408,1974,Graduation,Widow,61378.0,0,0,2013-01-27,0,1171,251,878,349,137,211,0,30,5,10,1,0,0,0,0,0,0,0,3,11,41,0,1,704.0,2997.0,45,0,1,0.6666666666666666,0.1111111111111111,0.2222222222222222,0,0,-2.914862722125764,-1.5035751140386167,High-Value Loyalists
10409,1951,Basic,Together,64001.0,0,0,2013-05-15,68,504,38,58,28,30,64,2,5,5,6,5,0,0,0,1,0,0,0,3,11,64,0,2,596.0,722.0,16,2,5,0.3125,0.3125,0.375,1,0,-0.3661425517939243,-0.10825684410181166,High-Value Loyalists
10410,1962,2n Cycle,Divorced,34084.0,0,1,2013-11-08,43,112,35,101,5,27,22,5,4,1,4,6,0,0,0,0,0,0,0,3,11,53,1,2,419.0,302.0,9,5,6,0.4444444444444444,0.1111111111111111,0.4444444444444444,0,1,0.9713618634231955,0.1775553854018272,Digital Enthusiasts
10411,1963,Graduation,Married,50393.0,1,2,2012-06-14,71,89,36,21,4,15,26,8,3,3,4,3,0,0,0,0,0,0,0,3,11,52,3,5,931.0,191.0,10,8,3,0.3,0.3,0.4,0,1,3.4926130190988567,-0.3743125938496126,Digital Enthusiasts
10412,1968,PhD,Together,88433.0,0,0,2013-06-23,71,289,278,151,1,208,133,0,4,9,5,1,0,1,0,0,1,0,0,3,11,47,0,2,557.0,1060.0,18,0,1,0.2222222222222222,0.5,0.2777777777777778,2,0,-1.208075549503874,-0.7921325872536882,High-Value Loyalists
10413,1946,PhD,Married,54173.0,0,1,2012-03-16,15,117,68,86,25,95,11,2,2,3,6,7,0,0,0,0,0,0,0,3,11,69,1,3,1021.0,402.0,11,2,7,0.18181818181818182,0.2727272727272727,0.5454545454545454,0,1,0.677776301505294,0.6990853703219408,Digital Enthusiasts
10414,1960,Graduation,Single,113932.0,0,0,2013-12-29,48,1148,234,197,11,97,182,2,10,9,11,3,1,1,0,0,1,0,0,3,11,55,0,1,368.0,1869.0,30,2,3,0.3333333333333333,0.3,0.36666666666666664,3,0,-2.3421569039962358,-0.3984677908447477,High-Value Loyalists
10415,1978,2n Cycle,Together,54320.0,1,1,2012-02-17,56,260,73,302,108,616,241,2,14,6,7,3,0,0,0,1,0,0,0,3,11,37,2,4,1049.0,1600.0,27,2,3,0.5185185185185185,0.2222222222222222,0.25925925925925924,1,1,0.9804365176626482,-1.46746986185628,Digital Enthusiasts
10416,1972,Graduation,Married,73791.0,0,0,2013-05-26,42,1316,144,898,15,20,284,0,15,7,18,2,1,0,1,0,0,1,0,3,11,43,0,2,585.0,2677.0,40,0,2,0.375,0.175,0.45,3,0,-2.1868995620567304,-0.22943725838583537,High-Value Loyalists
10417,1977,Graduation,Together,36536.0,1,1,2014-05-10,36,107,15,97,41,34,62,9,1,2,7,9,0,0,0,0,0,0,0,3,11,38,2,4,236.0,356.0,10,9,9,0.1,0.2,0.7,0,1,2.86251338554992,1.3659339036359892,Digital Enthusiasts
10418,1960,2n Cycle,Married,106192.0,0,0,2012-11-11,26,403,46,467,354,119,47,0,3,10,12,3,0,0,0,0,0,1,0,3,11,55,0,2,781.0,1436.0,25,0,3,0.12,0.4,0.48,1,0,-1.8122067820262882,0.24004926539769172,High-Value Loyalists
10419,1954,Graduation,Married,39848.0,1,1,2012-04-25,30,139,96,267,51,40,33,2,4,4,8,2,1,0,0,0,0,0,1,3,11,61,2,4,981.0,626.0,16,2,2,0.25,0.25,0.5,1,1,1.3811382426322902,0.21131463558294772,Digital Enthusiasts
10420,1980,PhD,Divorced,27221.0,0,2,2013-08-07,67,99,4,58,3,15,68,3,3,0,4,8,0,0,0,0,0,0,0,3,11,35,2,3,512.0,247.0,7,3,8,0.42857142857142855,0.0,0.5714285714285714,0,1,2.132212060588421,0.5681998923487895,Digital Enthusiasts
10421,1980,2n Cycle,Married,106118.0,0,0,2012-11-19,0,852,60,551,108,26,162,0,14,1,12,2,0,0,0,0,1,1,0,3,11,35,0,2,773.0,1759.0,27,0,2,0.5185185185185185,0.037037037037037035,0.4444444444444444,2,0,-2.114782494317224,-0.3838802615942888,High-Value Loyalists
10422,1960,Graduation,Married,79775.0,0,0,2013-08-22,18,1101,911,710,639,281,478,0,26,10,29,5,0,1,1,0,0,0,0,3,11,55,0,2,497.0,3733.2199999999975,58,0,5,0.4,0.15384615384615385,0.4461538461538462,2,0,-2.9442562467994837,-0.3369000259621584,High-Value Loyalists
10423,1971,Basic,Divorced,83210.0,0,0,2013-02-27,41,323,166,315,19,1,149,4,2,8,5,1,0,0,0,1,0,1,0,3,11,44,0,1,673.0,973.0,15,4,1,0.13333333333333333,0.5333333333333333,0.3333333333333333,2,0,-1.3316740624118568,-0.34928014145737984,High-Value Loyalists
10424,1969,Graduation,Divorced,27096.26,1,1,2012-11-10,41,52,4,57,3,46,95,3,3,1,7,3,0,0,0,0,0,1,0,3,11,46,2,3,782.0,257.0,11,3,3,0.2727272727272727,0.09090909090909091,0.6363636363636364,1,1,1.5153988824057913,0.9971627932412933,Digital Enthusiasts
10425,1944,Master,Married,45397.0,1,0,2012-01-22,43,428,40,432,17,8,59,1,12,2,7,4,0,0,0,0,0,0,0,3,11,71,1,3,1075.0,984.0,21,1,4,0.5714285714285714,0.09523809523809523,0.3333333333333333,0,1,0.3219114092734099,-0.6309344448620685,Digital Enthusiasts
10426,1988,Graduation,Together,64902.0,0,0,2012-11-28,18,205,120,267,31,2,34,2,5,3,9,8,0,0,0,0,0,0,0,3,11,27,0,2,764.0,659.0,17,2,8,0.29411764705882354,0.17647058823529413,0.5294117647058824,0,0,-0.4068982767669122,0.3704979213964761,High-Value Loyalists
10427,1954,PhD,Divorced,62635.0,0,0,2014-04-12,57,117,7,196,39,44,83,1,4,4,4,3,0,0,0,0,0,0,0,3,11,61,0,1,264.0,486.0,12,1,3,0.3333333333333333,0.3333333333333333,0.3333333333333333,0,0,-0.9166141351247767,-0.2084903489294431,High-Value Loyalists
10428,1968,Graduation,Married,77136.0,0,0,2014-06-09,24,617,229,436,89,78,105,0,5,8,11,4,0,0,0,0,0,0,0,3,11,47,0,2,206.0,1554.0,24,0,4,0.20833333333333334,0.3333333333333333,0.4583333333333333,0,0,-1.4205160142896902,0.12372467995164689,High-Value Loyalists
10429,1950,PhD,Widow,72437.0,1,1,2012-01-14,35,128,64,190,48,54,85,2,4,3,5,5,1,0,1,0,1,0,0,3,11,65,2,3,1083.0,569.0,12,2,5,0.3333333333333333,0.25,0.4166666666666667,3,1,0.771345069479108,-0.24542753448534235,Digital Enthusiasts
10430,1944,PhD,Divorced,45346.0,0,0,2012-06-25,38,155,26,99,15,16,27,4,1,5,3,2,0,0,0,0,0,0,0,3,11,71,0,1,920.0,338.0,9,4,2,0.1111111111111111,0.5555555555555556,0.3333333333333333,0,0,-0.5470772664676092,0.010318974974404496,High-Value Loyalists
10431,1982,Graduation,Divorced,33148.0,1,1,2014-03-31,61,137,7,155,12,31,10,6,1,5,1,6,0,0,0,0,0,0,0,3,11,33,2,3,276.0,352.0,7,6,6,0.14285714285714285,0.7142857142857143,0.14285714285714285,0,1,2.126680696681894,-1.5009760355868365,Digital Enthusiasts
10432,1967,2n Cycle,Widow,51679.0,1,1,2014-01-17,34,136,77,18,31,5,93,2,2,3,7,6,0,0,0,0,0,0,0,3,11,48,2,3,349.0,360.0,12,2,6,0.16666666666666666,0.25,0.5833333333333334,0,1,1.2428296516378163,0.7545868999196509,Digital Enthusiasts
10433,1945,2n Cycle,Together,54246.0,1,0,2012-01-29,51,464,29,84,44,27,104,2,5,6,5,7,0,0,0,1,0,0,0,3,11,70,1,3,1068.0,752.0,16,2,7,0.3125,0.375,0.3125,1,1,0.6445393643516533,-0.6043653534528702,Digital Enthusiasts
10434,1968,Master,Together,80592.0,0,0,2013-01-18,28,337,336,316,118,180,78,3,1,10,10,4,1,0,0,0,0,1,0,3,11,47,0,2,713.0,1365.0,21,3,4,0.047619047619047616,0.47619047619047616,0.47619047619047616,2,0,-1.1040757085776296,0.28411673324525644,High-Value Loyalists
10435,1968,Master,Single,87250.0,0,0,2013-01-04,31,636,354,369,205,311,90,1,9,5,22,0,0,0,0,1,1,1,0,3,11,47,0,1,727.0,1965.0,36,1,0,0.25,0.1388888888888889,0.6111111111111112,3,0,-2.593035281563289,0.834187595114663,High-Value Loyalists
10436,1963,Graduation,Divorced,117969.0,0,0,2014-06-05,16,575,178,348,45,57,147,1,9,4,10,7,1,0,0,0,0,0,0,3,11,52,0,1,210.0,1350.0,23,1,7,0.391304347826087,0.17391304347826086,0.43478260869565216,1,0,-2.044271083691752,-0.0561444405045764,High-Value Loyalists
10437,1969,Graduation,Married,50949.0,1,1,2013-12-05,71,81,14,96,7,42,7,7,1,1,2,3,0,0,0,0,0,0,0,3,11,46,2,4,392.0,247.0,4,7,3,0.25,0.25,0.5,0,1,2.567997433861557,0.3411314611321876,Digital Enthusiasts
10438,1967,Graduation,Divorced,32273.0,0,1,2013-11-25,79,155,41,276,43,23,97,12,2,3,5,13,0,1,0,0,0,1,0,3,11,48,1,2,402.0,635.0,10,12,13,0.2,0.3,0.5,2,1,2.0878816891569114,0.6087999352551726,Digital Enthusiasts
10439,1967,Graduation,Widow,37679.0,0,1,2012-01-23,72,143,10,78,21,15,23,6,3,2,7,6,1,1,1,0,0,0,0,3,11,48,1,2,1074.0,290.0,12,6,6,0.25,0.16666666666666666,0.5833333333333334,3,1,1.0151922467715537,0.8882210498701768,Digital Enthusiasts
10440,1961,Graduation,Divorced,52946.0,1,0,2013-09-15,56,191,26,61,27,27,63,1,8,5,3,4,0,0,0,0,0,0,0,3,11,54,1,2,473.0,395.0,16,1,4,0.5,0.3125,0.1875,0,1,0.13995099406288772,-1.2930421155672078,Digital Enthusiasts
10441,1959,Graduation,Married,73889.0,0,0,2013-12-29,0,727,497,267,120,165,259,0,7,14,15,1,0,1,1,0,0,0,0,3,11,56,0,2,368.0,2035.0,36,0,1,0.19444444444444445,0.3888888888888889,0.4166666666666667,2,0,-2.2342331186388473,-0.17548145221689385,High-Value Loyalists
10442,1962,PhD,Married,37579.0,1,1,2013-01-07,94,56,10,27,19,52,3,10,7,1,2,8,0,0,0,0,0,0,0,3,11,53,2,4,724.0,167.0,10,10,8,0.7,0.1,0.2,0,1,3.3765576817200755,-1.387835258901479,Digital Enthusiasts
10443,1965,Graduation,Together,90096.0,0,0,2013-02-27,29,203,143,264,96,484,15,4,13,1,10,12,0,0,0,1,0,1,0,3,11,50,0,2,673.0,1205.0,24,4,12,0.5416666666666666,0.041666666666666664,0.4166666666666667,2,0,-0.5891065194759839,-0.3040508945203624,High-Value Loyalists
10444,1989,Graduation,Together,81649.0,1,0,2012-08-16,44,522,46,101,45,17,44,3,5,3,8,3,0,0,0,1,1,0,0,3,11,26,1,3,868.0,775.0,16,3,3,0.3125,0.1875,0.5,2,1,0.258903955472343,0.019100346129576194,Digital Enthusiasts
10445,1972,Master,Married,48379.0,1,1,2013-02-28,42,85,36,81,4,15,16,2,3,2,3,4,0,1,0,0,0,0,0,3,11,43,2,4,672.0,237.0,8,2,4,0.375,0.25,0.375,1,1,1.8272827995227752,-0.5722160180139391,Digital Enthusiasts
10446,1952,Graduation,Divorced,48687.0,1,1,2012-11-01,47,394,124,118,39,17,193,2,7,2,9,10,0,0,0,0,0,0,0,3,11,63,2,3,791.0,885.0,18,2,10,0.3888888888888889,0.1111111111111111,0.5,0,1,1.2803798004053877,0.23220846065069656,Digital Enthusiasts
10447,1981,Graduation,Widow,36408.0,1,1,2012-06-16,83,187,27,56,14,27,37,8,4,4,4,2,0,0,0,0,0,0,0,3,11,34,2,3,929.0,348.0,12,8,2,0.3333333333333333,0.3333333333333333,0.3333333333333333,0,1,2.1673922367134124,-0.5896698490019694,Digital Enthusiasts
10448,1969,Master,Together,102788.0,0,0,2014-06-12,45,1280,56,613,67,69,232,1,7,16,10,5,1,1,1,0,1,0,0,3,11,46,0,2,205.34,2317.0,33,1,5,0.21212121212121213,0.48484848484848486,0.30303030303030304,4,0,-2.015279202524799,-0.8862056133618998,High-Value Loyalists
10449,1983,Graduation,Married,33803.0,0,1,2012-07-29,51,81,2,39,27,21,14,1,3,2,3,9,0,0,0,1,1,1,0,3,11,32,1,3,886.0,184.0,8,1,9,0.375,0.25,0.375,3,1,1.2105156150856287,-0.5485558846793833,Digital Enthusiasts
10450,1962,Graduation,Divorced,101244.0,0,0,2012-06-17,61,669,119,457,145,12,146,0,16,4,9,4,0,0,0,0,0,1,0,3,11,53,0,1,928.0,1548.0,29,0,4,0.5517241379310345,0.13793103448275862,0.3103448275862069,1,0,-2.032234417171583,-0.781457033996794,High-Value Loyalists
10451,1952,Master,Married,51094.0,0,0,2013-12-19,29,264,35,284,7,3,94,3,2,4,7,5,0,0,0,1,0,0,0,3,11,63,0,2,378.0,687.0,13,3,5,0.15384615384615385,0.3076923076923077,0.5384615384615384,1,0,-0.3178295117567954,0.8373904113564905,High-Value Loyalists
10452,1985,Master,Together,31303.0,1,1,2012-05-21,21,83,15,42,28,45,7,6,3,1,2,5,0,0,0,0,0,0,0,3,11,30,2,4,955.0,220.0,6,6,5,0.5,0.16666666666666666,0.3333333333333333,0,1,2.4807846559548192,-0.8830834972311871,Digital Enthusiasts
10453,1964,PhD,Married,74325.0,0,0,2012-01-10,0,463,77,683,130,164,192,0,13,5,11,5,0,0,1,0,0,1,0,3,11,51,0,2,1086.6599999999999,1709.0,29,0,5,0.4482758620689655,0.1724137931034483,0.3793103448275862,2,0,-1.7077193605935126,-0.5576086484040483,High-Value Loyalists
10454,1967,PhD,Divorced,120208.0,0,0,2013-06-11,45,733,44,254,266,485,465,1,8,3,23,3,0,0,0,1,1,0,0,3,11,48,0,1,569.0,2247.0,34,1,3,0.23529411764705882,0.08823529411764706,0.6764705882352942,2,0,-2.6731712095616578,1.1715912640179735,High-Value Loyalists
10455,1962,Master,Widow,87228.0,0,0,2012-10-13,12,819,2,427,146,15,255,1,15,5,3,2,0,0,0,0,0,0,0,3,11,53,0,1,810.0,1664.0,23,1,2,0.6521739130434783,0.21739130434782608,0.13043478260869565,0,0,-2.0626818029003346,-1.744065444461276,High-Value Loyalists
10456,1957,Graduation,Together,72191.0,1,0,2013-09-17,48,195,47,187,22,111,114,0,4,8,5,5,1,1,0,0,0,0,0,3,11,58,1,3,471.0,676.0,17,0,5,0.23529411764705882,0.47058823529411764,0.29411764705882354,2,1,0.08880838025748937,-0.7884315752529334,Digital Enthusiasts
10457,1984,Graduation,Single,58654.0,1,0,2012-10-15,62,662,228,550,395,19,252,2,8,12,12,8,0,0,0,1,0,0,0,3,11,31,1,2,808.0,2106.0,32,2,8,0.25,0.375,0.375,1,0,-0.4836242162704959,-0.5615778330434215,High-Value Loyalists
10458,1978,PhD,Single,40279.0,0,1,2012-03-25,65,86,86,60,7,3,20,5,2,0,5,6,0,0,0,0,0,0,0,3,11,37,1,2,1012.0,262.0,7,5,6,0.2857142857142857,0.0,0.7142857142857143,0,1,1.1308972853302972,1.550773335630002,Digital Enthusiasts
10459,1976,Graduation,Widow,61321.0,0,1,2012-08-31,31,187,44,39,15,68,85,10,3,3,2,13,0,0,0,0,0,0,0,3,11,39,1,2,853.0,438.0,8,10,13,0.375,0.375,0.25,0,1,1.5076465681250382,-0.9617354083980488,Digital Enthusiasts
10460,1971,PhD,Divorced,30757.0,1,1,2012-12-25,93,151,3,81,17,62,33,4,5,1,5,12,0,0,0,0,0,0,0,3,11,44,2,3,737.0,347.0,11,4,12,0.45454545454545453,0.09090909090909091,0.45454545454545453,0,1,2.444304185193636,-0.0046015443234708325,Digital Enthusiasts
10461,1965,2n Cycle,Widow,61574.0,0,0,2012-10-06,21,505,50,261,6,142,124,0,7,6,9,5,0,0,0,0,1,0,0,3,11,50,0,1,817.0,1088.0,22,0,5,0.3181818181818182,0.2727272727272727,0.4090909090909091,1,0,-1.562642319495265,-0.0915531694419871,High-Value Loyalists
10462,1955,PhD,Together,67260.0,0,1,2013-06-21,50,102,36,167,44,27,31,2,2,0,7,7,0,0,0,0,0,0,0,3,11,60,1,3,559.0,407.0,9,2,7,0.2222222222222222,0.0,0.7777777777777778,0,1,0.8527214719194279,1.8941770924051586,Digital Enthusiasts
10463,1981,Graduation,Divorced,55093.0,1,1,2012-04-20,22,248,13,122,363,36,55,2,0,4,8,7,0,0,0,0,0,0,0,3,11,34,2,3,986.0,837.0,12,2,7,0.0,0.3333333333333333,0.6666666666666666,0,1,1.0400286873768247,1.0835891899014896,Digital Enthusiasts
10464,1974,Master,Widow,37843.0,1,2,2013-08-08,33,111,22,14,3,24,26,5,1,2,2,7,0,0,0,0,0,0,0,3,11,41,3,4,511.0,200.0,5,5,7,0.2,0.4,0.4,0,1,2.8939253539620293,-0.3512089531318243,Digital Enthusiasts
10465,1951,2n Cycle,Married,33798.0,0,1,2012-05-30,63,129,6,59,38,8,30,6,2,3,5,7,0,0,0,0,0,0,0,3,11,64,1,3,946.0,270.0,10,6,7,0.2,0.3,0.5,0,1,1.6833199338807858,0.5863319120164553,Digital Enthusiasts
10466,1978,Graduation,Single,40094.0,1,1,2013-06-25,26,65,99,82,3,17,88,5,6,2,1,6,0,0,0,0,1,0,0,3,11,37,2,3,555.0,354.0,9,5,6,0.6666666666666666,0.2222222222222222,0.1111111111111111,1,1,1.7244237923319297,-2.038945651556726,Digital Enthusiasts
10467,1958,PhD,Widow,42997.0,1,0,2013-05-16,50,407,148,69,69,104,201,8,4,5,8,5,0,0,0,0,0,0,0,3,11,57,1,2,595.0,998.0,17,8,5,0.23529411764705882,0.29411764705882354,0.47058823529411764,0,1,0.746617550968426,0.41055599304253165,Digital Enthusiasts
10468,1940,Graduation,Single,86819.0,0,0,2012-05-26,62,975,146,529,96,32,359,1,11,12,11,2,0,0,0,0,0,1,0,3,11,75,0,1,950.0,2137.0,34,1,2,0.3235294117647059,0.35294117647058826,0.3235294117647059,1,0,-2.2651212464066433,-0.4378277475292255,High-Value Loyalists
10469,1968,Master,Single,41577.0,1,1,2013-05-20,74,93,18,78,20,0,27,4,1,4,4,7,0,1,0,1,0,0,0,3,11,47,2,3,591.0,236.0,9,4,7,0.1111111111111111,0.4444444444444444,0.4444444444444444,2,1,1.8622229916159119,0.09732074270540036,Digital Enthusiasts
10470,1989,Graduation,Divorced,53129.0,0,0,2014-05-21,42,186,23,54,4,248,6,1,4,4,3,7,1,1,1,0,0,0,0,3,11,26,0,1,225.0,521.0,11,1,7,0.36363636363636365,0.36363636363636365,0.2727272727272727,3,0,-0.7540456106208069,-0.8906147911943306,High-Value Loyalists
10471,1971,PhD,Single,56507.0,1,1,2014-04-16,13,98,155,99,199,14,616,0,6,4,12,6,0,0,0,0,0,0,0,3,11,44,2,3,260.0,1181.0,22,0,6,0.2727272727272727,0.18181818181818182,0.5454545454545454,0,1,0.39223059973215735,0.3234487537199303,Digital Enthusiasts
10472,1974,PhD,Single,83959.0,0,0,2013-11-11,26,1365,5,193,16,183,156,0,11,8,9,1,0,0,1,0,0,0,0,3,11,41,0,1,416.0,1918.0,28,0,1,0.39285714285714285,0.2857142857142857,0.32142857142857145,1,0,-2.3466029870581724,-0.7147917598627493,High-Value Loyalists
10473,1959,Graduation,Divorced,67630.0,0,0,2013-04-24,10,517,207,151,748,286,128,0,5,10,25,1,0,1,0,0,0,1,0,3,11,56,0,1,617.0,2037.0,40,0,1,0.125,0.25,0.625,2,0,-2.686017942931378,1.0352059075497413,High-Value Loyalists
10474,1979,2n Cycle,Married,59732.0,0,0,2013-11-25,69,875,895,457,107,23,203,2,5,7,27,4,1,1,0,0,0,0,0,3,11,36,0,2,402.0,2560.0,39,2,4,0.1282051282051282,0.1794871794871795,0.6923076923076923,2,0,-1.4632103871094797,1.2467305423793102,High-Value Loyalists
10475,1981,2n Cycle,Divorced,66563.0,1,0,2013-01-29,27,710,93,836,84,76,43,2,9,8,13,7,0,0,0,0,0,0,0,3,11,34,1,2,702.0,1842.0,30,2,7,0.3,0.26666666666666666,0.43333333333333335,0,0,-0.6605521410895622,-0.2613934893817955,High-Value Loyalists
10476,1965,Graduation,Widow,60008.0,1,0,2012-10-05,20,552,13,226,563,46,150,3,13,2,12,7,1,0,0,1,0,0,0,3,11,50,1,2,818.0,1550.0,27,3,7,0.48148148148148145,0.07407407407407407,0.4444444444444444,2,0,-0.46209631395056955,-0.1943577149772481,High-Value Loyalists
10477,1967,Graduation,Widow,35993.0,1,1,2012-03-26,53,71,27,85,4,6,1,6,2,2,2,7,0,1,0,0,0,0,0,3,11,48,2,3,1011.0,194.0,6,6,7,0.3333333333333333,0.3333333333333333,0.3333333333333333,1,1,2.150776940975113,-0.5722699665361625,Digital Enthusiasts
10478,1964,Master,Divorced,37849.0,1,1,2013-03-12,40,34,10,49,64,6,66,5,3,2,1,5,0,0,0,0,0,0,0,3,11,51,2,3,660.0,229.0,6,5,5,0.5,0.3333333333333333,0.16666666666666666,0,1,1.879748038964311,-1.491874648325096,Digital Enthusiasts
10479,1974,Graduation,Widow,57011.0,1,0,2013-10-24,43,121,80,226,210,261,211,5,6,1,11,1,0,0,0,1,0,0,0,3,11,41,1,2,434.0,1109.0,18,5,1,0.3333333333333333,0.05555555555555555,0.6111111111111112,1,0,-0.01544428647909006,0.8960487521009309,High-Value Loyalists
10480,1981,Graduation,Single,74634.0,1,0,2014-02-12,78,347,81,266,51,95,17,2,4,3,6,3,0,0,0,1,1,1,0,3,11,34,1,2,323.0,857.0,13,2,3,0.3076923076923077,0.23076923076923078,0.46153846153846156,3,0,-0.07870532843054136,0.033759900382336866,High-Value Loyalists
10481,1962,Graduation,Single,119942.0,0,0,2013-02-05,28,1587,74,384,44,24,184,1,26,4,8,6,1,0,0,1,0,0,0,3,11,53,0,1,695.0,2297.0,38,1,6,0.6842105263157895,0.10526315789473684,0.21052631578947367,2,0,-2.682822872075457,-1.535678035457895,High-Value Loyalists
10482,1962,Graduation,Divorced,34630.0,0,1,2013-09-14,37,123,73,55,16,4,50,6,1,1,1,7,1,0,0,0,0,0,0,3,11,53,1,2,474.0,321.0,3,6,7,0.3333333333333333,0.3333333333333333,0.3333333333333333,1,1,1.139978711610164,-0.34868559994906934,Digital Enthusiasts
10483,1976,Master,Married,71624.0,1,0,2013-11-14,34,322,27,144,25,93,150,2,6,10,4,4,0,0,0,0,0,0,0,3,11,39,1,3,413.0,761.0,20,2,4,0.3,0.5,0.2,0,1,0.1996845282647873,-1.404911877172356,Digital Enthusiasts
10484,1952,Graduation,Single,85789.0,1,0,2012-08-04,0,1014,24,910,120,133,794,0,6,11,31,4,0,0,0,0,0,0,0,3,11,63,1,2,880.0,2995.0,48,0,4,0.125,0.22916666666666666,0.6458333333333334,0,0,-2.2351259659009313,0.9198984328239389,High-Value Loyalists
10485,1971,Graduation,Widow,69929.0,0,0,2012-06-23,99,477,30,408,92,14,175,1,11,4,7,9,0,0,0,0,1,0,0,3,11,44,0,1,922.0,1196.0,22,1,9,0.5,0.18181818181818182,0.3181818181818182,1,0,-0.8225586696122339,-0.6323428596280426,High-Value Loyalists
10486,1976,2n Cycle,Married,88903.0,0,0,2013-05-21,77,270,60,201,1,5,59,3,1,3,3,7,1,1,0,0,0,0,0,3,11,39,0,2,590.0,596.0,7,3,7,0.14285714285714285,0.42857142857142855,0.42857142857142855,2,0,-0.12993749526457643,0.0766866190038312,High-Value Loyalists
10487,1975,Graduation,Married,71961.0,0,1,2013-07-07,65,594,172,230,25,65,43,1,1,12,4,4,0,1,0,0,1,1,0,3,11,40,1,3,543.0,1129.0,17,1,4,0.058823529411764705,0.7058823529411765,0.23529411764705882,3,1,0.06021735692577296,-1.147905922639156,Digital Enthusiasts
10488,1970,Graduation,Divorced,27096.26,0,1,2012-02-12,74,117,39,104,14,15,23,5,7,3,2,4,0,0,0,0,0,0,0,3,11,45,1,2,1054.0,312.0,12,5,4,0.5833333333333334,0.25,0.16666666666666666,0,1,1.0834224103759411,-1.4033151316900878,Digital Enthusiasts
10489,1982,PhD,Single,41612.0,0,2,2013-10-13,54,147,25,78,63,68,24,2,10,5,6,7,0,0,0,1,0,0,0,3,11,33,2,3,445.0,405.0,21,2,7,0.47619047619047616,0.23809523809523808,0.2857142857142857,1,1,1.3318597580852634,-1.1132368728439495,Digital Enthusiasts
10490,1972,Master,Divorced,48626.0,1,1,2013-03-09,54,182,5,35,6,6,13,8,4,3,4,9,0,0,1,1,0,0,0,3,11,43,2,3,663.0,247.0,11,8,9,0.36363636363636365,0.2727272727272727,0.36363636363636365,2,1,2.1935355879438845,-0.49440524471071634,Digital Enthusiasts
10491,1970,2n Cycle,Married,36353.0,0,1,2012-11-21,53,206,14,61,25,36,42,3,5,6,1,5,0,0,0,0,0,0,0,3,11,45,1,3,771.0,384.0,12,3,5,0.4166666666666667,0.5,0.08333333333333333,0,1,1.1335581437221092,-1.906519835081374,Digital Enthusiasts
10492,1975,Graduation,Single,46373.0,0,1,2013-02-24,99,65,16,59,33,108,21,2,3,2,5,10,0,0,0,0,0,0,0,3,11,40,1,2,676.0,302.0,10,2,10,0.3,0.2,0.5,0,1,1.0889495899443489,0.42387750469111607,Digital Enthusiasts
10493,1975,Master,Together,56620.0,1,0,2013-03-07,33,389,11,185,30,0,82,4,3,1,7,9,0,0,0,0,0,0,0,3,11,40,1,3,665.0,697.0,11,4,9,0.2727272727272727,0.09090909090909091,0.6363636363636364,0,1,1.0721419270279615,0.9624034091078079,Digital Enthusiasts
10494,1971,PhD,Widow,28233.0,0,1,2013-10-10,45,42,71,11,5,5,30,2,5,2,3,3,0,0,0,0,0,0,0,3,11,44,1,2,448.0,164.0,10,2,3,0.5,0.2,0.3,0,1,0.6029905344448129,-0.690409149879035,Digital Enthusiasts
10495,1965,PhD,Single,39088.0,0,1,2012-02-27,55,186,13,106,88,0,36,4,4,1,2,9,0,0,0,0,0,0,0,3,11,50,1,2,1039.0,429.0,7,4,9,0.5714285714285714,0.14285714285714285,0.2857142857142857,0,1,1.0781479701428716,-0.8008599767206941,Digital Enthusiasts
10496,1972,Graduation,Married,45745.0,1,0,2014-01-31,49,1002,23,309,184,173,121,3,12,4,10,4,1,0,0,0,1,0,0,3,11,43,1,3,335.0,1812.0,26,3,4,0.46153846153846156,0.15384615384615385,0.38461538461538464,2,1,0.13967372565923555,-0.5424031400775228,Digital Enthusiasts
10497,1970,Graduation,Divorced,36221.0,0,1,2012-08-31,0,82,85,57,31,25,37,7,1,1,3,8,0,0,0,0,0,0,0,3,11,45,1,2,853.0,317.0,5,7,8,0.2,0.2,0.6,0,1,1.0624966508391103,1.009625204702552,Digital Enthusiasts
10498,1988,Master,Divorced,84079.0,0,0,2014-02-13,46,1204,89,342,189,156,51,3,14,8,13,6,0,0,0,1,1,0,0,3,11,27,0,1,322.0,2031.0,35,3,6,0.4,0.22857142857142856,0.37142857142857144,2,0,-1.8358168081155712,-0.5684481726723505,High-Value Loyalists
10499,1957,PhD,Widow,27096.26,0,1,2012-05-28,2,204,20,77,26,4,87,3,1,4,4,7,0,1,0,0,0,0,0,3,11,58,1,2,948.0,418.0,9,3,7,0.1111111111111111,0.4444444444444444,0.4444444444444444,1,1,0.4736403033854133,0.24773756413711065,Digital Enthusiasts
10500,1973,Graduation,Single,29420.0,1,1,2012-11-19,90,172,51,115,3,18,4,5,2,1,6,7,0,1,0,0,0,0,0,3,11,42,2,3,773.0,363.0,9,5,7,0.2222222222222222,0.1111111111111111,0.6666666666666666,1,1,2.2437690931815313,1.2301818425986109,Digital Enthusiasts
10501,1954,Master,Widow,42302.0,1,1,2012-12-03,14,228,77,48,49,24,13,4,2,5,3,8,0,0,0,0,0,0,0,3,11,61,2,3,759.0,439.0,10,4,8,0.2,0.5,0.3,0,1,1.508390810742144,-0.667199286864436,Digital Enthusiasts
10502,1956,Graduation,Together,51346.0,0,0,2012-06-07,34,324,32,321,63,253,205,7,5,4,8,3,0,0,0,0,0,0,0,3,11,59,0,2,938.0,1198.0,17,7,3,0.29411764705882354,0.23529411764705882,0.47058823529411764,0,0,-0.15204916524250683,0.39330618158808606,High-Value Loyalists
10503,1975,Master,Single,35320.0,0,1,2012-03-21,15,175,21,61,9,7,70,7,3,1,2,8,0,0,0,0,0,0,0,3,11,40,1,2,1016.0,343.0,6,7,8,0.5,0.16666666666666666,0.3333333333333333,0,1,1.1816326382711508,-0.5776842936504126,Digital Enthusiasts
10504,1959,Graduation,Together,50270.0,0,1,2012-01-02,97,105,10,63,1,26,37,7,1,2,2,12,0,0,1,0,0,0,0,3,11,56,1,3,1086.6599999999999,242.0,5,7,12,0.2,0.4,0.4,1,1,2.194161027926706,0.0035152339685923933,Digital Enthusiasts
10505,1960,Graduation,Together,45991.0,1,1,2014-01-15,57,98,9,22,56,10,23,13,1,0,1,7,0,0,0,0,0,0,0,3,11,55,2,4,351.0,218.0,2,13,7,0.5,0.0,0.5,0,1,3.4583425139020876,0.3447703519556331,Digital Enthusiasts
10506,1974,PhD,Single,71768.0,0,0,2012-04-15,86,468,77,278,63,12,370,1,10,3,8,8,1,0,0,1,0,0,0,3,11,41,0,1,991.0,1268.0,21,1,8,0.47619047619047616,0.14285714285714285,0.38095238095238093,2,0,-1.0177433174572015,-0.3578100471262964,High-Value Loyalists
10507,1954,Graduation,Single,53537.0,1,1,2013-10-22,95,70,46,60,27,42,84,4,1,2,3,1,0,0,0,1,0,0,0,3,11,61,2,3,436.0,329.0,6,4,1,0.16666666666666666,0.3333333333333333,0.5,1,1,1.6175025117706638,0.5404062026058294,Digital Enthusiasts
10508,1973,Graduation,Widow,70318.0,0,0,2012-01-16,65,345,309,196,297,111,242,3,16,6,5,5,0,0,0,0,0,0,0,3,11,42,0,1,1081.0,1500.0,27,3,5,0.5925925925925926,0.2222222222222222,0.18518518518518517,0,0,-1.2011163215310354,-1.4180149646964249,High-Value Loyalists
10509,1966,Graduation,Together,75748.0,0,0,2014-02-18,0,511,37,417,102,12,243,1,15,3,6,2,0,0,0,0,0,0,0,3,11,49,0,2,317.0,1322.0,24,1,2,0.625,0.125,0.25,0,0,-1.4329586707497564,-1.1753724309540876,High-Value Loyalists
10510,1968,Master,Divorced,106831.0,1,0,2012-08-12,31,938,286,487,80,22,374,1,9,15,7,3,0,0,0,0,0,0,0,3,11,47,1,2,872.0,2187.0,31,1,3,0.2903225806451613,0.4838709677419355,0.22580645161290322,0,0,-1.5370639677197884,-1.3418437999625994,High-Value Loyalists
10511,1951,Basic,Single,41631.0,0,0,2014-05-02,82,295,22,165,5,15,7,2,2,4,4,2,0,0,0,0,0,0,0,3,11,64,0,1,244.0,509.0,10,2,2,0.2,0.4,0.4,0,0,-0.4832528992122312,0.3299057440333706,High-Value Loyalists
10512,1970,PhD,Widow,106366.0,0,0,2013-02-28,36,465,329,681,60,123,61,1,17,5,12,2,0,0,0,0,0,1,0,3,11,45,0,1,672.0,1719.0,34,1,2,0.5,0.14705882352941177,0.35294117647058826,1,0,-2.4027932383161184,-0.6241584099504423,High-Value Loyalists
10513,1975,Master,Widow,82402.0,1,0,2013-05-22,29,78,87,225,205,69,199,1,3,5,5,8,0,0,0,0,0,0,0,3,11,40,1,2,589.0,863.0,13,1,8,0.23076923076923078,0.38461538461538464,0.38461538461538464,0,0,-0.20032464005362163,-0.3430719216331306,High-Value Loyalists
10514,1976,Master,Together,67800.0,1,0,2013-03-05,45,137,122,167,377,78,200,1,3,5,13,3,0,1,0,0,0,0,0,3,11,39,1,3,667.0,1081.0,21,1,3,0.14285714285714285,0.23809523809523808,0.6190476190476191,1,0,-0.016176554086989585,0.8237632796497657,High-Value Loyalists
10515,1962,Master,Single,86883.0,0,0,2013-11-01,37,573,348,1390,814,121,649,3,20,21,18,3,0,0,0,0,0,1,0,3,11,53,0,1,426.0,3733.2199999999975,58,3,3,0.3389830508474576,0.3559322033898305,0.3050847457627119,1,0,-3.1544659637898755,-0.872952686878243,High-Value Loyalists
10516,1982,Graduation,Together,70418.0,1,1,2012-07-14,5,825,495,488,18,9,112,3,12,10,13,3,0,0,0,0,0,1,0,3,11,33,2,4,901.0,1947.0,35,3,3,0.34285714285714286,0.2857142857142857,0.37142857142857144,1,1,0.2954764178081398,-0.9432101492614852,Digital Enthusiasts
10517,1966,Graduation,Married,27096.26,1,1,2013-03-17,45,76,56,96,4,2,87,3,2,3,4,9,1,0,0,0,0,0,0,3,11,49,2,4,655.0,321.0,9,3,9,0.2222222222222222,0.3333333333333333,0.4444444444444444,1,1,2.3546674428431267,-0.05971716245967576,Digital Enthusiasts
10518,1974,PhD,Widow,95608.0,0,0,2012-08-10,42,752,88,539,44,13,446,1,12,7,10,1,0,0,1,1,0,0,0,3,11,41,0,1,874.0,1882.0,29,1,1,0.41379310344827586,0.2413793103448276,0.3448275862068966,2,0,-2.3050679251417026,-0.6443439445507612,High-Value Loyalists
10519,1958,2n Cycle,Divorced,50834.0,1,0,2013-12-08,71,316,32,229,50,17,211,3,9,3,4,4,0,0,0,1,0,0,0,3,11,57,1,2,389.0,855.0,16,3,4,0.5625,0.1875,0.25,1,1,0.28590913854877126,-0.9682799981264091,Digital Enthusiasts
10520,1958,2n Cycle,Widow,51476.0,0,0,2014-02-10,57,333,85,325,17,128,64,6,3,3,11,6,1,0,1,0,0,1,0,3,11,57,0,1,325.0,952.0,17,6,6,0.17647058823529413,0.17647058823529413,0.6470588235294118,3,0,-0.5053652762090373,1.4391255720163583,High-Value Loyalists
10521,1986,Graduation,Together,74866.0,1,1,2013-04-28,29,293,15,153,103,83,192,3,7,1,7,1,0,0,0,0,0,0,0,3,11,29,2,4,613.0,839.0,15,3,1,0.4666666666666667,0.06666666666666667,0.4666666666666667,0,1,1.1698011006417255,-0.31187619184035054,Digital Enthusiasts
10522,1958,2n Cycle,Together,88664.0,0,0,2013-07-14,23,843,119,565,207,14,97,0,13,6,7,3,1,0,1,0,0,0,0,3,11,57,0,2,536.0,1845.0,26,0,3,0.5,0.23076923076923078,0.2692307692307692,2,0,-1.8036742086111754,-1.060245931465026,High-Value Loyalists
10523,1979,Graduation,Together,30251.0,1,2,2013-10-24,41,39,26,52,5,4,14,5,4,2,3,9,0,1,0,0,0,1,0,3,11,36,3,5,434.0,142.34,9,5,9,0.4444444444444444,0.2222222222222222,0.3333333333333333,2,1,3.5129080130589823,-1.003122741308755,Digital Enthusiasts
10524,1972,PhD,Together,87490.0,0,0,2012-12-31,25,1436,89,325,139,97,825,2,24,4,21,3,1,0,1,0,0,1,0,3,11,43,0,2,731.0,2911.0,49,2,3,0.4897959183673469,0.08163265306122448,0.42857142857142855,3,0,-2.4214826538516956,-0.4869818029414068,High-Value Loyalists
10525,1967,2n Cycle,Divorced,65884.0,0,0,2012-09-04,56,1368,148,312,128,408,157,2,4,15,17,5,1,0,0,0,0,0,0,3,11,48,0,1,849.0,2521.0,36,2,5,0.1111111111111111,0.4166666666666667,0.4722222222222222,1,0,-1.9655382309024838,0.2608033744741659,High-Value Loyalists
10526,1958,Graduation,Widow,53209.0,0,0,2014-05-02,99,208,38,146,201,4,43,4,1,6,5,13,0,0,1,1,0,0,0,3,11,57,0,1,244.0,640.0,12,4,13,0.08333333333333333,0.5,0.4166666666666667,2,1,0.13520754675023983,0.3444803738060098,Digital Enthusiasts
10527,1955,Master,Married,53712.0,1,0,2013-09-10,25,137,13,78,21,1,27,5,1,4,2,2,0,0,0,0,0,0,0,3,11,60,1,3,478.0,277.0,7,5,2,0.14285714285714285,0.5714285714285714,0.2857142857142857,0,1,0.9069987655676537,-0.5701119112086835,Digital Enthusiasts
10528,1980,Graduation,Married,46780.0,1,1,2012-01-23,85,94,16,127,66,9,41,6,1,2,2,7,0,0,0,0,0,0,0,3,11,35,2,4,1074.0,353.0,5,6,7,0.2,0.4,0.4,0,1,2.76293109953737,-0.29754411276059933,Digital Enthusiasts
10529,1971,Basic,Divorced,52310.0,0,1,2013-06-04,46,363,51,292,10,43,58,3,1,3,6,5,0,0,0,0,0,1,0,3,11,44,1,2,576.0,817.0,10,3,5,0.1,0.3,0.6,1,1,0.2786678869740426,0.9910741642216923,Digital Enthusiasts
10530,1965,Graduation,Married,39359.0,1,2,2013-02-07,22,105,26,45,7,6,30,7,1,1,3,9,0,0,0,0,0,0,0,3,11,50,3,5,693.0,219.0,5,7,9,0.2,0.2,0.6,0,1,3.6134380146546463,0.6605501922750828,Digital Enthusiasts
10531,1966,PhD,Widow,49184.0,0,1,2012-08-12,55,92,77,87,24,71,5,6,2,1,5,9,0,0,0,0,0,0,0,3,11,49,1,2,872.0,356.0,8,6,9,0.25,0.125,0.625,0,1,1.1567472291173573,1.1611888234760834,Digital Enthusiasts
10532,1973,Graduation,Married,45946.0,1,0,2013-12-11,33,493,102,303,55,116,198,1,5,4,8,3,1,0,0,1,0,1,0,3,11,42,1,3,386.0,1267.0,17,1,3,0.29411764705882354,0.23529411764705882,0.47058823529411764,3,1,0.07568944538652564,-0.015484187577966727,Digital Enthusiasts
10533,1971,Graduation,Together,39390.0,1,2,2013-09-09,57,140,15,39,19,1,20,5,3,1,3,5,0,0,1,0,0,0,1,3,11,44,3,5,479.0,234.0,7,5,5,0.42857142857142855,0.14285714285714285,0.42857142857142855,1,1,3.3549823839870747,-0.38637625994905,Digital Enthusiasts
10534,1971,Graduation,Together,80057.0,1,0,2013-02-21,51,344,374,346,38,124,260,1,5,8,15,3,0,1,1,0,0,0,0,3,11,44,1,3,679.0,1486.0,28,1,3,0.17857142857142858,0.2857142857142857,0.5357142857142857,2,0,-0.43888853946061357,0.31332761542297904,High-Value Loyalists
10535,1973,Graduation,Single,83569.0,0,0,2012-11-29,71,771,222,419,41,139,401,0,16,6,13,1,0,0,1,0,0,0,0,3,11,42,0,1,763.0,1993.0,35,0,1,0.45714285714285713,0.17142857142857143,0.37142857142857144,1,0,-2.21908473218305,-0.4754532669421463,High-Value Loyalists
10536,1961,Graduation,Widow,31710.0,0,1,2012-07-19,86,109,19,62,36,0,14,8,3,0,4,4,0,0,0,0,0,0,0,3,11,54,1,2,896.0,240.0,7,8,4,0.42857142857142855,0.0,0.5714285714285714,0,1,1.5465667767852607,0.9535864069545933,Digital Enthusiasts
10537,1960,Graduation,Single,86999.0,1,0,2013-07-20,32,303,402,416,24,91,10,1,6,3,7,3,0,0,0,0,0,0,0,3,11,55,1,2,530.0,1246.0,16,1,3,0.375,0.1875,0.4375,0,0,-0.6865979129277306,-0.04335164609368973,High-Value Loyalists
10538,1972,2n Cycle,Together,130068.0,0,0,2014-02-08,35,643,140,560,152,100,80,3,8,3,19,0,0,0,0,0,0,1,0,3,11,43,0,2,327.0,1675.0,30,3,0,0.26666666666666666,0.1,0.6333333333333333,1,0,-1.9686721505501712,0.900556060036417,High-Value Loyalists
10539,1953,Graduation,Divorced,40381.0,1,0,2013-08-15,97,223,31,148,78,68,158,4,2,6,6,6,0,0,0,0,0,0,0,3,11,62,1,2,504.0,706.0,14,4,6,0.14285714285714285,0.42857142857142855,0.42857142857142855,0,1,0.83527806741635,0.31793293078934914,Digital Enthusiasts
10540,1956,PhD,Single,41154.0,1,0,2012-01-10,28,167,62,212,25,5,109,2,8,1,4,4,0,0,0,1,0,0,0,3,11,59,1,2,1086.6599999999999,580.0,13,2,4,0.6153846153846154,0.07692307692307693,0.3076923076923077,1,1,0.16977260741435454,-0.7520352826937542,Digital Enthusiasts
10541,1981,Master,Widow,29289.0,1,1,2013-08-27,85,63,10,78,3,7,1,6,4,2,6,7,0,1,0,0,0,0,0,3,11,34,2,3,492.0,162.0,12,6,7,0.3333333333333333,0.16666666666666666,0.5,1,1,2.3385417856508766,0.26204841296246556,Digital Enthusiasts
10542,1952,Master,Widow,73459.0,1,1,2013-01-28,26,371,46,175,122,37,152,4,4,7,3,2,0,0,0,0,1,0,0,3,11,63,2,3,703.0,903.0,14,4,2,0.2857142857142857,0.5,0.21428571428571427,1,1,0.6693566694510716,-1.220892732905863,Digital Enthusiasts
10543,1957,Graduation,Widow,47407.0,1,0,2013-09-07,18,76,8,71,2,59,2,4,0,0,1,3,0,0,0,0,0,0,0,3,11,58,1,2,481.0,218.0,2,4,3,0.0,0.0,1.0,0,1,0.5420400684045463,3.3358639480859287,Digital Enthusiasts
10544,1974,Graduation,Married,89540.0,0,0,2012-12-07,41,220,229,384,144,139,487,3,14,6,2,4,0,0,0,0,0,0,0,3,11,41,0,2,755.0,1603.0,22,3,4,0.6363636363636364,0.2727272727272727,0.09090909090909091,0,0,-1.0292165706338336,-2.056915696548088,High-Value Loyalists
10545,1989,Graduation,Together,59969.0,1,1,2013-01-10,1,480,60,153,76,81,58,3,2,6,11,6,0,0,0,0,0,1,0,3,11,26,2,4,721.0,908.0,19,3,6,0.10526315789473684,0.3157894736842105,0.5789473684210527,1,1,1.206942450254997,0.35636086479688267,Digital Enthusiasts
10546,1990,Graduation,Married,53812.0,1,1,2013-02-09,29,814,55,209,32,15,92,3,5,3,14,2,0,1,0,0,0,0,0,3,11,25,2,4,691.0,1217.0,22,3,2,0.22727272727272727,0.13636363636363635,0.6363636363636364,1,1,1.0939640808413613,0.6238874333285167,Digital Enthusiasts
10547,1969,PhD,Single,85865.0,0,0,2013-07-16,58,1404,13,497,245,62,131,2,16,4,13,4,0,0,0,0,0,0,0,3,11,46,0,1,534.0,2352.0,33,2,4,0.48484848484848486,0.12121212121212122,0.3939393939393939,0,0,-1.9785502292199408,-0.31944241937563345,High-Value Loyalists
10548,1972,PhD,Widow,62130.0,0,2,2014-01-27,37,185,19,91,36,90,8,3,2,0,3,11,0,0,0,0,0,0,0,3,11,43,2,3,339.0,429.0,5,3,11,0.4,0.0,0.6,0,1,1.7195450182366363,0.6896306271973107,Digital Enthusiasts
10549,1985,Master,Married,85867.0,0,0,2014-03-27,77,182,2,73,10,444,165,2,5,2,7,4,0,0,0,1,1,1,0,3,11,30,0,2,280.0,876.0,14,2,4,0.35714285714285715,0.14285714285714285,0.5,3,0,-0.5951923131944193,0.225567619864212,High-Value Loyalists
10550,1972,Master,Widow,54806.0,0,1,2012-06-08,0,591,21,558,145,20,102,5,6,6,7,2,1,1,0,0,0,0,0,3,11,43,1,2,937.0,1437.0,19,5,2,0.3157894736842105,0.3157894736842105,0.3684210526315789,2,0,-0.4082894976334618,-0.4911541776636018,High-Value Loyalists
10551,1967,Master,Married,102445.0,0,0,2012-03-02,50,579,8,1182,92,66,118,2,15,2,17,0,0,0,0,0,0,0,0,3,11,48,0,2,1035.0,2045.0,34,2,0,0.4411764705882353,0.058823529411764705,0.5,0,0,-1.8468021429023043,0.1405765612929554,High-Value Loyalists
10552,1962,Graduation,Single,76211.0,0,0,2014-01-19,0,264,88,242,264,51,83,2,7,1,7,2,0,0,1,1,0,0,0,3,11,53,0,1,347.0,992.0,15,2,2,0.4666666666666667,0.06666666666666667,0.4666666666666667,2,0,-1.6329433001884601,0.18445539020245477,High-Value Loyalists
10553,1955,Master,Together,36451.0,0,0,2013-12-05,47,401,11,376,318,115,56,2,8,1,11,3,0,0,0,0,0,0,0,3,11,60,0,2,392.0,1277.0,20,2,3,0.4,0.05,0.55,0,0,-0.5150486407120999,0.7516047622446622,High-Value Loyalists
10554,1973,Graduation,Widow,110356.0,0,0,2012-09-07,32,331,6,161,152,215,235,1,6,3,8,5,0,0,0,1,0,0,0,3,11,42,0,1,846.0,1100.0,17,1,5,0.35294117647058826,0.17647058823529413,0.47058823529411764,1,0,-1.7451991767973303,0.12082353705151247,High-Value Loyalists
10555,1977,2n Cycle,Together,81974.0,1,0,2012-04-25,31,485,265,399,20,40,140,1,8,3,13,3,0,0,0,0,0,0,0,3,11,38,1,3,981.0,1349.0,24,1,3,0.3333333333333333,0.125,0.5416666666666666,0,0,-0.32275633095944517,0.24466749914851266,High-Value Loyalists
10556,1988,PhD,Married,80126.0,0,0,2012-04-23,32,847,46,158,42,95,145,2,7,5,10,5,0,0,1,0,0,0,0,3,11,27,0,2,983.0,1333.0,22,2,5,0.3181818181818182,0.22727272727272727,0.45454545454545453,1,0,-1.0040858733185578,-0.12570190208751394,High-Value Loyalists
10557,1973,PhD,Single,59170.0,1,0,2013-02-23,6,458,46,488,24,44,217,2,6,9,6,3,0,0,0,1,0,0,0,3,11,42,1,2,677.0,1277.0,21,2,3,0.2857142857142857,0.42857142857142855,0.2857142857142857,1,0,-0.6339774694507738,-0.9206591249450351,High-Value Loyalists
10558,1979,PhD,Married,36753.0,0,1,2012-09-11,89,114,29,48,3,26,12,4,2,1,4,8,0,0,0,0,0,0,0,3,11,36,1,3,842.0,232.0,7,4,8,0.2857142857142857,0.14285714285714285,0.5714285714285714,0,1,1.8169008218247162,0.7306640738476222,Digital Enthusiasts
10559,1970,PhD,Divorced,75516.0,1,0,2012-05-27,10,621,17,236,159,16,526,3,7,4,15,5,1,0,1,0,0,1,0,3,11,45,1,2,949.0,1575.0,26,3,5,0.2692307692307692,0.15384615384615385,0.5769230769230769,3,0,-0.8399981138511287,0.5140660399647168,High-Value Loyalists
10560,1969,PhD,Married,97330.0,0,0,2013-12-31,0,553,20,227,206,2,42,0,7,2,6,7,1,0,1,0,0,0,0,3,11,46,0,2,366.0,1050.0,15,0,7,0.4666666666666667,0.13333333333333333,0.4,2,0,-1.3000764924102868,-0.3982530451207741,High-Value Loyalists
10561,1969,2n Cycle,Together,60079.0,0,1,2013-12-05,35,492,49,483,50,24,24,4,6,4,7,3,0,0,0,1,0,1,0,3,11,46,1,3,392.0,1122.0,17,4,3,0.35294117647058826,0.23529411764705882,0.4117647058823529,2,1,0.35141661930981166,-0.27218772922638146,Digital Enthusiasts
10562,1962,Graduation,Single,37616.0,0,0,2013-04-21,36,106,136,54,14,71,119,1,1,3,5,5,0,0,1,1,0,1,0,3,11,53,0,1,620.0,500.0,9,1,5,0.1111111111111111,0.3333333333333333,0.5555555555555556,3,0,-0.7701547141155641,0.9343750393047904,High-Value Loyalists
10563,1977,Master,Widow,38875.0,1,1,2012-02-03,76,40,52,43,48,22,12,8,4,1,8,8,0,0,0,0,0,0,0,3,11,38,2,3,1063.0,217.0,13,8,8,0.3076923076923077,0.07692307692307693,0.6153846153846154,0,1,2.4530357858487744,0.8858228881157951,Digital Enthusiasts
10564,1968,Graduation,Divorced,47153.0,1,1,2012-05-05,46,123,16,82,34,54,21,6,1,2,1,8,0,0,0,1,0,0,0,3,11,47,2,3,971.0,330.0,4,6,8,0.25,0.5,0.25,1,1,2.0293861478891113,-1.0010370454175674,Digital Enthusiasts
10565,1962,Graduation,Widow,29906.0,1,2,2013-09-23,57,135,65,101,10,39,71,5,3,1,4,10,0,0,0,0,0,1,0,3,11,53,3,4,465.0,421.0,8,5,10,0.375,0.125,0.5,1,1,3.124349811453943,0.154438140369265,Digital Enthusiasts
10566,1958,Graduation,Widow,43178.0,0,2,2012-12-03,60,91,21,55,48,6,26,2,2,2,3,8,1,0,0,0,0,0,0,3,11,57,2,3,759.0,247.0,7,2,8,0.2857142857142857,0.2857142857142857,0.42857142857142855,1,1,1.6978631686747216,-0.03598366567680819,Digital Enthusiasts
10567,1966,Graduation,Divorced,96170.0,0,0,2012-12-27,49,643,391,539,150,95,737,2,24,9,6,3,0,0,1,0,1,0,0,3,11,49,0,1,735.0,2555.0,39,2,3,0.6153846153846154,0.23076923076923078,0.15384615384615385,2,0,-2.4804489129612812,-1.7511052838339374,High-Value Loyalists
10568,1963,Graduation,Together,75521.0,0,0,2014-01-03,26,450,71,246,16,348,40,3,5,7,11,5,1,0,0,1,0,1,0,3,11,52,0,2,363.0,1171.0,23,3,5,0.21739130434782608,0.30434782608695654,0.4782608695652174,3,0,-1.01872026817091,0.24269906864372506,High-Value Loyalists
10569,1974,Graduation,Together,45240.0,0,1,2012-08-26,21,92,21,30,16,5,36,3,2,0,2,6,0,0,0,0,0,0,0,3,11,41,1,3,858.0,200.0,4,3,6,0.5,0.0,0.5,0,1,1.183836070291682,0.18261866681255853,Digital Enthusiasts
10570,1969,Master,Widow,56571.0,1,0,2014-05-30,20,428,189,119,90,173,44,1,6,2,10,4,1,1,0,0,0,1,0,3,11,46,1,2,216.0,1043.0,18,1,4,0.3333333333333333,0.1111111111111111,0.5555555555555556,3,0,-0.49914527527260866,0.5091764354380764,High-Value Loyalists
10571,1961,PhD,Together,37632.0,1,0,2014-05-14,77,248,85,123,20,19,59,4,5,5,4,5,0,0,0,0,0,1,0,3,11,54,1,3,232.0,554.0,14,4,5,0.35714285714285715,0.35714285714285715,0.2857142857142857,1,1,1.2209229830431005,-0.711796123482459,Digital Enthusiasts
10572,1974,Graduation,Widow,58421.0,1,0,2013-06-20,45,484,8,251,77,48,14,2,9,5,8,4,0,0,0,0,1,0,0,3,11,41,1,2,560.0,882.0,22,2,4,0.4090909090909091,0.22727272727272727,0.36363636363636365,1,0,-0.18980445640984647,-0.5105343431606455,High-Value Loyalists
10573,1990,PhD,Married,45395.0,0,1,2012-09-19,49,101,4,117,2,47,60,5,8,3,1,6,1,0,0,0,0,1,0,3,11,25,1,3,834.0,331.0,12,5,6,0.6666666666666666,0.25,0.08333333333333333,2,1,1.2933763581737543,-2.2328997212266843,Digital Enthusiasts
10574,1962,Basic,Widow,46658.0,1,0,2014-06-08,53,207,63,69,262,24,51,3,5,1,7,5,0,0,0,0,0,0,0,3,11,53,1,2,207.0,676.0,13,3,5,0.38461538461538464,0.07692307692307693,0.5384615384615384,0,1,0.43219768479355547,0.6466302366515598,Digital Enthusiasts
10575,1968,Graduation,Together,33075.0,1,1,2012-07-09,52,79,4,56,8,4,2,5,1,3,2,4,1,0,1,0,0,0,0,3,11,47,2,4,906.0,153.0,6,5,4,0.16666666666666666,0.5,0.3333333333333333,2,1,2.3385197036845935,-0.5972118221674032,Digital Enthusiasts
10576,1964,Graduation,Divorced,36125.0,0,0,2014-02-18,69,125,12,115,10,3,66,2,1,3,4,4,0,0,0,0,0,0,0,3,11,51,0,1,317.0,331.0,8,2,4,0.125,0.375,0.5,0,0,-0.2817590930795194,0.7950100424291212,High-Value Loyalists
10577,1968,2n Cycle,Widow,53953.0,1,1,2013-01-23,65,136,10,156,4,14,9,4,1,5,3,2,1,0,0,0,0,0,0,3,11,47,2,3,708.0,329.0,9,4,2,0.1111111111111111,0.5555555555555556,0.3333333333333333,1,1,1.4157973024325443,-0.48379010424041136,Digital Enthusiasts
10578,1946,Graduation,Widow,61337.0,1,0,2014-02-12,45,178,121,60,42,9,45,3,2,1,4,3,0,0,0,0,0,0,0,3,11,69,1,2,323.0,455.0,7,3,3,0.2857142857142857,0.14285714285714285,0.5714285714285714,0,1,0.28084811686897354,0.9932245496791589,Digital Enthusiasts
10579,1982,2n Cycle,Single,75820.0,0,0,2012-09-29,58,520,103,434,62,2,168,4,5,4,16,5,0,0,0,0,0,0,0,3,11,33,0,1,824.0,1289.0,25,4,5,0.2,0.16,0.64,0,0,-1.1050172704117074,1.1395029946069637,High-Value Loyalists
10580,1985,Basic,Married,78880.0,0,0,2013-10-06,63,822,48,414,87,27,149,0,13,4,9,6,0,0,0,1,0,0,0,3,11,30,0,2,452.0,1547.0,26,0,6,0.5,0.15384615384615385,0.34615384615384615,1,0,-1.0888344950924767,-0.7509921096631382,High-Value Loyalists
10581,1975,Graduation,Single,42646.0,0,2,2013-10-17,37,52,45,62,1,2,11,5,0,1,4,7,0,0,1,0,0,0,0,3,11,40,2,3,441.0,173.0,5,5,7,0.0,0.2,0.8,1,1,1.8936401475905025,1.9870859097792364,Digital Enthusiasts
10582,1974,Graduation,Divorced,85708.0,0,0,2012-12-01,8,313,40,477,209,21,51,0,4,9,3,4,0,1,0,0,0,1,0,3,11,41,0,1,761.0,1111.0,16,0,4,0.25,0.5625,0.1875,2,0,-1.8746436063053364,-1.333062912592387,High-Value Loyalists
10583,1978,Basic,Single,62906.0,1,0,2012-01-28,90,1142,306,322,97,197,109,2,5,13,18,8,0,0,0,1,0,0,0,3,11,37,1,2,1069.0,2173.0,36,2,8,0.1388888888888889,0.3611111111111111,0.5,1,0,-0.47887191775300564,0.1885661694531292,High-Value Loyalists
10584,1953,Graduation,Divorced,47738.0,0,0,2012-09-25,65,230,99,200,63,10,107,6,1,0,7,6,0,1,0,0,0,0,0,3,11,62,0,1,828.0,709.0,8,6,6,0.125,0.0,0.875,1,0,-0.05133059480141414,2.786092844246774,High-Value Loyalists
10585,1974,Graduation,Divorced,64363.0,0,1,2013-09-14,94,85,31,53,8,45,17,4,1,1,3,10,0,0,0,0,1,0,0,3,11,41,1,2,474.0,239.0,5,4,10,0.2,0.2,0.6,1,1,1.1583894953738785,1.0130497486682917,Digital Enthusiasts
10586,1953,Graduation,Married,100584.0,0,0,2013-12-13,47,363,390,323,164,81,11,0,5,1,15,1,0,1,0,0,1,0,0,3,11,62,0,2,384.0,1332.0,21,0,1,0.23809523809523808,0.047619047619047616,0.7142857142857143,2,0,-1.6301958382925594,1.5286525559222568,High-Value Loyalists
10587,1983,Master,Widow,59242.0,1,0,2013-01-14,48,501,42,204,122,31,47,2,11,3,5,5,0,0,0,0,0,1,0,3,11,32,1,2,717.0,947.0,19,2,5,0.5789473684210527,0.15789473684210525,0.2631578947368421,1,0,-0.037745357567446,-1.194523987845629,High-Value Loyalists
10588,1955,Master,Together,98781.0,0,0,2014-03-14,0,569,28,335,74,112,91,1,2,7,17,3,0,0,0,1,0,1,0,3,11,60,0,2,293.0,1209.0,26,1,3,0.07692307692307693,0.2692307692307692,0.6538461538461539,2,0,-1.7991937971578063,1.2163430345598105,High-Value Loyalists
10589,1975,2n Cycle,Married,73526.0,0,0,2013-12-06,1,793,453,461,657,186,109,0,21,10,12,2,1,0,1,0,0,0,0,3,11,40,0,2,391.0,2659.0,43,0,2,0.4883720930232558,0.23255813953488372,0.27906976744186046,2,0,-2.448248019608013,-1.2373436621892948,High-Value Loyalists
10590,1953,Graduation,Together,70256.0,1,0,2012-04-01,66,198,17,73,17,34,122,1,4,4,6,2,0,0,0,0,0,0,0,3,11,62,1,3,1005.0,461.0,14,1,2,0.2857142857142857,0.2857142857142857,0.42857142857142855,0,1,0.4029576068486482,0.01465969124983138,Digital Enthusiasts
10591,1968,PhD,Widow,56950.0,0,1,2012-10-27,18,526,25,656,368,58,110,2,13,2,15,4,1,0,0,0,1,0,0,3,11,47,1,2,796.0,1743.0,30,2,4,0.43333333333333335,0.06666666666666667,0.5,2,0,-0.8386885788664518,0.07958495500618334,High-Value Loyalists
10592,1968,Master,Divorced,71852.0,0,0,2013-04-16,34,395,72,240,192,74,15,0,7,3,12,4,0,0,0,1,0,0,0,3,11,47,0,1,625.0,988.0,22,0,4,0.3181818181818182,0.13636363636363635,0.5454545454545454,1,0,-1.5902155548204302,0.6239703553821461,High-Value Loyalists
10593,1975,Graduation,Single,47030.0,1,1,2012-01-17,78,83,11,57,9,15,14,8,8,0,3,10,0,0,0,0,0,0,0,3,11,40,2,3,1080.0,189.0,11,8,10,0.7272727272727273,0.0,0.2727272727272727,0,1,2.5919619026183813,-1.1273585953364555,Digital Enthusiasts
10594,1962,2n Cycle,Single,97199.0,0,0,2012-09-03,30,572,13,276,552,113,90,2,9,6,9,0,0,0,0,0,0,0,0,3,11,53,0,1,850.0,1616.0,24,2,0,0.375,0.25,0.375,0,0,-2.090283601059169,-0.2900195512836383,High-Value Loyalists
10595,1974,Graduation,Together,66240.0,1,0,2013-11-17,46,133,4,120,145,15,9,5,1,2,4,8,0,0,0,0,0,0,0,3,11,41,1,3,410.0,426.0,7,5,8,0.14285714285714285,0.2857142857142857,0.5714285714285714,0,1,1.2521597723146485,0.7662901206407176,Digital Enthusiasts
10596,1976,Graduation,Widow,38082.0,1,1,2014-02-07,88,46,74,11,22,49,65,5,2,2,5,8,1,0,0,0,0,0,0,3,11,39,2,3,328.0,267.0,9,5,8,0.2222222222222222,0.2222222222222222,0.5555555555555556,1,1,2.224749323933002,0.6378263153640233,Digital Enthusiasts
10597,1967,Graduation,Single,37573.0,0,2,2012-04-29,90,103,14,40,42,49,15,2,2,1,4,5,0,0,0,0,0,0,0,3,11,48,2,3,977.0,263.0,7,2,5,0.2857142857142857,0.14285714285714285,0.5714285714285714,0,1,1.8515182446097598,0.7204976630832347,Digital Enthusiasts
10598,1939,Master,Married,46335.0,1,0,2013-06-21,50,258,170,222,109,36,54,1,4,2,10,0,1,0,1,1,0,0,0,3,11,76,1,3,559.0,849.0,16,1,0,0.25,0.125,0.625,3,1,0.10988831629391313,1.11759559858043,Digital Enthusiasts
10599,1968,Master,Single,34733.0,0,1,2013-03-05,86,66,14,43,0,0,14,5,2,1,2,3,1,0,0,0,0,0,0,3,11,47,1,2,667.0,142.34,5,5,3,0.4,0.2,0.4,1,1,1.1710721666510664,-0.02039021939202529,Digital Enthusiasts
10600,1973,2n Cycle,Married,87383.0,1,1,2014-02-07,16,922,56,262,19,23,506,6,7,6,14,4,0,1,0,0,1,1,0,3,11,42,2,4,328.0,1788.0,27,6,4,0.25925925925925924,0.2222222222222222,0.5185185185185185,3,1,0.6782066836731563,-0.00649110804478277,Digital Enthusiasts
10601,1966,PhD,Married,37184.0,0,1,2014-01-19,62,139,69,65,71,23,16,5,3,3,8,5,0,0,0,0,0,0,0,3,11,49,1,3,347.0,383.0,14,5,5,0.21428571428571427,0.21428571428571427,0.5714285714285714,0,1,1.340101307899108,0.8459990046135664,Digital Enthusiasts
10602,1965,2n Cycle,Together,44438.0,1,0,2014-05-07,64,274,58,424,76,131,33,5,6,4,4,5,0,1,0,0,0,0,0,3,11,50,1,3,239.0,996.0,14,5,5,0.42857142857142855,0.2857142857142857,0.2857142857142857,1,1,1.0549050388514163,-0.8176139703930401,Digital Enthusiasts
10603,1968,PhD,Married,34272.0,0,1,2014-04-12,55,74,5,133,20,29,13,4,5,1,4,12,0,0,0,0,0,0,0,3,11,47,1,3,264.0,274.0,10,4,12,0.5,0.1,0.4,0,1,1.7655891042245764,-0.23805772289167546,Digital Enthusiasts
10604,1962,2n Cycle,Widow,64801.0,0,1,2013-10-26,47,509,132,124,108,16,22,6,4,4,10,7,0,0,0,0,0,0,0,3,11,53,1,2,432.0,911.0,18,6,7,0.2222222222222222,0.2222222222222222,0.5555555555555556,0,1,0.4232993334967309,0.7667172665150845,Digital Enthusiasts
10605,1976,2n Cycle,Divorced,43498.0,0,1,2012-08-09,33,35,31,38,10,14,32,6,0,0,1,6,0,0,0,0,0,0,0,3,11,39,1,2,875.0,160.0,2,6,6,0.0,0.0,1.0,0,1,1.107497400138546,3.2159136591893818,Digital Enthusiasts
10606,1936,Graduation,Single,58166.0,1,0,2012-08-12,51,377,26,252,8,135,14,4,9,2,3,1,0,0,1,0,0,0,0,3,11,79,1,2,872.0,812.0,14,4,1,0.6428571428571429,0.14285714285714285,0.21428571428571427,1,1,0.05489158319556185,-1.068818938471074,Digital Enthusiasts
10607,1969,Graduation,Divorced,85482.0,0,0,2014-01-24,0,463,78,552,65,68,192,0,6,2,14,2,0,0,1,0,0,0,0,3,11,46,0,1,342.0,1418.0,22,0,2,0.2727272727272727,0.09090909090909091,0.6363636363636364,1,0,-2.190221179278903,1.0525736401568604,High-Value Loyalists
10608,1977,Basic,Divorced,42617.0,0,2,2013-09-21,55,45,19,41,0,15,29,4,3,2,3,3,0,1,0,0,1,1,0,3,11,38,2,3,467.0,149.0,8,4,3,0.375,0.25,0.375,3,1,1.5776223575327175,-0.48931605587861526,Digital Enthusiasts
10609,1968,Graduation,Divorced,57150.0,1,0,2013-11-29,39,260,102,170,123,16,79,1,3,4,6,8,1,1,0,0,0,0,0,3,11,47,1,2,398.0,750.0,13,1,8,0.23076923076923078,0.3076923076923077,0.46153846153846156,2,0,0.05506199054190765,0.1359061583631384,High-Value Loyalists
10610,1979,Master,Single,36077.0,0,1,2012-09-10,74,125,44,48,46,7,11,6,2,2,3,8,0,0,0,0,0,0,0,3,11,36,1,2,843.0,281.0,7,6,8,0.2857142857142857,0.2857142857142857,0.42857142857142855,0,1,1.418369469777398,0.07970116431490386,Digital Enthusiasts
10611,1975,Graduation,Together,46134.0,1,2,2014-04-11,32,46,16,82,2,26,34,2,1,0,1,4,0,0,0,0,0,0,0,3,11,40,3,5,265.0,206.0,2,2,4,0.5,0.0,0.5,0,1,2.946416707508365,-0.09890218401188303,Digital Enthusiasts
10612,1944,Graduation,Married,61936.0,0,0,2012-06-02,59,302,14,106,69,14,210,2,2,10,9,2,0,0,0,0,0,1,0,3,11,71,0,2,943.0,715.0,21,2,2,0.09523809523809523,0.47619047619047616,0.42857142857142855,1,0,-0.7217988367925787,0.2980546453386811,High-Value Loyalists
10613,1953,Graduation,Single,42728.0,1,0,2014-01-03,64,136,29,83,21,10,33,2,4,2,1,6,0,1,0,0,1,0,0,3,11,62,1,2,363.0,312.0,7,2,6,0.5714285714285714,0.2857142857142857,0.14285714285714285,2,1,0.6361368106578231,-1.4708687926616384,Digital Enthusiasts
10614,1990,Graduation,Divorced,54778.0,1,0,2012-10-28,37,241,36,131,26,25,54,0,4,4,4,4,0,0,0,0,0,0,0,3,11,25,1,2,795.0,513.0,12,0,4,0.3333333333333333,0.3333333333333333,0.3333333333333333,0,0,-0.01584509853145991,-0.7052073469658943,High-Value Loyalists
10615,1967,PhD,Widow,38835.0,1,1,2012-03-21,67,184,48,157,7,57,18,0,4,2,4,6,0,0,0,0,1,0,0,3,11,48,2,3,1016.0,471.0,10,0,6,0.4,0.2,0.4,1,1,1.3667247773772555,-0.356365115988018,Digital Enthusiasts
10616,1975,Master,Together,53668.0,1,1,2014-01-09,63,265,16,79,22,7,5,5,1,3,3,4,0,0,0,0,1,1,0,3,11,40,2,4,357.0,394.0,7,5,4,0.14285714285714285,0.42857142857142855,0.42857142857142855,2,1,2.117433994277617,-0.1380505524980041,Digital Enthusiasts
10617,1965,PhD,Widow,44313.0,1,0,2014-04-29,0,336,80,196,35,28,97,2,3,9,8,6,0,0,0,0,0,0,0,3,11,50,1,2,247.0,772.0,20,2,6,0.15,0.45,0.4,0,0,-0.16499352617249602,-0.10349387275105157,High-Value Loyalists
10618,1971,PhD,Married,95152.0,0,0,2014-05-23,7,624,3,287,443,344,197,2,3,14,8,2,0,1,0,0,0,1,0,3,11,44,0,2,223.0,1898.0,25,2,2,0.12,0.56,0.32,2,0,-1.8506473053646126,-0.667631583989551,High-Value Loyalists
10619,1958,Graduation,Together,68347.0,0,0,2012-01-23,75,770,239,472,196,786,336,1,1,21,23,6,0,0,0,1,0,0,0,3,11,57,0,2,1074.0,2799.0,45,1,6,0.022222222222222223,0.4666666666666667,0.5111111111111111,1,0,-1.743062511377947,0.4188182470727636,High-Value Loyalists
10620,1957,Graduation,Widow,33472.0,0,1,2013-02-12,72,161,22,60,42,11,33,9,2,1,3,5,0,0,0,0,0,1,0,3,11,58,1,2,688.0,329.0,6,9,5,0.3333333333333333,0.16666666666666666,0.5,1,1,1.5166452373654882,0.6343427386113901,Digital Enthusiasts
10621,1984,Graduation,Married,60431.0,1,0,2012-11-05,24,461,147,454,52,95,8,2,9,3,8,6,1,0,0,0,0,1,0,3,11,31,1,3,787.0,1217.0,20,2,6,0.45,0.15,0.4,2,1,0.1814279439909955,-0.5957435890839092,Digital Enthusiasts
10622,1955,Master,Single,47806.0,0,0,2012-10-29,60,234,7,287,221,94,97,6,6,1,8,11,0,0,1,0,0,0,0,3,11,60,0,1,794.0,940.0,15,6,11,0.4,0.06666666666666667,0.5333333333333333,1,0,-0.011803366261085389,0.7648027348862984,High-Value Loyalists
10623,1974,Master,Divorced,58418.0,1,1,2012-12-16,53,274,75,273,110,22,118,1,4,1,9,5,0,1,0,0,0,0,0,3,11,41,2,3,746.0,872.0,14,1,5,0.2857142857142857,0.07142857142857142,0.6428571428571429,1,1,0.9257737556419326,0.8706176357673092,Digital Enthusiasts
10624,1960,Graduation,Married,52075.0,1,0,2012-01-18,85,234,113,131,30,33,86,1,3,2,7,6,0,0,1,0,0,0,0,3,11,55,1,3,1079.0,627.0,12,1,6,0.25,0.16666666666666666,0.5833333333333334,1,1,0.8900231570712139,0.8027337136602588,Digital Enthusiasts
10625,1975,PhD,Married,58401.0,0,0,2013-03-12,29,245,62,384,47,173,232,1,3,2,7,4,0,0,0,0,0,1,0,3,11,40,0,2,660.0,1143.0,12,1,4,0.25,0.16666666666666666,0.5833333333333334,1,0,-0.7124797776379271,0.7796372080546689,High-Value Loyalists
10626,1973,Graduation,Together,28363.0,1,2,2012-03-07,44,111,54,25,36,10,16,9,3,1,2,13,0,0,0,0,0,0,0,3,11,42,3,5,1030.0,252.0,6,9,13,0.5,0.16666666666666666,0.3333333333333333,0,1,4.310968047243102,-0.9234708691181255,Digital Enthusiasts
10627,1968,Basic,Widow,105192.0,1,0,2012-07-30,17,705,102,561,120,8,142,1,13,2,11,1,0,0,0,0,0,0,0,3,11,47,1,2,885.0,1638.0,26,1,1,0.5,0.07692307692307693,0.4230769230769231,0,0,-1.3807974814592068,-0.3742963719200536,High-Value Loyalists
10628,1971,Graduation,Divorced,44175.0,0,1,2013-10-09,45,113,23,39,43,6,63,7,3,1,1,6,0,0,0,0,0,0,0,3,11,44,1,2,449.0,287.0,5,7,6,0.6,0.2,0.2,0,1,1.213400029182612,-1.2213386343524704,Digital Enthusiasts
10629,1953,2n Cycle,Together,61552.0,1,1,2012-04-21,38,162,182,61,6,60,157,7,6,3,8,7,0,0,1,1,0,0,0,3,11,62,2,4,985.0,628.0,17,7,7,0.35294117647058826,0.17647058823529413,0.47058823529411764,2,1,1.9577670674701666,0.0026015484735336103,Digital Enthusiasts
10630,1952,Master,Together,38210.0,1,1,2013-08-29,56,134,59,53,35,14,121,6,1,4,3,4,0,0,0,0,0,0,0,3,11,63,2,4,490.0,416.0,8,6,4,0.125,0.5,0.375,0,1,2.342764550477332,-0.17464547160199356,Digital Enthusiasts
10631,1958,Basic,Married,55204.0,0,0,2014-01-23,42,187,131,40,47,257,179,1,6,4,6,3,0,1,0,1,0,1,0,3,11,57,0,2,343.0,841.0,16,1,3,0.375,0.25,0.375,3,0,-0.7610958860263594,-0.2580737378556084,High-Value Loyalists
10632,1971,Master,Single,103028.0,0,0,2014-05-30,26,422,402,349,74,14,51,0,5,8,7,2,1,1,1,0,0,0,0,3,11,44,0,1,216.0,1312.0,20,0,2,0.25,0.4,0.35,3,0,-2.235396607434812,-0.4733390584862647,High-Value Loyalists
10633,1978,PhD,Widow,52886.0,0,0,2013-07-31,79,484,74,379,92,4,27,2,5,3,10,7,0,1,0,0,1,0,0,3,11,37,0,1,519.0,1060.0,18,2,7,0.2777777777777778,0.16666666666666666,0.5555555555555556,2,0,-0.705859775867263,0.7286346280229358,High-Value Loyalists
10634,1967,Graduation,Married,90165.0,0,0,2014-03-04,6,826,97,422,65,82,206,2,8,12,12,4,0,0,1,0,0,1,0,3,11,48,0,2,303.0,1698.0,32,2,4,0.25,0.375,0.375,2,0,-1.7685100863520142,-0.44611877308083814,High-Value Loyalists
10635,1970,Graduation,Together,87931.0,0,0,2013-03-03,35,571,1010,216,219,126,34,0,14,4,25,2,1,0,1,0,0,0,0,3,11,45,0,2,669.0,2176.0,43,0,2,0.32558139534883723,0.09302325581395349,0.5813953488372093,2,0,-2.238300901082883,0.49960376620140645,High-Value Loyalists
10636,1969,Graduation,Together,54928.0,0,1,2014-03-23,33,57,6,15,13,22,13,5,4,3,1,6,0,0,1,1,1,1,0,3,11,46,1,3,284.0,142.34,8,5,6,0.5,0.375,0.125,4,1,1.083543369690439,-1.7970321828255202,Digital Enthusiasts
10637,1986,Basic,Married,55840.0,1,1,2013-11-28,78,167,13,55,78,24,57,4,3,4,5,2,0,0,0,0,0,0,0,3,11,29,2,4,399.0,394.0,12,4,2,0.25,0.3333333333333333,0.4166666666666667,0,1,1.9973079505946754,-0.30111096257557224,Digital Enthusiasts
10638,1977,PhD,Widow,27241.0,0,1,2014-04-05,82,76,29,55,3,17,36,3,5,3,4,10,0,0,0,0,0,0,0,3,11,38,1,2,271.0,216.0,12,3,10,0.4166666666666667,0.25,0.3333333333333333,0,1,1.2727424148000968,-0.4810455692047235,Digital Enthusiasts
10639,1956,PhD,Widow,85629.0,1,1,2014-04-03,32,311,99,376,2,46,152,6,8,3,7,4,1,1,0,0,0,0,0,3,11,59,2,3,273.0,986.0,18,6,4,0.4444444444444444,0.16666666666666666,0.3888888888888889,2,1,0.7931449267994328,-0.4307972565220196,Digital Enthusiasts
10640,1978,Graduation,Together,31644.0,0,1,2013-09-12,42,129,25,45,19,3,12,6,3,3,5,11,0,0,0,0,0,0,1,3,11,37,1,3,476.0,233.0,11,6,11,0.2727272727272727,0.2727272727272727,0.45454545454545453,0,1,1.8399916717536744,0.097601354664123,Digital Enthusiasts
10641,1940,Graduation,Married,63268.0,0,0,2012-07-20,66,132,72,80,103,39,181,5,5,0,10,1,0,0,0,0,0,0,0,3,11,75,0,2,895.0,607.0,15,5,1,0.3333333333333333,0.0,0.6666666666666666,0,0,-0.1644901833646384,1.5652773966151228,High-Value Loyalists
10642,1966,Graduation,Single,109280.0,0,0,2012-02-12,21,1382,22,805,300,882,540,2,37,11,11,3,0,1,0,0,0,0,0,3,11,49,0,1,1054.0,3733.2199999999975,58,2,3,0.6271186440677966,0.1864406779661017,0.1864406779661017,1,0,-3.5338852826402243,-1.7900187880830114,High-Value Loyalists
10643,1976,Graduation,Single,53263.0,0,0,2012-10-17,69,425,69,218,222,62,39,3,4,1,14,3,1,1,1,0,0,0,0,3,11,39,0,1,806.0,1035.0,19,3,3,0.21052631578947367,0.05263157894736842,0.7368421052631579,3,0,-0.9463206925930495,1.699876341408873,High-Value Loyalists
10644,1975,PhD,Married,41940.0,1,1,2012-09-24,31,199,34,107,25,57,25,4,1,1,2,6,0,0,0,0,0,0,0,3,11,40,2,4,829.0,447.0,4,4,6,0.25,0.25,0.5,0,1,2.2005406333660793,0.1639071246562606,Digital Enthusiasts
10645,1954,Graduation,Together,50894.0,0,0,2014-04-20,75,271,51,95,94,48,71,7,6,1,6,4,0,0,1,0,0,0,0,3,11,61,0,2,256.0,630.0,13,7,4,0.46153846153846156,0.07692307692307693,0.46153846153846156,1,1,0.4158170553243331,0.39167776253699027,Digital Enthusiasts
10646,1976,Master,Widow,100552.0,0,0,2012-02-03,77,600,393,282,392,56,502,1,10,17,4,2,0,0,1,0,0,0,0,3,11,39,0,1,1063.0,2225.0,31,1,2,0.3225806451612903,0.5483870967741935,0.12903225806451613,1,0,-2.2136690540056803,-1.7223058290941686,High-Value Loyalists
10647,1973,Graduation,Married,39794.0,1,1,2013-05-04,66,102,16,65,72,11,22,5,1,1,1,7,1,0,0,1,0,1,0,3,11,42,2,4,607.0,288.0,3,5,7,0.3333333333333333,0.3333333333333333,0.3333333333333333,3,1,2.54053924117028,-0.7263696274223272,Digital Enthusiasts
10648,1979,Graduation,Widow,48272.0,0,1,2014-06-08,43,40,26,219,62,6,34,8,2,5,4,8,1,0,0,0,0,1,0,3,11,36,1,2,207.0,387.0,11,8,8,0.18181818181818182,0.45454545454545453,0.36363636363636365,2,1,1.070547291102974,-0.2731187244410852,Digital Enthusiasts
10649,1969,Master,Married,91367.0,0,0,2012-09-10,10,755,9,443,123,51,83,1,5,9,8,2,0,0,0,0,0,0,0,3,11,46,0,2,843.0,1464.0,22,1,2,0.22727272727272727,0.4090909090909091,0.36363636363636365,0,0,-1.5835266239838148,-0.4377260700510138,High-Value Loyalists
10651,1963,Graduation,Married,64745.0,1,0,2012-05-22,66,203,9,117,9,58,90,2,3,2,6,3,0,0,0,0,0,0,0,3,11,52,1,3,954.0,486.0,11,2,3,0.2727272727272727,0.18181818181818182,0.5454545454545454,0,1,0.7019910993735291,0.5954839769382785,Digital Enthusiasts
10652,1960,2n Cycle,Divorced,42677.0,1,1,2013-01-13,25,87,33,29,57,82,4,8,3,1,4,10,1,0,0,1,0,0,0,3,11,55,2,3,718.0,292.0,8,8,10,0.375,0.125,0.5,2,1,2.1636686413388877,0.2764753963408301,Digital Enthusiasts
10653,1971,Graduation,Single,75245.0,0,0,2014-06-08,31,246,88,409,262,40,12,2,7,4,5,2,0,0,0,0,0,0,0,3,11,44,0,1,207.0,1057.0,16,2,2,0.4375,0.25,0.3125,0,0,-1.3779798435111958,-0.5797077269654273,High-Value Loyalists
10654,1943,Master,Divorced,45528.0,0,0,2013-08-27,54,185,63,217,121,137,89,3,9,2,6,8,1,0,0,1,0,1,0,3,11,72,0,1,492.0,812.0,17,3,8,0.5294117647058824,0.11764705882352941,0.35294117647058826,3,0,-0.6138117673528091,-0.2271279257329374,High-Value Loyalists
10655,1966,Master,Widow,52738.0,0,0,2013-04-26,72,420,663,526,154,9,116,3,20,3,7,1,1,0,0,0,1,0,0,3,11,49,0,1,615.0,1888.0,30,3,1,0.6666666666666666,0.1,0.23333333333333334,2,0,-1.4747023476579921,-1.150503495037434,High-Value Loyalists
10656,1948,Graduation,Widow,46419.0,0,0,2014-05-22,92,212,38,79,13,58,29,4,5,1,4,6,0,0,0,0,0,0,0,3,11,67,0,1,224.0,429.0,10,4,6,0.5,0.1,0.4,0,1,0.034280031254219356,0.2156195826569127,Digital Enthusiasts
10657,1981,Graduation,Divorced,57410.0,0,0,2014-02-15,35,534,12,190,93,32,9,2,6,1,4,5,0,0,1,0,0,0,0,3,11,34,0,1,320.0,870.0,11,2,5,0.5454545454545454,0.09090909090909091,0.36363636363636365,1,0,-0.8417854851153599,-0.4193349380112914,High-Value Loyalists
10658,1980,Graduation,Together,44470.0,0,2,2012-09-06,33,78,5,28,11,28,12,2,1,0,4,14,1,0,0,0,1,0,0,3,11,35,2,4,847.0,162.0,5,2,14,0.2,0.0,0.8,2,1,2.41440648694977,1.6211871894342345,Digital Enthusiasts
10659,1968,Graduation,Divorced,79011.0,0,0,2013-07-26,41,1261,72,566,68,407,113,1,13,22,6,5,0,0,0,1,0,0,0,3,11,47,0,1,524.0,2487.0,41,1,5,0.3170731707317073,0.5365853658536586,0.14634146341463414,1,0,-2.384219992387988,-1.6196982350577394,High-Value Loyalists
10660,1977,Graduation,Single,63014.0,1,0,2013-08-07,41,718,343,103,66,14,48,1,3,4,18,1,1,1,0,0,0,1,0,3,11,38,1,2,512.0,1292.0,25,1,1,0.12,0.16,0.72,3,0,-0.8363582275110276,1.3919158558607336,High-Value Loyalists
10661,1934,Master,Divorced,69230.0,1,0,2013-02-03,78,144,212,224,52,29,85,3,4,2,7,4,0,0,0,0,1,1,0,3,11,81,1,2,697.0,746.0,13,3,4,0.3076923076923077,0.15384615384615385,0.5384615384615384,2,1,0.13080509488240946,0.8069589960757579,Digital Enthusiasts
10662,1969,Graduation,Divorced,118333.0,0,0,2012-06-13,18,283,34,286,72,30,436,2,8,1,9,2,0,1,0,0,0,0,0,3,11,46,0,1,932.0,1141.0,18,2,2,0.4444444444444444,0.05555555555555555,0.5,1,0,-1.9964830397382183,0.23883483842492284,High-Value Loyalists
10663,1951,Graduation,Divorced,94490.0,0,0,2014-02-11,6,517,257,340,206,37,541,1,9,6,13,3,0,0,0,0,0,0,0,3,11,64,0,1,324.0,1898.0,28,1,3,0.32142857142857145,0.21428571428571427,0.4642857142857143,0,0,-2.3622954167670343,0.23289509489098162,High-Value Loyalists
10664,1979,Graduation,Divorced,55147.0,1,0,2012-05-25,37,206,423,337,56,20,354,3,8,7,6,3,0,1,0,1,0,0,0,3,11,36,1,2,951.0,1396.0,21,3,3,0.38095238095238093,0.3333333333333333,0.2857142857142857,2,0,-0.34344692851798764,-1.0010467169679853,High-Value Loyalists
10665,1961,Master,Single,52074.0,1,1,2012-11-16,50,80,36,88,30,20,0,1,1,1,2,8,0,0,0,0,0,0,0,3,11,54,2,3,776.0,254.0,4,1,8,0.25,0.25,0.5,0,1,1.5530244094571495,0.32988948980776767,Digital Enthusiasts
10666,1940,Graduation,Married,51369.0,1,0,2012-08-11,43,463,85,170,56,75,84,5,9,3,4,3,1,1,0,0,0,0,0,3,11,75,1,3,873.0,933.0,16,5,3,0.5625,0.1875,0.25,2,1,0.648291204416103,-0.9952298542497856,Digital Enthusiasts
10667,1962,PhD,Widow,53329.0,1,0,2013-11-22,32,620,419,223,24,59,147,3,8,8,11,4,0,0,0,1,0,0,0,3,11,53,1,2,405.0,1492.0,27,3,4,0.2962962962962963,0.2962962962962963,0.4074074074074074,1,0,-0.4616526041493838,-0.1735987851331819,High-Value Loyalists
10668,1981,Graduation,Married,60732.0,0,1,2012-03-29,10,381,119,192,13,8,89,1,6,1,6,5,0,0,0,0,1,0,0,3,11,34,1,3,1008.0,802.0,13,1,5,0.46153846153846156,0.07692307692307693,0.46153846153846156,1,1,0.26238901021512345,-0.22198996807145507,Digital Enthusiasts
10669,1986,Graduation,Divorced,54404.0,1,0,2013-02-12,51,182,88,200,114,11,185,1,3,3,7,1,0,0,0,0,0,0,0,3,11,29,1,2,688.0,780.0,13,1,1,0.23076923076923078,0.23076923076923078,0.5384615384615384,0,0,-0.09898894747206298,0.48875002058654016,High-Value Loyalists
10670,1976,Master,Together,67093.0,0,0,2014-01-29,33,222,174,661,116,37,151,1,3,5,14,3,0,0,0,0,0,0,0,3,11,39,0,2,337.0,1361.0,22,1,3,0.13636363636363635,0.22727272727272727,0.6363636363636364,0,0,-1.089297931904962,1.0947442814970778,High-Value Loyalists
10671,1966,Master,Divorced,43127.0,1,1,2014-03-18,40,136,106,235,18,2,19,6,1,5,8,3,0,0,0,1,1,1,0,3,11,49,2,3,289.0,516.0,14,6,3,0.07142857142857142,0.35714285714285715,0.5714285714285714,3,1,1.375848911145553,0.7528667557555778,Digital Enthusiasts
10672,1955,Master,Single,44459.0,1,0,2012-07-05,70,683,97,54,24,9,54,3,4,4,7,4,0,0,0,0,0,0,0,3,11,60,1,2,910.0,921.0,15,3,4,0.26666666666666666,0.26666666666666666,0.4666666666666667,0,1,0.34821238865334747,0.3470344772716569,Digital Enthusiasts
10673,1971,2n Cycle,Married,70070.0,0,1,2013-03-28,17,154,1,38,60,10,3,2,3,0,2,10,0,0,1,0,0,0,0,3,11,44,1,3,644.0,266.0,5,2,10,0.6,0.0,0.4,1,1,0.936715245972146,-0.47036762118122744,Digital Enthusiasts
10674,1967,2n Cycle,Widow,30581.0,0,1,2013-03-15,49,78,14,147,3,37,4,8,3,1,1,7,0,0,0,0,0,0,0,3,11,48,1,2,657.0,283.0,5,8,7,0.6,0.2,0.2,0,1,1.5294731892279483,-1.167373088481488,Digital Enthusiasts
10675,1992,Master,Divorced,50547.0,1,0,2012-10-20,42,639,32,111,40,17,5,3,4,2,6,9,0,0,1,1,0,0,0,3,11,23,1,2,803.0,844.0,12,3,9,0.3333333333333333,0.16666666666666666,0.5,2,1,0.467347720149534,0.1198637853416274,Digital Enthusiasts
10676,1943,Graduation,Together,57586.0,0,0,2013-12-23,76,182,182,225,51,82,148,5,4,4,9,4,0,0,0,0,0,0,0,3,11,72,0,2,374.0,870.0,17,5,4,0.23529411764705882,0.23529411764705882,0.5294117647058824,0,1,-0.032145410152754364,0.8958570088938151,Digital Enthusiasts
10677,1980,Graduation,Together,88257.0,1,0,2013-10-15,25,405,121,90,49,173,157,1,6,5,6,5,0,0,0,0,0,0,0,3,11,35,1,3,443.0,995.0,17,1,5,0.35294117647058826,0.29411764705882354,0.35294117647058826,0,0,-0.05524041823314994,-0.7195717601081236,High-Value Loyalists
10678,1962,Basic,Single,91170.0,0,0,2012-03-15,52,763,165,440,69,28,257,1,13,6,9,5,1,0,0,0,0,0,0,3,11,53,0,1,1022.0,1722.0,28,1,5,0.4642857142857143,0.21428571428571427,0.32142857142857145,1,0,-1.8767163018384738,-0.6737947707434784,High-Value Loyalists
10679,1973,PhD,Divorced,72882.0,1,0,2014-02-13,23,544,247,504,3,1,150,2,4,8,17,8,0,0,0,1,1,1,0,3,11,42,1,2,322.0,1449.0,29,2,8,0.13793103448275862,0.27586206896551724,0.5862068965517241,3,0,-0.7180367762306584,0.6384507563369831,High-Value Loyalists
10680,1956,PhD,Widow,62246.0,0,0,2012-11-25,46,717,192,473,61,12,315,1,5,3,25,7,1,0,0,0,0,0,0,3,11,59,0,1,767.0,1770.0,33,1,7,0.15151515151515152,0.09090909090909091,0.7575757575757576,1,0,-1.6770661419249706,1.84487434313581,High-Value Loyalists
10681,1967,PhD,Widow,78595.0,0,0,2014-02-04,65,266,261,629,165,7,410,1,11,6,6,4,0,0,0,0,0,1,0,3,11,48,0,1,331.0,1738.0,23,1,4,0.4782608695652174,0.2608695652173913,0.2608695652173913,1,0,-1.6110534372518344,-0.9257052097228179,High-Value Loyalists
10682,1983,Master,Married,72609.0,0,0,2013-11-19,6,895,40,351,155,30,436,2,13,6,14,0,0,0,0,0,0,1,0,3,11,32,0,2,408.0,1907.0,33,2,0,0.3939393939393939,0.18181818181818182,0.42424242424242425,1,0,-1.791373832490329,-0.33104389264870526,High-Value Loyalists
10683,1977,PhD,Married,44495.0,1,0,2013-03-06,41,586,321,527,66,52,4,3,5,14,7,4,0,1,0,0,0,1,0,3,11,38,1,3,666.0,1556.0,26,3,4,0.19230769230769232,0.5384615384615384,0.2692307692307692,2,1,0.1359273846170898,-1.0591143924662496,Digital Enthusiasts
10684,1970,Graduation,Married,38900.0,0,2,2013-08-30,69,191,175,54,16,4,82,5,3,1,6,7,0,1,0,1,0,0,0,3,11,45,2,4,489.0,522.0,10,5,7,0.3,0.1,0.6,2,1,2.39277893615083,0.7057955590223063,Digital Enthusiasts
10685,1986,Graduation,Together,41505.0,0,0,2013-01-31,10,832,80,129,89,3,304,3,11,5,9,4,0,1,0,0,0,0,0,3,11,29,0,2,700.0,1437.0,25,3,4,0.44,0.2,0.36,1,0,-0.7939259776540698,-0.6179061419578907,High-Value Loyalists
10686,1976,Graduation,Married,49896.0,1,0,2013-12-02,47,792,126,431,58,117,37,1,6,4,11,9,1,0,0,1,1,0,0,3,11,39,1,3,395.0,1561.0,21,1,9,0.2857142857142857,0.19047619047619047,0.5238095238095238,3,1,0.2781974008237714,0.19774527407078668,Digital Enthusiasts
10687,1956,2n Cycle,Widow,46703.0,1,0,2012-05-14,39,323,6,211,15,16,4,2,3,4,9,3,0,0,0,0,1,0,0,3,11,59,1,2,962.0,575.0,16,2,3,0.1875,0.25,0.5625,1,0,0.00628770254017268,0.8138914706672995,High-Value Loyalists
10688,1982,Graduation,Divorced,32179.0,1,1,2013-06-28,39,114,2,55,1,2,41,3,3,4,1,8,0,0,0,0,0,0,0,3,11,33,2,3,552.0,215.0,8,3,8,0.375,0.5,0.125,0,1,1.8524815982057874,-1.8108654638860182,Digital Enthusiasts
10689,1966,2n Cycle,Married,41135.0,1,1,2012-02-05,48,115,9,107,67,6,54,6,3,1,1,9,0,0,1,0,0,0,0,3,11,49,2,4,1061.0,358.0,5,6,9,0.6,0.2,0.2,1,1,2.676045313494644,-1.527908717377456,Digital Enthusiasts
10690,1982,PhD,Widow,69096.0,1,0,2013-10-11,27,699,66,198,149,32,83,2,4,6,10,2,0,0,0,0,1,1,0,3,11,33,1,2,447.0,1227.0,20,2,2,0.2,0.3,0.5,2,0,-0.6439394851544687,0.19525120911129562,High-Value Loyalists
10691,1957,2n Cycle,Divorced,62178.0,0,0,2014-04-18,69,129,51,95,28,6,52,3,1,0,3,6,0,0,0,0,0,0,0,3,11,58,0,1,258.0,361.0,4,3,6,0.25,0.0,0.75,0,0,-0.22373006516929125,2.073098839751148,High-Value Loyalists
10692,1981,2n Cycle,Together,75555.0,1,0,2013-11-15,37,250,149,401,50,26,140,5,4,4,10,4,0,0,0,0,0,1,0,3,11,34,1,3,412.0,1016.0,18,5,4,0.2222222222222222,0.2222222222222222,0.5555555555555556,1,1,0.4352936750832843,0.4737667989433464,Digital Enthusiasts
10693,1968,Graduation,Together,81659.0,0,1,2013-10-14,88,578,52,67,27,92,299,2,3,7,8,5,0,0,0,0,0,0,0,3,11,47,1,3,444.0,1115.0,18,2,5,0.16666666666666666,0.3888888888888889,0.4444444444444444,0,1,0.4076909638337929,0.04566721597891556,Digital Enthusiasts
10694,1954,PhD,Divorced,51980.0,0,0,2014-01-06,40,325,6,39,6,48,86,2,3,1,3,2,0,0,0,0,0,1,0,3,11,61,0,1,360.0,510.0,7,2,2,0.42857142857142855,0.14285714285714285,0.42857142857142855,1,0,-0.7846388025746843,0.2441124612339919,High-Value Loyalists
10695,1971,Master,Single,40378.0,0,1,2013-06-03,68,143,150,59,65,66,8,11,5,5,3,9,0,0,0,0,0,0,0,3,11,44,1,2,577.0,491.0,13,11,9,0.38461538461538464,0.38461538461538464,0.23076923076923078,0,1,1.704745358431522,-0.9214088753461671,Digital Enthusiasts
10696,1975,Graduation,Widow,42093.0,1,1,2013-07-06,54,110,13,91,28,60,34,5,7,2,3,6,0,0,0,0,0,0,0,3,11,40,2,3,544.0,336.0,12,5,6,0.5833333333333334,0.16666666666666666,0.25,0,1,1.8569805475986145,-1.1970756335278605,Digital Enthusiasts
10697,1968,Graduation,Widow,39092.0,1,1,2013-06-09,29,108,33,163,68,78,22,7,3,2,5,6,0,0,1,0,1,0,0,3,11,47,2,3,571.0,472.0,10,7,6,0.3,0.2,0.5,2,1,1.8027409581635876,0.26329387727203724,Digital Enthusiasts
10698,1961,Master,Widow,35098.0,1,2,2013-02-28,92,75,27,72,30,9,97,3,1,2,4,1,0,1,1,1,0,0,0,3,11,54,3,4,672.0,310.0,7,3,1,0.14285714285714285,0.2857142857142857,0.5714285714285714,3,1,2.5248728906651476,0.6554755428652325,Digital Enthusiasts
10699,1972,2n Cycle,Divorced,60819.0,0,1,2012-01-22,40,331,117,440,26,103,169,2,10,8,4,9,1,0,0,1,0,0,0,3,11,43,1,2,1075.0,1186.0,22,2,9,0.45454545454545453,0.36363636363636365,0.18181818181818182,2,0,-0.1233217177749842,-1.5805557188244992,High-Value Loyalists
10700,1972,Graduation,Divorced,55195.0,0,1,2012-03-14,20,136,272,136,57,181,24,3,5,2,8,4,0,0,1,0,1,0,0,3,11,43,1,2,1023.0,806.0,15,3,4,0.3333333333333333,0.13333333333333333,0.5333333333333333,2,0,-0.08150489037645828,0.3998492660644062,High-Value Loyalists
10701,1973,Graduation,Single,70719.0,0,0,2013-02-12,46,562,21,210,167,121,74,0,9,3,5,6,0,0,0,0,0,0,0,3,11,42,0,1,688.0,1155.0,17,0,6,0.5294117647058824,0.17647058823529413,0.29411764705882354,0,0,-1.2620615574684326,-0.7976964415319356,High-Value Loyalists
10702,1978,2n Cycle,Divorced,88324.0,0,0,2012-09-02,50,1241,320,221,13,50,64,0,9,9,11,6,0,0,0,0,0,0,0,3,11,37,0,1,851.0,1909.0,29,0,6,0.3103448275862069,0.3103448275862069,0.3793103448275862,0,0,-1.9410938555263972,-0.4012212695430897,High-Value Loyalists
10703,1961,Graduation,Divorced,45541.0,1,0,2014-04-09,33,184,10,42,65,26,42,2,1,4,3,3,0,0,0,0,0,0,0,3,11,54,1,2,267.0,369.0,8,2,3,0.125,0.5,0.375,0,1,0.24850909111779196,-0.06219248979838454,Digital Enthusiasts
10704,1979,2n Cycle,Single,56937.0,0,0,2014-06-05,39,239,67,492,31,101,7,2,4,4,10,10,0,1,1,0,0,0,0,3,11,36,0,1,210.0,937.0,18,2,10,0.2222222222222222,0.2222222222222222,0.5555555555555556,2,0,-0.8087111526064771,0.7028746881904658,High-Value Loyalists
10705,1977,Graduation,Together,29830.0,0,2,2013-02-19,80,144,5,75,5,2,17,3,2,3,2,10,0,0,0,0,0,0,0,3,11,38,2,4,681.0,248.0,7,3,10,0.2857142857142857,0.42857142857142855,0.2857142857142857,0,1,2.7382385013634716,-0.9313885504105078,Digital Enthusiasts
10706,1980,Graduation,Widow,46217.0,1,1,2013-09-19,61,85,40,131,19,47,6,4,4,1,4,5,0,0,0,0,0,1,0,3,11,35,2,3,469.0,328.0,9,4,5,0.4444444444444444,0.1111111111111111,0.4444444444444444,1,1,1.723153068164035,-0.15443591991866282,Digital Enthusiasts
10707,1986,Graduation,Married,38602.0,1,1,2013-06-06,70,130,46,37,13,0,108,4,1,1,2,8,0,0,0,0,0,0,0,3,11,29,2,4,574.0,334.0,4,4,8,0.25,0.25,0.5,0,1,2.648269929041985,0.15547058446671827,Digital Enthusiasts
10708,1988,Graduation,Married,54698.0,0,0,2012-08-12,32,375,43,258,4,17,225,2,9,3,7,4,0,0,0,0,0,0,0,3,11,27,0,2,872.0,922.0,19,2,4,0.47368421052631576,0.15789473684210525,0.3684210526315789,0,0,-0.5392947792604262,-0.5443185456884573,High-Value Loyalists
10709,1980,Graduation,Divorced,76409.0,1,0,2012-12-05,3,724,103,250,91,77,129,2,10,5,8,6,0,0,0,0,0,0,0,3,11,35,1,2,757.0,1374.0,23,2,6,0.43478260869565216,0.21739130434782608,0.34782608695652173,0,0,-0.6477303340549091,-0.7652167305051107,High-Value Loyalists
10710,1954,Master,Together,46486.0,1,0,2012-12-12,46,148,60,199,61,23,88,2,5,6,8,8,0,1,1,0,0,0,0,3,11,61,1,3,750.0,579.0,19,2,8,0.2631578947368421,0.3157894736842105,0.42105263157894735,2,1,0.7047947233473104,-0.08203157289512103,Digital Enthusiasts
10711,1978,Graduation,Widow,28682.0,1,1,2012-04-04,45,32,2,27,14,12,8,3,1,1,2,4,0,0,0,0,1,0,0,3,11,37,2,3,1002.0,142.34,4,3,4,0.25,0.25,0.5,1,1,1.7739677873239112,0.2497916942995126,Digital Enthusiasts
10712,1953,2n Cycle,Married,63783.0,1,0,2012-01-17,49,161,4,150,56,81,64,0,4,3,5,4,0,0,0,0,0,0,0,3,11,62,1,3,1080.0,516.0,12,0,4,0.3333333333333333,0.25,0.4166666666666667,0,1,0.3977759671077081,-0.10654905237278572,Digital Enthusiasts
10713,1957,Graduation,Divorced,46704.0,0,1,2012-10-18,39,412,59,248,57,100,58,3,6,3,16,3,0,0,0,1,0,0,0,3,11,58,1,2,805.0,934.0,25,3,3,0.24,0.12,0.64,1,0,-0.18423682334590713,1.1499888701069068,High-Value Loyalists
10714,1963,PhD,Together,35016.0,1,1,2014-03-23,61,58,14,22,8,17,29,6,2,1,3,3,0,0,0,0,0,0,0,3,11,52,2,4,284.0,148.0,6,6,3,0.3333333333333333,0.16666666666666666,0.5,0,1,2.5498308176666433,0.34377698325309003,Digital Enthusiasts
10715,1968,Master,Single,90744.0,0,0,2012-03-17,20,759,249,181,142,472,179,1,12,12,8,5,1,1,0,0,0,0,0,3,11,47,0,1,1020.0,1982.0,32,1,5,0.375,0.375,0.25,2,0,-2.3023117208540125,-1.144710323648539,High-Value Loyalists
10716,1966,Graduation,Single,47756.0,1,1,2013-04-13,75,159,34,193,3,7,116,4,4,1,3,8,0,0,0,0,0,0,0,3,11,49,2,3,628.0,512.0,8,4,8,0.5,0.125,0.375,0,1,1.94663367319917,-0.43254617012716834,Digital Enthusiasts
10717,1965,Master,Married,90361.0,0,0,2013-06-04,41,767,163,126,71,250,45,0,12,2,14,3,0,0,0,0,0,0,1,3,11,50,0,2,576.0,1422.0,28,0,3,0.42857142857142855,0.07142857142857142,0.5,0,0,-1.5064458891905936,0.21878129204246916,High-Value Loyalists
10718,1983,Graduation,Single,29897.0,1,2,2013-08-22,37,154,9,78,7,22,11,9,1,1,2,10,1,0,0,0,0,0,0,3,11,32,3,4,497.0,281.0,4,9,10,0.25,0.25,0.5,1,1,3.568814070517227,0.11867057059832685,Digital Enthusiasts
10719,1954,Master,Married,57975.0,0,0,2014-06-02,79,117,45,137,17,21,40,3,4,1,5,4,0,0,0,0,0,0,0,3,11,61,0,2,213.0,377.0,10,3,4,0.4,0.1,0.5,0,1,0.1323965950982952,0.617867997423762,Digital Enthusiasts
10720,1981,Graduation,Widow,34487.0,1,1,2012-12-17,42,251,14,99,8,8,140,9,2,3,5,6,0,0,1,0,1,0,0,3,11,34,2,3,745.0,520.0,10,9,6,0.2,0.3,0.5,2,1,2.134985542320708,0.2602009715488601,Digital Enthusiasts
10721,1978,Graduation,Together,94819.0,1,0,2012-11-22,13,514,78,225,23,11,264,2,3,10,6,1,0,1,0,0,0,0,0,3,11,37,1,3,770.0,1115.0,19,2,1,0.15789473684210525,0.5263157894736842,0.3157894736842105,1,0,-0.4784230408183811,-0.8544487738719844,High-Value Loyalists
10722,1972,Master,Married,89980.0,0,0,2013-04-03,51,1208,89,341,81,167,49,0,17,3,7,6,0,0,0,0,0,1,0,3,11,43,0,2,638.0,1935.0,27,0,6,0.6296296296296297,0.1111111111111111,0.25925925925925924,1,0,-1.4303607743842495,-1.2516201647182883,High-Value Loyalists
10723,1950,Graduation,Widow,33256.0,0,0,2014-02-11,38,477,15,299,28,50,169,6,13,3,6,7,0,0,0,0,0,0,0,3,11,65,0,1,324.0,1038.0,22,6,7,0.5909090909090909,0.13636363636363635,0.2727272727272727,0,0,-0.3599441910825533,-0.6343568107307875,High-Value Loyalists
10724,1977,Basic,Divorced,96668.0,0,0,2013-06-11,30,928,153,166,227,138,832,0,12,6,20,3,0,0,0,0,1,0,0,3,11,38,0,1,569.0,2444.0,38,0,3,0.3157894736842105,0.15789473684210525,0.5263157894736842,1,0,-2.720128226400306,0.2704918373295091,High-Value Loyalists
10725,1966,Graduation,Single,130117.49999999999,1,0,2012-02-08,0,606,50,284,163,52,207,1,7,6,6,4,1,0,0,1,0,0,0,3,11,49,1,2,1058.0,1362.0,19,1,4,0.3684210526315789,0.3157894736842105,0.3157894736842105,2,0,-1.4602534188062841,-0.9463794278007426,High-Value Loyalists
10726,1973,Graduation,Single,89083.0,0,0,2013-02-07,29,119,416,42,2,95,225,1,2,8,10,1,0,0,0,0,1,0,0,3,11,42,0,1,693.0,899.0,20,1,1,0.1,0.4,0.5,1,0,-1.814126417832848,0.46448439119702256,High-Value Loyalists
10727,1959,Graduation,Widow,129801.0,0,0,2013-03-30,25,698,56,1141,179,169,49,2,8,4,23,0,0,0,0,0,0,0,0,3,11,56,0,1,642.0,2292.0,35,2,0,0.22857142857142856,0.11428571428571428,0.6571428571428571,0,0,-2.919638356630673,1.154880274750246,High-Value Loyalists
10728,1984,Graduation,Single,53008.0,1,0,2014-03-03,29,172,129,478,8,39,81,5,5,1,10,5,0,0,0,0,0,0,0,3,11,31,1,2,304.0,907.0,16,5,5,0.3125,0.0625,0.625,0,1,0.32273897517517763,0.9299184036555479,Digital Enthusiasts
10729,1971,Master,Married,45605.0,0,1,2013-08-12,46,25,15,30,7,15,34,5,3,2,3,9,0,0,0,0,0,0,1,3,11,44,1,3,507.0,142.34,8,5,9,0.375,0.25,0.375,0,1,1.6049875765581947,-0.32899080728791663,Digital Enthusiasts
10730,1976,PhD,Divorced,56260.0,0,0,2013-09-03,38,313,5,296,80,109,324,1,10,2,9,3,1,0,0,1,0,0,0,3,11,39,0,1,485.0,1127.0,21,1,3,0.47619047619047616,0.09523809523809523,0.42857142857142855,2,0,-1.3890655646843866,-0.0993949637902665,High-Value Loyalists
10731,1954,PhD,Single,94129.0,0,0,2012-10-14,49,456,102,146,20,328,31,3,3,3,6,5,1,0,0,0,0,0,0,3,11,61,0,1,809.0,1083.0,12,3,5,0.25,0.25,0.5,1,0,-1.2011333059378095,0.5726150404338777,High-Value Loyalists
10732,1978,Graduation,Married,69771.0,0,0,2013-10-16,7,1588,139,795,177,428,385,1,7,8,41,0,0,0,0,1,0,0,0,3,11,37,0,2,442.0,3512.0,56,1,0,0.125,0.14285714285714285,0.7321428571428571,1,0,-2.914353160948189,1.2627508005440495,High-Value Loyalists
10733,1985,2n Cycle,Together,57140.0,0,0,2012-03-29,0,250,268,257,250,50,155,3,7,3,11,8,0,1,0,0,1,1,0,3,11,30,0,2,1008.0,1230.0,21,3,8,0.3333333333333333,0.14285714285714285,0.5238095238095238,3,0,-0.7415377049705821,0.20591929810953064,High-Value Loyalists
10734,1944,PhD,Together,78615.0,0,0,2012-06-25,55,563,220,373,20,87,85,0,6,10,6,3,0,1,0,0,0,1,0,3,11,71,0,2,920.0,1348.0,22,0,3,0.2727272727272727,0.45454545454545453,0.2727272727272727,2,0,-1.3192330733643551,-0.740067119909581,High-Value Loyalists
10735,1974,PhD,Widow,45481.0,0,1,2012-07-15,43,66,2,96,25,13,13,3,3,1,2,9,0,0,0,0,0,0,0,3,11,41,1,2,900.0,215.0,6,3,9,0.5,0.16666666666666666,0.3333333333333333,0,1,0.9298941506010148,-0.595732015291714,Digital Enthusiasts
10736,1982,Graduation,Widow,105631.0,0,0,2013-02-25,15,242,171,238,229,35,13,3,6,4,3,3,1,0,0,0,0,0,0,3,11,33,0,1,675.0,928.0,13,3,3,0.46153846153846156,0.3076923076923077,0.23076923076923078,1,0,-1.542899231051746,-1.1997593385027272,High-Value Loyalists
10737,1982,Graduation,Married,68700.0,0,0,2012-03-04,26,478,25,113,37,42,62,1,6,3,5,6,0,0,0,0,1,0,0,3,11,33,0,2,1033.0,757.0,14,1,6,0.42857142857142855,0.21428571428571427,0.35714285714285715,1,0,-0.6175169121611651,-0.5945221168992145,High-Value Loyalists
10739,1976,Master,Married,61072.0,0,0,2014-03-10,29,775,327,791,353,250,191,2,8,9,23,2,0,0,1,0,0,1,0,3,11,39,0,2,297.0,2687.0,40,2,2,0.2,0.225,0.575,2,0,-1.9050719885864016,0.5637742330631883,High-Value Loyalists
10740,1960,PhD,Together,77524.0,0,0,2012-12-23,21,579,154,501,783,480,6,1,7,11,22,4,0,0,0,1,1,1,0,3,11,55,0,2,739.0,2503.0,40,1,4,0.175,0.275,0.55,3,0,-2.1408378867773825,0.45777912853855607,High-Value Loyalists
10741,1974,Graduation,Married,107098.0,0,0,2012-01-05,37,868,98,267,0,426,175,0,22,0,11,5,0,0,0,0,0,1,0,3,11,41,0,2,1086.6599999999999,1834.0,33,0,5,0.6666666666666666,0.0,0.3333333333333333,1,0,-1.8287199762407829,-0.9914401889748773,High-Value Loyalists
10742,1957,PhD,Single,65817.0,0,1,2012-09-04,39,225,22,199,16,55,9,1,6,2,2,2,0,0,0,0,0,0,0,3,11,58,1,2,849.0,526.0,10,1,2,0.6,0.2,0.2,0,0,-0.1037052954445044,-1.290982137270866,High-Value Loyalists
10743,1959,Graduation,Married,111173.0,0,0,2012-03-03,0,411,111,602,47,138,12,0,8,3,16,2,1,0,0,0,0,0,0,3,11,56,0,2,1034.0,1321.0,27,0,2,0.2962962962962963,0.1111111111111111,0.5925925925925926,1,0,-2.050672357636187,0.686565509327908,High-Value Loyalists
10744,1986,Graduation,Single,32673.0,1,1,2013-07-27,28,191,44,110,44,83,140,3,8,1,5,7,1,1,0,1,1,0,0,3,11,29,2,3,523.0,612.0,14,3,7,0.5714285714285714,0.07142857142857142,0.35714285714285715,4,1,1.345341641283769,-0.8839218163901088,Digital Enthusiasts
10745,1988,Master,Together,37580.0,0,0,2013-12-17,62,434,147,301,63,6,119,0,4,6,8,6,0,0,0,0,1,0,0,3,11,27,0,2,380.0,1070.0,18,0,6,0.2222222222222222,0.3333333333333333,0.4444444444444444,1,0,-0.38891399798544674,0.022632130147355087,High-Value Loyalists
10746,1979,Graduation,Divorced,45650.0,0,0,2012-09-16,19,671,194,1299,81,177,147,4,6,18,13,7,0,0,0,1,0,1,0,3,11,36,0,1,837.0,2569.0,37,4,7,0.16216216216216217,0.4864864864864865,0.35135135135135137,2,0,-1.7374930926544463,-0.5159134408448213,High-Value Loyalists
10747,1984,PhD,Widow,86376.0,1,0,2012-09-26,50,1185,5,266,36,143,318,2,8,3,16,7,1,0,0,1,0,1,0,3,11,31,1,2,827.0,1953.0,27,2,7,0.2962962962962963,0.1111111111111111,0.5925925925925926,3,0,-0.7998345078155975,0.4758290681342625,High-Value Loyalists
10748,1974,Master,Widow,35070.0,0,2,2012-10-16,42,50,24,53,2,5,10,3,1,2,2,6,0,0,0,0,0,0,0,3,11,41,2,3,807.0,144.0,5,3,6,0.2,0.4,0.4,0,1,1.7966392297041809,-0.20947986831161627,Digital Enthusiasts
10749,1964,Graduation,Widow,44750.0,0,0,2012-11-24,69,312,11,132,11,9,6,3,1,1,6,6,0,0,0,0,0,0,0,3,11,51,0,1,768.0,481.0,8,3,6,0.125,0.125,0.75,0,0,-0.18197678604169756,2.059429816202575,High-Value Loyalists
10750,1976,Master,Single,90280.0,0,1,2013-09-18,40,238,106,90,115,97,245,2,5,10,5,7,1,1,0,0,0,0,0,3,11,39,1,2,470.0,891.0,20,2,7,0.25,0.5,0.25,2,0,-0.41687471486932803,-1.1216932036018308,High-Value Loyalists
10751,1979,Graduation,Single,83715.0,0,0,2012-10-03,6,415,77,160,252,41,171,2,10,2,4,8,0,0,1,0,0,0,0,3,11,36,0,1,820.0,1116.0,16,2,8,0.625,0.125,0.25,1,0,-1.3132262400093908,-1.2071083832922826,High-Value Loyalists
10752,1973,Master,Single,65319.0,1,0,2012-12-10,12,285,114,646,2,7,71,0,9,2,6,5,0,0,0,1,1,0,0,3,11,42,1,2,752.0,1125.0,17,0,5,0.5294117647058824,0.11764705882352941,0.35294117647058826,2,0,-0.6181840157258238,-0.7392189326420571,High-Value Loyalists
10753,1976,Graduation,Widow,61296.0,0,0,2014-03-12,5,1138,283,1228,430,86,427,2,25,15,14,6,0,0,0,0,0,0,0,3,11,39,0,1,295.0,3592.0,54,2,6,0.46296296296296297,0.2777777777777778,0.25925925925925924,0,0,-2.819108685933268,-1.2495068893970291,High-Value Loyalists
10754,1970,Graduation,Together,37009.0,0,1,2013-11-17,78,49,24,55,2,21,35,3,1,0,2,8,0,0,1,1,0,0,0,3,11,45,1,3,410.0,186.0,3,3,8,0.3333333333333333,0.0,0.6666666666666666,2,1,1.6485343052345056,1.2399599696383012,Digital Enthusiasts
10755,1989,Graduation,Together,68021.0,1,1,2014-04-15,10,120,195,575,54,40,271,2,5,6,10,3,0,0,1,0,0,0,0,3,11,26,2,4,261.0,1255.0,21,2,3,0.23809523809523808,0.2857142857142857,0.47619047619047616,1,1,0.7753664930709586,-0.25208537449479684,Digital Enthusiasts
10756,1974,Graduation,Together,89514.0,0,1,2012-11-17,29,704,67,496,40,5,141,3,7,5,15,4,0,0,0,0,0,0,0,3,11,41,1,3,775.0,1453.0,27,3,4,0.25925925925925924,0.18518518518518517,0.5555555555555556,0,0,-0.2647515393981293,0.3810230538248489,High-Value Loyalists
10757,1956,Graduation,Widow,56585.0,1,0,2014-04-15,50,220,15,177,66,29,113,4,9,2,2,3,1,0,0,0,0,0,0,3,11,59,1,2,261.0,620.0,13,4,3,0.6923076923076923,0.15384615384615385,0.15384615384615385,1,1,0.29775908176246707,-1.5115033383074998,Digital Enthusiasts
10758,1968,Graduation,Together,104065.0,0,0,2012-09-25,32,372,197,833,126,243,211,1,17,9,7,2,0,1,0,0,0,0,0,3,11,47,0,2,828.0,1982.0,33,1,2,0.5151515151515151,0.2727272727272727,0.21212121212121213,1,0,-1.9843228806611288,-1.4689106354877426,High-Value Loyalists
10759,1969,Master,Together,82125.0,0,0,2012-10-03,27,285,10,221,130,63,65,3,2,4,8,4,0,0,1,1,0,0,0,3,11,46,0,2,820.0,774.0,14,3,4,0.14285714285714285,0.2857142857142857,0.5714285714285714,2,0,-0.7568313246282946,0.7780961342351578,High-Value Loyalists
10760,1977,Graduation,Together,30074.0,0,1,2014-05-07,23,96,21,48,70,30,26,5,2,1,1,10,0,0,0,0,0,0,0,3,11,38,1,3,239.0,291.0,4,5,10,0.5,0.25,0.25,0,1,1.7331684124327784,-1.0762856576691764,Digital Enthusiasts
10761,1956,Graduation,Single,104667.0,0,0,2012-06-29,1,830,259,855,107,167,90,2,13,15,10,2,1,0,0,0,1,0,0,3,11,59,0,1,916.0,2308.0,38,2,2,0.34210526315789475,0.39473684210526316,0.2631578947368421,2,0,-2.886263665332915,-1.0299780168607222,High-Value Loyalists
10762,1955,Graduation,Divorced,84851.0,0,0,2014-01-06,4,831,36,727,163,83,311,0,8,5,22,3,0,0,0,0,1,0,0,3,11,60,0,1,360.0,2151.0,35,0,3,0.22857142857142856,0.14285714285714285,0.6285714285714286,1,0,-2.6595366723973557,1.041036056864599,High-Value Loyalists
10763,1960,PhD,Married,54412.0,0,0,2014-01-15,0,1081,109,739,132,163,135,1,9,9,23,4,1,1,0,0,0,0,0,3,11,55,0,2,351.0,2359.0,41,1,4,0.21951219512195122,0.21951219512195122,0.5609756097560976,2,0,-1.9657870347510467,0.555725376866289,High-Value Loyalists
10764,1961,PhD,Together,33974.0,1,1,2014-04-13,61,431,216,233,41,123,17,2,9,6,5,2,0,0,0,1,0,1,0,3,11,54,2,4,263.0,1061.0,20,2,2,0.45,0.3,0.25,2,1,1.3944982632686838,-1.2239814346778597,Digital Enthusiasts
10765,1984,Master,Widow,73419.0,0,0,2014-02-03,39,559,425,221,263,871,374,1,8,11,23,2,0,0,0,0,0,0,0,3,11,31,0,1,332.0,2713.0,42,1,2,0.19047619047619047,0.2619047619047619,0.5476190476190477,0,0,-2.514865685277741,0.47468719290112305,High-Value Loyalists
10766,1958,Master,Divorced,100088.0,0,0,2014-01-11,4,592,131,624,213,30,363,0,9,10,15,1,0,0,0,0,1,0,0,3,11,57,0,1,355.0,1953.0,34,0,1,0.2647058823529412,0.29411764705882354,0.4411764705882353,1,0,-2.8383442206587337,0.0159079463022479,High-Value Loyalists
10767,1966,Master,Together,92072.0,0,0,2012-11-14,56,735,122,143,12,59,147,1,2,5,13,5,0,1,0,0,1,0,0,3,11,49,0,2,778.0,1218.0,20,1,5,0.1,0.25,0.65,2,0,-1.1093197896103169,1.1768586944776918,High-Value Loyalists
10768,1972,Graduation,Widow,93381.0,0,0,2013-05-15,25,840,16,548,3,86,20,2,18,4,4,5,0,0,0,0,0,0,0,3,11,43,0,1,596.0,1513.0,26,2,5,0.6923076923076923,0.15384615384615385,0.15384615384615385,0,0,-1.7635384902392581,-1.6992264952495417,High-Value Loyalists
10769,1962,Master,Together,56136.0,1,1,2013-06-04,76,38,39,78,4,78,20,6,2,1,3,9,1,1,0,0,0,1,0,3,11,53,2,4,576.0,257.0,6,6,9,0.3333333333333333,0.16666666666666666,0.5,3,1,2.5885393375432053,0.20960057349334205,Digital Enthusiasts
10770,1984,Graduation,Divorced,50429.0,0,0,2012-09-20,55,380,173,278,168,40,227,1,14,3,6,3,0,0,0,0,0,1,0,3,11,31,0,1,833.0,1266.0,23,1,3,0.6086956521739131,0.13043478260869565,0.2608695652173913,1,0,-1.2370176246846654,-1.0881104985761516,High-Value Loyalists
10771,1975,Master,Together,37792.0,1,1,2012-12-17,55,45,19,90,6,30,44,2,3,0,2,8,1,0,0,0,0,0,0,3,11,40,2,4,745.0,234.0,5,2,8,0.6,0.0,0.4,1,1,2.350188013523451,-0.5546721168686258,Digital Enthusiasts
10772,1967,Master,Divorced,40386.0,0,2,2014-02-04,13,69,16,38,53,5,16,1,2,3,6,14,0,0,0,0,0,0,0,3,11,48,2,3,331.0,197.0,11,1,14,0.18181818181818182,0.2727272727272727,0.5454545454545454,0,1,1.6260431298025577,0.50363664988473,Digital Enthusiasts
10773,1962,Graduation,Single,44880.0,0,0,2012-01-14,56,101,47,170,20,0,55,7,4,1,10,7,0,0,1,0,0,0,0,3,11,53,0,1,1083.0,393.0,15,7,7,0.26666666666666666,0.06666666666666667,0.6666666666666666,1,0,0.054322137532178835,1.5241991929215675,High-Value Loyalists
10774,1967,Graduation,Married,90511.0,1,0,2012-03-10,39,476,159,167,12,60,141,1,3,4,14,0,1,0,1,0,0,0,0,3,11,48,1,3,1027.0,1015.0,21,1,0,0.14285714285714285,0.19047619047619047,0.6666666666666666,2,0,-0.4829627709807199,1.0613766511852092,High-Value Loyalists
10775,1945,Graduation,Single,37760.0,1,0,2013-01-04,37,246,1,114,45,137,25,2,2,2,12,5,0,0,0,0,0,0,0,3,11,70,1,2,727.0,568.0,16,2,5,0.125,0.125,0.75,0,1,0.22003476127628438,1.9547477096202388,Digital Enthusiasts
10776,1970,Master,Single,50379.0,1,1,2013-11-25,61,65,2,46,12,3,33,4,0,0,0,12,0,0,0,0,0,0,0,3,11,45,2,3,402.0,161.0,2,4,12,0.0,0.0,0.0,0,1,2.306487946633508,-0.38553279087511394,Digital Enthusiasts
10777,1957,Graduation,Divorced,78530.0,0,0,2014-03-16,27,791,87,228,61,63,70,4,2,8,8,3,0,0,0,0,0,0,0,3,11,58,0,1,291.0,1300.0,18,4,3,0.1111111111111111,0.4444444444444444,0.4444444444444444,0,0,-1.369539320868384,0.37175147276592024,High-Value Loyalists
10778,1962,Graduation,Widow,57046.0,0,2,2013-09-07,37,74,24,23,56,9,55,8,2,2,2,7,0,0,0,0,0,0,0,3,11,53,2,3,481.0,241.0,6,8,7,0.3333333333333333,0.3333333333333333,0.3333333333333333,0,1,2.0657587433357834,-0.5077606767920753,Digital Enthusiasts
10779,1953,PhD,Widow,51663.0,0,0,2014-02-11,49,130,34,93,65,31,21,7,2,5,3,4,1,0,1,1,0,0,0,3,11,62,0,1,324.0,374.0,10,7,4,0.2,0.5,0.3,3,0,-0.25535763100612174,-0.2825371297274847,High-Value Loyalists
10780,1996,Master,Together,79838.0,1,0,2012-05-13,26,885,49,117,70,94,115,1,6,4,13,3,0,1,1,0,1,0,0,3,11,19,1,3,963.0,1330.0,23,1,3,0.2608695652173913,0.17391304347826086,0.5652173913043478,3,0,-0.4144018563029263,0.1953713527500912,High-Value Loyalists
10781,1962,Master,Divorced,51449.0,1,0,2012-04-03,60,200,151,178,207,37,48,1,3,1,6,3,0,0,0,0,0,0,0,3,11,53,1,2,1003.0,821.0,10,1,3,0.3,0.1,0.6,0,1,0.12135711050597743,0.9501738829312949,Digital Enthusiasts
10782,1971,Master,Single,64602.0,1,0,2013-03-28,25,403,11,112,109,103,195,4,13,1,6,5,0,0,0,0,0,0,0,3,11,44,1,2,644.0,933.0,20,4,5,0.65,0.05,0.3,0,0,-0.00857925896326608,-0.9368545753307645,High-Value Loyalists
10783,1984,2n Cycle,Single,33811.0,0,1,2012-10-03,42,33,2,141,30,26,6,2,4,2,7,5,1,0,0,1,0,1,0,3,11,31,1,2,820.0,238.0,13,2,5,0.3076923076923077,0.15384615384615385,0.5384615384615384,3,1,0.4214926121007551,0.42689878000790815,Digital Enthusiasts
10784,1956,Graduation,Together,53254.0,1,0,2014-03-02,15,414,12,191,16,25,103,4,5,2,11,3,0,0,0,0,0,0,0,3,11,59,1,3,305.0,761.0,18,4,3,0.2777777777777778,0.1111111111111111,0.6111111111111112,0,1,0.4510235953198421,0.9626978430241715,Digital Enthusiasts
10785,1975,Graduation,Single,69268.0,1,0,2012-03-07,86,348,40,306,49,79,54,1,2,5,12,5,1,1,0,0,0,0,0,3,11,40,1,2,1030.0,876.0,19,1,5,0.10526315789473684,0.2631578947368421,0.631578947368421,2,0,-0.09670811480020974,1.0240458945742512,High-Value Loyalists
10786,1942,PhD,Together,57656.0,1,0,2012-11-24,42,75,66,189,53,34,44,1,7,2,2,4,0,0,0,0,0,0,0,3,11,73,1,3,768.0,461.0,11,1,4,0.6363636363636364,0.18181818181818182,0.18181818181818182,0,1,0.5743351567432289,-1.3742395432236154,Digital Enthusiasts
10787,1982,Graduation,Widow,63395.0,0,0,2012-09-25,13,874,62,542,112,119,103,3,10,1,16,3,0,0,0,0,0,0,0,3,11,33,0,1,828.0,1812.0,27,3,3,0.37037037037037035,0.037037037037037035,0.5925925925925926,0,0,-1.6640589981591156,0.7190437536602496,High-Value Loyalists
10788,1977,PhD,Single,33635.0,1,2,2013-06-17,71,123,76,111,17,52,12,4,5,1,3,12,0,1,0,0,0,0,0,3,11,38,3,4,563.0,391.0,9,4,12,0.5555555555555556,0.1111111111111111,0.3333333333333333,1,1,3.217027545675279,-0.9437731837139877,Digital Enthusiasts
10789,1972,Basic,Single,60191.0,1,1,2012-09-24,62,85,30,171,22,3,41,3,5,3,7,10,0,0,0,0,0,0,1,3,11,43,2,3,829.0,352.0,15,3,10,0.3333333333333333,0.2,0.4666666666666667,0,1,1.6285104501171304,-0.005410328533108091,Digital Enthusiasts
10790,1964,Graduation,Married,88399.0,0,0,2014-04-26,40,919,103,792,321,218,348,2,24,3,13,5,1,0,0,1,0,0,0,3,11,51,0,2,250.0,2701.0,40,2,5,0.6,0.075,0.325,2,0,-1.9210731147581186,-0.9115260833521874,High-Value Loyalists
10791,1979,Graduation,Together,88538.0,1,1,2012-02-17,52,282,14,177,26,11,32,1,4,3,3,5,0,0,0,0,0,0,0,3,11,36,2,4,1049.0,542.0,10,1,5,0.4,0.3,0.3,0,1,1.3537582803421282,-1.1269838911299224,Digital Enthusiasts
10792,1969,Basic,Widow,62506.0,1,0,2012-03-06,62,747,233,442,349,11,142,0,8,9,17,2,0,0,0,0,1,0,0,3,11,46,1,2,1031.0,1924.0,34,0,2,0.23529411764705882,0.2647058823529412,0.5,1,0,-1.0670538050900813,0.18959869457269515,High-Value Loyalists
10793,1973,Graduation,Divorced,94790.0,0,0,2014-03-16,4,325,74,931,164,116,594,1,13,2,24,5,0,0,0,1,0,0,0,3,11,42,0,1,291.0,2204.0,39,1,5,0.3333333333333333,0.05128205128205128,0.6153846153846154,1,0,-2.597649486502477,0.7570503376492514,High-Value Loyalists
10794,1966,Graduation,Divorced,69099.0,0,0,2013-04-18,31,1280,148,302,316,692,52,0,17,5,20,2,0,0,0,0,0,1,0,3,11,49,0,1,623.0,2790.0,42,0,2,0.40476190476190477,0.11904761904761904,0.47619047619047616,1,0,-2.6977942891528564,0.05377070425520993,High-Value Loyalists
10795,1974,Graduation,Divorced,59440.0,0,0,2014-01-25,3,499,253,336,71,89,85,3,5,9,8,5,0,1,0,0,1,0,0,3,11,41,0,1,341.0,1333.0,22,3,5,0.22727272727272727,0.4090909090909091,0.36363636363636365,2,0,-1.4672318727827947,-0.33394760608519114,High-Value Loyalists
10796,1970,Graduation,Single,93871.0,0,0,2013-02-17,21,1068,60,669,59,52,27,0,3,14,13,0,0,0,1,0,0,0,0,3,11,45,0,1,683.0,1935.0,30,0,0,0.1,0.4666666666666667,0.43333333333333335,1,0,-2.6337976513973147,0.009037420125989286,High-Value Loyalists
10797,1960,Graduation,Widow,123595.0,0,0,2014-04-15,42,714,209,437,105,47,200,3,5,11,11,4,1,1,0,1,0,0,0,3,11,55,0,1,261.0,1712.0,27,3,4,0.18518518518518517,0.4074074074074074,0.4074074074074074,3,0,-2.226236621101657,-0.0929295147425308,High-Value Loyalists
10798,1970,Graduation,Together,39725.0,0,2,2013-03-02,38,90,17,151,12,16,36,3,2,4,5,11,0,0,0,0,0,0,0,3,11,45,2,4,670.0,322.0,11,3,11,0.18181818181818182,0.36363636363636365,0.45454545454545453,0,1,2.2935532148130746,-0.03933285402549565,Digital Enthusiasts
10799,1965,Graduation,Together,50115.0,1,1,2013-10-31,99,160,13,20,40,11,5,1,2,1,2,10,0,0,0,0,0,1,0,3,11,50,2,4,427.0,249.0,5,1,10,0.4,0.2,0.4,1,1,2.4486997009098115,-0.3403706974176429,Digital Enthusiasts
10800,1970,Graduation,Divorced,43195.0,0,1,2014-06-15,58,209,47,97,13,8,16,7,1,7,4,7,1,0,0,0,0,0,0,3,11,45,1,2,205.34,390.0,12,7,7,0.08333333333333333,0.5833333333333334,0.3333333333333333,1,1,1.0419992421632385,-0.2745398702707246,Digital Enthusiasts
10801,1974,Master,Single,90005.0,1,0,2013-11-15,0,317,7,92,16,19,179,1,3,3,7,5,1,0,0,0,0,0,0,3,11,41,1,2,412.0,630.0,13,1,5,0.23076923076923078,0.23076923076923078,0.5384615384615384,1,0,-0.5867921766061037,0.4308819425523528,High-Value Loyalists
10802,1959,PhD,Together,51390.0,1,0,2012-08-22,67,145,116,28,178,27,12,4,5,9,4,5,0,0,0,0,0,0,0,3,11,56,1,3,862.0,506.0,18,4,5,0.2777777777777778,0.5,0.2222222222222222,0,1,0.9697622980867076,-1.0562857707189353,Digital Enthusiasts
10803,1977,2n Cycle,Divorced,61291.0,1,1,2013-12-09,99,167,87,168,12,52,123,4,7,2,4,8,0,0,0,0,0,1,0,3,11,38,2,3,388.0,609.0,13,4,8,0.5384615384615384,0.15384615384615385,0.3076923076923077,1,1,1.8000687125059898,-0.9137301671189311,Digital Enthusiasts
10804,1957,2n Cycle,Widow,81674.0,0,0,2012-12-12,0,844,11,314,63,42,223,2,5,10,10,3,0,1,0,1,1,1,0,3,11,58,0,1,750.0,1497.0,25,2,3,0.2,0.4,0.4,4,0,-2.166462465715266,-0.14988491544882374,High-Value Loyalists
10805,1961,Graduation,Divorced,77209.0,0,0,2013-08-30,43,504,571,427,169,27,37,2,5,19,7,5,0,1,1,0,1,0,0,3,11,54,0,1,489.0,1735.0,31,2,5,0.16129032258064516,0.6129032258064516,0.22580645161290322,3,0,-1.9146135454682205,-1.0129504826886253,High-Value Loyalists
10806,1980,Graduation,Single,29832.0,1,1,2013-08-13,36,98,18,33,6,18,27,6,1,2,3,7,0,0,0,0,0,0,0,3,11,35,2,3,506.0,200.0,6,6,7,0.16666666666666666,0.3333333333333333,0.5,0,1,2.1534499025357925,0.338858340278111,Digital Enthusiasts
10807,1965,Master,Married,130117.49999999999,0,0,2012-06-07,26,628,36,600,253,77,565,1,11,4,14,6,0,0,0,0,1,0,0,3,11,50,0,2,938.0,2159.0,29,1,6,0.3793103448275862,0.13793103448275862,0.4827586206896552,1,0,-2.0452305418414087,-0.02447352928432607,High-Value Loyalists
10808,1990,Graduation,Widow,44767.0,1,1,2012-09-15,29,111,48,29,1,2,21,3,1,2,3,9,0,0,0,0,0,0,0,3,11,25,2,3,838.0,212.0,6,3,9,0.16666666666666666,0.3333333333333333,0.5,0,1,1.768413536783382,0.15790784273749553,Digital Enthusiasts
10809,1958,Graduation,Widow,48639.0,0,0,2012-06-08,70,107,43,367,29,5,27,7,3,2,7,2,0,0,0,0,0,0,0,3,11,57,0,1,937.0,578.0,12,7,2,0.25,0.16666666666666666,0.5833333333333334,0,0,-0.13142674086869047,1.1981511752750544,High-Value Loyalists
10810,1959,Graduation,Divorced,115540.0,0,0,2012-03-02,20,1136,759,361,108,67,193,0,6,1,28,4,0,0,0,0,0,0,0,3,11,56,0,1,1035.0,2624.0,35,0,4,0.17142857142857143,0.02857142857142857,0.8,0,0,-2.9048387988084716,1.8624901119645234,High-Value Loyalists
10811,1968,Graduation,Married,103270.0,0,0,2013-03-26,53,483,130,449,67,12,316,0,5,13,6,3,0,0,0,1,0,0,0,3,11,47,0,2,646.0,1457.0,24,0,3,0.20833333333333334,0.5416666666666666,0.25,1,0,-1.5813194083298332,-1.0174318360109564,High-Value Loyalists
10812,1953,Graduation,Widow,77051.0,0,0,2012-06-29,29,481,79,111,24,40,101,2,3,1,5,6,0,0,0,0,0,0,0,3,11,62,0,1,916.0,836.0,9,2,6,0.3333333333333333,0.1111111111111111,0.5555555555555556,0,0,-1.0002553941269237,0.8553815914514428,High-Value Loyalists
10813,1996,Master,Together,27883.0,1,2,2013-09-13,53,150,20,31,74,31,77,3,2,2,4,8,0,0,0,0,0,0,0,3,11,19,3,5,475.0,383.0,8,3,8,0.25,0.25,0.5,0,1,3.3945762629271274,-0.11575634026112044,Digital Enthusiasts
10814,1970,PhD,Widow,85348.0,0,0,2012-07-31,0,707,138,1264,118,41,569,1,14,14,17,3,0,0,1,0,0,0,0,3,11,45,0,1,884.0,2837.0,45,1,3,0.3111111111111111,0.3111111111111111,0.37777777777777777,1,0,-2.9963203444493502,-0.5349677213925615,High-Value Loyalists
10815,1951,Graduation,Divorced,47406.0,0,0,2012-01-27,99,285,13,269,24,31,33,2,8,1,4,3,0,0,0,0,0,0,0,3,11,64,0,1,1070.0,655.0,13,2,3,0.6153846153846154,0.07692307692307693,0.3076923076923077,0,0,-0.4198889640617171,-0.43844269358885235,High-Value Loyalists
10816,1950,PhD,Single,35041.0,0,0,2012-05-12,94,764,662,326,24,124,225,3,12,5,16,4,1,0,0,0,0,0,0,3,11,65,0,1,964.0,2125.0,33,3,4,0.36363636363636365,0.15151515151515152,0.48484848484848486,1,0,-1.1557892056022112,0.4676777015008643,High-Value Loyalists
10817,1964,PhD,Married,46977.0,0,1,2013-05-06,99,123,25,104,77,14,75,4,4,2,3,1,0,0,0,0,0,1,0,3,11,51,1,3,605.0,418.0,9,4,1,0.4444444444444444,0.2222222222222222,0.3333333333333333,1,1,1.2297040821621876,-0.49277606206294156,Digital Enthusiasts
10818,1973,Graduation,Single,36000.0,0,1,2012-04-23,91,48,9,192,6,16,47,7,2,2,2,8,0,0,1,0,0,0,0,3,11,42,1,2,983.0,318.0,6,7,8,0.3333333333333333,0.3333333333333333,0.3333333333333333,1,1,1.5882791758357298,-0.3951684106442356,Digital Enthusiasts
10819,1979,Master,Married,75363.0,0,1,2014-03-09,25,395,3,198,106,14,109,2,6,2,7,6,0,0,0,0,0,0,0,3,11,36,1,3,298.0,825.0,15,2,6,0.4,0.13333333333333333,0.4666666666666667,0,1,0.34696322776853594,-0.0819015996903727,Digital Enthusiasts
10820,1977,Graduation,Divorced,130117.49999999999,0,0,2013-11-03,27,532,133,477,118,464,107,0,6,7,18,8,0,0,1,0,0,1,0,3,11,38,0,1,424.0,1831.0,31,0,8,0.1935483870967742,0.22580645161290322,0.5806451612903226,2,0,-2.518375824852724,0.5856688221969514,High-Value Loyalists
10821,1973,PhD,Widow,35408.0,1,1,2012-04-23,64,199,19,155,68,8,34,4,3,2,2,11,0,0,1,0,0,0,0,3,11,42,2,3,983.0,483.0,7,4,11,0.42857142857142855,0.2857142857142857,0.2857142857142857,1,1,2.1452772984199924,-0.9638143345243483,Digital Enthusiasts
10822,1988,Graduation,Widow,57656.0,1,0,2014-02-11,46,677,158,1145,147,20,55,0,9,4,23,8,0,1,0,0,0,0,0,3,11,27,1,2,324.0,2202.0,36,0,8,0.25,0.1111111111111111,0.6388888888888888,1,0,-0.8786510345085209,0.7530788387220556,High-Value Loyalists
10823,1986,Graduation,Divorced,38913.0,1,1,2012-10-08,33,144,4,167,13,68,95,6,3,3,5,7,0,0,0,0,1,1,0,3,11,29,2,3,815.0,491.0,11,6,7,0.2727272727272727,0.2727272727272727,0.45454545454545453,2,1,1.7787363042415965,-0.12665784012451506,Digital Enthusiasts
10824,1962,PhD,Widow,63351.0,0,0,2014-03-17,26,278,11,143,173,183,48,0,2,6,7,7,0,0,0,0,0,0,0,3,11,53,0,1,290.0,836.0,15,0,7,0.13333333333333333,0.4,0.4666666666666667,0,0,-1.1972951345763767,0.4286130518347393,High-Value Loyalists
10825,1954,Master,Widow,80356.0,1,0,2014-06-07,0,347,261,270,115,47,138,0,5,3,20,0,0,1,0,0,0,0,0,3,11,61,1,2,208.0,1178.0,28,0,0,0.17857142857142858,0.10714285714285714,0.7142857142857143,1,0,-1.4076182274043074,1.4677073909499625,High-Value Loyalists
10826,1974,Graduation,Widow,33495.0,1,1,2012-08-13,48,150,29,67,15,0,76,8,1,4,3,8,0,0,1,0,0,1,0,3,11,41,2,3,871.0,337.0,8,8,8,0.125,0.5,0.375,2,1,2.252770065535971,-0.30700900992960833,Digital Enthusiasts
10827,1976,2n Cycle,Married,80304.0,1,0,2012-10-22,30,262,40,270,18,79,49,1,5,5,3,2,0,0,0,0,0,0,0,3,11,39,1,3,801.0,718.0,13,1,2,0.38461538461538464,0.38461538461538464,0.23076923076923078,0,1,0.05975637096880902,-1.3046867169777625,Digital Enthusiasts
10828,1958,Master,Widow,56091.0,1,0,2012-05-08,42,133,18,89,62,23,27,4,2,2,2,2,1,0,0,0,1,0,0,3,11,57,1,2,968.0,352.0,6,4,2,0.3333333333333333,0.3333333333333333,0.3333333333333333,2,1,0.34642637611194604,-0.4269972586776122,Digital Enthusiasts
10829,1992,PhD,Married,43183.0,0,0,2012-01-26,43,302,27,408,18,204,300,4,3,8,7,7,0,1,0,1,0,1,0,3,11,23,0,2,1071.0,1259.0,18,4,7,0.16666666666666666,0.4444444444444444,0.3888888888888889,3,0,-0.24559098638052212,-0.3571664298112096,High-Value Loyalists
10830,1964,PhD,Together,29740.0,1,2,2013-04-08,27,132,6,187,8,6,3,5,3,2,6,5,0,0,0,0,0,0,0,3,11,51,3,5,633.0,342.0,11,5,5,0.2727272727272727,0.18181818181818182,0.5454545454545454,0,1,3.1498173343380858,0.32648858967135974,Digital Enthusiasts
10831,1989,PhD,Together,51307.0,1,2,2013-09-07,39,167,67,103,20,29,8,4,3,0,3,3,0,0,0,0,0,0,0,3,11,26,3,5,481.0,394.0,6,4,3,0.5,0.0,0.5,0,1,2.9751667847233882,-0.21024531408841898,Digital Enthusiasts
10832,1982,Graduation,Widow,70441.0,1,0,2013-05-12,21,768,2,390,82,3,144,2,7,3,11,7,0,0,0,0,1,1,0,3,11,33,1,2,599.0,1389.0,21,2,7,0.3333333333333333,0.14285714285714285,0.5238095238095238,2,0,-0.4709330586555161,0.19463857012325636,High-Value Loyalists
10833,1972,Graduation,Married,32627.0,0,1,2014-06-03,76,114,54,71,13,29,62,3,2,4,1,4,0,0,0,0,0,0,0,3,11,43,1,3,212.0,343.0,7,3,4,0.2857142857142857,0.5714285714285714,0.14285714285714285,0,1,1.369393173511893,-1.437446867885425,Digital Enthusiasts
10834,1970,Master,Widow,36727.0,1,1,2012-04-13,62,37,25,74,4,14,39,5,1,0,2,6,0,0,0,0,0,0,0,3,11,45,2,3,993.0,193.0,3,5,6,0.3333333333333333,0.0,0.6666666666666666,0,1,2.1835822256252975,1.1947264649120186,Digital Enthusiasts
10835,1977,Graduation,Single,38101.0,0,1,2012-07-26,65,171,16,36,19,0,26,3,1,0,1,11,0,0,1,0,1,0,0,3,11,38,1,2,889.0,268.0,2,3,11,0.5,0.0,0.5,2,1,1.2529446730188474,0.255442986220358,Digital Enthusiasts
10836,1986,Master,Married,44024.0,0,1,2014-03-12,37,34,11,30,19,42,22,3,1,1,3,6,0,0,0,0,0,0,0,3,11,29,1,3,295.0,158.0,5,3,6,0.2,0.2,0.6,0,1,1.2640974976019594,0.8347456461045984,Digital Enthusiasts
10837,1960,Graduation,Widow,39630.0,1,0,2012-07-13,52,92,37,108,15,32,4,1,3,2,5,7,0,0,0,0,1,0,0,3,11,55,1,2,902.0,288.0,10,1,7,0.3,0.2,0.5,1,1,0.5195525354584972,0.4416979483417093,Digital Enthusiasts
10838,1983,Graduation,Married,54938.0,0,0,2012-11-22,20,837,38,417,97,14,121,1,7,6,13,6,0,0,0,1,1,0,0,3,11,32,0,2,770.0,1524.0,26,1,6,0.2692307692307692,0.23076923076923078,0.5,2,0,-1.0878071777408453,0.14335577036622882,High-Value Loyalists
10839,1978,Graduation,Together,40132.0,1,1,2013-01-23,41,60,2,84,16,12,37,3,4,2,5,3,0,0,0,0,0,0,0,3,11,37,2,4,708.0,211.0,11,3,3,0.36363636363636365,0.18181818181818182,0.45454545454545453,0,1,1.9576805741576768,-0.15155098364219238,Digital Enthusiasts
10840,1959,Graduation,Together,88221.0,0,0,2012-07-10,36,747,633,833,158,39,237,2,21,2,20,2,0,0,0,1,0,1,0,3,11,56,0,2,905.0,2647.0,43,2,2,0.4883720930232558,0.046511627906976744,0.46511627906976744,2,0,-2.174159822619815,-0.12648414978961517,High-Value Loyalists
10841,1981,Master,Divorced,42604.0,1,1,2013-04-27,43,95,85,123,71,21,31,6,4,4,3,7,0,0,0,0,0,0,0,3,11,34,2,3,614.0,426.0,11,6,7,0.36363636363636365,0.36363636363636365,0.2727272727272727,0,1,1.9084251248849047,-1.0172922920690177,Digital Enthusiasts
10842,1969,Graduation,Together,29716.0,0,2,2013-12-14,55,53,6,63,38,45,17,5,3,2,7,4,0,0,0,0,0,0,0,3,11,46,2,4,383.0,222.0,12,5,4,0.25,0.16666666666666666,0.5833333333333334,0,1,2.3614990145901253,0.7256122572273627,Digital Enthusiasts
10843,1976,Master,Divorced,69812.0,1,0,2014-01-03,32,653,93,248,35,243,167,4,14,8,2,3,1,1,1,0,0,0,0,3,11,39,1,2,363.0,1439.0,24,4,3,0.5833333333333334,0.3333333333333333,0.08333333333333333,3,0,-0.5288402278160655,-2.166834959176977,High-Value Loyalists
10844,1959,Master,Married,111958.0,0,0,2013-02-17,2,504,44,373,438,48,72,0,4,10,11,3,0,0,0,1,1,0,0,3,11,56,0,2,683.0,1479.0,25,0,3,0.16,0.4,0.44,2,0,-2.08005347701851,-0.04659625918884397,High-Value Loyalists
10845,1955,Graduation,Married,57318.0,0,0,2014-06-13,39,148,13,95,3,23,25,5,4,1,3,3,0,0,0,0,0,0,0,3,11,60,0,2,205.34,307.0,8,5,3,0.5,0.125,0.375,0,1,0.1168921620846204,-0.10490634443024557,Digital Enthusiasts
10846,1971,PhD,Married,66834.0,0,0,2012-10-09,25,488,278,319,31,3,87,5,8,4,13,5,0,0,0,0,1,0,0,3,11,44,0,2,814.0,1206.0,25,5,5,0.32,0.16,0.52,1,0,-0.6535418046503305,0.4003110300934968,High-Value Loyalists
10847,1973,2n Cycle,Together,37278.0,0,1,2014-01-01,49,53,39,78,4,4,56,4,2,0,5,6,1,0,0,0,0,0,0,3,11,42,1,3,365.0,234.0,7,4,6,0.2857142857142857,0.0,0.7142857142857143,1,1,1.3995257630360496,1.4832271255607528,Digital Enthusiasts
10848,1963,Graduation,Single,76160.0,0,0,2014-03-01,0,661,161,560,62,73,91,1,4,3,18,3,0,1,0,0,0,0,0,3,11,52,0,1,306.0,1608.0,25,1,3,0.16,0.12,0.72,1,0,-2.0893714351027954,1.5984453917274808,High-Value Loyalists
10849,1966,Graduation,Divorced,51257.0,0,0,2012-09-18,35,518,134,355,96,43,167,3,8,7,8,4,0,0,1,0,0,0,0,3,11,49,0,1,835.0,1313.0,23,3,4,0.34782608695652173,0.30434782608695654,0.34782608695652173,1,0,-1.199070602868941,-0.3705116172396945,High-Value Loyalists
10850,1988,Graduation,Divorced,115787.0,0,0,2012-02-18,48,370,67,400,142,75,10,2,7,2,7,4,0,0,0,0,0,0,0,3,11,27,0,1,1048.0,1064.0,16,2,4,0.4375,0.125,0.4375,0,0,-1.525629861656387,-0.15773812752811012,High-Value Loyalists
10851,1963,Basic,Married,87883.0,0,0,2013-12-08,37,881,185,806,173,74,78,2,17,2,18,3,0,1,0,1,0,0,0,3,11,52,0,2,389.0,2197.0,37,2,3,0.4594594594594595,0.05405405405405406,0.4864864864864865,2,0,-1.8321661861964256,0.05332279828653767,High-Value Loyalists
10852,1950,Basic,Together,43523.0,0,0,2012-03-20,43,186,91,68,1,30,49,2,5,2,5,4,0,0,0,1,0,0,0,3,11,65,0,2,1017.0,425.0,12,2,4,0.4166666666666667,0.16666666666666666,0.4166666666666667,1,0,-0.16975941298826974,0.07425185189824199,High-Value Loyalists
10853,1950,Master,Single,47125.0,1,0,2013-07-21,26,372,32,105,21,67,278,6,3,5,7,4,0,0,1,0,0,1,0,3,11,65,1,2,529.0,875.0,15,6,4,0.2,0.3333333333333333,0.4666666666666667,2,1,0.2578165115163308,0.37376761198094954,Digital Enthusiasts
10854,1971,Graduation,Together,93689.0,0,0,2013-03-18,30,792,69,894,110,234,29,3,4,12,20,2,0,0,0,0,1,0,0,3,11,44,0,2,654.0,2128.0,36,3,2,0.1111111111111111,0.3333333333333333,0.5555555555555556,1,0,-1.8369833711732548,0.5552548146564048,High-Value Loyalists
10855,1966,2n Cycle,Divorced,60321.0,1,0,2013-03-17,59,282,205,380,144,123,195,4,2,2,15,1,0,0,0,1,0,0,0,3,11,49,1,2,655.0,1329.0,19,4,1,0.10526315789473684,0.10526315789473684,0.7894736842105263,1,0,-0.1867923347314927,1.9814427307098876,High-Value Loyalists
10856,1975,Graduation,Single,41873.0,1,2,2013-10-25,91,56,30,59,16,19,15,9,3,3,1,9,0,0,0,0,0,0,0,3,11,40,3,4,433.0,195.0,7,9,9,0.42857142857142855,0.42857142857142855,0.14285714285714285,0,1,3.7342917673659812,-1.7116767645036566,Digital Enthusiasts
10857,1950,PhD,Together,57732.0,0,0,2013-07-25,40,295,41,41,20,42,23,3,0,4,4,8,0,0,0,0,0,0,0,3,11,65,0,2,525.0,462.0,8,3,8,0.0,0.5,0.5,0,1,0.0411592062141687,0.7717550911057128,Digital Enthusiasts
10858,1973,2n Cycle,Together,77648.0,1,0,2013-06-28,14,724,150,300,21,150,290,1,14,11,10,5,0,0,0,0,0,0,0,3,11,42,1,3,552.0,1635.0,35,1,5,0.4,0.3142857142857143,0.2857142857142857,0,0,-0.628731661093016,-1.164616350886922,High-Value Loyalists
10859,1958,Graduation,Together,50516.0,1,1,2013-01-30,68,235,13,220,12,28,42,4,5,2,5,11,0,0,0,0,0,0,0,3,11,57,2,4,701.0,550.0,12,4,11,0.4166666666666667,0.16666666666666666,0.4166666666666667,0,1,2.4034213631507044,-0.25561527405270534,Digital Enthusiasts
10860,1974,2n Cycle,Widow,46375.0,0,1,2013-09-19,65,134,24,119,8,7,44,6,3,2,2,9,0,0,0,1,0,1,0,3,11,41,1,2,469.0,336.0,7,6,9,0.42857142857142855,0.2857142857142857,0.2857142857142857,2,1,1.2083494659395648,-0.7705681805779039,Digital Enthusiasts
10861,1977,Graduation,Divorced,31524.0,1,2,2013-07-22,58,81,28,47,18,15,10,6,0,0,1,6,1,1,0,0,0,0,0,3,11,38,3,4,528.0,199.0,2,6,6,0.0,0.0,1.0,2,1,3.1591063400822557,2.9034374273333143,Digital Enthusiasts
10862,1983,2n Cycle,Single,31718.0,1,1,2013-06-04,44,92,39,106,32,38,10,7,8,2,2,7,0,0,0,0,0,0,0,3,11,32,2,3,576.0,317.0,12,7,7,0.6666666666666666,0.16666666666666666,0.16666666666666666,0,1,2.1930385774380956,-1.709985425857308,Digital Enthusiasts
10863,1959,PhD,Single,37428.0,0,1,2013-10-25,29,444,78,110,29,1,43,5,4,3,6,9,0,0,0,0,0,0,0,3,11,56,1,2,433.0,705.0,13,5,9,0.3076923076923077,0.23076923076923078,0.46153846153846156,0,1,0.76580954067663,0.2829933988852567,Digital Enthusiasts
10864,1963,Graduation,Together,82234.0,0,0,2012-04-18,42,482,89,571,519,85,228,2,2,4,23,3,0,0,0,0,0,0,0,3,11,52,0,2,988.0,1974.0,29,2,3,0.06896551724137931,0.13793103448275862,0.7931034482758621,0,0,-1.451988318048587,1.9418357316819623,High-Value Loyalists
10865,1950,Master,Single,41412.0,1,1,2012-01-13,71,298,296,95,129,37,226,2,3,5,12,6,1,0,1,0,0,0,0,3,11,65,2,3,1084.0,1081.0,20,2,6,0.15,0.25,0.6,2,1,1.0539955856315448,0.8707050976813744,Digital Enthusiasts
10866,1929,Graduation,Widow,47603.0,0,1,2012-02-01,44,235,1,134,58,38,1,4,6,3,3,5,0,0,0,0,0,0,0,3,11,86,1,2,1065.0,467.0,12,4,5,0.5,0.25,0.25,0,1,0.4965903157390755,-0.7245896868901698,Digital Enthusiasts
10867,1969,Graduation,Married,34560.0,1,1,2013-07-08,95,63,17,105,10,21,60,2,5,0,4,10,0,0,0,0,0,0,0,3,11,46,2,4,542.0,276.0,9,2,10,0.5555555555555556,0.0,0.4444444444444444,0,1,2.6730150764758824,-0.18547901906426176,Digital Enthusiasts
10868,1977,Graduation,Single,78684.0,0,0,2013-11-07,33,810,568,172,75,17,763,1,15,4,19,3,0,0,0,0,0,1,0,3,11,38,0,1,420.0,2405.0,38,1,3,0.39473684210526316,0.10526315789473684,0.5,1,0,-2.3905070334847958,0.15107825361779453,High-Value Loyalists
10869,1968,Master,Divorced,84492.0,0,0,2012-05-17,24,733,23,1043,38,210,162,1,20,8,8,6,0,0,0,0,0,0,0,3,11,47,0,1,959.0,2209.0,36,1,6,0.5555555555555556,0.2222222222222222,0.2222222222222222,0,0,-2.1993576730995654,-1.3497610673105127,High-Value Loyalists
10870,1979,2n Cycle,Married,48100.0,1,1,2012-02-22,31,87,0,53,7,48,15,2,3,3,1,6,0,0,0,0,0,1,0,3,11,36,2,4,1044.0,210.0,7,2,6,0.42857142857142855,0.42857142857142855,0.14285714285714285,1,1,1.9064300532197707,-1.9103744009516344,Digital Enthusiasts
10871,1970,PhD,Single,93659.0,0,0,2012-10-29,0,814,86,346,73,34,45,3,10,7,7,5,0,0,0,0,1,0,0,3,11,45,0,1,794.0,1398.0,24,3,5,0.4166666666666667,0.2916666666666667,0.2916666666666667,1,0,-1.8278699003408139,-0.8600345522488669,High-Value Loyalists
10872,1957,Graduation,Single,85251.0,0,0,2013-12-11,40,107,37,486,48,14,211,3,8,2,8,2,1,0,0,1,0,0,1,3,11,58,0,1,386.0,903.0,18,3,2,0.4444444444444444,0.1111111111111111,0.4444444444444444,2,0,-1.415942132742982,0.1581589371227171,High-Value Loyalists
10873,1982,Graduation,Widow,67255.0,1,0,2013-02-03,46,359,44,463,84,307,551,1,9,11,13,3,1,0,0,0,0,0,0,3,11,33,1,2,697.0,1808.0,33,1,3,0.2727272727272727,0.3333333333333333,0.3939393939393939,1,0,-0.9753053673376655,-0.4692240197876244,High-Value Loyalists
10874,1983,Graduation,Together,35858.0,1,1,2013-08-23,99,134,195,142,12,2,12,6,3,4,4,2,0,0,1,0,0,0,0,3,11,32,2,4,496.0,497.0,11,6,2,0.2727272727272727,0.36363636363636365,0.36363636363636365,1,1,2.4816708947329413,-0.5113192635009843,Digital Enthusiasts
10875,1941,Graduation,Divorced,52043.0,0,0,2014-05-25,53,383,76,541,128,79,23,6,9,2,8,7,0,1,0,0,0,1,0,3,11,74,0,1,221.0,1230.0,19,6,7,0.47368421052631576,0.10526315789473684,0.42105263157894735,2,0,-0.5663425146031753,0.21958986422476537,High-Value Loyalists
10876,1975,Master,Married,68421.0,0,0,2013-04-09,51,629,53,307,114,71,36,0,4,3,13,5,0,0,0,0,0,0,0,3,11,40,0,2,632.0,1210.0,20,0,5,0.2,0.15,0.65,0,0,-0.8805773227796989,1.1373188676778476,High-Value Loyalists
10877,1979,Graduation,Single,70912.0,1,0,2012-10-20,19,482,68,279,46,19,127,0,3,5,12,8,0,0,0,1,0,1,0,3,11,36,1,2,803.0,1021.0,20,0,8,0.15,0.25,0.6,2,0,-0.5381108563217806,0.6873851183641758,High-Value Loyalists
10878,1965,Graduation,Together,57566.0,0,1,2012-01-30,62,203,31,128,80,22,4,6,2,1,2,5,0,0,0,0,0,0,0,3,11,50,1,3,1067.0,468.0,5,6,5,0.4,0.2,0.4,0,1,1.4327023054552197,-0.17419979564839277,Digital Enthusiasts
10879,1968,Graduation,Divorced,32089.0,0,1,2014-01-07,59,140,38,102,2,6,80,4,1,0,2,7,0,0,0,0,0,0,0,3,11,47,1,2,359.0,368.0,3,4,7,0.3333333333333333,0.0,0.6666666666666666,0,1,1.1619991608017586,1.3912582745653144,Digital Enthusiasts
10880,1975,2n Cycle,Divorced,77184.0,0,0,2013-11-05,17,553,22,127,40,16,32,5,9,7,3,5,1,0,0,0,0,0,0,3,11,40,0,1,422.0,790.0,19,5,5,0.47368421052631576,0.3684210526315789,0.15789473684210525,1,0,-1.0307792272203542,-1.4704108707882653,High-Value Loyalists
10881,1966,Graduation,Together,39612.0,0,1,2012-10-30,87,57,31,44,3,12,41,4,5,2,4,9,0,0,0,0,1,0,0,3,11,49,1,3,793.0,188.0,11,4,9,0.45454545454545453,0.18181818181818182,0.36363636363636365,1,1,1.7000250787178222,-0.401899143448778,Digital Enthusiasts
10882,1952,PhD,Widow,37979.0,1,0,2013-07-19,49,222,27,109,44,218,128,3,5,3,2,5,0,0,0,1,0,0,0,3,11,63,1,2,531.0,748.0,10,3,5,0.5,0.3,0.2,1,1,0.469212571925293,-1.1427187859580819,Digital Enthusiasts
10883,1972,Graduation,Single,75833.0,0,0,2012-07-25,62,420,79,430,70,41,34,0,5,1,13,6,1,0,0,0,0,0,0,3,11,43,0,1,890.0,1074.0,19,0,6,0.2631578947368421,0.05263157894736842,0.6842105263157895,1,0,-1.294997434202497,1.3653607491985444,High-Value Loyalists
10884,1960,PhD,Together,115970.0,0,0,2013-08-24,28,598,145,607,209,6,316,0,5,4,21,4,0,0,0,0,1,0,0,3,11,55,0,2,495.0,1881.0,30,0,4,0.16666666666666666,0.13333333333333333,0.7,1,0,-2.0711188023839613,1.3233864802091977,High-Value Loyalists
10885,1976,Master,Divorced,54760.0,1,0,2013-01-25,30,530,282,133,460,31,293,2,6,4,17,7,0,0,1,0,1,0,0,3,11,39,1,2,706.0,1729.0,27,2,7,0.2222222222222222,0.14814814814814814,0.6296296296296297,2,0,-0.5196417542398624,0.8385181702740503,High-Value Loyalists
10886,1979,Graduation,Single,64884.0,0,1,2012-07-01,20,264,378,199,105,14,574,1,1,5,20,5,0,0,0,0,1,0,0,3,11,36,1,2,914.0,1534.0,26,1,5,0.038461538461538464,0.19230769230769232,0.7692307692307693,1,0,-0.7865184695663832,1.6357831769746791,High-Value Loyalists
10887,1954,Graduation,Single,63735.0,0,0,2012-03-21,20,1337,568,449,135,110,550,0,9,17,19,3,1,0,1,0,0,0,0,3,11,61,0,1,1016.0,3149.0,45,0,3,0.2,0.37777777777777777,0.4222222222222222,2,0,-2.948316322503384,-0.12696507776596863,High-Value Loyalists
10888,1970,Graduation,Married,69969.0,0,0,2012-01-19,60,383,190,57,93,103,87,2,2,3,8,2,0,0,0,0,0,0,0,3,11,45,0,2,1078.0,913.0,13,2,2,0.15384615384615385,0.23076923076923078,0.6153846153846154,0,0,-0.5619880274808616,1.0859144526336098,High-Value Loyalists
10889,1968,2n Cycle,Widow,46861.0,0,1,2014-01-07,38,101,49,79,1,24,54,4,1,1,4,6,1,0,1,1,0,0,0,3,11,47,1,2,359.0,308.0,6,4,6,0.16666666666666666,0.16666666666666666,0.6666666666666666,3,1,0.6126849464101719,1.3445187318707137,Digital Enthusiasts
10890,1974,Master,Together,59211.0,1,0,2012-03-04,52,398,42,468,307,31,251,0,11,2,11,5,0,0,1,0,0,0,0,3,11,41,1,3,1033.0,1497.0,24,0,5,0.4583333333333333,0.08333333333333333,0.4583333333333333,1,0,-0.03749851056004294,-0.22839670925454733,High-Value Loyalists
10891,1958,2n Cycle,Single,41658.0,1,0,2013-03-24,45,177,14,84,1,42,28,2,2,2,2,5,0,0,1,0,0,0,0,3,11,57,1,2,648.0,346.0,6,2,5,0.3333333333333333,0.3333333333333333,0.3333333333333333,1,1,0.5093808570780648,-0.3937860026136918,Digital Enthusiasts
10892,1984,Graduation,Married,68052.0,1,0,2012-04-20,50,251,61,304,69,67,145,0,7,6,6,4,1,0,0,0,0,0,1,3,11,31,1,3,986.0,897.0,19,0,4,0.3684210526315789,0.3157894736842105,0.3157894736842105,1,1,0.10049573546039674,-0.9574340270270759,Digital Enthusiasts
10893,1969,PhD,Married,81071.0,1,0,2013-09-10,32,709,232,154,207,53,25,0,9,5,8,5,0,0,0,1,1,1,0,3,11,46,1,3,478.0,1380.0,22,0,5,0.4090909090909091,0.22727272727272727,0.36363636363636365,3,0,-0.4215030383417585,-0.7252137971687069,High-Value Loyalists
10894,1975,PhD,Divorced,34585.0,1,1,2012-12-16,28,61,3,118,57,19,24,4,2,2,1,5,0,0,0,0,0,0,0,3,11,40,2,3,746.0,282.0,5,4,5,0.4,0.4,0.2,0,1,1.7421406995184499,-1.3737904055259194,Digital Enthusiasts
10895,1965,Graduation,Married,60287.0,1,0,2013-12-18,55,551,43,402,57,0,97,4,8,6,7,3,0,0,0,1,1,1,0,3,11,50,1,3,379.0,1150.0,21,4,3,0.38095238095238093,0.2857142857142857,0.3333333333333333,3,1,0.3261681043385978,-0.6858249262284155,Digital Enthusiasts
10896,1983,Graduation,Divorced,51524.0,1,0,2012-03-22,85,783,382,1025,40,135,114,2,24,8,7,8,0,0,1,1,0,1,0,3,11,32,1,2,1015.0,2479.0,39,2,8,0.6153846153846154,0.20512820512820512,0.1794871794871795,3,0,-0.5777060587077354,-1.8432467521714793,High-Value Loyalists
10897,1964,Graduation,Married,75094.0,0,0,2013-01-03,34,453,76,384,139,87,255,0,14,4,8,2,0,0,0,0,0,0,0,3,11,51,0,2,728.0,1394.0,26,0,2,0.5384615384615384,0.15384615384615385,0.3076923076923077,0,0,-1.3955806965647046,-0.8190326828623868,High-Value Loyalists
10898,1956,Graduation,Together,92817.0,0,0,2012-12-29,48,811,484,303,21,428,274,2,11,3,20,5,0,0,0,0,0,1,1,3,11,59,0,2,733.0,2321.0,34,2,5,0.3235294117647059,0.08823529411764706,0.5882352941176471,1,0,-1.6600331727159046,0.7173085309888622,High-Value Loyalists
10899,1967,Basic,Widow,46130.0,1,1,2013-02-09,64,127,56,41,22,6,94,6,1,1,2,6,0,0,0,1,1,0,0,3,11,48,2,3,691.0,346.0,4,6,6,0.25,0.25,0.5,2,1,2.01163653411913,0.34436026750223336,Digital Enthusiasts
10901,1972,Master,Together,56905.0,1,0,2012-08-16,22,471,80,220,233,58,275,1,8,12,3,4,1,1,0,0,0,0,0,3,11,43,1,3,868.0,1337.0,23,1,4,0.34782608695652173,0.5217391304347826,0.13043478260869565,2,0,-0.17614601144401876,-1.8947022035509473,High-Value Loyalists
10902,1971,Graduation,Married,108558.0,1,0,2014-05-07,25,753,5,446,345,545,39,2,7,13,10,3,1,0,1,1,0,0,0,3,11,44,1,3,239.0,2133.0,30,2,3,0.23333333333333334,0.43333333333333335,0.3333333333333333,3,0,-1.0880676086685455,-0.885700941730957,High-Value Loyalists
10903,1974,Graduation,Widow,55565.0,0,0,2013-10-04,57,1070,43,579,44,361,88,1,3,11,17,5,0,0,0,1,0,0,0,3,11,41,0,1,454.0,2185.0,31,1,5,0.0967741935483871,0.3548387096774194,0.5483870967741935,1,0,-1.7279349398612835,0.6870613705640682,High-Value Loyalists
10904,1954,Graduation,Single,74925.0,0,0,2013-02-14,44,233,17,511,82,33,66,4,3,1,14,3,0,0,1,1,1,1,0,3,11,61,0,1,686.0,942.0,18,4,3,0.16666666666666666,0.05555555555555555,0.7777777777777778,4,0,-1.2602514829612006,2.0346805890922774,High-Value Loyalists
10905,1973,2n Cycle,Single,30290.0,0,2,2014-01-19,81,43,14,77,1,4,48,1,1,1,2,5,0,1,0,0,0,0,0,3,11,42,2,3,347.0,187.0,4,1,5,0.25,0.25,0.5,1,1,1.8052415587668593,0.3401287086309821,Digital Enthusiasts
10906,1978,Graduation,Divorced,84782.0,0,0,2012-03-04,15,557,177,160,6,233,423,0,6,11,4,9,0,0,1,1,0,1,0,3,11,37,0,1,1033.0,1556.0,21,0,9,0.2857142857142857,0.5238095238095238,0.19047619047619047,3,0,-1.8301130490894715,-1.4653176844097444,High-Value Loyalists
10907,1967,Graduation,Widow,78926.0,0,0,2013-05-31,29,590,221,886,202,348,421,1,28,10,6,2,0,1,1,0,0,1,0,3,11,48,0,1,580.0,2668.0,44,1,2,0.6363636363636364,0.22727272727272727,0.13636363636363635,3,0,-2.781264803477587,-1.9123346359759816,High-Value Loyalists
10908,1967,Master,Divorced,97226.0,1,0,2013-09-04,32,417,135,562,145,9,28,0,3,6,11,6,0,0,0,0,0,0,0,3,11,48,1,2,484.0,1296.0,20,0,6,0.15,0.3,0.55,0,0,-0.854529033731132,0.551456295218189,High-Value Loyalists
10909,1978,Graduation,Single,73160.0,1,0,2012-02-04,96,360,296,467,116,352,176,1,7,11,14,3,1,0,1,1,1,0,0,3,11,37,1,2,1062.0,1767.0,32,1,3,0.21875,0.34375,0.4375,4,0,-0.8288193521213923,-0.21746260840147622,High-Value Loyalists
10910,1963,Master,Divorced,31012.0,0,1,2013-09-28,49,71,77,130,1,1,21,7,3,3,2,6,0,0,0,1,0,0,0,3,11,52,1,2,460.0,301.0,8,7,6,0.375,0.375,0.25,1,1,1.203148852611903,-0.7946530947933869,Digital Enthusiasts
10911,1946,PhD,Widow,46843.0,1,0,2013-10-02,61,141,62,84,321,8,52,7,2,4,9,8,0,0,0,1,0,0,0,3,11,69,1,2,456.0,668.0,15,7,8,0.13333333333333333,0.26666666666666666,0.6,1,1,0.9073818800482424,1.2223662054656375,Digital Enthusiasts
10912,1948,PhD,Together,60793.0,0,0,2013-04-20,8,184,111,197,25,23,109,1,4,2,6,4,1,1,0,0,0,0,0,3,11,67,0,2,621.0,649.0,12,1,4,0.3333333333333333,0.16666666666666666,0.5,2,0,-0.80239657381822,0.46792756353541,High-Value Loyalists
10913,1968,2n Cycle,Divorced,64185.0,0,1,2013-08-23,26,154,19,33,25,19,38,3,0,0,0,5,0,0,0,0,1,0,0,3,11,47,1,2,496.0,288.0,2,3,5,0.0,0.0,0.0,1,1,0.4328151085937722,-0.2978837453743792,Digital Enthusiasts
10914,1945,Graduation,Single,51270.0,1,1,2014-04-30,58,325,14,82,142,15,24,3,2,2,4,3,1,0,0,0,0,0,0,3,11,70,2,3,246.0,602.0,8,3,3,0.25,0.25,0.5,1,1,1.2738273131295375,0.4822347452312832,Digital Enthusiasts
10915,1957,Graduation,Together,52467.0,1,1,2012-11-04,46,141,41,93,9,178,19,4,1,2,7,3,0,0,0,0,1,0,0,3,11,58,2,4,788.0,481.0,10,4,3,0.1,0.2,0.7,1,1,1.7916498293075764,1.3880223719353664,Digital Enthusiasts
10916,1961,Graduation,Together,104740.0,0,0,2012-07-15,22,787,19,275,102,17,11,0,8,1,13,2,0,0,0,0,0,0,0,3,11,54,0,2,900.0,1211.0,22,0,2,0.36363636363636365,0.045454545454545456,0.5909090909090909,0,0,-1.6398365417250997,0.7303784956486143,High-Value Loyalists
10917,1974,PhD,Single,92404.0,0,0,2013-01-03,20,993,126,513,105,446,1094,1,23,10,12,1,0,0,0,0,1,1,0,3,11,41,0,1,728.0,3277.0,45,1,1,0.5111111111111111,0.2222222222222222,0.26666666666666666,2,0,-3.1982329518062835,-1.2663431698094592,High-Value Loyalists
10918,1987,Graduation,Married,50184.0,1,0,2014-05-05,33,640,237,177,183,12,143,2,12,2,9,2,0,1,0,0,0,1,0,3,11,28,1,3,241.0,1392.0,23,2,2,0.5217391304347826,0.08695652173913043,0.391304347826087,2,0,0.019116121122626655,-0.6413951314565925,High-Value Loyalists
10919,1956,PhD,Together,32298.0,1,1,2013-03-21,20,81,46,68,23,41,19,4,1,2,1,3,0,0,0,0,1,0,0,3,11,59,2,4,651.0,278.0,4,4,3,0.25,0.5,0.25,1,1,2.016488888443587,-0.9977784191063438,Digital Enthusiasts
10920,1974,Graduation,Together,94333.0,0,0,2014-04-15,26,722,5,340,222,33,211,0,4,10,12,3,0,1,1,0,1,0,0,3,11,41,0,2,261.0,1533.0,26,0,3,0.15384615384615385,0.38461538461538464,0.46153846153846156,3,0,-1.805364067030978,0.01677322499929426,High-Value Loyalists
10921,1944,PhD,Married,66310.0,0,0,2013-12-12,47,390,33,37,113,117,4,4,8,1,4,3,0,0,0,0,0,0,0,3,11,71,0,2,385.0,694.0,13,4,3,0.6153846153846154,0.07692307692307693,0.3076923076923077,0,0,-0.2660971451319304,-0.5109204351016988,High-Value Loyalists
10922,1971,2n Cycle,Together,52498.0,1,1,2012-04-15,81,183,77,90,15,11,32,11,5,1,6,4,0,0,0,0,0,0,0,3,11,44,2,4,991.0,408.0,12,11,4,0.4166666666666667,0.08333333333333333,0.5,0,1,2.90007142267362,0.21810429218752697,Digital Enthusiasts
10923,1975,Graduation,Together,44411.0,1,1,2013-09-04,76,50,3,98,9,17,27,9,2,2,6,5,0,0,0,0,0,0,0,3,11,40,2,4,484.0,204.0,10,9,5,0.2,0.2,0.6,0,1,2.876813955887714,0.8541639694973103,Digital Enthusiasts
10924,1967,2n Cycle,Married,95323.0,0,0,2014-03-01,0,857,23,738,19,123,137,1,8,11,13,4,1,0,1,1,1,0,0,3,11,48,0,2,306.0,1897.0,32,1,4,0.25,0.34375,0.40625,4,0,-2.1148522552361877,-0.37394995580927215,High-Value Loyalists
10925,1988,PhD,Together,75501.0,1,0,2013-04-10,21,715,88,327,49,210,210,1,5,6,18,5,1,0,0,0,0,0,0,3,11,27,1,3,631.0,1599.0,29,1,5,0.1724137931034483,0.20689655172413793,0.6206896551724138,1,0,-0.4503031273848095,0.6134607198738082,High-Value Loyalists
10926,1967,Graduation,Divorced,78764.0,0,0,2012-10-01,67,272,134,234,112,33,125,0,6,6,2,1,0,1,0,0,0,1,0,3,11,48,0,1,822.0,910.0,14,0,1,0.42857142857142855,0.42857142857142855,0.14285714285714285,2,0,-1.4678934849182468,-1.489232369993932,High-Value Loyalists
10927,1962,Graduation,Single,50431.0,0,1,2013-12-25,71,272,7,196,1,37,95,3,13,5,3,4,0,0,0,0,0,0,0,3,11,53,1,2,372.0,608.0,21,3,4,0.6190476190476191,0.23809523809523808,0.14285714285714285,0,1,0.3133051006301144,-1.5717099145896514,Digital Enthusiasts
10928,1975,PhD,Together,32226.0,0,1,2012-02-21,68,69,10,65,38,6,50,8,1,0,1,7,0,0,1,0,1,0,0,3,11,40,1,3,1045.0,238.0,2,8,7,0.5,0.0,0.5,2,1,2.139635071474686,0.2713599752119197,Digital Enthusiasts
10929,1964,Master,Divorced,29602.0,1,1,2014-02-12,46,70,24,78,29,47,18,5,2,1,3,6,0,0,0,0,0,0,0,3,11,51,2,3,323.0,266.0,6,5,6,0.3333333333333333,0.16666666666666666,0.5,0,1,2.0373800537821802,0.38113695852039553,Digital Enthusiasts
10930,1975,PhD,Married,69484.0,0,0,2012-03-13,54,235,121,237,139,46,172,2,6,3,11,6,0,1,0,0,0,1,0,3,11,40,0,2,1024.0,950.0,20,2,6,0.3,0.15,0.55,2,0,-0.6027101390972096,0.524581396221528,High-Value Loyalists
10931,1989,Graduation,Widow,67457.0,0,0,2012-02-16,4,344,192,410,203,32,31,1,9,0,13,7,0,0,1,0,1,0,0,3,11,26,0,1,1050.0,1212.0,22,1,7,0.4090909090909091,0.0,0.5909090909090909,2,0,-1.5229070648821406,0.5637141190465679,High-Value Loyalists
10932,1971,Graduation,Married,74583.0,0,0,2013-04-10,25,1047,230,469,88,312,243,1,11,13,15,4,1,0,0,0,0,0,0,3,11,44,0,2,631.0,2389.0,39,1,4,0.28205128205128205,0.3333333333333333,0.38461538461538464,1,0,-1.9093127785601325,-0.4683170245623296,High-Value Loyalists
10933,1972,PhD,Single,42386.0,1,2,2012-03-03,65,66,41,22,11,94,14,11,4,2,3,10,0,0,0,0,0,0,0,3,11,43,3,4,1034.0,248.0,9,11,10,0.4444444444444444,0.2222222222222222,0.3333333333333333,0,1,3.7805096595889576,-0.7624554392477977,Digital Enthusiasts
10934,1976,2n Cycle,Divorced,39890.0,1,1,2013-10-10,71,123,20,74,38,4,54,6,1,0,1,5,0,0,0,1,0,0,0,3,11,39,2,3,448.0,313.0,2,6,5,0.5,0.0,0.5,1,1,2.226474254176595,0.2228899887282395,Digital Enthusiasts
10935,1961,Graduation,Divorced,100598.0,0,0,2013-03-04,32,780,1609,785,118,253,509,2,40,9,17,5,1,0,0,0,1,0,0,3,11,54,0,1,668.0,3733.2199999999975,58,2,5,0.6060606060606061,0.13636363636363635,0.25757575757575757,2,0,-3.322090443472446,-1.3486132781327598,High-Value Loyalists
10936,1955,Master,Single,51558.0,1,0,2013-10-27,60,390,26,49,7,6,26,7,1,2,7,6,0,0,0,0,0,0,0,3,11,60,1,2,431.0,504.0,10,7,6,0.1,0.2,0.7,0,1,0.9711397160976021,1.7556939899513533,Digital Enthusiasts
10937,1976,Graduation,Single,97748.0,0,0,2013-12-04,31,1999,104,1190,75,183,235,2,16,6,39,3,1,0,0,0,1,0,0,3,11,39,0,1,393.0,3733.2199999999975,58,2,3,0.26229508196721313,0.09836065573770492,0.639344262295082,2,0,-3.4137906888517326,0.7541593845190128,High-Value Loyalists
10938,1939,Graduation,Widow,44971.0,0,1,2013-12-11,45,261,59,77,109,37,77,5,3,1,2,7,0,0,0,0,0,0,0,3,11,76,1,2,386.0,620.0,6,5,7,0.5,0.16666666666666666,0.3333333333333333,0,1,0.8505387180268126,-0.2869854904313607,Digital Enthusiasts
10939,1967,Master,Single,96907.0,0,0,2012-04-08,57,825,394,918,1094,260,249,1,36,8,14,4,1,0,0,0,0,0,0,3,11,48,0,1,998.0,3733.2199999999975,58,1,4,0.6206896551724138,0.13793103448275862,0.2413793103448276,1,0,-3.225792428338605,-1.4510970098101803,High-Value Loyalists
10940,1978,Master,Married,74297.0,0,0,2014-02-02,78,205,121,653,32,396,123,1,6,4,14,7,1,0,0,0,0,0,0,3,11,37,0,2,333.0,1530.0,24,1,7,0.25,0.16666666666666666,0.5833333333333334,1,0,-0.7795400353753533,0.7307271923011257,High-Value Loyalists
10941,1957,PhD,Single,45482.0,1,1,2014-02-16,50,257,18,295,91,10,26,4,5,3,8,6,1,0,0,0,0,0,0,3,11,58,2,3,319.0,697.0,16,4,6,0.3125,0.1875,0.5,1,1,1.377904583510842,0.3153829888263271,Digital Enthusiasts
10942,1957,PhD,Married,90938.0,0,0,2013-04-02,2,579,147,971,60,85,11,0,8,2,21,1,1,0,0,1,0,1,0,3,11,58,0,2,639.0,1853.0,31,0,1,0.25806451612903225,0.06451612903225806,0.6774193548387096,3,0,-2.2417803095197195,1.1365673968649483,High-Value Loyalists
10943,1982,Graduation,Widow,57378.0,1,0,2012-05-03,32,305,29,249,245,5,73,1,1,8,9,7,0,0,1,0,0,1,0,3,11,33,1,2,973.0,906.0,18,1,7,0.05555555555555555,0.4444444444444444,0.5,2,0,-0.2057374341014512,0.25359998192261235,High-Value Loyalists
10944,1990,Graduation,Together,58503.0,1,1,2013-10-20,39,799,60,122,63,7,133,2,5,5,8,4,1,1,0,0,0,1,0,3,11,25,2,4,438.0,1184.0,18,2,4,0.2777777777777778,0.2777777777777778,0.4444444444444444,3,1,1.1165874477393347,-0.44015228099895864,Digital Enthusiasts
10945,1983,Master,Married,51904.0,0,0,2013-09-17,0,354,111,786,34,211,122,2,5,5,16,3,0,1,0,1,0,0,0,3,11,32,0,2,471.0,1618.0,26,2,3,0.19230769230769232,0.19230769230769232,0.6153846153846154,2,0,-1.2789355121904848,0.8084839189087312,High-Value Loyalists
10946,1961,Master,Divorced,48947.0,0,2,2012-04-30,87,74,8,49,109,4,35,9,4,0,2,10,0,0,0,0,0,0,0,3,11,54,2,3,976.0,279.0,6,9,10,0.6666666666666666,0.0,0.3333333333333333,0,1,2.7827140757104303,-0.62763555547132,Digital Enthusiasts
10947,1947,Graduation,Together,64353.0,1,0,2013-12-23,37,116,101,200,79,35,18,2,4,2,7,4,0,0,0,0,0,0,0,3,11,68,1,3,374.0,549.0,13,2,4,0.3076923076923077,0.15384615384615385,0.5384615384615384,0,1,0.4838379636678282,0.6399143928880681,Digital Enthusiasts
10948,1956,Basic,Divorced,57901.0,0,0,2013-09-05,33,244,87,63,24,98,47,2,7,2,7,6,0,0,0,0,0,0,0,3,11,59,0,1,483.0,563.0,16,2,6,0.4375,0.125,0.4375,0,0,-0.8349691246307542,0.20828642061558778,High-Value Loyalists
10949,1967,Basic,Divorced,96431.0,0,0,2012-02-10,30,599,180,262,37,489,110,0,10,5,13,5,0,1,1,0,0,0,0,3,11,48,0,1,1056.0,1677.0,28,0,5,0.35714285714285715,0.17857142857142858,0.4642857142857143,2,0,-2.2047146024041657,0.017443401413868694,High-Value Loyalists
10950,1966,Graduation,Single,36589.0,1,2,2013-07-03,47,277,9,106,17,7,30,8,1,1,5,7,0,0,0,0,0,0,0,3,11,49,3,4,547.0,446.0,7,8,7,0.14285714285714285,0.14285714285714285,0.7142857142857143,0,1,3.186970285070475,1.4242368353561858,Digital Enthusiasts
10951,1980,Graduation,Together,119192.0,1,0,2014-02-02,39,357,69,282,11,155,19,1,3,9,5,2,0,0,0,0,0,0,0,3,11,35,1,3,333.0,893.0,17,1,2,0.17647058823529413,0.5294117647058824,0.29411764705882354,0,0,-0.44481461040787446,-0.9425797440317948,High-Value Loyalists
10952,1979,Graduation,Together,62108.0,1,1,2014-05-09,55,536,137,91,4,121,3,4,11,4,9,3,0,0,1,0,0,0,0,3,11,36,2,4,237.0,892.0,24,4,3,0.4583333333333333,0.16666666666666666,0.375,1,1,1.3944884103911714,-0.7189367980132266,Digital Enthusiasts
10953,1964,Basic,Married,94713.0,0,0,2014-01-27,56,522,160,868,246,91,307,1,13,16,11,2,0,1,0,0,0,0,0,3,11,51,0,2,339.0,2194.0,40,1,2,0.325,0.4,0.275,1,0,-1.998024352912978,-0.972694713646317,High-Value Loyalists
10954,1960,Graduation,Widow,48023.0,1,0,2014-02-12,69,358,105,540,10,5,89,3,1,4,5,7,0,0,0,1,1,1,0,3,11,55,1,2,323.0,1107.0,10,3,7,0.1,0.4,0.5,3,1,0.36516416274945096,0.5278000247469395,Digital Enthusiasts
10955,1953,Graduation,Together,56020.0,1,0,2012-05-11,31,462,69,202,62,20,142,1,9,2,5,3,0,0,1,0,0,0,0,3,11,62,1,3,965.0,957.0,16,1,3,0.5625,0.125,0.3125,1,1,0.17186440117053955,-0.8251533869124383,Digital Enthusiasts
10956,1969,2n Cycle,Single,44912.0,1,1,2012-01-23,55,84,16,45,8,5,16,8,2,3,4,2,0,0,0,0,0,0,0,3,11,46,2,3,1074.0,174.0,9,8,2,0.2222222222222222,0.3333333333333333,0.4444444444444444,0,1,1.9898808184959664,0.10041446322802225,Digital Enthusiasts
10957,1985,Graduation,Married,37144.0,1,1,2012-07-07,60,126,7,67,2,30,20,10,1,0,6,8,0,0,0,0,0,0,0,3,11,30,2,4,908.0,252.0,7,10,8,0.14285714285714285,0.0,0.8571428571428571,0,1,3.1970193473228714,2.134142152736381,Digital Enthusiasts
10958,1979,2n Cycle,Single,92734.0,1,0,2014-03-04,44,100,27,530,45,9,96,3,3,6,5,1,0,0,0,0,1,0,0,3,11,36,1,2,303.0,807.0,14,3,1,0.21428571428571427,0.42857142857142855,0.35714285714285715,1,0,-0.42625234343802715,-0.4540163204186588,High-Value Loyalists
10959,1974,Master,Together,39862.0,0,1,2014-02-13,68,46,59,98,32,13,5,4,2,1,3,5,0,1,0,0,1,0,0,3,11,41,1,3,322.0,253.0,6,4,5,0.3333333333333333,0.16666666666666666,0.5,2,1,1.4056425467447333,0.33424016188863925,Digital Enthusiasts
10960,1963,Graduation,Single,40112.0,0,1,2012-03-15,59,178,34,78,42,88,97,5,1,1,11,8,0,0,0,0,1,0,0,3,11,52,1,2,1022.0,517.0,13,5,8,0.07692307692307693,0.07692307692307693,0.8461538461538461,1,1,0.8874622418284377,2.3790725588617967,Digital Enthusiasts
10961,1992,Master,Together,54195.0,1,0,2014-05-19,36,203,57,239,11,93,67,1,6,1,3,3,0,1,1,1,0,0,0,3,11,23,1,3,227.0,670.0,10,1,3,0.6,0.1,0.3,3,1,0.43525885904080747,-1.1463962404530295,Digital Enthusiasts
10962,1970,Master,Divorced,97857.0,1,0,2012-07-12,48,438,6,282,8,162,130,1,8,1,12,1,0,0,0,1,0,0,0,3,11,45,1,2,903.0,1026.0,21,1,1,0.38095238095238093,0.047619047619047616,0.5714285714285714,1,0,-0.8558105937886268,0.5346479697601277,High-Value Loyalists
10963,1970,PhD,Widow,87620.0,0,0,2013-03-11,25,493,72,522,232,11,57,2,5,4,14,3,0,0,0,0,1,0,0,3,11,45,0,1,661.0,1387.0,23,2,3,0.21739130434782608,0.17391304347826086,0.6086956521739131,1,0,-1.8087597627296501,0.9596477491340069,High-Value Loyalists
10964,1946,Master,Divorced,46044.0,1,1,2013-07-02,73,154,34,328,127,7,42,3,3,2,6,6,0,1,1,0,1,0,0,3,11,69,2,3,548.0,692.0,11,3,6,0.2727272727272727,0.18181818181818182,0.5454545454545454,3,1,1.411008191656891,0.6292541456877527,Digital Enthusiasts
10965,1978,PhD,Widow,55651.0,1,0,2012-04-23,55,253,40,923,88,61,91,3,14,6,8,5,0,0,1,0,1,0,0,3,11,37,1,2,983.0,1456.0,28,3,5,0.5,0.21428571428571427,0.2857142857142857,2,0,-0.27851469094738474,-1.0783490109317133,High-Value Loyalists
10966,1939,Master,Single,88730.0,0,1,2012-12-08,83,280,62,269,71,51,0,3,3,1,5,4,0,0,1,0,0,0,0,3,11,76,1,2,754.0,733.0,9,3,4,0.3333333333333333,0.1111111111111111,0.5555555555555556,1,1,0.11962463988078696,0.8604704287265544,Digital Enthusiasts
10967,1961,Master,Married,85380.0,0,0,2012-09-08,32,1717,124,691,155,13,271,0,18,6,19,1,0,0,1,0,1,0,0,3,11,54,0,2,845.0,2971.0,43,0,1,0.4186046511627907,0.13953488372093023,0.4418604651162791,2,0,-2.5496667090321106,-0.26399500771728157,High-Value Loyalists
10968,1975,2n Cycle,Together,28394.0,1,1,2012-11-18,89,27,19,38,40,15,4,2,2,0,2,13,0,0,0,0,0,0,0,3,11,40,2,4,774.0,143.0,4,2,13,0.5,0.0,0.5,0,1,3.019010063625099,0.09464444550297776,Digital Enthusiasts
10969,1965,Master,Married,78270.0,0,0,2012-10-31,21,683,127,598,878,434,265,1,16,16,21,5,0,1,0,0,0,0,0,3,11,50,0,2,792.0,2985.0,53,1,5,0.3018867924528302,0.3018867924528302,0.39622641509433965,1,0,-2.4223890445517036,-0.49499187733412886,High-Value Loyalists
10970,1980,2n Cycle,Married,64333.0,1,0,2013-02-10,45,254,123,107,274,93,171,2,1,8,7,4,0,0,0,0,0,0,0,3,11,35,1,3,690.0,1022.0,16,2,4,0.0625,0.5,0.4375,0,1,0.33186667035364753,-0.0506079435959106,Digital Enthusiasts
10971,1960,Graduation,Widow,100398.0,0,0,2013-07-22,44,1003,408,583,106,163,246,0,11,5,18,3,0,1,0,0,0,1,0,3,11,55,0,1,528.0,2509.0,34,0,3,0.3235294117647059,0.14705882352941177,0.5294117647058824,2,0,-2.677598942042562,0.41208138776098113,High-Value Loyalists
10972,1977,Graduation,Single,100561.0,0,0,2012-04-15,5,328,0,457,186,155,22,0,7,5,6,0,1,0,0,0,0,0,1,3,11,38,0,1,991.0,1148.0,18,0,0,0.3888888888888889,0.2777777777777778,0.3333333333333333,1,0,-2.228019627908704,-0.6754537447432903,High-Value Loyalists
10973,1960,Graduation,Divorced,59535.0,1,1,2013-10-11,43,228,54,259,22,22,35,5,4,5,5,3,1,1,0,0,1,0,0,3,11,55,2,3,447.0,620.0,14,5,3,0.2857142857142857,0.35714285714285715,0.35714285714285715,3,1,1.103110165929986,-0.4928244229326201,Digital Enthusiasts
10974,1974,Graduation,Single,57135.0,0,0,2012-04-15,23,538,13,213,217,66,212,1,3,9,12,3,0,1,0,0,0,0,0,3,11,41,0,1,991.0,1259.0,24,1,3,0.125,0.375,0.5,1,0,-1.6172875259860406,0.4244256739769957,High-Value Loyalists
10975,1962,2n Cycle,Divorced,40677.0,1,1,2013-06-30,56,161,52,108,23,55,35,2,9,1,7,9,0,0,0,0,0,0,0,3,11,53,2,3,550.0,434.0,17,2,9,0.5294117647058824,0.058823529411764705,0.4117647058823529,0,1,1.5671497324761652,-0.303508375837924,Digital Enthusiasts
10976,1995,Graduation,Together,54553.0,0,1,2012-06-26,26,159,28,262,32,65,84,2,3,4,10,9,1,0,0,0,1,0,0,3,11,20,1,3,919.0,630.0,17,2,9,0.17647058823529413,0.23529411764705882,0.5882352941176471,2,1,0.6557624124164473,0.49000901875796077,Digital Enthusiasts
10977,1967,Graduation,Single,57424.0,1,0,2014-03-12,40,619,14,375,26,7,122,4,2,8,11,6,1,0,0,0,0,0,0,3,11,48,1,2,295.0,1163.0,21,4,6,0.09523809523809523,0.38095238095238093,0.5238095238095238,1,0,-0.019325268011722112,0.5666196021045316,High-Value Loyalists
10978,1973,PhD,Single,31628.0,0,1,2012-10-17,56,43,11,74,31,6,20,1,2,0,1,7,0,0,0,0,0,0,0,3,11,42,1,2,806.0,185.0,3,1,7,0.6666666666666666,0.0,0.3333333333333333,0,1,0.9367387125275047,-0.6331854646830564,Digital Enthusiasts
10979,1982,2n Cycle,Married,70961.0,0,0,2012-01-10,21,904,29,446,736,81,107,0,20,7,14,1,1,1,1,0,0,0,0,3,11,33,0,2,1086.6599999999999,2303.0,41,0,1,0.4878048780487805,0.17073170731707318,0.34146341463414637,3,0,-2.216313363600983,-0.9676234031170373,High-Value Loyalists
10980,1978,Graduation,Single,64334.0,1,0,2012-03-31,55,276,42,335,75,46,59,4,8,3,3,7,0,0,0,0,0,0,0,3,11,37,1,2,1006.0,833.0,14,4,7,0.5714285714285714,0.21428571428571427,0.21428571428571427,0,1,0.45242382249104085,-1.3551637350592043,Digital Enthusiasts
10981,1966,Basic,Together,59678.0,1,1,2012-12-16,36,337,31,208,31,46,358,3,8,1,7,3,0,0,0,0,0,0,0,3,11,49,2,4,746.0,1011.0,16,3,3,0.5,0.0625,0.4375,0,1,1.3645418117637955,-0.33178778455354574,Digital Enthusiasts
10982,1972,Graduation,Single,46197.0,1,2,2014-05-13,39,105,0,49,12,28,34,6,3,2,1,7,0,0,0,0,0,0,0,3,11,43,3,4,233.0,228.0,6,6,7,0.5,0.3333333333333333,0.16666666666666666,0,1,2.9544476662553474,-1.697687771033618,Digital Enthusiasts
10983,1978,Graduation,Single,65513.0,1,0,2012-09-19,11,964,235,306,60,14,57,1,1,0,21,2,0,0,0,0,1,0,0,3,11,37,1,2,834.0,1636.0,22,1,2,0.045454545454545456,0.0,0.9545454545454546,1,0,-0.9446636970702987,2.6288870057286515,High-Value Loyalists
10984,1961,Graduation,Together,105127.0,0,0,2013-03-24,0,1752,248,361,348,309,167,0,3,20,24,6,0,0,0,0,0,0,0,3,11,54,0,2,648.0,3185.0,47,0,6,0.06382978723404255,0.425531914893617,0.5106382978723404,0,0,-2.8068021206252447,0.2181341056359748,High-Value Loyalists
10985,1958,2n Cycle,Single,36561.0,1,0,2013-11-07,37,65,3,93,30,110,31,3,2,0,6,3,0,0,1,0,0,0,0,3,11,57,1,2,420.0,332.0,8,3,3,0.25,0.0,0.75,1,1,0.4820145684849917,1.8619800094006094,Digital Enthusiasts
10986,1986,Graduation,Married,77247.0,0,1,2012-07-27,49,499,359,289,45,72,188,2,5,10,11,2,0,1,0,1,1,0,0,3,11,29,1,3,888.0,1452.0,26,2,2,0.19230769230769232,0.38461538461538464,0.4230769230769231,3,0,-0.33864067047471264,-0.40179404065230884,High-Value Loyalists
10987,1970,Graduation,Widow,93245.0,0,0,2013-09-04,23,1173,261,848,34,176,243,0,12,6,23,3,0,0,0,0,1,0,0,3,11,45,0,1,484.0,2735.0,41,0,3,0.2926829268292683,0.14634146341463414,0.5609756097560976,1,0,-2.9045546482025464,0.4885293173255483,High-Value Loyalists
10988,1977,Graduation,Single,73686.0,0,0,2013-01-07,38,237,194,400,51,114,47,1,4,9,2,3,0,0,0,1,1,0,0,3,11,38,0,1,724.0,1043.0,15,1,3,0.26666666666666666,0.6,0.13333333333333333,2,0,-1.4630801697704974,-1.5580324384488335,High-Value Loyalists
10989,1970,PhD,Married,41001.0,0,1,2014-03-12,49,48,27,68,3,15,17,2,0,0,0,14,0,0,0,0,0,0,0,3,11,45,1,3,295.0,178.0,2,2,14,0.0,0.0,0.0,0,1,1.7739931966682485,-0.344000367704521,Digital Enthusiasts
10990,1978,Graduation,Married,31192.0,0,1,2013-09-05,99,190,35,66,14,7,89,5,8,1,1,8,0,0,1,0,0,0,0,3,11,37,1,3,483.0,401.0,10,5,8,0.8,0.1,0.1,1,1,1.9317125931966952,-1.9917532179835247,Digital Enthusiasts
10991,1964,Graduation,Married,28162.0,1,1,2012-10-08,61,78,11,46,1,1,41,5,2,1,3,5,0,0,1,0,0,0,0,3,11,51,2,4,815.0,178.0,6,5,5,0.3333333333333333,0.16666666666666666,0.5,1,1,2.5715254416711475,0.2640841570548458,Digital Enthusiasts
10992,1976,Graduation,Together,32956.0,1,2,2013-02-11,45,116,31,54,21,34,5,5,2,0,3,10,0,0,0,0,1,0,0,3,11,39,3,5,689.0,261.0,5,5,10,0.4,0.0,0.6,1,1,3.6679972698526435,0.45722499911978476,Digital Enthusiasts
10993,1973,Master,Widow,100765.0,0,0,2014-02-08,4,823,255,276,245,59,213,1,7,6,16,3,1,1,0,0,1,0,0,3,11,42,0,1,327.0,1871.0,29,1,3,0.2413793103448276,0.20689655172413793,0.5517241379310345,3,0,-2.5516173335201,0.4805763828300694,High-Value Loyalists
10994,1958,Graduation,Divorced,59696.0,0,0,2012-11-29,89,334,26,420,10,9,16,2,2,2,12,2,0,0,0,0,1,0,0,3,11,57,0,1,763.0,815.0,16,2,2,0.125,0.125,0.75,1,0,-0.8668186243192252,2.030456157494179,High-Value Loyalists
10995,1969,PhD,Widow,49442.0,1,1,2013-04-29,7,559,29,124,88,53,53,1,10,1,10,7,0,0,0,0,1,1,0,3,11,46,2,3,612.0,906.0,21,1,7,0.47619047619047616,0.047619047619047616,0.47619047619047616,2,1,0.6331572189592798,-0.17251941664248405,Digital Enthusiasts
10996,1973,2n Cycle,Single,31230.0,1,1,2014-02-09,40,55,53,43,10,17,38,6,2,1,2,9,0,0,0,0,0,0,0,3,11,42,2,3,326.0,216.0,5,6,9,0.4,0.2,0.4,0,1,2.3111583554742117,-0.2473200043835103,Digital Enthusiasts
10997,1972,Master,Together,77879.0,0,0,2012-05-18,10,630,7,874,169,141,152,0,4,19,9,1,0,0,1,0,1,0,0,3,11,43,0,2,958.0,1973.0,32,0,1,0.125,0.59375,0.28125,2,0,-2.0981963764245073,-0.9544359205153178,High-Value Loyalists
10998,1946,Master,Together,48414.0,1,0,2014-01-27,51,211,27,62,121,267,221,3,3,5,11,9,0,1,0,0,0,1,0,3,11,69,1,3,339.0,909.0,19,3,9,0.15789473684210525,0.2631578947368421,0.5789473684210527,2,1,0.7476895258211056,0.8821785978522251,Digital Enthusiasts
10999,1960,Graduation,Together,49500.0,0,0,2014-01-16,45,1606,156,393,481,22,85,4,7,21,12,8,1,0,0,0,1,0,0,3,11,55,0,2,350.0,2743.0,40,4,8,0.175,0.525,0.3,2,0,-1.2240326426588999,-0.7114366608558375,High-Value Loyalists
11000,1965,PhD,Widow,67721.0,0,0,2013-05-02,29,359,371,204,51,7,79,0,8,2,9,5,1,0,0,0,1,0,0,3,11,50,0,1,609.0,1071.0,19,0,5,0.42105263157894735,0.10526315789473684,0.47368421052631576,2,0,-1.5240950530006254,0.19638533476012873,High-Value Loyalists
11001,1968,Graduation,Single,55148.0,1,0,2012-07-29,29,290,268,259,111,211,158,3,7,5,10,2,0,0,0,0,0,0,0,3,11,47,1,2,886.0,1297.0,22,3,2,0.3181818181818182,0.22727272727272727,0.45454545454545453,0,0,-0.369783018886395,0.04649301209958881,High-Value Loyalists
11002,1958,Graduation,Widow,91566.0,0,0,2012-05-06,0,422,69,419,96,50,201,2,4,8,7,1,0,0,1,1,0,1,0,3,11,57,0,1,970.0,1257.0,19,2,1,0.21052631578947367,0.42105263157894735,0.3684210526315789,3,0,-2.118988912338528,-0.2856564203884726,High-Value Loyalists
11003,1971,Graduation,Together,71072.0,0,0,2013-11-15,68,1183,353,627,251,257,127,0,14,3,27,2,0,0,1,0,0,1,0,3,11,44,0,2,412.0,2798.0,44,0,2,0.3181818181818182,0.06818181818181818,0.6136363636363636,2,0,-2.075819371512044,0.7174582922168089,High-Value Loyalists
11004,1971,PhD,Widow,57656.0,0,1,2012-12-04,63,44,6,117,8,16,6,6,3,1,2,10,0,0,0,0,0,0,0,3,11,44,1,2,758.0,197.0,6,6,10,0.5,0.16666666666666666,0.3333333333333333,0,1,1.3043432750470747,-0.5193011231587501,Digital Enthusiasts
11005,1988,PhD,Widow,80326.0,0,0,2013-04-28,50,234,125,353,96,60,22,1,2,4,13,7,0,0,1,0,0,0,0,3,11,27,0,1,613.0,890.0,19,1,7,0.10526315789473684,0.21052631578947367,0.6842105263157895,1,0,-1.1969879901813532,1.3446700527125968,High-Value Loyalists
11006,1955,PhD,Single,40080.0,0,1,2012-03-21,37,309,34,108,15,3,27,4,2,1,4,3,0,0,0,0,0,0,0,3,11,60,1,2,1016.0,496.0,7,4,3,0.2857142857142857,0.14285714285714285,0.5714285714285714,0,1,0.5558126360681352,0.9191353342177894,Digital Enthusiasts
11007,1983,Graduation,Together,62371.0,0,0,2013-04-08,31,329,237,211,28,249,63,1,12,2,5,4,0,1,0,0,0,1,0,3,11,32,0,2,633.0,1117.0,19,1,4,0.631578947368421,0.10526315789473684,0.2631578947368421,2,0,-0.8699693831879471,-1.2159201603761582,High-Value Loyalists
11008,1975,Graduation,Single,46644.0,0,1,2012-03-02,83,90,6,63,38,53,66,7,5,5,2,5,0,0,1,0,0,0,0,3,11,40,1,2,1035.0,316.0,12,7,5,0.4166666666666667,0.4166666666666667,0.16666666666666666,1,1,1.1420507151580532,-1.3734009737559927,Digital Enthusiasts
11009,1983,Graduation,Married,59784.0,1,1,2013-04-26,0,685,54,363,32,79,168,0,9,6,14,2,0,1,0,0,0,0,0,3,11,32,2,4,615.0,1381.0,29,0,2,0.3103448275862069,0.20689655172413793,0.4827586206896552,1,1,0.3163713513291027,-0.3006467179520258,Digital Enthusiasts
11010,1974,PhD,Married,33881.0,0,1,2014-01-27,74,84,49,78,20,38,11,4,2,2,7,6,0,0,0,0,0,0,0,3,11,41,1,3,339.0,280.0,11,4,6,0.18181818181818182,0.18181818181818182,0.6363636363636364,0,1,1.5125397858752405,1.1678127679419723,Digital Enthusiasts
11011,1967,Graduation,Single,47956.0,0,1,2014-05-27,52,106,11,22,0,12,18,2,0,0,1,9,0,0,0,0,0,0,0,3,11,48,1,2,219.0,169.0,2,2,9,0.0,0.0,1.0,0,1,0.903492834589664,3.2728361158968076,Digital Enthusiasts
11012,1978,Master,Widow,61139.0,1,1,2014-01-30,47,404,217,264,157,102,373,1,12,3,13,9,0,0,0,0,0,0,0,3,11,37,2,3,336.0,1517.0,28,1,9,0.42857142857142855,0.10714285714285714,0.4642857142857143,0,1,0.6278440998296126,-0.2460932925202626,Digital Enthusiasts
11013,1968,PhD,Divorced,64854.0,0,0,2013-06-10,88,350,3,148,87,3,17,0,3,4,4,1,1,0,1,0,0,1,0,3,11,47,0,1,570.0,608.0,11,0,1,0.2727272727272727,0.36363636363636365,0.36363636363636365,3,0,-1.087284407625415,-0.18425287860730913,High-Value Loyalists
11014,1983,Graduation,Together,70823.0,0,0,2013-10-30,27,847,144,427,202,143,27,2,12,12,6,5,0,0,0,0,0,1,0,3,11,32,0,2,428.0,1790.0,30,2,5,0.4,0.4,0.2,1,0,-1.2799683218571845,-1.4822168560226092,High-Value Loyalists
11015,1979,Graduation,Widow,84036.0,0,0,2012-02-09,0,515,459,91,269,62,56,1,4,7,11,4,0,0,0,0,0,0,0,3,11,36,0,1,1057.0,1452.0,22,1,4,0.18181818181818182,0.3181818181818182,0.5,0,0,-1.932405276233241,0.29660563054560707,High-Value Loyalists
11016,1970,PhD,Single,41826.0,1,1,2013-09-06,33,57,4,67,8,11,5,7,0,0,0,10,0,0,0,0,1,0,0,3,11,45,2,3,482.0,152.0,2,7,10,0.0,0.0,0.0,1,1,2.378963753426036,-0.3879381531453636,Digital Enthusiasts
11017,1949,PhD,Divorced,55442.0,1,0,2014-05-10,52,195,40,57,107,17,197,5,3,0,7,7,0,0,0,0,0,0,0,3,11,66,1,2,236.0,613.0,10,5,7,0.3,0.0,0.7,0,1,0.7142464158981747,1.651520878631171,Digital Enthusiasts
11018,1964,Graduation,Widow,57656.0,0,0,2012-05-16,64,1598,271,955,75,18,192,4,18,4,28,2,0,1,0,0,0,0,0,3,11,51,0,1,960.0,3109.0,50,4,2,0.36,0.08,0.56,1,0,-2.233635601030709,0.5767263542232077,High-Value Loyalists
11019,1984,Graduation,Married,58248.0,0,0,2012-09-10,29,545,161,165,166,169,17,1,1,6,15,5,1,0,1,0,1,0,0,3,11,31,0,2,843.0,1223.0,22,1,5,0.045454545454545456,0.2727272727272727,0.6818181818181818,3,0,-1.0039192550272487,1.2222992942695785,High-Value Loyalists
11020,1952,2n Cycle,Married,52430.0,0,1,2014-06-12,86,124,12,379,3,28,29,3,3,1,9,4,0,1,0,1,0,0,0,3,11,63,1,3,205.34,575.0,13,3,4,0.23076923076923078,0.07692307692307693,0.6923076923076923,2,1,0.9302022723652571,1.5103596125658927,Digital Enthusiasts
11021,1975,Graduation,Divorced,37535.0,1,1,2013-02-27,6,121,1,36,2,4,37,5,4,1,2,3,0,0,0,0,0,0,0,3,11,40,2,3,673.0,201.0,7,5,3,0.5714285714285714,0.14285714285714285,0.2857142857142857,0,1,1.5876150975229413,-1.026385068432445,Digital Enthusiasts
11022,1963,Graduation,Single,59864.0,1,0,2013-10-13,40,379,155,244,83,50,298,7,13,1,8,1,0,1,0,0,1,0,0,3,11,52,1,2,445.0,1209.0,22,7,1,0.5909090909090909,0.045454545454545456,0.36363636363636365,2,0,-0.011168752421237476,-0.4863347787087544,High-Value Loyalists
11023,1966,Master,Married,30955.0,1,1,2014-01-10,80,80,18,30,27,5,28,5,2,3,3,7,0,1,0,0,0,0,0,3,11,49,2,4,356.0,188.0,8,5,7,0.25,0.375,0.375,1,1,2.7039396231889063,-0.3297464299582513,Digital Enthusiasts
11024,1965,Graduation,Married,46571.0,1,2,2014-05-10,78,50,58,53,17,1,33,3,3,1,3,7,0,0,0,0,0,0,0,3,11,50,3,5,236.0,212.0,7,3,7,0.42857142857142855,0.14285714285714285,0.42857142857142855,0,1,3.3537170761533277,-0.32114586351548036,Digital Enthusiasts
11025,1970,Graduation,Married,71354.0,1,0,2012-03-17,0,823,73,255,17,207,53,1,6,8,10,4,1,0,0,0,0,0,0,3,11,45,1,3,1020.0,1428.0,24,1,4,0.25,0.3333333333333333,0.4166666666666667,1,0,-0.467488431561422,-0.37596102523247465,High-Value Loyalists
11026,1958,Master,Single,39959.0,1,0,2012-11-18,33,122,98,8,27,25,27,1,3,6,5,7,1,0,0,0,0,0,0,3,11,57,1,2,774.0,307.0,14,1,7,0.21428571428571427,0.42857142857142855,0.35714285714285715,1,1,0.27017154456055037,-0.2846675457110248,Digital Enthusiasts
11027,1968,2n Cycle,Together,82768.0,0,0,2012-07-28,34,491,246,491,229,234,176,4,6,7,17,4,0,0,1,0,0,1,0,3,11,47,0,2,887.0,1867.0,30,4,4,0.2,0.23333333333333334,0.5666666666666667,2,0,-1.3054430113377582,0.6184821113454196,High-Value Loyalists
11028,1975,Graduation,Widow,59407.0,1,1,2014-01-02,43,139,30,50,18,109,9,4,2,4,4,7,0,0,1,0,0,0,0,3,11,40,2,3,364.0,355.0,10,4,7,0.2,0.4,0.4,1,1,1.4958319241633384,-0.2768174301592484,Digital Enthusiasts
11029,1972,PhD,Married,79420.0,1,0,2014-02-28,63,716,117,207,108,181,289,0,5,7,15,8,1,1,0,0,0,1,0,3,11,43,1,3,307.0,1618.0,27,0,8,0.18518518518518517,0.25925925925925924,0.5555555555555556,3,0,-0.2508001545523898,0.3844169837358068,High-Value Loyalists
11030,1976,Graduation,Single,50551.0,1,2,2014-02-21,58,118,11,49,3,12,153,4,2,4,2,8,0,0,1,0,0,1,0,3,11,39,3,4,314.0,346.0,8,4,8,0.25,0.5,0.25,2,1,2.6731330394095645,-1.2432367632028818,Digital Enthusiasts
11031,1973,PhD,Together,38654.0,0,1,2012-04-15,26,121,0,119,5,3,15,6,2,0,4,6,1,0,1,0,1,0,0,3,11,42,1,3,991.0,263.0,6,6,6,0.3333333333333333,0.0,0.6666666666666666,3,1,1.3793204273185438,1.1153492248185088,Digital Enthusiasts
11032,1991,Master,Married,27256.0,0,1,2013-08-26,68,94,42,14,3,4,30,6,2,0,5,6,1,0,0,0,0,0,0,3,11,24,1,3,493.0,187.0,7,6,6,0.2857142857142857,0.0,0.7142857142857143,1,1,1.8825654969902097,1.4161774843256145,Digital Enthusiasts
11033,1956,Master,Divorced,35960.0,0,0,2013-04-10,63,137,66,239,9,97,40,4,2,2,6,2,0,0,0,0,0,0,0,3,11,59,0,1,631.0,588.0,10,4,2,0.2,0.2,0.6,0,0,-0.3359572140652759,1.3245747330808963,High-Value Loyalists
11034,1977,Graduation,Divorced,57656.0,0,0,2013-10-14,12,371,47,130,122,11,112,1,2,2,11,5,0,0,0,0,0,0,0,3,11,38,0,1,444.0,793.0,15,1,5,0.13333333333333333,0.13333333333333333,0.7333333333333333,0,0,-1.169222982724269,1.722743100232526,High-Value Loyalists
11035,1975,Graduation,Married,33757.0,1,1,2012-06-16,38,90,19,155,15,32,27,5,3,0,3,6,0,0,0,0,0,0,0,3,11,40,2,4,929.0,338.0,6,5,6,0.5,0.0,0.5,0,1,2.4691043087226654,0.060030073408835566,Digital Enthusiasts
11036,1963,Master,Single,54135.0,1,0,2012-04-26,22,675,7,270,345,160,106,6,10,7,10,2,0,0,0,0,1,0,0,3,11,52,1,2,980.0,1563.0,27,6,2,0.37037037037037035,0.25925925925925924,0.37037037037037035,1,0,-0.33473852205455334,-0.41914773455264387,High-Value Loyalists
11037,1987,PhD,Single,64189.0,0,0,2012-11-14,68,224,295,529,437,327,203,3,19,1,14,5,1,1,1,0,1,1,0,3,11,28,0,1,778.0,2015.0,34,3,5,0.5588235294117647,0.029411764705882353,0.4117647058823529,5,0,-1.626088098453504,-0.4648173002019097,High-Value Loyalists
11038,1982,2n Cycle,Married,73516.0,1,0,2012-11-13,36,611,193,383,67,56,15,0,4,2,16,7,1,0,0,0,0,0,0,3,11,33,1,3,779.0,1325.0,22,0,7,0.18181818181818182,0.09090909090909091,0.7272727272727273,1,0,-0.09115885225486874,1.2486450585140367,High-Value Loyalists
11039,1974,Graduation,Together,67307.0,0,0,2013-12-12,0,1236,141,323,260,171,569,0,8,8,20,6,0,1,0,0,0,1,0,3,11,41,0,2,385.0,2700.0,36,0,6,0.2222222222222222,0.2222222222222222,0.5555555555555556,2,0,-2.0627799834168683,0.3809534094246103,High-Value Loyalists
11040,1971,Basic,Together,82272.0,0,0,2012-06-20,1,805,83,318,16,40,435,0,10,15,6,3,1,0,0,0,1,1,0,3,11,44,0,2,925.0,1697.0,31,0,3,0.3225806451612903,0.4838709677419355,0.1935483870967742,3,0,-1.9990300560277616,-1.5430321651426637,High-Value Loyalists
11041,1963,Graduation,Single,51396.0,1,1,2014-05-13,73,15,68,52,41,12,45,2,2,3,2,9,0,0,0,0,0,0,0,3,11,52,2,3,233.0,233.0,7,2,9,0.2857142857142857,0.42857142857142855,0.2857142857142857,0,1,1.7991613559527393,-0.7624426201164965,Digital Enthusiasts
11042,1960,Graduation,Single,30647.0,0,1,2012-01-16,49,146,1,94,33,30,31,3,0,1,4,4,0,0,0,0,0,0,0,3,11,55,1,2,1081.0,335.0,5,3,4,0.0,0.2,0.8,0,1,0.747088499845712,2.2583129789618432,Digital Enthusiasts
11043,1977,2n Cycle,Single,45220.0,0,1,2013-05-31,30,74,17,105,10,9,28,6,2,1,6,7,0,0,0,0,0,0,0,3,11,38,1,2,580.0,243.0,9,6,7,0.2222222222222222,0.1111111111111111,0.6666666666666666,0,1,0.960939876445332,1.3157066201876866,Digital Enthusiasts
11044,1972,PhD,Divorced,81684.0,0,0,2013-04-22,19,530,194,899,126,35,320,1,13,7,9,2,1,0,0,1,0,0,0,3,11,43,0,1,619.0,2104.0,29,1,2,0.4482758620689655,0.2413793103448276,0.3103448275862069,2,0,-2.3289860529076805,-0.8360048263661639,High-Value Loyalists
11045,1987,Graduation,Married,72497.0,1,1,2012-11-21,59,317,65,283,2,93,8,3,9,3,5,6,0,1,0,0,0,1,0,3,11,28,2,4,771.0,768.0,17,3,6,0.5294117647058824,0.17647058823529413,0.29411764705882354,2,1,1.546271861025184,-1.2999437350083234,Digital Enthusiasts
11046,1956,PhD,Married,112087.0,1,0,2012-04-10,75,709,357,128,6,80,79,2,9,5,9,3,1,0,0,0,0,0,0,3,11,59,1,3,996.0,1359.0,23,2,3,0.391304347826087,0.21739130434782608,0.391304347826087,1,0,-0.3078698818683823,-0.4194756948062497,High-Value Loyalists
11047,1963,Graduation,Widow,44073.0,1,2,2012-03-13,56,107,61,115,30,10,35,7,1,0,1,5,0,0,0,0,0,0,0,3,11,52,3,4,1024.0,358.0,2,7,5,0.5,0.0,0.5,0,1,3.137703672698578,0.12540035972177718,Digital Enthusiasts
11048,1954,Basic,Together,62369.0,1,0,2012-09-05,62,157,139,63,279,203,27,6,1,3,12,9,0,0,0,1,0,0,0,3,11,61,1,3,848.0,868.0,16,6,9,0.0625,0.1875,0.75,1,1,1.1300857751074107,1.8118813491274817,Digital Enthusiasts
11049,1989,Master,Single,51628.0,0,0,2012-12-27,35,374,86,161,3,18,149,1,4,4,7,6,0,1,0,0,0,1,0,3,11,26,0,1,735.0,791.0,15,1,6,0.26666666666666666,0.26666666666666666,0.4666666666666667,2,0,-0.968302393835432,0.13442616170413962,High-Value Loyalists
11050,1982,Master,Married,47480.0,1,1,2012-06-20,62,137,1,67,46,27,83,4,5,1,1,9,0,0,0,0,1,0,0,3,11,33,2,4,925.0,361.0,7,4,9,0.7142857142857143,0.14285714285714285,0.14285714285714285,1,1,2.493296861636249,-2.025007618443479,Digital Enthusiasts
11051,1965,Graduation,Widow,75889.0,1,0,2014-01-02,7,643,273,317,207,51,62,1,4,2,16,5,0,0,0,0,1,0,0,3,11,50,1,2,364.0,1553.0,22,1,5,0.18181818181818182,0.09090909090909091,0.7272727272727273,1,0,-0.9044120232278882,1.4595020796758789,High-Value Loyalists
11052,1973,Graduation,Divorced,68463.0,0,0,2014-05-25,69,533,117,288,103,0,116,2,3,11,6,2,1,0,1,0,0,0,0,3,11,42,0,1,221.0,1157.0,20,2,2,0.15,0.55,0.3,2,0,-1.3264731826837082,-0.5201601621375702,High-Value Loyalists
11053,1983,Master,Widow,94771.0,0,0,2013-11-12,17,876,416,345,678,657,283,1,7,29,13,2,0,0,0,0,0,1,0,3,11,32,0,1,415.0,3255.0,49,1,2,0.14285714285714285,0.5918367346938775,0.2653061224489796,1,0,-3.2734077066266347,-1.1297275323292353,High-Value Loyalists
11054,1980,Graduation,Widow,71623.0,0,0,2014-01-14,13,597,4,426,300,154,81,5,6,3,11,7,0,0,0,0,0,0,0,3,11,35,0,1,352.0,1562.0,20,5,7,0.3,0.15,0.55,0,0,-1.1066398046706547,0.6195981242911407,High-Value Loyalists
11055,1959,Graduation,Together,40649.0,1,1,2012-11-16,41,144,0,193,19,15,7,6,5,1,7,9,0,0,0,1,0,0,0,3,11,56,2,4,776.0,378.0,13,6,9,0.38461538461538464,0.07692307692307693,0.5384615384615384,1,1,2.4254061768597146,0.3841641585821016,Digital Enthusiasts
11056,1955,PhD,Single,43925.0,0,0,2014-02-14,66,335,16,393,192,81,263,4,8,4,9,6,1,0,0,0,0,0,0,3,11,60,0,1,321.0,1280.0,21,4,6,0.38095238095238093,0.19047619047619047,0.42857142857142855,1,0,-0.6700746067236468,0.21971397712952623,High-Value Loyalists
11057,1955,Master,Widow,68706.0,0,0,2012-06-01,12,400,372,262,74,1,346,0,12,3,7,3,0,0,0,0,0,0,0,3,11,60,0,1,944.0,1455.0,22,0,3,0.5454545454545454,0.13636363636363635,0.3181818181818182,0,0,-1.857029382623228,-0.6325250777040905,High-Value Loyalists
11058,1966,Graduation,Single,45243.0,0,1,2013-06-25,91,100,8,24,16,33,11,8,1,1,1,11,0,0,1,0,0,0,0,3,11,49,1,2,555.0,192.0,3,8,11,0.3333333333333333,0.3333333333333333,0.3333333333333333,1,1,1.854684957465358,-0.31066654819382966,Digital Enthusiasts
11059,1980,PhD,Divorced,39439.0,0,2,2013-05-04,72,58,8,55,50,22,19,2,4,1,4,4,0,0,1,0,0,0,0,3,11,35,2,3,607.0,212.0,9,2,4,0.4444444444444444,0.1111111111111111,0.4444444444444444,1,1,1.6341063743667548,-0.15457475746764635,Digital Enthusiasts
11060,1956,Basic,Single,65439.0,1,0,2013-03-06,70,240,15,82,22,186,18,3,3,3,2,5,1,1,0,0,0,0,0,3,11,59,1,2,666.0,563.0,8,3,5,0.375,0.375,0.25,2,1,0.3740519973336436,-0.8768762961374795,Digital Enthusiasts
11061,1973,Graduation,Single,37662.0,1,1,2014-01-18,48,35,8,33,26,6,7,5,0,0,5,5,0,1,1,1,1,1,0,3,11,42,2,3,348.0,142.34,5,5,5,0.0,0.0,1.0,5,1,1.7458396277085628,2.9900121779867987,Digital Enthusiasts
11062,1985,Graduation,Single,49075.0,0,0,2012-10-30,24,260,53,307,172,101,169,2,3,2,12,6,0,0,0,0,0,0,0,3,11,30,0,1,793.0,1062.0,17,2,6,0.17647058823529413,0.11764705882352941,0.7058823529411765,0,0,-0.9538148415896712,1.4919139901437526,High-Value Loyalists
11063,1979,Graduation,Widow,46100.0,0,1,2013-05-21,58,51,12,39,4,60,62,2,2,0,3,6,0,0,0,1,0,0,0,3,11,36,1,2,590.0,228.0,5,2,6,0.4,0.0,0.6,1,1,0.7346022675318069,0.8358241074956688,Digital Enthusiasts
11064,1965,Graduation,Single,60359.0,0,0,2013-02-20,11,678,291,278,224,59,19,3,9,2,11,8,0,0,0,0,0,0,0,3,11,50,0,1,680.0,1549.0,22,3,8,0.4090909090909091,0.09090909090909091,0.5,0,0,-1.2141869789673043,0.36418902728219305,High-Value Loyalists
11065,1961,Master,Single,55681.0,1,0,2013-05-02,62,199,59,361,4,82,4,4,3,2,7,5,0,0,0,0,0,0,0,3,11,54,1,2,609.0,709.0,12,4,5,0.25,0.16666666666666666,0.5833333333333334,0,1,0.49386183714066223,0.9477562922652666,Digital Enthusiasts
11066,1969,Graduation,Single,57105.0,1,0,2012-11-04,58,352,49,261,110,34,109,3,10,2,5,4,0,0,0,0,0,0,0,3,11,46,1,2,788.0,915.0,17,3,4,0.5882352941176471,0.11764705882352941,0.29411764705882354,0,1,0.17455315418397147,-0.8677515186456506,Digital Enthusiasts
11067,1975,PhD,Single,52797.0,0,1,2013-09-28,42,119,26,122,19,14,50,7,2,2,5,11,0,0,0,0,0,0,0,3,11,40,1,2,460.0,350.0,9,7,11,0.2222222222222222,0.2222222222222222,0.5555555555555556,0,1,1.2372197347471912,0.7497646414932776,Digital Enthusiasts
11068,1967,PhD,Together,75527.0,0,0,2013-06-16,43,1455,84,552,132,66,212,2,12,14,10,0,0,0,0,0,0,0,0,3,11,48,0,2,564.0,2501.0,36,2,0,0.3333333333333333,0.3888888888888889,0.2777777777777778,0,0,-1.8475725720237337,-0.9348075107043127,High-Value Loyalists
11069,1973,Graduation,Together,60758.0,1,1,2012-04-26,43,479,17,247,20,6,89,2,5,4,6,7,0,0,1,1,0,0,0,3,11,42,2,4,980.0,858.0,15,2,7,0.3333333333333333,0.26666666666666666,0.4,2,1,1.4726776518691505,-0.568704456432507,Digital Enthusiasts
11070,1958,Graduation,Divorced,53130.0,0,0,2013-02-02,76,198,9,129,28,39,112,2,4,1,9,6,0,0,0,0,0,0,0,3,11,57,0,1,698.0,515.0,14,2,6,0.2857142857142857,0.07142857142857142,0.6428571428571429,0,0,-0.4607588817968608,1.4141504953383845,High-Value Loyalists
11071,1967,Graduation,Widow,30543.0,1,1,2013-07-10,94,42,11,23,6,13,25,3,0,0,0,8,0,0,0,0,0,0,0,3,11,48,2,3,540.0,142.34,2,3,8,0.0,0.0,0.0,0,1,2.3944713865374947,-0.28984141859407686,Digital Enthusiasts
11072,1994,Graduation,Single,69442.0,0,0,2012-03-27,55,285,45,127,108,57,138,3,6,1,7,10,0,0,0,0,0,1,0,3,11,21,0,1,1010.0,760.0,14,3,10,0.42857142857142855,0.07142857142857142,0.5,1,0,-0.47259037377262253,0.20836665565257326,High-Value Loyalists
11073,1950,Graduation,Widow,71781.0,0,0,2012-03-11,50,206,6,169,75,4,8,2,4,1,3,10,0,0,1,0,0,0,0,3,11,65,0,1,1026.0,468.0,8,2,10,0.5,0.125,0.375,1,0,-0.4904859449643266,-0.14548485845625725,High-Value Loyalists
11074,1973,Graduation,Widow,47141.0,1,1,2013-05-04,78,274,36,78,187,9,54,1,2,1,6,4,0,0,0,0,0,0,0,3,11,42,2,3,607.0,638.0,9,1,4,0.2222222222222222,0.1111111111111111,0.6666666666666666,0,1,1.36185624066195,1.1624104858784778,Digital Enthusiasts
11075,1979,Graduation,Married,70345.0,1,0,2012-05-23,39,107,66,276,89,58,206,4,5,3,8,5,0,0,0,1,0,0,0,3,11,36,1,3,953.0,802.0,16,4,5,0.3125,0.1875,0.5,1,1,0.5718998569226751,0.1279690611015697,Digital Enthusiasts
11076,1965,PhD,Together,27096.26,1,1,2013-05-28,52,98,11,62,27,17,15,2,1,1,2,13,0,0,0,0,0,0,0,3,11,50,2,4,583.0,230.0,4,2,13,0.25,0.25,0.5,0,1,2.7027879806136226,0.2592173426917008,Digital Enthusiasts
11077,1973,Graduation,Single,64496.0,0,0,2012-02-16,24,370,34,103,54,95,67,3,5,2,3,3,0,1,0,0,0,0,0,3,11,42,0,1,1050.0,723.0,10,3,3,0.5,0.2,0.3,1,0,-0.9442762135570347,-0.7095161456506641,High-Value Loyalists
11078,1982,Graduation,Together,35694.0,0,2,2014-02-08,60,28,59,103,1,40,67,6,3,2,7,5,0,1,1,0,1,0,0,3,11,33,2,4,327.0,298.0,12,6,5,0.25,0.16666666666666666,0.5833333333333334,3,1,2.3588455866021354,0.5611280137261612,Digital Enthusiasts
11079,1987,Graduation,Married,55185.0,0,0,2013-07-06,60,703,61,203,99,131,155,1,12,4,10,5,0,0,1,1,0,0,0,3,11,28,0,2,544.0,1352.0,26,1,5,0.46153846153846156,0.15384615384615385,0.38461538461538464,2,0,-0.8014907022966758,-0.5101668763074773,High-Value Loyalists
11080,1983,Graduation,Divorced,80695.0,0,0,2013-07-24,15,449,151,261,18,13,449,2,1,4,11,0,0,0,0,0,0,0,0,3,11,32,0,1,526.0,1341.0,16,2,0,0.0625,0.25,0.6875,0,0,-1.7493254911984406,1.4381125728896933,High-Value Loyalists
11081,1952,Master,Widow,48715.0,1,0,2014-05-17,24,358,29,63,47,88,38,3,2,3,3,5,0,1,0,0,1,0,0,3,11,63,1,2,229.0,623.0,8,3,5,0.25,0.375,0.375,2,1,0.20730145037521733,-0.1353939221317261,Digital Enthusiasts
11082,1970,Graduation,Together,50187.0,0,0,2013-07-16,25,100,26,112,44,47,17,3,1,4,5,6,0,0,0,0,0,0,0,3,11,45,0,2,534.0,346.0,10,3,6,0.1,0.4,0.5,0,0,-0.03724974518172876,0.5703604573121304,High-Value Loyalists
11083,1954,Master,Together,48222.0,0,0,2012-05-13,74,168,30,201,66,16,9,2,5,4,2,5,0,0,0,0,0,0,0,3,11,61,0,2,963.0,490.0,11,2,5,0.45454545454545453,0.36363636363636365,0.18181818181818182,0,1,0.07824522130326084,-1.1471536468504786,Digital Enthusiasts
11084,1951,Graduation,Widow,35441.0,1,0,2014-03-20,60,294,112,82,2,0,42,0,5,3,8,3,0,0,0,0,0,0,0,3,11,64,1,2,287.0,532.0,16,0,3,0.3125,0.1875,0.5,0,1,0.10784179479322815,0.5475143692124421,Digital Enthusiasts
11085,1974,Graduation,Married,30301.0,0,1,2013-02-27,90,128,15,52,12,20,13,9,1,1,7,10,0,0,0,1,1,0,0,3,11,41,1,3,673.0,240.0,9,9,10,0.1111111111111111,0.1111111111111111,0.7777777777777778,2,1,2.3599238823672843,1.9661220400866208,Digital Enthusiasts
11086,1967,Master,Married,46054.0,0,1,2013-08-26,46,96,43,112,3,5,29,6,4,1,4,9,0,0,1,1,0,0,0,3,11,48,1,3,493.0,288.0,9,6,9,0.4444444444444444,0.1111111111111111,0.4444444444444444,2,1,1.5565378398986394,-0.020418097281632797,Digital Enthusiasts
11087,1970,Graduation,Divorced,27096.26,0,1,2014-03-15,31,187,37,112,83,18,44,6,4,2,1,10,0,0,0,0,0,1,0,3,11,45,1,2,292.0,481.0,7,6,10,0.5714285714285714,0.2857142857142857,0.14285714285714285,1,1,1.2455122902033693,-1.554643978632842,Digital Enthusiasts
11088,1982,Graduation,Married,55764.0,0,0,2013-03-01,72,587,137,384,136,124,197,2,4,2,21,3,0,0,1,0,0,0,0,3,11,33,0,2,671.0,1565.0,27,2,3,0.14814814814814814,0.07407407407407407,0.7777777777777778,1,0,-0.8157188485829587,1.79199479490426,High-Value Loyalists
11089,1993,PhD,Divorced,60006.0,0,0,2014-02-04,21,275,42,199,182,4,88,3,4,1,6,7,0,0,0,1,0,0,1,3,11,22,0,1,331.0,790.0,11,3,7,0.36363636363636365,0.09090909090909091,0.5454545454545454,1,0,-0.7128906131161891,0.5273602276284615,High-Value Loyalists
11090,1976,Master,Single,92122.0,1,0,2014-05-06,52,592,103,520,99,27,146,1,8,4,17,3,1,0,0,0,0,0,0,3,11,39,1,2,240.0,1487.0,29,1,3,0.27586206896551724,0.13793103448275862,0.5862068965517241,1,0,-0.9952195066498962,0.6122168738933426,High-Value Loyalists
11091,1979,Graduation,Single,44314.0,1,1,2013-01-15,28,91,13,75,16,76,87,12,3,2,5,4,0,0,0,0,0,0,0,3,11,36,2,3,716.0,358.0,10,12,4,0.3,0.2,0.5,0,1,2.3093470541440366,0.2982370010852426,Digital Enthusiasts
11092,1982,Master,Widow,58146.0,1,0,2012-01-24,41,375,48,151,161,67,44,2,8,2,3,5,0,0,0,0,0,0,0,3,11,33,1,2,1073.0,846.0,13,2,5,0.6153846153846154,0.15384615384615385,0.23076923076923078,0,1,0.14138669234851017,-1.349494102832475,Digital Enthusiasts
11093,1974,Graduation,Divorced,84377.0,1,0,2013-11-01,34,606,274,383,86,80,158,0,10,6,14,6,1,0,0,1,0,1,0,3,11,41,1,2,426.0,1587.0,30,0,6,0.3333333333333333,0.2,0.4666666666666667,3,0,-1.1198966554000078,-0.1407213343471737,High-Value Loyalists
11094,1960,Master,Together,32769.0,1,1,2013-12-23,26,162,48,14,32,4,4,7,4,6,4,7,0,0,0,0,0,0,0,3,11,55,2,4,374.0,264.0,14,7,7,0.2857142857142857,0.42857142857142855,0.2857142857142857,0,1,2.4283175259786254,-0.8280350033608266,Digital Enthusiasts
11095,1978,Graduation,Divorced,79536.0,0,0,2012-02-08,79,267,40,232,34,14,85,1,6,1,4,4,0,1,0,0,1,0,0,3,11,37,0,1,1058.0,672.0,11,1,4,0.5454545454545454,0.09090909090909091,0.36363636363636365,2,0,-0.9288041796903312,-0.4470066538340486,High-Value Loyalists
11096,1962,Graduation,Married,68582.0,0,0,2014-05-08,8,1152,201,204,289,225,188,1,12,3,22,2,0,0,0,1,0,0,0,3,11,53,0,2,238.0,2259.0,37,1,2,0.32432432432432434,0.08108108108108109,0.5945945945945946,1,0,-1.976058265398334,0.7137162015716104,High-Value Loyalists
11097,1965,Graduation,Married,64450.0,1,0,2013-11-11,31,147,13,141,23,116,233,4,5,2,5,10,0,0,0,0,0,1,0,3,11,50,1,3,416.0,673.0,12,4,10,0.4166666666666667,0.16666666666666666,0.4166666666666667,1,1,0.9647613109111149,-0.22443933047018413,Digital Enthusiasts
11098,1952,PhD,Together,47943.0,1,0,2012-06-23,37,216,86,148,34,9,76,3,4,1,7,6,0,0,0,0,0,0,0,3,11,63,1,3,922.0,569.0,12,3,6,0.3333333333333333,0.08333333333333333,0.5833333333333334,0,1,0.8982650230829066,0.8258383880485098,Digital Enthusiasts
11099,1967,Graduation,Together,73267.0,1,0,2013-10-15,0,474,461,555,6,48,329,0,8,5,13,3,0,0,0,0,0,0,0,3,11,48,1,3,443.0,1873.0,26,0,3,0.3076923076923077,0.19230769230769232,0.5,0,0,-0.7779778285041428,0.06965390678178046,High-Value Loyalists
11100,1957,Master,Widow,86175.0,0,0,2013-09-11,20,422,20,448,34,235,287,1,3,6,14,6,0,0,1,0,0,0,0,3,11,58,0,1,477.0,1446.0,23,1,6,0.13043478260869565,0.2608695652173913,0.6086956521739131,1,0,-1.8287673711760348,1.077864886658442,High-Value Loyalists
11101,1982,Master,Single,68707.0,1,0,2013-06-08,23,939,25,278,2,97,109,1,9,8,7,4,0,0,0,0,0,1,0,3,11,33,1,2,572.0,1450.0,24,1,4,0.375,0.3333333333333333,0.2916666666666667,1,0,-0.7596007301801266,-1.0296787262544487,High-Value Loyalists
11102,1973,Graduation,Single,34420.0,0,1,2013-05-27,79,77,26,66,1,49,56,4,2,5,6,6,0,0,0,0,0,1,0,3,11,42,1,2,584.0,275.0,13,4,6,0.15384615384615385,0.38461538461538464,0.46153846153846156,1,1,0.938411320399263,0.32124167555740735,Digital Enthusiasts
11103,1945,PhD,Divorced,58092.0,1,0,2012-04-12,58,227,35,194,77,58,70,4,3,2,3,8,0,1,0,0,0,0,0,3,11,70,1,2,994.0,661.0,8,4,8,0.375,0.25,0.375,1,1,0.6426334739985737,-0.1452899250873244,Digital Enthusiasts
11104,1967,Master,Single,80095.0,0,0,2014-04-24,0,955,6,308,179,26,701,1,13,2,19,1,1,1,0,0,0,0,0,3,11,48,0,1,252.0,2175.0,34,1,1,0.38235294117647056,0.058823529411764705,0.5588235294117647,2,0,-2.6255681386110106,0.5170951716960782,High-Value Loyalists
11105,1980,Master,Divorced,43020.0,0,1,2012-09-23,43,89,12,24,7,4,44,2,5,3,3,6,0,0,0,0,0,0,0,3,11,35,1,2,830.0,180.0,11,2,6,0.45454545454545453,0.2727272727272727,0.2727272727272727,0,1,0.5859400770816103,-0.9463856328396943,Digital Enthusiasts
11106,1946,Graduation,Single,98323.0,0,0,2012-09-16,75,441,118,620,98,56,19,0,8,5,9,1,0,0,1,1,1,1,0,3,11,69,0,1,837.0,1352.0,22,0,1,0.36363636363636365,0.22727272727272727,0.4090909090909091,4,0,-2.053317422444639,-0.03777849854839664,High-Value Loyalists
11107,1986,PhD,Single,64213.0,1,0,2012-06-03,17,132,63,183,24,6,88,2,6,2,2,6,0,0,1,0,0,0,0,3,11,29,1,2,942.0,496.0,10,2,6,0.6,0.2,0.2,1,0,0.11631239063234909,-1.563666257712281,High-Value Loyalists
11108,1954,2n Cycle,Widow,47606.0,1,0,2012-06-29,70,372,61,136,51,41,107,2,3,6,3,6,0,0,0,0,0,0,0,3,11,61,1,2,916.0,768.0,12,2,6,0.25,0.5,0.25,0,1,0.41356220275040745,-0.7798909602679943,Digital Enthusiasts
11109,1964,Graduation,Divorced,92769.0,0,0,2012-02-23,13,492,76,348,91,152,40,1,5,3,10,3,0,1,0,0,0,0,0,3,11,51,0,1,1043.0,1199.0,18,1,3,0.2777777777777778,0.16666666666666666,0.5555555555555556,1,0,-1.875848956901569,0.6619787572812263,High-Value Loyalists
11110,1964,PhD,Married,100470.0,0,0,2014-01-15,5,738,166,607,41,134,313,1,4,10,12,4,0,1,0,0,0,0,0,3,11,51,0,2,351.0,1999.0,26,1,4,0.15384615384615385,0.38461538461538464,0.46153846153846156,1,0,-1.9189883743611822,0.08044639432884483,High-Value Loyalists
11111,1979,Graduation,Married,98175.0,1,0,2014-03-20,26,744,60,344,2,66,108,0,8,1,12,5,0,0,0,1,0,0,0,3,11,36,1,3,287.0,1324.0,21,0,5,0.38095238095238093,0.047619047619047616,0.5714285714285714,1,0,-0.4726140467990785,0.3389307498239683,High-Value Loyalists
11112,1973,Master,Single,45854.0,0,1,2012-02-17,90,163,21,76,15,57,21,4,1,3,1,6,0,0,0,0,0,0,0,3,11,42,1,2,1049.0,353.0,5,4,6,0.2,0.6,0.2,0,1,1.0801902351866144,-1.0520154941144422,Digital Enthusiasts
11113,1955,Master,Together,63209.0,0,0,2012-06-12,19,122,82,58,39,66,25,2,3,1,5,7,0,0,1,0,0,0,0,3,11,60,0,2,933.0,392.0,9,2,7,0.3333333333333333,0.1111111111111111,0.5555555555555556,1,0,-0.27643674857940587,0.7515656806098341,High-Value Loyalists
11114,1962,2n Cycle,Single,96442.0,1,0,2013-02-03,66,104,159,67,111,48,116,7,1,5,4,8,0,0,0,0,0,0,0,3,11,53,1,2,697.0,605.0,10,7,8,0.1,0.5,0.4,0,1,0.6262224551123469,0.03248145087810497,Digital Enthusiasts
11115,1949,Master,Single,99783.0,1,0,2012-07-04,54,936,160,1504,306,21,657,1,7,8,38,4,1,0,0,0,0,1,0,3,11,66,1,2,911.0,3584.0,53,1,4,0.1320754716981132,0.1509433962264151,0.7169811320754716,2,0,-2.3129470888068253,1.268988367756682,High-Value Loyalists
11116,1968,Graduation,Widow,99160.0,0,0,2012-06-28,15,1450,90,1538,200,283,83,0,14,8,32,1,1,0,0,1,0,0,0,3,11,47,0,1,917.0,3644.0,54,0,1,0.25925925925925924,0.14814814814814814,0.5925925925925926,2,0,-3.75067980327864,0.5146919710378841,High-Value Loyalists
11117,1967,PhD,Together,43746.0,0,1,2013-09-22,79,138,35,120,19,67,30,3,3,4,3,9,0,1,0,0,0,0,0,3,11,48,1,3,466.0,409.0,10,3,9,0.3,0.4,0.3,1,1,1.4219067231916867,-0.6794969162317951,Digital Enthusiasts
11118,1980,Master,Divorced,53122.0,1,0,2014-03-02,56,139,139,181,347,214,288,3,3,6,13,6,0,0,0,0,0,0,0,3,11,35,1,2,305.0,1308.0,22,3,6,0.13636363636363635,0.2727272727272727,0.5909090909090909,0,0,0.03562659591440531,0.8286669715079109,High-Value Loyalists
11119,1956,Master,Widow,47582.0,1,0,2012-10-16,34,81,5,201,66,1,69,3,2,2,2,2,0,0,0,0,0,0,0,3,11,59,1,2,807.0,423.0,6,3,2,0.3333333333333333,0.3333333333333333,0.3333333333333333,0,1,0.3387967736212111,-0.36611159041031127,Digital Enthusiasts
11120,1975,Graduation,Together,34341.0,1,1,2013-04-12,37,117,25,47,54,3,122,3,5,1,3,6,0,0,0,0,1,1,0,3,11,40,2,4,629.0,368.0,9,3,6,0.5555555555555556,0.1111111111111111,0.3333333333333333,2,1,2.0772953217557686,-0.9192643567466328,Digital Enthusiasts
11121,1979,Graduation,Widow,102446.0,0,0,2012-12-30,24,634,18,566,9,464,98,0,21,3,8,3,0,0,0,1,0,1,0,3,11,36,0,1,732.0,1789.0,32,0,3,0.65625,0.09375,0.25,2,0,-2.4755244070948117,-1.3638032460696423,High-Value Loyalists
11122,1955,Master,Widow,50220.0,1,0,2012-12-03,54,423,30,193,80,8,33,5,6,1,8,6,0,0,0,0,0,0,0,3,11,60,1,2,759.0,767.0,15,5,6,0.4,0.06666666666666667,0.5333333333333333,0,1,0.5850648360772926,0.6323450706763564,Digital Enthusiasts
11123,1970,Graduation,Together,92523.0,0,0,2012-02-20,19,446,170,330,21,320,207,0,5,4,14,2,0,0,0,0,0,1,0,3,11,45,0,2,1046.0,1494.0,23,0,2,0.21739130434782608,0.17391304347826086,0.6086956521739131,1,0,-1.7002298321807585,0.7970561807305544,High-Value Loyalists
11124,1968,Master,Divorced,80792.0,0,0,2013-09-28,50,658,4,118,132,69,97,5,6,5,8,3,0,0,0,0,0,1,0,3,11,47,0,1,460.0,1078.0,19,5,3,0.3157894736842105,0.2631578947368421,0.42105263157894735,1,0,-1.0793275789091274,0.07350374563926038,High-Value Loyalists
11125,1981,2n Cycle,Together,45160.0,1,1,2014-04-14,40,76,12,80,41,3,86,5,1,1,1,7,0,0,1,0,0,0,0,3,11,34,2,4,262.0,298.0,3,5,7,0.3333333333333333,0.3333333333333333,0.3333333333333333,1,1,2.42197495893622,-0.7573066408493689,Digital Enthusiasts
11126,1976,Graduation,Married,36791.0,1,1,2013-11-14,37,104,2,112,65,9,15,2,3,1,3,10,0,0,0,0,0,0,0,3,11,39,2,4,413.0,307.0,7,2,10,0.42857142857142855,0.14285714285714285,0.42857142857142855,0,1,2.303762608735679,-0.3198371549108816,Digital Enthusiasts
11127,1979,Graduation,Together,57656.0,0,1,2014-06-15,58,107,57,39,4,25,106,5,4,2,2,6,0,0,0,0,0,0,0,3,11,36,1,3,205.34,338.0,8,5,6,0.5,0.25,0.25,0,1,1.3620299786823444,-1.0906634382200864,Digital Enthusiasts
11128,1960,2n Cycle,Married,47686.0,1,2,2014-01-08,63,36,17,120,32,16,5,4,1,2,1,8,0,0,0,0,0,0,0,3,11,55,3,5,358.0,226.0,4,4,8,0.25,0.5,0.25,0,1,3.41278957073955,-1.1346876353415123,Digital Enthusiasts
11129,1960,Graduation,Single,60705.0,0,0,2012-11-27,80,139,41,158,2,29,3,1,3,1,3,2,0,0,0,0,0,0,0,3,11,55,0,1,765.0,372.0,7,1,2,0.42857142857142855,0.14285714285714285,0.42857142857142855,0,0,-0.6205281325218521,0.23173065032555273,High-Value Loyalists
11130,1949,Master,Together,37713.0,1,1,2014-01-09,61,544,48,239,77,50,191,2,2,5,12,3,0,0,0,0,0,0,0,3,11,66,2,4,357.0,1149.0,19,2,3,0.10526315789473684,0.2631578947368421,0.631578947368421,0,1,1.4383164926692436,1.0792407876067023,Digital Enthusiasts
11131,1964,Graduation,Widow,35693.0,1,2,2012-07-13,73,173,28,357,35,46,82,4,6,5,7,11,0,0,0,0,0,0,0,3,11,51,3,4,902.0,721.0,18,4,11,0.3333333333333333,0.2777777777777778,0.3888888888888889,0,1,2.835944347095818,-0.49163652615701525,Digital Enthusiasts
11132,1968,Graduation,Single,93029.0,0,0,2012-12-25,20,868,160,539,263,162,261,1,15,6,18,5,1,1,0,0,1,0,0,3,11,47,0,1,737.0,2253.0,39,1,5,0.38461538461538464,0.15384615384615385,0.46153846153846156,3,0,-2.594021507372195,-0.09696945885802344,High-Value Loyalists
11133,1983,Graduation,Together,44405.0,1,1,2013-09-27,50,95,5,10,23,28,9,4,1,0,1,4,1,0,0,0,0,0,0,3,11,32,2,4,461.0,170.0,2,4,4,0.5,0.0,0.5,1,1,2.3351903143464505,0.026719312943878984,Digital Enthusiasts
11134,1964,Graduation,Together,62381.0,1,0,2012-09-16,38,168,64,104,2,101,22,2,2,4,3,2,0,0,0,0,0,0,0,3,11,51,1,3,837.0,461.0,9,2,2,0.2222222222222222,0.4444444444444444,0.3333333333333333,0,1,0.5212144492161881,-0.5092089247726532,Digital Enthusiasts
11135,1971,2n Cycle,Together,68798.0,1,1,2013-11-12,42,340,318,286,208,138,106,3,4,2,15,5,0,0,1,0,0,0,0,3,11,44,2,4,415.0,1396.0,21,3,5,0.19047619047619047,0.09523809523809523,0.7142857142857143,1,1,1.1154409441559947,1.1831464844320692,Digital Enthusiasts
11136,1988,PhD,Married,73071.0,0,0,2012-06-16,41,543,31,827,77,374,63,0,6,10,17,7,0,0,0,1,1,0,0,3,11,27,0,2,929.0,1915.0,33,0,7,0.18181818181818182,0.30303030303030304,0.5151515151515151,2,0,-1.4702645105100012,0.14906542930796102,High-Value Loyalists
11137,1974,Graduation,Single,65839.0,1,0,2012-05-18,40,168,4,248,12,46,246,0,1,5,8,4,0,0,0,0,0,0,0,3,11,41,1,2,958.0,724.0,14,0,4,0.07142857142857142,0.35714285714285715,0.5714285714285714,0,0,-0.27956121412784163,0.7529309331404679,High-Value Loyalists
11138,1966,Graduation,Married,78652.0,0,0,2013-11-08,23,917,203,167,78,16,430,1,15,9,6,3,0,0,0,0,0,0,0,3,11,49,0,2,419.0,1811.0,30,1,3,0.5,0.3,0.2,0,0,-1.575003609416515,-1.4095226118457176,High-Value Loyalists
11139,1968,Master,Single,36065.0,1,2,2013-03-14,57,113,33,89,27,6,34,4,2,3,4,6,0,0,0,0,0,1,0,3,11,47,3,4,658.0,302.0,9,4,6,0.2222222222222222,0.3333333333333333,0.4444444444444444,1,1,2.7358932626191907,-0.11799584147724651,Digital Enthusiasts
11140,1974,Graduation,Divorced,65247.0,0,1,2014-04-20,74,427,231,448,149,146,195,0,17,2,6,6,1,0,0,0,0,0,0,3,11,41,1,2,256.0,1596.0,25,0,6,0.68,0.08,0.24,1,0,-0.4295562425759758,-1.342040286602756,High-Value Loyalists
11141,1979,Graduation,Divorced,37737.0,0,1,2012-06-24,64,83,18,67,4,29,45,4,4,2,4,10,0,0,0,0,0,0,0,3,11,36,1,2,921.0,246.0,10,4,10,0.4,0.2,0.4,0,1,1.2000806933888208,-0.20011395420904202,Digital Enthusiasts
11142,1961,Master,Married,35664.0,1,0,2013-10-05,64,187,18,80,14,6,37,2,4,1,3,3,0,0,1,0,0,0,0,3,11,54,1,3,453.0,342.0,8,2,3,0.5,0.125,0.375,1,1,1.0717011857266845,-0.32836144600146344,Digital Enthusiasts
11143,1948,Graduation,Divorced,48026.0,1,0,2012-07-29,62,389,169,104,40,26,56,2,5,3,4,8,0,0,0,0,0,1,0,3,11,67,1,2,886.0,784.0,12,2,8,0.4166666666666667,0.25,0.3333333333333333,1,1,0.44169234119800227,-0.43089364502862326,Digital Enthusiasts
11144,1983,Graduation,Single,65735.0,1,0,2013-03-01,34,938,297,199,185,52,92,3,16,2,10,4,0,0,0,0,0,0,0,3,11,32,1,2,671.0,1763.0,28,3,4,0.5714285714285714,0.07142857142857142,0.35714285714285715,0,0,-0.5489170445194089,-0.7649825148751723,High-Value Loyalists
11146,1966,Graduation,Single,36170.0,0,1,2014-02-02,58,114,31,76,7,47,52,7,1,1,4,5,1,0,0,0,0,0,0,3,11,49,1,2,333.0,327.0,6,7,5,0.16666666666666666,0.16666666666666666,0.6666666666666666,1,1,1.1890964074714259,1.5015281253508055,Digital Enthusiasts
11147,1962,Graduation,Single,57331.0,1,0,2012-12-25,24,180,129,102,22,15,68,2,5,1,8,5,0,0,0,0,0,0,0,3,11,53,1,2,737.0,516.0,14,2,5,0.35714285714285715,0.07142857142857142,0.5714285714285714,0,1,0.06268210256274978,0.7322968218542044,Digital Enthusiasts
11148,1974,Graduation,Single,52384.0,1,0,2012-11-22,25,383,40,163,47,58,142,3,5,4,5,4,1,0,1,0,0,0,0,3,11,41,1,2,770.0,833.0,14,3,4,0.35714285714285715,0.2857142857142857,0.35714285714285715,2,0,-0.01376189497585346,-0.5202317050767036,High-Value Loyalists
11149,1942,Graduation,Married,37549.0,1,0,2013-03-03,95,306,22,297,139,20,132,6,7,3,4,4,0,0,0,0,0,0,0,3,11,73,1,3,669.0,916.0,14,6,4,0.5,0.21428571428571427,0.2857142857142857,0,1,1.412752143506616,-0.613189965716673,Digital Enthusiasts
11150,1966,Basic,Single,83946.0,0,0,2014-05-30,53,831,582,410,107,86,187,1,8,12,17,5,1,0,0,0,1,1,0,3,11,49,0,1,216.0,2203.0,37,1,5,0.21621621621621623,0.32432432432432434,0.4594594594594595,3,0,-2.268483620439711,0.10075787542533124,High-Value Loyalists
11151,1946,Graduation,Divorced,60586.0,0,0,2012-12-11,45,211,18,314,70,78,56,4,3,4,5,5,1,1,0,0,0,0,0,3,11,69,0,1,751.0,747.0,12,4,5,0.25,0.3333333333333333,0.4166666666666667,2,0,-0.7440529368941108,0.25587573371116945,High-Value Loyalists
11152,1965,Master,Widow,126131.0,0,0,2013-05-09,42,1154,983,503,234,110,378,1,5,11,39,3,0,0,1,0,0,0,0,3,11,50,0,1,602.0,3362.0,55,1,3,0.09090909090909091,0.2,0.7090909090909091,1,0,-3.551960607268304,1.288420316067004,High-Value Loyalists
11153,1954,Graduation,Single,105239.0,0,0,2012-03-06,32,342,11,497,79,254,89,0,12,1,10,2,0,0,1,0,0,0,0,3,11,61,0,1,1031.0,1272.0,23,0,2,0.5217391304347826,0.043478260869565216,0.43478260869565216,1,0,-2.1575202630525925,-0.056790612582822336,High-Value Loyalists
11154,1980,Graduation,Together,28330.0,1,1,2013-06-27,96,97,20,75,8,25,3,2,2,0,1,11,0,0,0,0,0,0,0,3,11,35,2,4,553.0,228.0,3,2,11,0.6666666666666666,0.0,0.3333333333333333,0,1,2.977292878117405,-0.8708661970986015,Digital Enthusiasts
11155,1967,Graduation,Together,85913.0,0,0,2012-03-09,25,647,219,513,163,455,20,0,12,4,16,2,0,0,0,1,0,0,0,3,11,48,0,2,1028.0,2017.0,32,0,2,0.375,0.125,0.5,1,0,-1.9456259653138688,0.11836460814173737,High-Value Loyalists
11156,1961,Master,Widow,94740.0,0,0,2012-01-14,32,206,17,703,166,403,38,1,13,1,10,1,0,0,0,0,0,0,1,3,11,54,0,1,1083.0,1533.0,24,1,1,0.5416666666666666,0.041666666666666664,0.4166666666666667,0,0,-2.0442231534113455,-0.1739175661184159,High-Value Loyalists
11157,1968,Graduation,Widow,93254.0,0,0,2012-08-23,10,1451,30,874,48,61,95,2,19,7,15,5,0,1,0,1,0,1,0,3,11,47,0,1,861.0,2559.0,41,2,5,0.4634146341463415,0.17073170731707318,0.36585365853658536,3,0,-2.6887776153401224,-0.6733162279233469,High-Value Loyalists
11158,1968,Graduation,Together,72403.0,1,1,2012-06-20,35,477,40,376,122,43,13,2,11,3,10,2,1,0,1,0,0,0,0,3,11,47,2,4,925.0,1071.0,24,2,2,0.4583333333333333,0.125,0.4166666666666667,2,1,0.7804788979113981,-0.567072002318874,Digital Enthusiasts
11159,1975,Master,Divorced,31632.0,1,1,2013-04-15,0,78,37,55,9,1,11,6,2,2,2,9,0,0,0,0,0,0,0,3,11,40,2,3,626.0,191.0,6,6,9,0.3333333333333333,0.3333333333333333,0.3333333333333333,0,1,2.0256250873702246,-0.6539802232648689,Digital Enthusiasts
11160,1950,Graduation,Widow,91177.0,0,0,2012-07-06,33,940,46,633,40,230,59,0,7,2,23,4,1,0,0,0,0,1,0,3,11,65,0,1,909.0,1948.0,32,0,4,0.21875,0.0625,0.71875,2,0,-2.40107512711766,1.5435694990092366,High-Value Loyalists
11161,1955,2n Cycle,Single,41333.0,1,1,2012-07-10,80,92,3,29,88,27,59,5,2,2,4,5,0,0,0,0,0,0,0,3,11,60,2,3,905.0,298.0,8,5,5,0.25,0.25,0.5,0,1,1.9967897938196122,0.4731920813003515,Digital Enthusiasts
11162,1951,Graduation,Single,61337.0,1,1,2014-03-10,89,369,25,176,74,130,110,2,3,5,7,4,0,0,0,0,0,1,0,3,11,64,2,3,297.0,884.0,15,2,4,0.2,0.3333333333333333,0.4666666666666667,1,1,1.0757545461068434,0.24661391133613697,Digital Enthusiasts
11163,1962,Master,Widow,76605.0,0,0,2013-07-16,38,1413,79,162,266,134,152,2,10,5,20,1,0,0,0,1,0,0,0,3,11,53,0,1,534.0,2206.0,35,2,1,0.2857142857142857,0.14285714285714285,0.5714285714285714,1,0,-2.25514892852493,0.7426491719207734,High-Value Loyalists
11164,1957,PhD,Divorced,83997.0,0,0,2012-01-10,19,1056,111,263,568,170,95,0,17,1,16,2,1,0,1,0,0,0,0,3,11,58,0,1,1086.6599999999999,2263.0,34,0,2,0.5,0.029411764705882353,0.47058823529411764,2,0,-2.6245182832441825,0.007796542314879168,High-Value Loyalists
11165,1963,Graduation,Divorced,30280.0,1,1,2013-11-16,33,470,22,84,74,34,16,1,5,4,6,1,0,0,0,0,0,0,0,3,11,52,2,3,411.0,700.0,15,1,1,0.3333333333333333,0.26666666666666666,0.4,0,1,0.9093068010966027,-0.2579985123068044,Digital Enthusiasts
11166,1964,Graduation,Widow,45922.0,1,1,2013-10-13,41,277,62,83,36,26,93,4,4,1,6,5,0,0,0,0,0,0,0,3,11,51,2,3,445.0,577.0,11,4,5,0.36363636363636365,0.09090909090909091,0.5454545454545454,0,1,1.481855501710368,0.5127655338843087,Digital Enthusiasts
11167,1961,2n Cycle,Widow,34216.0,0,1,2014-03-14,22,97,16,36,18,14,32,3,1,1,2,8,0,0,0,0,1,0,0,3,11,54,1,2,293.0,213.0,4,3,8,0.25,0.25,0.5,1,1,0.7943957588034516,0.5232585364964236,Digital Enthusiasts
11168,1951,Graduation,Divorced,42408.0,0,0,2013-04-30,46,312,24,202,61,24,69,3,10,3,4,4,0,1,0,0,0,0,0,3,11,64,0,1,611.0,692.0,17,3,4,0.5882352941176471,0.17647058823529413,0.23529411764705882,1,0,-0.7049323722635059,-0.8728090997407573,High-Value Loyalists
11169,1968,Graduation,Divorced,93031.0,0,0,2014-04-29,1,513,20,686,51,227,178,1,4,13,11,2,0,1,0,0,1,1,0,3,11,47,0,1,247.0,1675.0,28,1,2,0.14285714285714285,0.4642857142857143,0.39285714285714285,3,0,-2.5028069892434788,-0.23057425050486105,High-Value Loyalists
11170,1977,Graduation,Together,64277.0,0,0,2014-04-26,24,1081,92,200,155,496,161,0,11,11,13,8,0,0,0,1,0,1,0,3,11,38,0,2,250.0,2185.0,35,0,8,0.3142857142857143,0.3142857142857143,0.37142857142857144,2,0,-1.5763140169855272,-0.5855479844601564,High-Value Loyalists
11171,1991,Graduation,Divorced,27096.26,0,2,2012-11-24,53,133,115,177,8,12,22,5,7,1,6,3,0,1,0,0,1,0,0,3,11,24,2,3,768.0,467.0,14,5,3,0.5,0.07142857142857142,0.42857142857142855,2,1,1.6929974826324041,-0.37763085222935955,Digital Enthusiasts
11172,1979,PhD,Together,67863.0,1,0,2012-03-12,45,412,86,254,85,350,275,0,7,4,7,8,0,0,0,1,1,0,0,3,11,36,1,3,1025.0,1462.0,18,0,8,0.3888888888888889,0.2222222222222222,0.3888888888888889,2,0,0.0841391117736041,-0.6255825185755728,High-Value Loyalists
11173,1978,Graduation,Together,31561.0,1,1,2014-04-28,21,120,24,63,25,80,12,4,2,4,6,7,0,0,0,0,0,0,0,3,11,37,2,4,248.0,324.0,12,4,7,0.16666666666666666,0.3333333333333333,0.5,0,1,2.1472164295165403,0.19345482253186402,Digital Enthusiasts
11174,1964,2n Cycle,Widow,41876.0,0,1,2013-08-12,50,110,2,50,24,79,6,8,1,2,2,8,0,0,0,0,0,0,0,3,11,51,1,2,507.0,271.0,5,8,8,0.2,0.4,0.4,0,1,1.4164378842800212,0.1019802497852834,Digital Enthusiasts
11175,1964,Graduation,Single,29407.0,1,1,2014-02-26,73,36,21,34,7,53,22,2,3,1,4,4,1,0,0,0,1,0,0,3,11,51,2,3,309.0,173.0,8,2,4,0.375,0.125,0.5,2,1,1.690228941223496,0.30958454064163277,Digital Enthusiasts
11176,1973,Master,Divorced,65391.0,1,0,2012-03-08,68,371,143,248,43,177,77,1,5,4,9,5,0,0,0,0,0,0,0,3,11,42,1,2,1029.0,1059.0,18,1,5,0.2777777777777778,0.2222222222222222,0.5,0,0,-0.10119059816086616,0.2851344467130619,High-Value Loyalists
11177,1974,2n Cycle,Divorced,61421.0,0,0,2012-10-11,36,300,89,443,225,63,76,1,6,4,8,5,0,0,0,0,0,0,0,3,11,41,0,1,812.0,1196.0,18,1,5,0.3333333333333333,0.2222222222222222,0.4444444444444444,0,0,-1.2384261747916878,0.09215859097619404,High-Value Loyalists
11178,1978,Graduation,Divorced,95625.0,1,0,2012-01-01,76,755,427,603,143,61,84,2,6,15,16,2,0,0,0,0,0,1,0,3,11,37,1,2,1086.6599999999999,2073.0,37,2,2,0.16216216216216217,0.40540540540540543,0.43243243243243246,1,0,-1.2147790130306793,-0.2259368135368299,High-Value Loyalists
11179,1962,Master,Widow,92273.0,0,0,2012-11-28,43,947,94,644,388,110,88,0,9,3,30,4,0,0,0,0,0,0,1,3,11,53,0,1,764.0,2271.0,42,0,4,0.21428571428571427,0.07142857142857142,0.7142857142857143,0,0,-2.5588647961494835,1.4438413813433808,High-Value Loyalists
11180,1966,Graduation,Widow,36109.0,1,1,2013-11-08,59,183,63,90,13,28,20,3,3,3,3,10,0,0,0,0,1,0,0,3,11,49,2,3,419.0,397.0,9,3,10,0.3333333333333333,0.3333333333333333,0.3333333333333333,1,1,1.9007700888368808,-0.5981918206337735,Digital Enthusiasts
11181,1957,Graduation,Widow,66192.0,0,0,2012-05-31,55,205,188,790,1,96,181,2,8,3,13,0,0,0,0,1,0,0,0,3,11,58,0,1,945.0,1461.0,24,2,0,0.3333333333333333,0.125,0.5416666666666666,1,0,-1.6188669937006697,0.7055381869703826,High-Value Loyalists
11182,1950,Graduation,Widow,66978.0,0,0,2012-12-03,16,594,221,446,77,41,86,3,7,2,15,4,0,0,0,0,0,0,0,3,11,65,0,1,759.0,1465.0,24,3,4,0.2916666666666667,0.08333333333333333,0.625,0,0,-1.5247054826871251,1.1948852827828071,High-Value Loyalists
11183,1980,Graduation,Married,80080.0,1,0,2014-02-21,4,1479,34,713,419,71,582,3,30,9,17,4,0,0,1,0,0,1,0,3,11,35,1,3,314.0,3298.0,56,3,4,0.5357142857142857,0.16071428571428573,0.30357142857142855,2,0,-1.6038822081379285,-1.3962541246348072,High-Value Loyalists
11184,1970,Graduation,Single,89851.0,0,0,2012-10-01,48,1734,92,454,5,105,156,1,6,17,11,2,1,0,0,0,0,0,0,3,11,45,0,1,822.0,2546.0,34,1,2,0.17647058823529413,0.5,0.3235294117647059,1,0,-2.48358243348604,-0.617816664780296,High-Value Loyalists
11185,1959,Graduation,Divorced,46044.0,1,0,2013-04-21,63,322,10,72,5,1,126,2,4,2,6,5,0,0,0,0,0,0,0,3,11,56,1,2,620.0,536.0,12,2,5,0.3333333333333333,0.16666666666666666,0.5,0,1,0.44682810577078963,0.47960719831535803,Digital Enthusiasts
11186,1976,Graduation,Widow,73658.0,0,0,2013-01-27,60,192,24,250,16,360,263,0,4,7,5,3,0,1,0,0,0,1,0,3,11,39,0,1,704.0,1105.0,16,0,3,0.25,0.4375,0.3125,2,0,-1.4609628727478556,-0.5931294192811325,High-Value Loyalists
11187,1953,2n Cycle,Together,49176.0,1,0,2012-07-04,74,229,63,83,39,25,158,2,1,1,3,6,0,0,0,0,0,0,0,3,11,62,1,3,911.0,597.0,5,2,6,0.2,0.2,0.6,0,1,1.1409870181079322,1.040763516024695,Digital Enthusiasts
11188,1968,2n Cycle,Widow,74203.0,0,0,2014-04-16,72,732,372,280,8,114,417,3,13,9,8,2,0,0,0,0,0,1,0,3,11,47,0,1,260.0,1923.0,30,3,2,0.43333333333333335,0.3,0.26666666666666666,1,0,-1.63963678831511,-0.86199463269561,High-Value Loyalists
11189,1963,Master,Divorced,35944.0,0,1,2013-12-29,26,123,19,136,42,8,7,5,5,3,6,10,0,0,0,1,0,0,0,3,11,52,1,2,368.0,335.0,14,5,10,0.35714285714285715,0.21428571428571427,0.42857142857142855,1,1,0.8807423931887244,0.043139412784343814,Digital Enthusiasts
11190,1986,Graduation,Single,68004.0,0,0,2012-12-17,30,939,243,1112,54,43,622,1,12,22,12,8,0,0,0,0,1,1,0,3,11,29,0,1,745.0,3013.0,46,1,8,0.2608695652173913,0.4782608695652174,0.2608695652173913,2,0,-2.468671742197945,-1.220880573156563,High-Value Loyalists
11191,1986,2n Cycle,Together,69364.0,0,0,2014-02-04,31,482,111,407,71,8,157,1,10,6,8,1,1,0,0,0,0,0,0,3,11,29,0,2,331.0,1236.0,24,1,1,0.4166666666666667,0.25,0.3333333333333333,1,0,-1.2353999638110198,-0.7396732588685235,High-Value Loyalists
11192,1962,Basic,Single,75711.0,1,1,2013-03-23,77,295,172,46,235,16,33,5,4,4,11,0,0,0,0,0,0,0,0,3,11,53,2,3,649.0,797.0,19,5,0,0.21052631578947367,0.21052631578947367,0.5789473684210527,0,1,0.9702292346064466,0.7573155689320569,Digital Enthusiasts
11193,1956,Master,Single,45489.0,0,0,2013-07-29,60,162,39,93,3,7,24,3,1,3,4,7,0,0,0,0,0,0,0,3,11,59,0,1,521.0,328.0,8,3,7,0.125,0.375,0.5,0,0,-0.1790805569600172,0.8134421864377809,High-Value Loyalists
11194,1963,Master,Together,51241.0,1,1,2012-09-20,77,233,56,90,13,78,45,1,5,3,3,3,0,0,0,0,0,0,0,3,11,52,2,4,833.0,515.0,11,1,3,0.45454545454545453,0.2727272727272727,0.2727272727272727,0,1,1.7423057192184688,-1.0650458463333443,Digital Enthusiasts
11195,1967,Graduation,Single,98007.0,0,0,2012-12-20,34,1206,240,1227,177,110,71,3,13,16,12,2,1,0,0,0,0,0,0,3,11,48,0,1,742.0,3031.0,41,3,2,0.3170731707317073,0.3902439024390244,0.2926829268292683,1,0,-2.7360207289635965,-0.8882027941256718,High-Value Loyalists
11196,1979,2n Cycle,Single,64696.0,0,0,2014-04-13,37,356,333,81,195,9,367,0,9,3,8,8,1,0,0,1,0,1,0,3,11,36,0,1,263.0,1341.0,20,0,8,0.45,0.15,0.4,3,0,-1.406515008106899,-0.32652748999280556,High-Value Loyalists
11197,1978,Graduation,Widow,34380.0,0,2,2012-07-17,72,13,3,15,5,7,10,2,3,1,4,5,0,0,0,0,0,0,0,3,11,37,2,3,898.0,142.34,8,2,5,0.375,0.125,0.5,0,1,1.817232700858388,0.20640735228376111,Digital Enthusiasts
11198,1971,PhD,Married,47681.0,0,0,2013-01-07,43,565,101,420,240,22,137,0,13,3,8,1,0,0,0,0,0,0,0,3,11,44,0,2,724.0,1485.0,24,0,1,0.5416666666666666,0.125,0.3333333333333333,0,0,-1.085332053949545,-0.6704006865156409,High-Value Loyalists
11199,1972,Graduation,Divorced,34309.0,1,2,2013-11-20,66,310,22,170,8,16,55,1,9,1,3,7,0,0,0,0,0,0,0,3,11,43,3,4,407.0,581.0,13,1,7,0.6923076923076923,0.07692307692307693,0.23076923076923078,0,1,2.494065707685013,-1.5377576770656056,Digital Enthusiasts
11200,1963,Graduation,Married,30657.0,1,1,2012-10-23,72,59,3,50,1,5,13,5,4,0,2,9,0,0,0,0,0,0,0,3,11,52,2,4,800.0,142.34,6,5,9,0.6666666666666666,0.0,0.3333333333333333,0,1,2.936399884090728,-0.7567951245777411,Digital Enthusiasts
11201,1973,Basic,Together,27096.26,1,1,2013-11-24,67,278,84,100,7,2,28,5,9,4,3,12,0,0,0,0,0,0,0,3,11,42,2,4,403.0,499.0,16,5,12,0.5625,0.25,0.1875,0,1,2.7579414677286604,-1.5921758529142904,Digital Enthusiasts
11202,1954,PhD,Widow,44350.0,0,0,2012-12-18,73,67,4,44,29,22,50,5,1,0,3,3,0,1,0,0,0,0,0,3,11,61,0,1,744.0,216.0,4,5,3,0.25,0.0,0.75,1,0,0.025397782620739415,2.1229031151421207,High-Value Loyalists
11203,1976,Master,Divorced,30820.0,1,1,2013-04-04,59,200,13,87,48,7,44,3,6,2,6,6,0,0,1,0,0,0,0,3,11,39,2,3,637.0,399.0,14,3,6,0.42857142857142855,0.14285714285714285,0.42857142857142855,1,1,1.670418711017597,-0.23239550408813717,Digital Enthusiasts
11204,1967,Graduation,Together,101146.0,0,0,2014-06-11,31,792,52,386,305,104,253,1,7,12,13,2,0,1,0,0,0,1,0,3,11,48,0,2,205.34,1892.0,32,1,2,0.21875,0.375,0.40625,2,0,-1.99886968903206,-0.25962907278469594,High-Value Loyalists
11205,1961,Graduation,Divorced,101497.0,0,0,2013-10-30,5,283,65,351,16,16,47,0,7,9,4,7,0,0,0,0,1,0,0,3,11,54,0,1,428.0,778.0,20,0,7,0.35,0.45,0.2,1,0,-1.834181406162145,-1.2223673275539235,High-Value Loyalists
11206,1975,Graduation,Widow,31716.0,0,1,2014-04-06,79,195,8,36,28,56,8,3,1,0,3,10,0,0,0,0,0,0,0,3,11,40,1,2,270.0,331.0,4,3,10,0.25,0.0,0.75,0,1,1.345515242784961,1.8244713089723295,Digital Enthusiasts
11207,1973,Master,Together,61704.0,0,0,2012-06-28,75,715,87,676,221,5,77,3,15,3,10,3,0,1,0,1,0,1,0,3,11,42,0,2,917.0,1781.0,28,3,3,0.5357142857142857,0.10714285714285714,0.35714285714285715,3,0,-0.9100019440551866,-0.6254265460680474,High-Value Loyalists
11208,1984,Graduation,Divorced,44824.0,0,1,2014-01-21,0,762,129,260,62,89,18,0,3,7,11,4,1,1,0,0,0,0,0,3,11,31,1,2,345.0,1320.0,21,0,4,0.14285714285714285,0.3333333333333333,0.5238095238095238,2,0,-0.7301942663490446,0.30008703840400147,High-Value Loyalists
11209,1971,Graduation,Together,58881.0,1,0,2013-04-21,52,453,65,465,10,32,412,2,8,5,10,4,1,1,0,1,0,0,0,3,11,44,1,3,620.0,1437.0,23,2,4,0.34782608695652173,0.21739130434782608,0.43478260869565216,3,1,0.04391523072585543,-0.25442294610846616,Digital Enthusiasts
11210,1976,Graduation,Together,41157.0,0,2,2013-11-20,54,127,41,29,9,16,17,3,6,2,3,9,0,0,0,0,0,0,0,3,11,39,2,4,407.0,239.0,11,3,9,0.5454545454545454,0.18181818181818182,0.2727272727272727,0,1,2.3620440515445877,-1.17838468344398,Digital Enthusiasts
11211,1947,Graduation,Widow,61328.0,0,0,2012-10-19,47,181,16,65,4,7,33,0,5,0,4,8,0,1,0,0,0,0,0,3,11,68,0,1,804.0,306.0,9,0,8,0.5555555555555556,0.0,0.4444444444444444,1,0,-0.6853621680246097,0.22419151409089627,High-Value Loyalists
11212,1971,Graduation,Married,32950.0,1,1,2013-10-20,71,119,68,103,51,2,22,3,5,5,3,8,0,0,0,0,0,0,0,3,11,44,2,4,438.0,365.0,13,3,8,0.38461538461538464,0.38461538461538464,0.23076923076923078,0,1,2.372521750412463,-1.2536353796276556,Digital Enthusiasts
11213,1965,Master,Married,80219.0,1,0,2014-06-11,37,367,498,430,663,6,272,1,8,2,22,8,0,0,0,1,0,1,0,3,11,50,1,3,205.34,2236.0,32,1,8,0.25,0.0625,0.6875,2,0,-0.5735642003688441,1.0473105280429529,High-Value Loyalists
11214,1987,Master,Married,48002.0,0,1,2013-03-23,46,420,327,275,352,166,225,1,12,10,4,3,0,0,0,1,1,0,0,3,11,28,1,3,649.0,1765.0,26,1,3,0.46153846153846156,0.38461538461538464,0.15384615384615385,2,0,-0.13908146122896065,-1.911778362673451,High-Value Loyalists
11215,1983,Graduation,Married,29608.0,0,1,2013-01-16,50,64,12,42,1,2,10,3,2,2,1,11,0,0,0,0,0,0,0,3,11,32,1,3,715.0,142.34,5,3,11,0.4,0.4,0.2,0,1,1.7706751625158252,-1.3524248828381533,Digital Enthusiasts
11216,1982,Graduation,Divorced,74912.0,0,1,2013-04-19,71,323,11,129,36,44,104,5,3,5,5,2,0,0,1,0,0,0,0,3,11,33,1,2,622.0,647.0,13,5,2,0.23076923076923078,0.38461538461538464,0.38461538461538464,1,1,0.27508160734180653,-0.25807719512540517,Digital Enthusiasts
11217,1983,Basic,Single,53081.0,1,1,2012-07-04,52,73,19,41,30,16,25,6,3,1,2,10,1,0,1,0,0,0,0,3,11,32,2,3,911.0,204.0,6,6,10,0.5,0.16666666666666666,0.3333333333333333,2,1,2.148548622892641,-0.8395789132030944,Digital Enthusiasts
11218,1983,Graduation,Married,41941.0,0,1,2013-05-20,41,72,11,51,5,7,7,6,1,1,1,10,0,0,0,0,0,0,0,3,11,32,1,3,591.0,153.0,3,6,10,0.3333333333333333,0.3333333333333333,0.3333333333333333,0,1,1.8886080578697817,-0.5882042352150528,Digital Enthusiasts
11219,1962,PhD,Together,89277.0,0,0,2012-06-25,35,519,219,624,68,463,40,0,17,8,10,1,0,0,1,0,0,0,0,3,11,53,0,2,920.0,1933.0,35,0,1,0.4857142857142857,0.22857142857142856,0.2857142857142857,1,0,-2.0156324394953864,-1.0166062862618355,High-Value Loyalists
11220,1967,Graduation,Widow,58019.0,0,0,2013-09-14,9,1084,55,300,265,11,492,0,6,3,25,4,0,0,0,1,0,0,0,3,11,48,0,1,474.0,2207.0,34,0,4,0.17647058823529413,0.08823529411764706,0.7352941176470589,1,0,-2.2765764518255884,1.581780001098887,High-Value Loyalists
11221,1970,Graduation,Single,60059.0,0,0,2014-06-15,33,366,114,315,82,21,205,1,10,2,13,6,0,0,0,0,0,0,0,3,11,45,0,1,205.34,1103.0,25,1,6,0.4,0.08,0.52,0,0,-1.306177184334268,0.48919139323617766,High-Value Loyalists
11222,1957,Graduation,Divorced,53363.0,1,1,2013-11-17,88,252,40,271,39,54,178,3,2,4,9,5,0,0,0,0,0,0,0,3,11,58,2,3,410.0,834.0,15,3,5,0.13333333333333333,0.26666666666666666,0.6,0,1,1.3801681260820198,0.9789249378871276,Digital Enthusiasts
11223,1976,Graduation,Together,35374.0,0,1,2014-06-18,57,145,15,146,19,9,18,7,4,2,4,13,0,0,0,1,0,1,0,3,11,39,1,3,205.34,352.0,10,7,13,0.4,0.2,0.4,2,1,2.0197225884654157,-0.25599894872089113,Digital Enthusiasts
11224,1953,Graduation,Widow,72142.0,0,0,2013-01-30,0,466,140,497,34,116,290,1,6,9,12,4,1,0,0,0,0,0,0,3,11,62,0,1,701.0,1543.0,27,1,4,0.2222222222222222,0.3333333333333333,0.4444444444444444,1,0,-2.0456548675454864,0.16529542549591864,High-Value Loyalists
11225,1959,Graduation,Together,52686.0,0,0,2013-12-20,42,88,45,129,58,106,153,3,1,2,6,8,0,0,0,0,0,0,0,3,11,56,0,2,377.0,579.0,9,3,8,0.1111111111111111,0.2222222222222222,0.6666666666666666,0,1,0.0952866636537937,1.531402309261687,Digital Enthusiasts
11226,1988,Graduation,Widow,66514.0,1,0,2013-05-20,55,325,8,35,49,39,91,0,3,4,4,5,0,0,0,0,0,0,1,3,11,27,1,2,591.0,547.0,11,0,5,0.2727272727272727,0.36363636363636365,0.36363636363636365,0,0,0.033904725500876115,-0.48342017376739277,High-Value Loyalists
11227,1971,Master,Single,78513.0,0,0,2013-03-08,40,518,54,228,21,158,35,0,5,8,11,9,1,0,1,0,0,0,0,3,11,44,0,1,664.0,1014.0,24,0,9,0.20833333333333334,0.3333333333333333,0.4583333333333333,2,0,-1.4649813835305419,0.13986638351141817,High-Value Loyalists
11228,1955,Graduation,Divorced,53440.0,1,1,2013-07-22,67,312,122,136,18,20,14,0,5,6,2,1,1,0,0,0,0,0,0,3,11,60,2,3,528.0,622.0,13,0,1,0.38461538461538464,0.46153846153846156,0.15384615384615385,1,1,0.7872876009990785,-1.5435303039875623,Digital Enthusiasts
11229,1950,Graduation,Single,115064.0,0,0,2013-08-22,14,725,206,507,197,46,344,0,17,2,16,4,0,0,0,0,0,0,0,3,11,65,0,1,497.0,2025.0,35,0,4,0.4857142857142857,0.05714285714285714,0.45714285714285713,0,0,-2.735912198986467,0.02470045315291318,High-Value Loyalists
11230,1971,Graduation,Divorced,90144.0,0,0,2012-02-14,18,387,810,583,93,12,308,1,9,13,15,3,1,0,0,0,1,0,0,3,11,44,0,1,1052.0,2193.0,37,1,3,0.24324324324324326,0.35135135135135137,0.40540540540540543,2,0,-2.6013336095747017,-0.31119314793880193,High-Value Loyalists
11231,1965,Graduation,Married,37133.0,0,1,2013-09-23,71,63,7,54,25,34,123,1,2,2,5,1,0,0,0,0,0,0,0,3,11,50,1,3,465.0,306.0,9,1,1,0.2222222222222222,0.2222222222222222,0.5555555555555556,0,1,0.8930449309610342,0.7586275058513311,Digital Enthusiasts
11232,1958,Graduation,Divorced,111349.0,0,0,2013-04-18,63,653,555,95,129,89,196,0,1,3,25,3,0,0,0,0,1,0,0,3,11,57,0,1,623.0,1717.0,29,0,3,0.034482758620689655,0.10344827586206896,0.8620689655172413,1,0,-2.2904824608731613,2.413793063179703,High-Value Loyalists
11233,1976,Graduation,Single,31246.0,0,1,2012-04-27,49,97,29,93,3,19,70,2,6,1,4,8,0,0,0,0,0,0,0,3,11,39,1,2,979.0,311.0,11,2,8,0.5454545454545454,0.09090909090909091,0.36363636363636365,0,1,0.8258417337451944,-0.48565200386718477,Digital Enthusiasts
11234,1972,Master,Together,130117.49999999999,0,0,2012-06-10,28,1139,404,716,119,122,280,0,13,5,28,5,0,1,0,0,0,0,0,3,11,43,0,2,935.0,2780.0,46,0,5,0.2826086956521739,0.10869565217391304,0.6086956521739131,1,0,-2.758639497143074,0.5192604940771425,High-Value Loyalists
11235,1961,Graduation,Divorced,97015.0,0,0,2012-05-09,52,1117,58,362,62,18,216,1,10,3,13,2,1,0,0,0,0,0,0,3,11,54,0,1,967.0,1833.0,26,1,2,0.38461538461538464,0.11538461538461539,0.5,1,0,-2.0930484176940487,0.3218338793427338,High-Value Loyalists
11236,1962,Graduation,Divorced,97123.0,0,0,2014-01-10,30,1357,18,245,12,189,323,1,19,4,11,4,0,0,0,0,0,1,0,3,11,53,0,1,356.0,2144.0,34,1,4,0.5588235294117647,0.11764705882352941,0.3235294117647059,1,0,-2.382700720168152,-0.7541281867039489,High-Value Loyalists
11237,1989,PhD,Divorced,72198.0,1,0,2012-12-20,52,351,32,448,79,10,151,0,6,4,8,3,0,0,0,0,0,1,0,3,11,26,1,2,742.0,1071.0,18,0,3,0.3333333333333333,0.2222222222222222,0.4444444444444444,1,0,-0.49834413592671944,-0.19808104017412329,High-Value Loyalists
11238,1976,Graduation,Widow,130117.49999999999,0,0,2013-01-23,11,507,16,442,232,126,164,0,12,5,8,1,0,1,0,0,0,0,0,3,11,39,0,1,708.0,1487.0,25,0,1,0.48,0.2,0.32,1,0,-2.683055464580866,-0.8633284350413342,High-Value Loyalists
11239,1987,Master,Together,105458.0,0,0,2012-12-03,28,599,110,844,135,230,400,1,30,4,6,8,0,1,0,1,0,1,0,3,11,28,0,2,759.0,2318.0,40,1,8,0.75,0.1,0.15,3,0,-1.9738994830471965,-2.1865137670956614,High-Value Loyalists
11240,1949,2n Cycle,Married,37722.0,0,0,2013-10-16,38,120,142,110,22,55,54,5,3,1,4,4,0,1,1,0,0,0,0,3,11,66,0,2,442.0,503.0,8,5,4,0.375,0.125,0.5,2,1,0.1855527539488854,0.6116268461427024,Digital Enthusiasts
11241,1980,Graduation,Single,86063.0,1,0,2013-02-25,0,684,27,382,2,5,232,0,2,7,8,10,0,0,1,0,0,0,0,3,11,35,1,2,675.0,1332.0,17,0,10,0.11764705882352941,0.4117647058823529,0.47058823529411764,1,0,-0.704986611019716,-0.011210933806490825,High-Value Loyalists
11242,1979,Graduation,Together,60716.0,1,0,2014-06-10,18,327,160,361,213,30,71,2,6,6,10,6,0,0,0,0,0,0,0,3,11,36,1,3,205.34,1162.0,22,2,6,0.2727272727272727,0.2727272727272727,0.45454545454545453,0,1,0.16392709071637063,-0.10674498830326046,Digital Enthusiasts
11243,1980,Master,Together,91950.0,0,0,2012-09-29,37,324,247,356,303,21,442,0,5,8,11,6,0,0,1,0,0,0,0,3,11,35,0,2,824.0,1693.0,24,0,6,0.20833333333333334,0.3333333333333333,0.4583333333333333,1,0,-1.4416608331091003,-0.05283373840419266,High-Value Loyalists
11244,1986,PhD,Divorced,50327.0,1,0,2014-05-06,50,127,269,229,137,7,247,2,4,3,5,3,0,0,0,0,1,0,0,3,11,29,1,2,240.0,1016.0,12,2,3,0.3333333333333333,0.25,0.4166666666666667,1,0,0.05954528383973379,-0.1971263602906013,High-Value Loyalists
11245,1981,Master,Married,72214.0,0,0,2013-07-10,54,452,54,192,36,98,116,1,3,5,11,7,1,0,0,0,1,0,0,3,11,34,0,2,540.0,948.0,19,1,7,0.15789473684210525,0.2631578947368421,0.5789473684210527,2,0,-0.6718604041257068,0.7200876083391954,High-Value Loyalists
11246,1977,PhD,Single,33358.0,1,1,2013-07-29,69,48,4,33,10,7,48,1,2,2,2,6,0,0,0,0,0,0,0,3,11,38,2,3,521.0,150.0,6,1,6,0.3333333333333333,0.3333333333333333,0.3333333333333333,0,1,1.7758430334669957,-0.6260310504638015,Digital Enthusiasts
11247,1966,Graduation,Single,91821.0,0,0,2013-11-10,23,489,63,896,51,120,579,0,2,18,15,5,0,0,0,0,1,0,0,3,11,49,0,1,417.0,2198.0,35,0,5,0.05714285714285714,0.5142857142857142,0.42857142857142855,1,0,-2.5392198744079675,0.0008566776019012651,High-Value Loyalists
11248,1949,Master,Married,49128.0,0,1,2014-02-27,11,206,40,280,11,1,139,1,4,5,3,8,1,0,0,0,0,1,0,3,11,66,1,3,308.0,677.0,12,1,8,0.3333333333333333,0.4166666666666667,0.25,2,1,0.4614135270234731,-0.9901565321662577,Digital Enthusiasts
11249,1935,Graduation,Divorced,76420.0,0,0,2014-02-23,26,288,226,226,15,10,92,3,6,2,3,6,0,0,0,0,0,0,0,3,11,80,0,1,312.0,857.0,11,3,6,0.5454545454545454,0.18181818181818182,0.2727272727272727,0,0,-0.9785561021186904,-0.5672318100368533,High-Value Loyalists
11250,1967,Graduation,Widow,130117.49999999999,0,0,2014-03-14,52,809,60,337,232,48,67,2,3,6,13,2,0,1,1,0,1,1,0,3,11,48,0,1,293.0,1553.0,22,2,2,0.13636363636363635,0.2727272727272727,0.5909090909090909,4,0,-2.3075373364060097,0.8448177547973383,High-Value Loyalists
11251,1958,2n Cycle,Widow,90841.0,0,0,2013-01-03,9,727,605,1211,441,769,153,1,12,11,35,1,1,1,0,0,1,0,0,3,11,57,0,1,728.0,3733.2199999999975,58,1,1,0.20689655172413793,0.1896551724137931,0.603448275862069,3,0,-3.7904008600385266,0.6567996631296661,High-Value Loyalists
11252,1973,PhD,Widow,91159.0,0,0,2013-12-02,26,1028,75,288,11,31,211,0,4,11,9,2,0,0,1,1,1,0,0,3,11,42,0,1,395.0,1644.0,24,0,2,0.16666666666666666,0.4583333333333333,0.375,3,0,-2.31844842159039,-0.3403327507649774,High-Value Loyalists
11253,1985,Graduation,Married,35265.0,0,1,2012-09-19,59,106,2,40,8,17,28,2,2,2,3,10,0,1,0,0,1,0,0,3,11,30,1,3,834.0,201.0,7,2,10,0.2857142857142857,0.2857142857142857,0.42857142857142855,2,1,1.4596097338306122,-0.185328360712013,Digital Enthusiasts
11254,1969,Graduation,Together,112282.0,0,0,2013-03-17,0,413,374,218,128,34,136,1,6,5,10,5,0,1,0,0,0,0,0,3,11,46,0,2,655.0,1303.0,21,1,5,0.2857142857142857,0.23809523809523808,0.47619047619047616,1,0,-1.647969868856066,0.059965893300402855,High-Value Loyalists
11255,1966,Graduation,Single,48689.0,0,0,2012-05-15,59,115,22,37,102,31,14,2,2,0,7,9,0,0,0,0,0,0,0,3,11,49,0,1,961.0,321.0,9,2,9,0.2222222222222222,0.0,0.7777777777777778,0,0,-0.17433953942539873,2.0833760031828548,High-Value Loyalists
11256,1971,PhD,Single,34929.0,1,1,2013-01-22,91,136,47,237,39,8,34,0,5,2,4,4,0,0,0,0,0,0,0,3,11,44,2,3,709.0,501.0,11,0,4,0.45454545454545453,0.18181818181818182,0.36363636363636365,0,1,1.477770933718389,-0.5182886037394495,Digital Enthusiasts
11257,1960,2n Cycle,Widow,63242.0,1,0,2013-05-19,51,377,25,248,191,16,187,1,4,6,10,8,1,1,1,0,1,1,0,3,11,55,1,2,592.0,1044.0,20,1,8,0.2,0.3,0.5,5,0,-0.33016321251270997,0.2835548138923494,High-Value Loyalists
11258,1987,Master,Together,34121.0,1,1,2014-01-21,52,122,36,164,16,5,9,4,4,2,4,6,0,0,0,0,0,0,0,3,11,28,2,4,345.0,352.0,10,4,6,0.4,0.2,0.4,0,1,2.3527409616132076,-0.4762477175104598,Digital Enthusiasts
11259,1940,Master,Single,51609.0,0,0,2012-02-04,26,67,61,194,25,67,27,2,3,1,5,6,0,0,0,0,0,0,0,3,11,75,0,1,1062.0,441.0,9,2,6,0.3333333333333333,0.1111111111111111,0.5555555555555556,0,0,-0.6625798887550963,1.0009008025629713,High-Value Loyalists
11260,1971,PhD,Divorced,65598.0,0,0,2013-06-22,21,1697,26,925,130,506,498,1,16,31,11,2,0,0,1,0,1,0,0,3,11,44,0,1,558.0,3733.2199999999975,58,1,2,0.27586206896551724,0.5344827586206896,0.1896551724137931,2,0,-3.354250140178722,-1.5541000439828503,High-Value Loyalists
11261,1991,Graduation,Widow,74830.0,1,0,2014-02-10,49,332,63,159,111,223,118,0,3,2,14,10,0,0,0,0,0,0,0,3,11,24,1,2,325.0,1006.0,19,0,10,0.15789473684210525,0.10526315789473684,0.7368421052631579,0,0,-0.12699616746721618,1.424476289213757,High-Value Loyalists
11262,1970,Graduation,Divorced,95829.0,0,1,2013-11-29,37,364,64,259,80,6,267,1,1,3,6,4,0,0,0,1,0,0,0,3,11,45,1,2,398.0,1040.0,10,1,4,0.1,0.3,0.6,1,0,-0.5550392876255097,0.8890152744821578,High-Value Loyalists
11263,1959,Graduation,Divorced,60069.0,0,0,2013-03-05,42,295,44,214,30,138,350,4,13,1,7,4,0,0,0,0,0,1,0,3,11,56,0,1,667.0,1071.0,21,4,4,0.6190476190476191,0.047619047619047616,0.3333333333333333,1,0,-0.9829044059429572,-0.4964142805955112,High-Value Loyalists
11264,1963,Graduation,Widow,50904.0,1,1,2013-01-03,80,187,0,58,26,39,50,2,2,3,4,7,1,0,1,0,0,0,0,3,11,52,2,3,728.0,360.0,9,2,7,0.2222222222222222,0.3333333333333333,0.4444444444444444,2,1,1.567621182361976,0.024444893573185078,Digital Enthusiasts
11265,1959,Graduation,Widow,43905.0,1,0,2013-07-02,46,643,186,161,57,95,289,5,14,6,7,5,1,0,0,1,0,1,0,3,11,56,1,2,548.0,1431.0,27,5,5,0.5185185185185185,0.2222222222222222,0.25925925925925924,3,0,-0.059488601878381564,-1.0429582407129858,High-Value Loyalists
11266,1971,2n Cycle,Widow,94356.0,0,0,2013-09-25,18,383,211,1012,92,21,370,1,4,13,12,1,0,0,0,1,0,0,0,3,11,44,0,1,463.0,2089.0,29,1,1,0.13793103448275862,0.4482758620689655,0.41379310344827586,1,0,-2.518544352943957,-0.10535939327198923,High-Value Loyalists
11267,1951,Graduation,Divorced,43061.0,0,0,2012-12-26,55,67,167,100,82,104,13,1,1,2,7,4,0,1,0,0,0,0,0,3,11,64,0,1,736.0,533.0,10,1,4,0.1,0.2,0.7,1,0,-0.7128907611956097,1.8355468553913987,High-Value Loyalists
11268,1973,Graduation,Together,62105.0,1,0,2013-05-05,66,325,233,191,93,27,43,3,7,2,4,3,1,0,0,1,0,0,0,3,11,42,1,3,606.0,912.0,13,3,3,0.5384615384615384,0.15384615384615385,0.3076923076923077,2,1,0.6128949807913593,-0.9049472333484266,Digital Enthusiasts
11269,1971,2n Cycle,Married,75855.0,1,0,2012-01-04,34,167,106,213,55,2,27,0,4,5,4,5,0,0,0,0,0,0,0,3,11,44,1,3,1086.6599999999999,570.0,13,0,5,0.3076923076923077,0.38461538461538464,0.3076923076923077,0,1,0.2180570603258636,-0.8492317918952692,Digital Enthusiasts
11270,1954,Master,Divorced,53070.0,0,1,2012-10-12,32,149,52,62,31,15,249,5,2,1,4,9,0,1,0,0,1,1,0,3,11,61,1,2,811.0,558.0,7,5,9,0.2857142857142857,0.14285714285714285,0.5714285714285714,3,1,0.6672763705298226,0.8202951037937047,Digital Enthusiasts
11271,1973,Graduation,Divorced,49002.0,0,0,2013-12-10,50,962,274,419,47,4,69,1,13,4,9,7,1,1,0,1,0,0,0,3,11,42,0,1,387.0,1775.0,26,1,7,0.5,0.15384615384615385,0.34615384615384615,3,0,-1.391365104080281,-0.5868191173329709,High-Value Loyalists
11272,1972,Graduation,Divorced,49968.0,1,0,2013-01-08,30,558,190,211,226,125,134,1,10,1,15,5,0,1,0,1,0,0,0,3,11,43,1,2,723.0,1444.0,26,1,5,0.38461538461538464,0.038461538461538464,0.5769230769230769,2,0,-0.5549111748296696,0.5274250209148676,High-Value Loyalists
11273,1970,Master,Married,28828.0,1,1,2013-03-02,70,71,59,119,6,13,13,7,2,1,3,16,0,0,0,0,0,0,0,3,11,45,2,4,670.0,281.0,6,7,16,0.3333333333333333,0.16666666666666666,0.5,0,1,3.454260569377981,0.23981585392596397,Digital Enthusiasts
11274,1968,Graduation,Widow,99295.0,0,0,2014-04-24,0,229,55,460,260,23,275,0,7,5,7,1,0,1,0,0,0,0,0,3,11,47,0,1,252.0,1302.0,19,0,1,0.3684210526315789,0.2631578947368421,0.3684210526315789,1,0,-2.285685847404773,-0.38876703411922253,High-Value Loyalists
11275,1989,Graduation,Divorced,57656.0,0,0,2012-12-31,38,816,7,253,64,106,7,3,16,1,7,8,0,0,0,0,1,0,0,3,11,26,0,1,731.0,1253.0,24,3,8,0.6666666666666666,0.041666666666666664,0.2916666666666667,1,0,-0.9315266664879667,-1.020084450557142,High-Value Loyalists
11276,1962,PhD,Divorced,118191.0,0,0,2013-01-27,22,1274,82,249,769,53,364,0,35,3,9,4,0,1,0,0,0,0,0,3,11,53,0,1,704.0,2791.0,47,0,4,0.7446808510638298,0.06382978723404255,0.19148936170212766,1,0,-3.218341629999974,-1.7199566987513222,High-Value Loyalists
11277,1966,Graduation,Single,61597.0,0,0,2013-11-14,6,556,38,314,84,120,1125,1,11,10,18,4,0,0,1,0,1,0,0,3,11,49,0,1,413.0,2237.0,39,1,4,0.28205128205128205,0.2564102564102564,0.46153846153846156,2,0,-2.3948674825257608,0.05686535496053239,High-Value Loyalists
11278,1957,PhD,Married,69093.0,1,1,2014-01-31,25,216,59,215,79,61,32,1,8,1,6,8,0,0,0,0,0,0,0,3,11,58,2,4,335.0,662.0,15,1,8,0.5333333333333333,0.06666666666666667,0.4,0,1,1.3784025083662919,-0.5111418675720248,Digital Enthusiasts
11279,1961,Graduation,Divorced,45827.0,0,2,2012-11-08,51,104,8,64,10,8,13,2,3,2,2,4,1,0,0,0,0,0,0,3,11,54,2,3,784.0,207.0,7,2,4,0.42857142857142855,0.2857142857142857,0.2857142857142857,1,1,1.4301290781662268,-0.8807228696411386,Digital Enthusiasts
11280,1989,2n Cycle,Together,47719.0,1,0,2012-06-07,14,392,7,290,473,93,344,0,9,5,12,9,0,0,0,0,0,0,0,3,11,26,1,3,938.0,1599.0,26,0,9,0.34615384615384615,0.19230769230769232,0.46153846153846156,0,0,0.03059064079614628,-0.29546502176070866,High-Value Loyalists
11281,1964,2n Cycle,Married,61176.0,1,0,2013-08-05,0,186,45,90,20,5,3,2,1,2,3,1,0,0,0,0,0,0,0,3,11,51,1,3,514.0,349.0,6,2,1,0.16666666666666666,0.3333333333333333,0.5,0,1,0.3397007193890145,0.3892848702661603,Digital Enthusiasts
11282,1978,Graduation,Married,80922.0,0,0,2012-04-02,12,405,11,267,71,20,556,5,5,8,11,3,0,0,0,0,1,0,0,3,11,37,0,2,1004.0,1330.0,24,5,3,0.20833333333333334,0.3333333333333333,0.4583333333333333,1,0,-1.0150504702512402,0.03745844200332495,High-Value Loyalists
11283,1969,Graduation,Married,42422.0,0,1,2013-10-15,31,361,39,210,50,41,42,4,4,2,7,6,0,0,0,0,0,0,0,3,11,46,1,3,443.0,743.0,13,4,6,0.3076923076923077,0.15384615384615385,0.5384615384615384,0,1,0.9669608016958205,0.5119650057607884,Digital Enthusiasts
11284,1957,Graduation,Together,40022.0,0,0,2013-03-09,52,161,9,134,15,12,17,3,1,2,4,5,0,0,0,0,0,0,0,3,11,58,0,2,663.0,348.0,7,3,5,0.14285714285714285,0.2857142857142857,0.5714285714285714,0,1,0.236600149508654,1.0807524193417868,Digital Enthusiasts
11285,1967,PhD,Married,58756.0,1,0,2014-06-03,25,156,103,124,19,118,46,3,7,0,5,5,0,0,0,0,0,0,0,3,11,48,1,3,212.0,566.0,12,3,5,0.5833333333333334,0.0,0.4166666666666667,0,1,0.7192470756402232,-0.27334734155946716,Digital Enthusiasts
11286,1979,Graduation,Married,42389.0,0,0,2012-09-27,37,336,50,217,164,271,108,0,5,4,14,3,1,0,0,0,0,1,0,3,11,36,0,2,826.0,1146.0,23,0,3,0.21739130434782608,0.17391304347826086,0.6086956521739131,2,0,-0.943880881465567,0.8431424369746934,High-Value Loyalists
11287,1975,PhD,Together,62167.0,0,0,2013-11-22,17,458,55,209,107,14,121,1,5,4,9,9,0,1,1,0,0,0,0,3,11,40,0,2,405.0,964.0,18,1,9,0.2777777777777778,0.2222222222222222,0.5,2,0,-0.6774243697810874,0.25743746389614774,High-Value Loyalists
11288,1972,2n Cycle,Married,81612.0,0,0,2012-01-03,55,614,94,534,64,306,94,0,3,5,26,7,0,1,0,0,1,1,0,3,11,43,0,2,1086.6599999999999,1706.0,34,0,7,0.08823529411764706,0.14705882352941177,0.7647058823529411,3,0,-1.4963834912341278,1.6000053936425478,High-Value Loyalists
11289,1973,Graduation,Married,38140.0,1,1,2012-01-22,66,48,71,64,108,23,20,8,1,3,3,3,0,0,0,0,0,0,0,3,11,42,2,4,1075.0,334.0,7,8,3,0.14285714285714285,0.42857142857142855,0.42857142857142855,0,1,2.661681370886123,-0.03997148134270091,Digital Enthusiasts
11290,1995,Graduation,Together,58827.0,1,0,2013-02-07,31,515,226,277,24,143,34,2,5,6,4,3,0,0,0,0,1,1,0,3,11,20,1,3,693.0,1219.0,15,2,3,0.3333333333333333,0.4,0.26666666666666666,2,1,0.17858541231379044,-1.260281118676908,Digital Enthusiasts
11291,1984,Graduation,Married,45397.0,0,1,2013-07-16,61,145,42,88,50,20,34,10,3,1,7,6,0,0,0,0,0,0,0,3,11,31,1,3,534.0,379.0,11,10,6,0.2727272727272727,0.09090909090909091,0.6363636363636364,0,1,1.9501702754904546,1.0760106868777555,Digital Enthusiasts
11292,1955,Graduation,Together,46180.0,0,1,2012-05-30,70,145,6,90,2,8,30,8,1,0,3,3,0,0,0,0,0,0,0,3,11,60,1,3,946.0,281.0,4,8,3,0.25,0.0,0.75,0,1,1.7607429102253986,1.9023602732990232,Digital Enthusiasts
11293,1986,2n Cycle,Widow,84470.0,0,0,2013-07-08,39,785,193,1385,1002,5,480,3,11,17,31,1,0,1,1,0,0,0,0,3,11,29,0,1,542.0,3733.2199999999975,58,3,1,0.1864406779661017,0.288135593220339,0.5254237288135594,2,0,-3.2349906910721615,0.16976245894171904,High-Value Loyalists
11294,1966,Graduation,Single,77421.0,0,1,2013-08-21,41,493,165,323,59,124,53,2,6,4,5,7,1,0,0,0,0,0,0,3,11,49,1,2,498.0,1217.0,15,2,7,0.4,0.26666666666666666,0.3333333333333333,1,0,-0.21550866612765204,-0.6388807019433297,High-Value Loyalists
11295,1985,PhD,Divorced,80694.0,1,0,2012-04-21,0,827,46,281,7,35,44,1,9,5,3,7,0,0,1,0,0,0,0,3,11,30,1,2,985.0,1240.0,17,1,7,0.5294117647058824,0.29411764705882354,0.17647058823529413,1,0,-0.6161932282703934,-1.7855687380005967,High-Value Loyalists
11296,1968,Graduation,Single,104208.0,0,0,2014-02-15,16,388,123,194,55,91,141,0,7,2,4,4,0,0,0,0,0,1,0,3,11,47,0,1,320.0,992.0,13,0,4,0.5384615384615384,0.15384615384615385,0.3076923076923077,1,0,-1.8125733584181831,-0.7573751101637659,High-Value Loyalists
11297,1961,Graduation,Single,94909.0,0,0,2013-11-06,10,731,323,357,42,64,29,2,8,1,15,2,0,0,0,1,0,1,0,3,11,54,0,1,421.0,1546.0,24,2,2,0.3333333333333333,0.041666666666666664,0.625,2,0,-2.1458975560858105,0.9995132681263343,High-Value Loyalists
11298,1978,Graduation,Married,38686.0,0,1,2012-10-26,81,111,58,99,105,15,44,7,1,2,6,7,0,0,0,1,0,0,0,3,11,37,1,3,797.0,432.0,9,7,7,0.1111111111111111,0.2222222222222222,0.6666666666666666,1,1,1.8283389008004614,1.319848698586415,Digital Enthusiasts
11299,1965,Master,Divorced,61988.0,1,0,2012-12-03,29,324,64,125,30,61,89,0,2,5,7,5,0,0,0,0,0,0,0,3,11,50,1,2,759.0,693.0,14,0,5,0.14285714285714285,0.35714285714285715,0.5,0,0,-0.25739286815478357,0.40850561333623503,High-Value Loyalists
11300,1966,Master,Together,70622.0,0,0,2012-09-01,13,336,20,204,102,12,162,0,5,4,9,5,0,1,1,0,0,0,0,3,11,49,0,2,852.0,836.0,18,0,5,0.2777777777777778,0.2222222222222222,0.5,2,0,-1.086131904677046,0.2851306863736295,High-Value Loyalists
11301,1968,Graduation,Together,31391.0,1,1,2013-07-15,70,157,12,62,30,8,14,6,7,0,3,5,0,0,0,0,0,1,0,3,11,47,2,4,535.0,283.0,10,6,5,0.7,0.0,0.3,1,1,2.6384981528984155,-0.991400366942952,Digital Enthusiasts
11302,1974,PhD,Together,35916.0,0,1,2013-09-07,24,252,30,129,33,16,12,2,2,2,1,11,0,0,0,0,0,0,0,3,11,41,1,3,481.0,472.0,5,2,11,0.4,0.4,0.2,0,1,1.3128843883551544,-1.3486587822585827,Digital Enthusiasts
11303,1972,Graduation,Divorced,68216.0,1,0,2012-08-29,36,569,14,369,18,149,49,0,6,7,9,7,0,0,0,0,0,0,0,3,11,43,1,2,855.0,1168.0,22,0,7,0.2727272727272727,0.3181818181818182,0.4090909090909091,0,0,-0.46334742192668005,-0.2650140836734908,High-Value Loyalists
11304,1941,Graduation,Divorced,69367.0,0,0,2013-05-06,8,217,73,226,7,7,14,2,5,2,5,2,0,0,0,0,1,0,0,3,11,74,0,1,605.0,544.0,12,2,2,0.4166666666666667,0.16666666666666666,0.4166666666666667,1,0,-1.3124177461163447,0.1704129946453217,High-Value Loyalists
11305,1955,Graduation,Single,51567.0,0,0,2012-06-08,36,122,75,54,0,50,5,2,6,1,2,3,0,0,0,0,0,0,0,3,11,60,0,1,937.0,306.0,9,2,3,0.6666666666666666,0.1111111111111111,0.2222222222222222,0,0,-0.654250226178807,-0.9900938465361752,High-Value Loyalists
11306,1958,Graduation,Together,46446.0,1,1,2013-01-05,47,175,13,77,10,2,55,3,1,3,5,9,0,0,0,0,0,0,0,3,11,57,2,4,726.0,332.0,9,3,9,0.1111111111111111,0.3333333333333333,0.5555555555555556,0,1,2.1869808484808106,0.6299681053701095,Digital Enthusiasts
11307,1976,Master,Married,47155.0,0,1,2012-12-22,90,163,12,63,54,16,51,3,2,2,5,9,0,0,0,0,0,0,0,3,11,39,1,3,740.0,359.0,9,3,9,0.2222222222222222,0.2222222222222222,0.5555555555555556,0,1,1.564347257770937,0.6590928976595913,Digital Enthusiasts
11308,1960,Graduation,Widow,85929.0,0,0,2012-12-06,24,187,26,360,92,67,232,2,4,5,6,5,0,0,0,0,1,0,0,3,11,55,0,1,756.0,964.0,15,2,5,0.26666666666666666,0.3333333333333333,0.4,1,0,-1.4045175446468345,-0.04232478109404729,High-Value Loyalists
11309,1950,Master,Divorced,58568.0,0,0,2012-07-04,32,383,22,385,32,12,121,2,5,5,7,6,0,0,0,0,1,0,0,3,11,65,0,1,911.0,955.0,17,2,6,0.29411764705882354,0.29411764705882354,0.4117647058823529,1,0,-1.078084177069161,0.11212617589975682,High-Value Loyalists
11310,1986,Basic,Single,61910.0,0,0,2012-01-22,35,458,105,666,121,23,165,4,19,3,7,6,0,0,0,0,1,0,0,3,11,29,0,1,1075.0,1538.0,29,4,6,0.6551724137931034,0.10344827586206896,0.2413793103448276,1,0,-1.208466572679503,-1.3040658502547766,High-Value Loyalists
11311,1952,Graduation,Widow,67740.0,0,0,2014-06-07,83,404,275,64,7,62,142,3,5,2,8,5,0,1,0,0,1,0,0,3,11,63,0,1,208.0,954.0,15,3,5,0.3333333333333333,0.13333333333333333,0.5333333333333333,2,0,-0.7769650184350638,0.8159673264728962,High-Value Loyalists
11312,1971,PhD,Married,43153.0,0,1,2012-12-29,12,76,33,71,88,79,3,9,2,0,3,8,0,1,0,0,0,0,0,3,11,44,1,3,733.0,350.0,5,9,8,0.4,0.0,0.6,1,1,1.7557932897235167,0.8188340542596544,Digital Enthusiasts
11313,1973,Basic,Together,70931.0,0,0,2013-10-16,44,1182,108,729,46,50,321,0,6,18,14,6,0,0,0,0,0,0,0,3,11,42,0,2,442.0,2436.0,38,0,6,0.15789473684210525,0.47368421052631576,0.3684210526315789,0,0,-1.7162142319631233,-0.4542398459175019,High-Value Loyalists
11314,1964,Graduation,Widow,92955.0,1,0,2014-02-14,36,617,30,1072,9,95,493,0,7,8,18,1,0,0,0,1,0,0,0,3,11,51,1,2,321.0,2316.0,33,0,1,0.21212121212121213,0.24242424242424243,0.5454545454545454,1,0,-1.7093243506973022,0.4244356194964063,High-Value Loyalists
11315,1970,Graduation,Married,52837.0,1,1,2012-02-03,55,135,103,76,32,3,40,5,2,1,1,8,0,1,0,0,0,0,0,3,11,45,2,4,1063.0,389.0,4,5,8,0.5,0.25,0.25,1,1,2.448939980349073,-1.2595703893391594,Digital Enthusiasts
11316,1972,Graduation,Together,36647.0,1,2,2012-12-24,51,42,10,56,1,15,16,5,1,1,2,9,0,0,0,0,0,0,0,3,11,43,3,5,738.0,142.34,4,5,9,0.25,0.25,0.5,0,1,3.6770992814875014,0.08003851708403714,Digital Enthusiasts
11317,1967,Graduation,Divorced,98431.0,1,0,2012-12-12,59,463,80,230,15,115,171,2,5,7,12,6,0,0,0,0,0,0,0,3,11,48,1,2,750.0,1074.0,24,2,6,0.20833333333333334,0.2916666666666667,0.5,0,0,-0.49381351338653584,0.2977363015469191,High-Value Loyalists
11318,1972,2n Cycle,Single,42384.0,1,1,2013-07-25,73,108,19,63,5,2,15,6,1,1,4,13,0,0,0,1,0,1,0,3,11,43,2,3,525.0,212.0,6,6,13,0.16666666666666666,0.16666666666666666,0.6666666666666666,2,1,2.4925824853191125,1.2220388394124466,Digital Enthusiasts
11319,1956,Graduation,Together,42263.0,1,0,2014-04-01,29,271,57,218,8,25,10,2,1,1,10,3,0,0,0,1,0,1,0,3,11,59,1,3,275.0,589.0,12,2,3,0.08333333333333333,0.08333333333333333,0.8333333333333334,2,1,0.518812228355991,2.2275762742009957,Digital Enthusiasts
11320,1976,Graduation,Together,71990.0,0,0,2013-09-01,38,476,0,437,86,232,103,4,3,1,12,8,0,0,0,0,0,0,0,3,11,39,0,2,487.0,1334.0,16,4,8,0.1875,0.0625,0.75,0,0,-0.3600146020393363,1.701044481500073,High-Value Loyalists
11321,1983,Graduation,Single,49187.0,1,1,2013-06-20,65,549,92,492,28,59,80,1,3,5,15,4,0,0,0,0,0,0,0,3,11,32,2,3,560.0,1300.0,23,1,4,0.13043478260869565,0.21739130434782608,0.6521739130434783,0,1,0.7408385455886699,0.9452563262428612,Digital Enthusiasts
11322,1945,Graduation,Together,79415.0,0,0,2012-07-23,39,1154,352,243,114,909,132,2,8,10,27,5,0,0,1,0,0,0,0,3,11,70,0,2,892.0,2904.0,45,2,5,0.17777777777777778,0.2222222222222222,0.6,1,0,-2.0577269136104808,0.8556521455713938,High-Value Loyalists
11323,1983,2n Cycle,Married,47122.0,1,1,2013-03-12,63,207,17,117,52,20,20,7,6,1,1,6,0,1,0,0,0,0,0,3,11,32,2,4,660.0,433.0,8,7,6,0.75,0.125,0.125,1,1,2.617060278228507,-2.078646301818486,Digital Enthusiasts
11324,1982,PhD,Divorced,69807.0,1,0,2013-10-29,9,104,42,509,13,34,124,1,3,3,11,5,0,0,1,0,0,0,0,3,11,33,1,2,429.0,826.0,17,1,5,0.17647058823529413,0.17647058823529413,0.6470588235294118,1,0,-0.4625757035087669,0.9869349347874227,High-Value Loyalists
11325,1958,Master,Married,48928.0,0,1,2013-04-28,99,205,31,275,6,127,34,4,4,5,5,5,0,0,0,0,0,0,0,3,11,57,1,3,613.0,678.0,14,4,5,0.2857142857142857,0.35714285714285715,0.35714285714285715,0,1,1.240945806390588,-0.27314694508947435,Digital Enthusiasts
11326,1961,Graduation,Divorced,71071.0,0,0,2013-07-01,53,376,91,158,66,79,64,1,3,3,6,6,0,0,0,0,0,0,0,3,11,54,0,1,549.0,834.0,12,1,6,0.25,0.25,0.5,0,0,-0.9625639075510872,0.5882074938868351,High-Value Loyalists
11327,1982,2n Cycle,Divorced,37546.0,0,1,2012-09-30,97,91,32,50,48,22,16,6,6,2,1,6,0,0,0,0,0,0,1,3,11,33,1,2,823.0,259.0,9,6,6,0.6666666666666666,0.2222222222222222,0.1111111111111111,0,1,1.4562800150589132,-1.7760898195925676,Digital Enthusiasts
11328,1974,Basic,Widow,65164.0,0,0,2013-02-24,44,397,30,520,159,11,183,1,11,1,15,1,0,0,0,0,0,0,0,3,11,41,0,1,676.0,1300.0,27,1,1,0.4074074074074074,0.037037037037037035,0.5555555555555556,0,0,-1.652602546777327,0.6207691603521979,High-Value Loyalists
11329,1965,Basic,Widow,102634.0,0,0,2012-12-15,27,77,4,212,19,149,59,1,3,4,3,3,0,0,0,0,0,0,0,3,11,50,0,1,747.0,520.0,10,1,3,0.3,0.4,0.3,0,0,-1.4627928174930567,-0.5784374026547806,High-Value Loyalists
11330,1969,Basic,Widow,32855.0,0,2,2013-03-21,43,371,130,94,11,31,64,6,5,4,1,7,0,0,1,0,0,0,0,3,11,46,2,3,651.0,701.0,10,6,7,0.5,0.4,0.1,1,1,1.8845223546922714,-1.927913138573855,Digital Enthusiasts
11331,1968,Master,Single,65526.0,0,0,2012-06-26,59,689,10,483,115,83,46,1,9,2,11,5,0,0,0,1,0,0,0,3,11,47,0,1,919.0,1426.0,22,1,5,0.4090909090909091,0.09090909090909091,0.5,1,0,-1.3327534721703385,0.34965538709696853,High-Value Loyalists
11332,1962,Master,Married,35699.0,0,1,2013-08-06,90,94,8,46,22,49,5,1,1,3,5,7,0,0,0,0,0,0,0,3,11,53,1,3,513.0,224.0,9,1,7,0.1111111111111111,0.3333333333333333,0.5555555555555556,0,1,1.3551394949882851,0.8420219511581098,Digital Enthusiasts
11333,1957,Graduation,Widow,37869.0,1,0,2013-10-01,74,355,65,419,397,8,47,4,6,0,12,5,0,0,0,0,0,0,0,3,11,58,1,2,457.0,1291.0,18,4,5,0.3333333333333333,0.0,0.6666666666666666,0,1,0.4454215890464747,1.3684203482704262,Digital Enthusiasts
11334,1952,Graduation,Widow,43257.0,1,0,2013-11-14,99,109,133,197,17,34,54,1,2,4,7,5,0,0,0,0,0,0,0,3,11,63,1,2,413.0,544.0,13,1,5,0.15384615384615385,0.3076923076923077,0.5384615384615384,0,1,0.5306795369648833,0.8748875437689706,Digital Enthusiasts
11335,1968,Master,Together,71157.0,1,0,2012-07-31,54,461,17,51,29,19,75,1,3,6,2,4,0,0,1,1,0,0,0,3,11,47,1,3,884.0,652.0,11,1,4,0.2727272727272727,0.5454545454545454,0.18181818181818182,2,1,0.3493748620981316,-1.4477848180777828,Digital Enthusiasts
11336,1966,Graduation,Together,97198.0,0,0,2013-01-12,14,537,113,839,32,6,51,0,13,6,8,3,1,0,0,0,0,0,0,3,11,49,0,2,719.0,1578.0,27,0,3,0.48148148148148145,0.2222222222222222,0.2962962962962963,1,0,-1.8241662213967909,-0.9709117201134235,High-Value Loyalists
11337,1978,PhD,Married,29162.0,0,1,2013-01-17,63,151,89,118,70,60,36,4,3,3,3,8,0,0,0,0,0,0,0,3,11,37,1,3,714.0,524.0,9,4,8,0.3333333333333333,0.3333333333333333,0.3333333333333333,0,1,1.5787945002683532,-0.574173784819085,Digital Enthusiasts
11338,1955,PhD,Together,38213.0,0,0,2014-03-03,69,206,55,191,21,115,7,3,2,2,6,7,0,0,0,0,0,0,0,3,11,60,0,2,304.0,595.0,10,3,7,0.2,0.2,0.6,0,1,0.33475365440648885,1.229115517998496,Digital Enthusiasts
11339,1991,PhD,Together,63558.0,0,1,2014-04-14,32,376,49,237,25,179,351,1,9,1,15,8,1,1,0,1,0,1,0,3,11,24,1,3,262.0,1217.0,25,1,8,0.36,0.04,0.6,4,0,0.015009931935571829,0.3931867718360813,High-Value Loyalists
11340,1963,Graduation,Widow,122983.0,0,0,2013-03-06,27,913,150,1565,174,33,167,1,13,5,23,4,0,1,0,0,0,1,0,3,11,52,0,1,666.0,3002.0,41,1,4,0.3170731707317073,0.12195121951219512,0.5609756097560976,2,0,-3.1573390919868696,0.4409759504816704,High-Value Loyalists
11341,1967,2n Cycle,Together,50094.0,1,0,2012-12-31,56,378,7,171,3,120,95,2,4,3,9,5,0,0,0,0,0,0,0,3,11,48,1,3,731.0,774.0,16,2,5,0.25,0.1875,0.5625,0,1,0.6968380029086847,0.6464850778967807,Digital Enthusiasts
11342,1976,Graduation,Married,84419.0,1,0,2012-01-20,48,594,123,66,50,93,199,2,8,6,12,7,0,0,0,0,0,0,0,3,11,39,1,3,1077.0,1125.0,26,2,7,0.3076923076923077,0.23076923076923078,0.46153846153846156,0,1,0.09864503158572345,-0.14268610562697942,Digital Enthusiasts
11343,1981,Master,Divorced,40771.0,1,1,2012-10-30,60,149,19,68,78,74,39,5,5,1,7,2,0,0,0,0,1,0,0,3,11,34,2,3,793.0,427.0,13,5,2,0.38461538461538464,0.07692307692307693,0.5384615384615384,1,1,1.5932829595394717,0.3534703752405507,Digital Enthusiasts
11344,1960,Graduation,Divorced,57139.0,0,1,2012-03-04,56,1083,101,307,30,27,79,2,17,1,5,2,0,0,0,0,0,0,0,3,11,55,1,2,1033.0,1627.0,23,2,2,0.7391304347826086,0.043478260869565216,0.21739130434782608,0,0,-0.40638027500920604,-1.3721323121961102,High-Value Loyalists
11345,1962,Master,Widow,29091.0,0,1,2013-01-15,71,130,29,95,37,12,13,1,1,2,1,9,0,0,0,0,0,0,0,3,11,53,1,2,716.0,316.0,4,1,9,0.25,0.5,0.25,0,1,0.9992563987511539,-0.7602752995756803,Digital Enthusiasts
11346,1973,Master,Divorced,78405.0,0,0,2012-12-14,54,603,0,222,54,228,94,2,9,4,5,3,1,0,0,0,0,0,0,3,11,42,0,1,748.0,1201.0,18,2,3,0.5,0.2222222222222222,0.2777777777777778,1,0,-1.3291347441167953,-0.8646324783616575,High-Value Loyalists
11347,1968,Basic,Together,60789.0,1,0,2012-08-12,27,314,93,416,46,248,110,4,16,1,5,8,0,0,0,0,0,0,0,3,11,47,1,3,872.0,1227.0,22,4,8,0.7272727272727273,0.045454545454545456,0.22727272727272727,0,1,0.5652397018385193,-1.4722368564347859,Digital Enthusiasts
11348,1965,Graduation,Divorced,77247.0,1,0,2014-05-28,0,699,7,807,43,89,248,5,8,12,12,5,0,0,0,1,0,1,0,3,11,50,1,2,218.0,1893.0,32,5,5,0.25,0.375,0.375,2,0,-0.9300849861134428,-0.4578283096534439,High-Value Loyalists
11349,1973,Master,Widow,76476.0,0,0,2013-10-21,5,517,40,688,88,110,71,0,7,3,11,0,1,0,0,0,1,1,0,3,11,42,0,1,437.0,1514.0,21,0,0,0.3333333333333333,0.14285714285714285,0.5238095238095238,3,0,-2.264285536314865,0.3750762304447173,High-Value Loyalists
11350,1960,Graduation,Widow,39370.0,1,1,2013-08-01,68,134,45,29,2,34,8,8,3,0,1,4,0,0,0,0,0,0,1,3,11,55,2,3,518.0,252.0,4,8,4,0.75,0.0,0.25,0,1,2.3852313594657857,-1.05799731260133,Digital Enthusiasts
11351,1965,Graduation,Single,55793.0,0,0,2013-09-02,35,109,123,96,1,3,13,4,1,1,4,3,0,1,0,0,0,0,0,3,11,50,0,1,486.0,345.0,6,4,3,0.16666666666666666,0.16666666666666666,0.6666666666666666,1,0,-0.5232938495853416,1.5652607865238093,High-Value Loyalists
11352,1972,Graduation,Together,63028.0,1,1,2012-11-06,43,328,5,312,6,47,36,2,2,3,8,7,0,0,0,0,0,0,0,3,11,43,2,4,786.0,734.0,13,2,7,0.15384615384615385,0.23076923076923078,0.6153846153846154,0,1,1.604398347315874,0.7368454442686373,Digital Enthusiasts
11353,1981,Master,Married,70478.0,1,0,2012-08-15,36,270,25,485,38,118,10,2,6,2,16,5,0,0,1,0,0,0,0,3,11,34,1,3,869.0,946.0,24,2,5,0.25,0.08333333333333333,0.6666666666666666,1,1,0.12374066771279328,0.9495728093382788,Digital Enthusiasts
11354,1961,2n Cycle,Together,49302.0,1,0,2014-02-04,53,201,90,211,31,7,66,3,3,0,6,6,0,0,0,0,0,0,0,3,11,54,1,3,331.0,606.0,9,3,6,0.3333333333333333,0.0,0.6666666666666666,0,1,1.0629011077007906,1.2660949513101496,Digital Enthusiasts
11355,1962,Master,Single,79043.0,0,0,2013-01-13,38,1093,473,1397,330,54,375,1,11,10,33,2,0,0,1,0,0,0,0,3,11,53,0,1,718.0,3722.0,54,1,2,0.2037037037037037,0.18518518518518517,0.6111111111111112,1,0,-3.242783324977134,0.7934347192222224,High-Value Loyalists
11356,1964,Graduation,Widow,52388.0,1,1,2013-10-04,84,61,9,79,143,13,38,5,3,1,1,5,0,0,0,0,0,1,0,3,11,51,2,3,454.0,343.0,5,5,5,0.6,0.2,0.2,1,1,1.974865896456409,-1.347783968582299,Digital Enthusiasts
11357,1970,Graduation,Single,80172.0,1,0,2013-04-23,37,315,93,199,189,8,10,2,3,2,13,4,1,0,1,0,1,0,0,3,11,45,1,2,618.0,814.0,18,2,4,0.16666666666666666,0.1111111111111111,0.7222222222222222,3,0,-0.46459257586017455,1.4468515189871343,High-Value Loyalists
11358,1970,Graduation,Divorced,32636.0,1,2,2012-01-19,35,86,31,56,8,8,23,5,2,1,3,4,0,0,0,0,0,0,0,3,11,45,3,4,1078.0,212.0,6,5,4,0.3333333333333333,0.16666666666666666,0.5,0,1,2.7959346297398096,0.11513464549856295,Digital Enthusiasts
11359,1965,Graduation,Divorced,100836.0,1,0,2014-02-19,34,985,165,765,363,421,506,2,10,18,19,4,0,0,1,0,1,0,0,3,11,50,1,2,316.0,3205.0,47,2,4,0.2127659574468085,0.3829787234042553,0.40425531914893614,2,0,-2.072773765590105,-0.45965924075752984,High-Value Loyalists
11360,1967,Master,Single,32755.0,0,1,2012-01-18,73,196,44,102,67,7,13,4,4,2,3,11,0,0,0,1,0,0,0,3,11,48,1,2,1079.0,429.0,9,4,11,0.4444444444444444,0.2222222222222222,0.3333333333333333,1,1,1.2609589904675396,-0.5094523215413354,Digital Enthusiasts
11361,1975,Graduation,Divorced,51288.0,0,0,2012-10-28,0,532,97,298,159,58,18,7,7,1,11,3,0,0,0,0,0,0,0,3,11,40,0,1,795.0,1162.0,19,7,3,0.3684210526315789,0.05263157894736842,0.5789473684210527,0,0,-0.83638519794309,0.8313337692668649,High-Value Loyalists
11362,1967,PhD,Widow,46728.0,1,1,2013-11-08,42,88,8,104,5,10,21,5,1,1,6,4,0,0,0,1,1,0,0,3,11,48,2,3,419.0,236.0,8,5,4,0.125,0.125,0.75,2,1,1.593403116417374,1.6904357634809568,Digital Enthusiasts
11363,1965,Graduation,Divorced,64007.0,0,0,2013-06-04,28,1356,264,540,153,338,263,0,16,7,31,4,0,0,0,0,0,0,0,3,11,50,0,1,576.0,2914.0,54,0,4,0.2962962962962963,0.12962962962962962,0.5740740740740741,0,0,-2.8302493413829355,0.5946168432962983,High-Value Loyalists
11364,1971,Graduation,Divorced,78238.0,1,0,2014-01-11,27,79,62,407,221,1,19,5,5,2,8,5,0,1,0,0,0,0,0,3,11,44,1,2,355.0,789.0,15,5,5,0.3333333333333333,0.13333333333333333,0.5333333333333333,1,0,0.04226240362452838,0.4707939679867551,High-Value Loyalists
11365,1985,Graduation,Divorced,36127.0,1,1,2014-04-25,60,196,19,65,4,36,4,5,5,1,2,5,0,0,0,1,0,0,0,3,11,30,2,3,251.0,324.0,8,5,5,0.625,0.125,0.25,1,1,1.9740236153208737,-1.2571140783469237,Digital Enthusiasts
11366,1968,Graduation,Widow,86272.0,0,0,2013-10-01,14,1981,765,1101,190,56,414,0,17,7,42,2,0,0,0,1,0,1,0,3,11,47,0,1,457.0,3733.2199999999975,58,0,2,0.25757575757575757,0.10606060606060606,0.6363636363636364,2,0,-3.6880303335541695,0.768118980488508,High-Value Loyalists
11367,1978,PhD,Divorced,97686.0,0,0,2012-08-22,48,533,127,574,352,276,193,2,9,2,18,0,0,1,1,0,0,1,0,3,11,37,0,1,862.0,2055.0,29,2,0,0.3103448275862069,0.06896551724137931,0.6206896551724138,3,0,-2.327118438680981,0.816867693642115,High-Value Loyalists
11368,1964,Master,Married,101094.0,0,0,2012-01-04,29,266,423,250,241,53,183,0,4,6,16,2,0,0,0,0,1,0,0,3,11,51,0,2,1086.6599999999999,1416.0,26,0,2,0.15384615384615385,0.23076923076923078,0.6153846153846154,1,0,-1.7866240021277366,0.8966360933318261,High-Value Loyalists
11369,1964,2n Cycle,Together,55098.0,0,0,2013-10-17,0,256,321,496,73,28,169,2,4,2,19,12,0,1,0,1,0,0,0,3,11,51,0,2,441.0,1343.0,25,2,12,0.16,0.08,0.76,2,0,-0.7443680889757318,1.6990711129999871,High-Value Loyalists
11370,1970,Graduation,Together,103892.0,0,0,2012-10-13,44,633,191,306,135,196,128,3,12,6,8,5,0,1,0,1,0,1,0,3,11,45,0,2,810.0,1589.0,26,3,5,0.46153846153846156,0.23076923076923078,0.3076923076923077,3,0,-1.3418883496785685,-0.9194122193670327,High-Value Loyalists
11371,1952,Graduation,Widow,53193.0,1,1,2013-08-12,69,169,29,69,15,13,70,3,5,1,6,3,0,0,0,0,1,0,0,3,11,63,2,3,507.0,365.0,12,3,3,0.4166666666666667,0.08333333333333333,0.5,1,1,1.3567012167018018,0.3326141328796547,Digital Enthusiasts
11372,1971,Graduation,Married,50561.0,0,0,2013-04-04,37,573,63,446,55,38,327,3,9,7,10,9,0,0,0,0,1,0,0,3,11,44,0,2,637.0,1502.0,26,3,9,0.34615384615384615,0.2692307692307692,0.38461538461538464,1,0,-0.528372643724874,-0.33410019374970046,High-Value Loyalists
11373,1970,Master,Together,50263.0,1,1,2012-05-14,11,375,10,439,48,70,6,2,3,2,14,2,1,0,1,0,0,0,0,3,11,45,2,4,962.0,948.0,19,2,2,0.15789473684210525,0.10526315789473684,0.7368421052631579,2,1,0.9731327747924514,1.2865230790697089,Digital Enthusiasts
11374,1958,PhD,Divorced,68546.0,0,1,2012-11-24,71,184,29,214,39,72,13,1,6,2,4,5,1,0,0,0,0,0,0,3,11,57,1,2,768.0,551.0,12,1,5,0.5,0.16666666666666666,0.3333333333333333,1,1,0.13263913773728095,-0.5511518745537468,Digital Enthusiasts
11375,1964,2n Cycle,Single,125855.0,0,0,2014-06-05,5,416,92,443,178,75,443,1,15,5,7,4,0,0,0,0,0,0,0,3,11,51,0,1,210.0,1647.0,27,1,4,0.5555555555555556,0.18518518518518517,0.25925925925925924,0,0,-2.4760184013007414,-1.0939046174564546,High-Value Loyalists
11376,1995,Graduation,Married,43862.0,0,1,2012-10-16,50,102,11,64,13,1,3,1,1,1,1,3,0,0,0,0,0,0,0,3,11,20,1,3,807.0,194.0,3,1,3,0.3333333333333333,0.3333333333333333,0.3333333333333333,0,1,1.0311217664755001,-0.7226986905562588,Digital Enthusiasts
11377,1961,Master,Divorced,40984.0,1,0,2013-12-05,39,188,77,80,80,13,149,6,3,3,5,5,0,0,0,0,0,0,0,3,11,54,1,2,392.0,587.0,11,6,5,0.2727272727272727,0.2727272727272727,0.45454545454545453,0,1,0.7600277161514132,0.30716946265720857,Digital Enthusiasts
11378,1963,Master,Married,41918.0,1,1,2013-09-19,26,103,6,23,22,32,41,3,1,6,2,9,0,0,0,0,0,0,0,3,11,52,2,4,469.0,227.0,9,3,9,0.1111111111111111,0.6666666666666666,0.2222222222222222,0,1,2.1157725660980784,-1.153143838337239,Digital Enthusiasts
11379,1969,Graduation,Married,77058.0,1,0,2013-01-20,38,125,91,373,55,54,86,0,5,1,7,2,0,0,0,0,0,0,0,3,11,46,1,3,711.0,784.0,13,0,2,0.38461538461538464,0.07692307692307693,0.5384615384615384,0,0,0.026481362209083256,0.3646418659957914,High-Value Loyalists
11380,1975,Graduation,Widow,75153.0,0,0,2013-11-14,42,969,77,539,94,627,54,5,8,5,26,7,0,0,0,0,1,1,0,3,11,40,0,1,413.0,2360.0,39,5,7,0.20512820512820512,0.1282051282051282,0.6666666666666666,2,0,-1.7377310040577691,1.169312204617392,High-Value Loyalists
11381,1959,Graduation,Single,105299.0,0,0,2013-05-18,30,709,512,666,39,129,214,1,9,9,15,1,0,0,0,0,0,0,0,3,11,56,0,1,593.0,2269.0,33,1,1,0.2727272727272727,0.2727272727272727,0.45454545454545453,0,0,-2.6479984085242547,0.11229441632328095,High-Value Loyalists
11382,1970,Graduation,Single,40864.0,1,1,2013-07-14,53,149,2,53,24,38,82,6,4,1,6,5,0,0,1,0,0,0,0,3,11,45,2,3,536.0,348.0,11,6,5,0.36363636363636365,0.09090909090909091,0.5454545454545454,1,1,1.8596086949564306,0.502822564639668,Digital Enthusiasts
11383,1949,Graduation,Married,51252.0,1,0,2012-11-20,35,372,107,252,11,53,73,2,11,0,5,6,0,0,0,0,0,0,0,3,11,66,1,3,772.0,868.0,16,2,6,0.6875,0.0,0.3125,0,1,0.6012681174236311,-0.8050154557833985,Digital Enthusiasts
11384,1956,Master,Married,46043.0,0,0,2014-04-27,84,481,86,160,26,50,28,3,3,1,9,6,0,0,0,0,0,0,0,3,11,59,0,2,249.0,831.0,13,3,6,0.23076923076923078,0.07692307692307693,0.6923076923076923,0,1,0.1703930034509216,1.678717967230708,Digital Enthusiasts
11385,1966,Graduation,Together,61573.0,0,0,2012-08-23,32,667,86,391,149,97,236,1,6,9,11,2,0,0,1,0,0,1,0,3,11,49,0,2,861.0,1626.0,26,1,2,0.23076923076923078,0.34615384615384615,0.4230769230769231,2,0,-1.373679665992343,-0.10381686354979688,High-Value Loyalists
11386,1977,Master,Together,40671.0,0,1,2013-04-27,37,42,39,83,59,16,73,7,4,3,4,13,0,1,0,0,1,1,0,3,11,38,1,3,614.0,312.0,11,7,13,0.36363636363636365,0.2727272727272727,0.36363636363636365,3,1,1.7784737345550095,-0.5248144293658991,Digital Enthusiasts
11387,1967,Graduation,Divorced,67464.0,0,0,2014-03-17,47,581,25,241,92,49,50,4,7,1,7,9,0,1,1,0,0,0,0,3,11,48,0,1,290.0,1038.0,15,4,9,0.4666666666666667,0.06666666666666667,0.4666666666666667,2,0,-0.6590859516332372,0.22470556298602165,High-Value Loyalists
11388,1941,Graduation,Together,58134.0,0,0,2013-10-01,60,202,6,326,65,114,19,2,5,2,4,7,0,0,0,0,1,0,0,3,11,74,0,2,457.0,732.0,11,2,7,0.45454545454545453,0.18181818181818182,0.36363636363636365,1,0,-0.13742834071046045,-0.14803570763188856,High-Value Loyalists
11389,1955,Master,Widow,68876.0,0,0,2013-06-10,41,394,528,769,24,110,338,0,14,4,16,2,0,1,0,1,0,0,0,3,11,60,0,1,570.0,2163.0,34,0,2,0.4117647058823529,0.11764705882352941,0.47058823529411764,2,0,-2.3218187859853465,0.16290472686043198,High-Value Loyalists
11390,1957,Graduation,Together,59160.0,1,0,2012-03-13,51,205,56,161,13,8,93,6,7,5,6,2,0,0,0,0,0,1,0,3,11,58,1,3,1024.0,536.0,18,6,2,0.3888888888888889,0.2777777777777778,0.3333333333333333,1,1,0.8074308832186821,-0.5480662683656575,Digital Enthusiasts
11391,1961,Graduation,Together,78426.0,0,0,2012-11-28,38,115,42,66,47,36,69,2,1,1,4,10,0,0,0,0,0,0,0,3,11,54,0,2,764.0,375.0,6,2,10,0.16666666666666666,0.16666666666666666,0.6666666666666666,0,0,-0.03947217163722189,1.415197161541853,High-Value Loyalists
11392,1956,PhD,Married,91423.0,0,0,2013-02-07,0,777,25,482,149,472,103,1,6,19,9,5,1,0,0,0,1,0,0,3,11,59,0,2,693.0,2008.0,34,1,5,0.17647058823529413,0.5588235294117647,0.2647058823529412,2,0,-2.0548400734969317,-0.9845970703556982,High-Value Loyalists
11393,1962,Graduation,Widow,88897.0,0,0,2014-02-05,16,887,49,586,38,126,72,2,6,7,16,1,1,0,1,1,1,1,0,3,11,53,0,1,330.0,1758.0,29,2,1,0.20689655172413793,0.2413793103448276,0.5517241379310345,5,0,-2.440952718318201,0.5940791023436134,High-Value Loyalists
11394,1951,Graduation,Divorced,55315.0,1,0,2014-02-08,15,228,4,34,19,6,10,2,1,0,4,8,0,0,0,0,0,0,0,3,11,64,1,2,327.0,301.0,5,2,8,0.2,0.0,0.8,0,1,0.4212582073511459,2.1505785739336365,Digital Enthusiasts
11395,1972,Graduation,Single,130117.49999999999,0,0,2013-02-02,34,1535,27,483,18,117,125,1,25,2,11,4,0,0,0,0,0,0,0,3,11,43,0,1,698.0,2305.0,38,1,4,0.6578947368421053,0.05263157894736842,0.2894736842105263,0,0,-2.7475358017145752,-1.1318631663637277,High-Value Loyalists
11396,1968,PhD,Widow,30965.0,0,1,2012-11-15,22,119,31,133,10,56,54,4,3,1,4,7,1,0,0,0,0,0,0,3,11,47,1,2,777.0,403.0,8,4,7,0.375,0.125,0.5,1,1,0.7673458319084498,0.37066891493821885,Digital Enthusiasts
11397,1962,Master,Divorced,54157.0,1,0,2012-06-15,44,702,19,676,31,67,126,1,12,7,7,10,0,0,0,0,1,0,0,3,11,53,1,2,930.0,1621.0,26,1,10,0.46153846153846156,0.2692307692307692,0.2692307692307692,1,0,-0.2752726195742673,-1.0610231661541252,High-Value Loyalists
11398,1966,Graduation,Single,32384.0,1,2,2013-03-06,74,50,58,57,23,48,6,2,0,1,1,9,0,0,1,1,0,1,0,3,11,49,3,4,666.0,242.0,2,2,9,0.0,0.5,0.5,3,1,2.877385831011822,0.2768563605442538,Digital Enthusiasts
11399,1966,PhD,Widow,58264.0,1,1,2012-05-17,32,337,135,177,125,144,20,1,4,4,9,6,0,1,0,1,0,0,0,3,11,49,2,3,959.0,938.0,17,1,6,0.23529411764705882,0.23529411764705882,0.5294117647058824,2,1,0.6829929247368726,0.27243653378556065,Digital Enthusiasts
11400,1964,PhD,Together,64359.0,0,0,2012-05-29,36,291,145,178,26,91,23,2,6,7,5,7,0,1,0,0,0,0,0,3,11,51,0,2,947.0,754.0,18,2,7,0.3333333333333333,0.3888888888888889,0.2777777777777778,1,0,-0.4963716350625542,-0.8104839407825516,High-Value Loyalists
11401,1961,2n Cycle,Divorced,117834.0,0,0,2014-04-26,37,950,4,428,279,70,325,0,11,5,17,2,0,0,1,0,1,0,0,3,11,54,0,1,250.0,2056.0,33,0,2,0.3333333333333333,0.15151515151515152,0.5151515151515151,2,0,-2.7842391732162657,0.33695768362147505,High-Value Loyalists
11402,1965,Graduation,Single,74548.0,0,0,2013-04-29,63,308,36,177,24,9,115,5,3,4,9,7,0,1,1,0,0,0,0,3,11,50,0,1,612.0,669.0,16,5,7,0.1875,0.25,0.5625,2,0,-0.5828219511401483,0.9154606207827688,High-Value Loyalists
11403,1976,Master,Single,71095.0,0,1,2012-12-10,60,184,197,242,11,57,154,2,2,5,10,10,0,0,0,0,0,0,0,3,11,39,1,2,752.0,845.0,17,2,10,0.11764705882352941,0.29411764705882354,0.5882352941176471,0,1,0.24007891621187175,0.8154279122139162,Digital Enthusiasts
11404,1949,Graduation,Divorced,83470.0,0,0,2013-01-14,40,738,76,86,295,344,240,0,2,13,14,4,0,0,0,0,0,1,0,3,11,66,0,1,717.0,1779.0,29,0,4,0.06896551724137931,0.4482758620689655,0.4827586206896552,1,0,-2.161565600901065,0.47462982028444556,High-Value Loyalists
11405,1984,Graduation,Single,107011.0,0,1,2012-12-21,45,228,6,173,24,28,84,0,5,2,2,9,0,0,0,0,0,0,0,3,11,31,1,2,741.0,543.0,9,0,9,0.5555555555555556,0.2222222222222222,0.2222222222222222,0,0,-0.1420037832937719,-1.444389644719976,High-Value Loyalists
11406,1954,Master,Widow,47738.0,0,0,2014-01-26,8,465,88,163,115,47,4,0,3,5,7,5,1,0,0,0,0,1,0,3,11,61,0,1,340.0,882.0,15,0,5,0.2,0.3333333333333333,0.4666666666666667,2,0,-1.3717205159131356,0.4070948629363881,High-Value Loyalists
11407,1955,Graduation,Divorced,80285.0,0,0,2013-04-28,33,542,73,371,208,28,196,0,4,1,14,3,1,0,0,0,0,1,0,3,11,60,0,1,613.0,1418.0,19,0,3,0.21052631578947367,0.05263157894736842,0.7368421052631579,2,0,-1.8820844559391683,1.7346769035218783,High-Value Loyalists
11408,1949,Graduation,Single,36461.0,0,0,2013-08-03,88,207,84,134,19,15,152,1,1,0,9,2,0,0,0,0,0,0,0,3,11,66,0,1,516.0,611.0,10,1,2,0.1,0.0,0.9,0,0,-0.5140656976104568,2.998718727291648,High-Value Loyalists
11409,1952,PhD,Widow,50240.0,1,1,2013-06-02,72,82,20,47,4,0,10,6,1,2,3,6,0,0,0,0,0,0,0,3,11,63,2,3,578.0,163.0,6,6,6,0.16666666666666666,0.3333333333333333,0.5,0,1,2.080633625112129,0.5601613762439529,Digital Enthusiasts
11410,1959,Graduation,Widow,63111.0,0,0,2013-05-22,73,185,4,55,13,41,200,4,2,6,7,1,0,1,1,0,0,0,0,3,11,56,0,1,589.0,498.0,15,4,1,0.13333333333333333,0.4,0.4666666666666667,2,0,-0.7878067172839307,0.5456374023310139,High-Value Loyalists
11411,1961,2n Cycle,Single,84336.0,0,0,2013-01-23,37,137,31,238,3,113,35,6,4,1,8,6,0,0,0,0,0,0,0,3,11,54,0,1,708.0,557.0,13,6,6,0.3076923076923077,0.07692307692307693,0.6153846153846154,0,0,-0.5862988124513795,1.1889392567117472,High-Value Loyalists
11412,1944,2n Cycle,Together,39383.0,1,0,2013-11-22,50,216,32,130,50,82,108,2,4,2,4,3,0,1,0,0,1,0,0,3,11,71,1,3,405.0,618.0,10,2,3,0.4,0.2,0.4,2,1,0.7184376755409829,-0.09091731921330781,Digital Enthusiasts
11413,1963,Graduation,Widow,69608.0,0,0,2014-04-22,64,250,33,282,100,25,53,3,5,2,3,3,0,0,0,0,0,0,0,3,11,52,0,1,254.0,743.0,10,3,3,0.5,0.2,0.3,0,0,-0.7240954086700702,-0.5150575008045098,High-Value Loyalists
11414,1968,Master,Divorced,91271.0,0,0,2012-11-06,37,1071,605,693,658,165,90,1,12,19,19,1,0,0,0,0,0,0,0,3,11,47,0,1,786.0,3282.0,50,1,1,0.24,0.38,0.38,0,0,-3.152377522039501,-0.43702406763289603,High-Value Loyalists
11415,1972,PhD,Together,44648.0,0,1,2012-10-24,75,112,11,157,5,34,50,5,4,2,6,4,0,0,1,0,0,0,0,3,11,43,1,3,799.0,369.0,12,5,4,0.3333333333333333,0.16666666666666666,0.5,1,1,1.3265161130965155,0.3297206340443647,Digital Enthusiasts
11416,1963,PhD,Single,27331.0,1,1,2013-11-16,33,137,34,117,28,12,76,3,3,3,3,7,0,0,0,0,1,0,0,3,11,52,2,3,411.0,404.0,9,3,7,0.3333333333333333,0.3333333333333333,0.3333333333333333,1,1,1.6520183589219848,-0.583301708558982,Digital Enthusiasts
11417,1967,Graduation,Divorced,50968.0,1,1,2012-04-11,40,217,37,115,87,10,19,5,4,3,6,6,0,0,0,0,0,0,0,3,11,48,2,3,995.0,485.0,13,5,6,0.3076923076923077,0.23076923076923078,0.46153846153846156,0,1,1.560666024819132,0.04017597802659788,Digital Enthusiasts
11418,1950,Master,Divorced,60858.0,1,1,2013-02-12,23,409,39,78,79,56,109,1,8,2,4,9,0,0,0,0,0,0,0,3,11,65,2,3,688.0,770.0,14,1,9,0.5714285714285714,0.14285714285714285,0.2857142857142857,0,1,0.9826685525609594,-1.004598875732204,Digital Enthusiasts
11419,1957,PhD,Divorced,51597.0,1,1,2014-06-14,57,152,73,142,53,20,172,5,7,0,7,4,0,0,0,0,0,0,0,3,11,58,2,3,205.34,612.0,14,5,4,0.5,0.0,0.5,0,1,1.5072649808503253,0.2847407430774177,Digital Enthusiasts
11420,1962,Basic,Divorced,43233.0,1,1,2013-09-19,53,151,83,29,10,93,45,6,2,1,2,7,1,0,0,1,0,0,0,3,11,53,2,3,469.0,411.0,5,6,7,0.4,0.2,0.4,2,1,1.9914804609028243,-0.23022151203252136,Digital Enthusiasts
11421,1945,Master,Married,55773.0,0,0,2012-07-16,33,811,32,412,84,92,298,0,12,1,19,9,0,0,0,1,0,1,0,3,11,70,0,2,899.0,1729.0,32,0,9,0.375,0.03125,0.59375,2,0,-1.2003329293013583,0.8005275579869952,High-Value Loyalists
11422,1972,Graduation,Together,57887.0,1,0,2013-01-03,23,527,39,631,4,148,124,1,2,8,10,2,0,0,0,0,0,0,0,3,11,43,1,3,728.0,1473.0,20,1,2,0.1,0.4,0.5,0,0,-0.19315919406862142,0.2474495692894634,High-Value Loyalists
11423,1977,2n Cycle,Single,59246.0,0,0,2014-04-30,19,179,49,358,6,22,47,0,5,3,7,5,0,0,0,0,0,0,0,3,11,38,0,1,246.0,661.0,15,0,5,0.3333333333333333,0.2,0.4666666666666667,0,0,-1.1882321552503592,0.23189026495533405,High-Value Loyalists
11424,1988,Graduation,Together,44873.0,1,1,2013-04-19,38,212,183,248,43,38,111,1,5,2,9,3,0,0,0,0,0,0,0,3,11,27,2,4,622.0,835.0,16,1,3,0.3125,0.125,0.5625,0,1,1.389816494144219,0.2779907844581879,Digital Enthusiasts
11425,1983,2n Cycle,Divorced,77226.0,0,0,2014-01-31,62,440,67,336,155,2,36,3,12,2,4,4,0,0,0,0,0,0,0,3,11,32,0,1,335.0,1036.0,18,3,4,0.6666666666666666,0.1111111111111111,0.2222222222222222,0,0,-0.9649112809323379,-1.233836263838685,High-Value Loyalists
11426,1968,Graduation,Together,114220.0,0,0,2013-12-31,62,904,366,601,332,53,299,4,18,11,10,0,0,0,0,1,0,1,0,3,11,47,0,2,366.0,2555.0,39,4,0,0.46153846153846156,0.28205128205128205,0.2564102564102564,2,0,-2.055704156599251,-1.186557173087091,High-Value Loyalists
11427,1971,Graduation,Divorced,78221.0,0,0,2013-11-30,62,668,207,741,192,51,25,1,1,5,25,0,0,0,0,0,0,0,0,3,11,44,0,1,397.0,1884.0,31,1,0,0.03225806451612903,0.16129032258064516,0.8064516129032258,0,0,-2.0534974465675067,2.131534616447959,High-Value Loyalists
11428,1972,2n Cycle,Single,40741.0,0,1,2013-08-06,47,255,23,83,67,1,2,3,4,3,4,5,0,1,0,0,0,0,0,3,11,43,1,2,513.0,431.0,11,3,5,0.36363636363636365,0.2727272727272727,0.36363636363636365,1,1,0.5340462065001005,-0.3533968705515279,Digital Enthusiasts
11429,1963,Graduation,Single,61638.0,0,1,2012-04-29,11,555,118,539,128,212,344,2,12,9,13,7,0,0,1,0,0,1,0,3,11,52,1,2,977.0,1896.0,34,2,7,0.35294117647058826,0.2647058823529412,0.38235294117647056,2,0,-0.936861003717867,-0.526831107910175,High-Value Loyalists
11430,1944,2n Cycle,Married,55529.0,0,0,2012-09-20,71,423,221,250,14,7,62,2,6,5,11,6,0,0,0,0,0,0,0,3,11,71,0,2,833.0,977.0,22,2,6,0.2727272727272727,0.22727272727272727,0.5,0,0,-0.38638796926958846,0.6024822944649916,High-Value Loyalists
11431,1973,Graduation,Divorced,33518.0,0,2,2012-02-01,86,170,9,103,63,8,90,6,1,6,4,5,0,0,0,0,1,0,0,3,11,42,2,3,1065.0,443.0,11,6,5,0.09090909090909091,0.5454545454545454,0.36363636363636365,1,1,2.0582143049416906,-0.31141170435580734,Digital Enthusiasts
11432,1976,Master,Together,75424.0,0,0,2013-01-26,37,137,59,817,59,58,151,3,14,6,8,0,0,0,0,1,0,0,0,3,11,39,0,2,705.0,1281.0,28,3,0,0.5,0.21428571428571427,0.2857142857142857,1,0,-1.2112841575209432,-0.9741595321942497,High-Value Loyalists
11433,1956,PhD,Widow,111077.0,0,0,2012-06-02,27,302,82,809,507,362,220,0,16,1,18,2,0,0,0,0,0,1,0,3,11,59,0,1,943.0,2282.0,35,0,2,0.45714285714285713,0.02857142857142857,0.5142857142857142,1,0,-2.8360391429339558,0.2609097476039939,High-Value Loyalists
11434,1967,Graduation,Widow,88858.0,0,0,2013-06-26,14,574,121,449,140,55,169,1,12,4,12,2,1,1,0,1,1,1,0,3,11,48,0,1,554.0,1508.0,28,1,2,0.42857142857142855,0.14285714285714285,0.42857142857142855,5,0,-2.361103401652878,-0.22272489439817664,High-Value Loyalists
11435,1967,Master,Married,77919.0,0,0,2012-12-27,65,109,70,93,15,33,11,1,1,4,5,7,0,1,0,0,0,0,0,3,11,48,0,2,735.0,331.0,10,1,7,0.1,0.4,0.5,1,0,-0.26266719825166635,0.5301081434882139,High-Value Loyalists
11436,1961,Graduation,Married,90837.0,0,0,2014-04-26,40,425,65,584,101,411,117,2,11,5,11,3,0,1,0,0,0,0,0,3,11,54,0,2,250.0,1703.0,27,2,3,0.4074074074074074,0.18518518518518517,0.4074074074074074,1,0,-1.440023953320453,-0.21493695710576813,High-Value Loyalists
11437,1963,2n Cycle,Together,31575.0,0,2,2013-12-13,64,147,60,178,30,18,31,4,5,2,5,10,0,1,0,0,0,0,0,3,11,52,2,4,384.0,464.0,12,4,10,0.4166666666666667,0.16666666666666666,0.4166666666666667,1,1,2.5052404690913557,-0.2613298633121257,Digital Enthusiasts
11438,1973,Basic,Together,66462.0,0,1,2012-07-21,27,216,47,125,89,91,170,3,8,4,4,4,0,0,0,0,0,0,0,3,11,42,1,3,894.0,738.0,16,3,4,0.5,0.25,0.25,0,1,0.4434892187499286,-1.2246409253557862,Digital Enthusiasts
11439,1960,Master,Widow,58992.0,1,0,2012-12-19,30,559,140,212,319,63,41,1,9,3,10,5,1,0,0,0,0,0,0,3,11,55,1,2,743.0,1334.0,22,1,5,0.4090909090909091,0.13636363636363635,0.45454545454545453,1,0,-0.505753920786007,-0.006804924394341827,High-Value Loyalists
11440,1978,2n Cycle,Married,75171.0,1,0,2013-01-10,35,272,119,196,365,49,229,1,9,8,5,8,0,0,1,1,0,0,0,3,11,37,1,3,721.0,1230.0,22,1,8,0.4090909090909091,0.36363636363636365,0.22727272727272727,2,0,0.026179045848663703,-1.4741332282988302,High-Value Loyalists
11441,1961,PhD,Together,114198.0,1,0,2012-01-29,50,1503,466,1122,83,147,1496,0,15,8,52,4,0,0,0,0,0,0,0,3,11,54,1,3,1068.0,3733.2199999999975,58,0,4,0.2,0.10666666666666667,0.6933333333333334,0,0,-2.128183089813535,0.8952090220562949,High-Value Loyalists
11442,1971,Basic,Married,57656.0,0,0,2013-10-15,48,945,86,684,29,183,106,0,11,8,13,5,0,0,0,1,0,0,0,3,11,44,0,2,443.0,2033.0,32,0,5,0.34375,0.25,0.40625,1,0,-1.3633362081080989,-0.2835175537793081,High-Value Loyalists
11443,1973,Master,Widow,87738.0,0,0,2012-03-05,19,809,552,236,114,73,131,0,7,4,11,3,0,0,0,1,0,1,0,3,11,42,0,1,1032.0,1915.0,22,0,3,0.3181818181818182,0.18181818181818182,0.5,2,0,-2.232374080019953,0.20569693309852027,High-Value Loyalists
11444,1961,Master,Divorced,86966.0,0,0,2014-01-07,0,620,66,301,69,43,69,0,10,1,14,2,1,0,0,0,0,0,0,3,11,54,0,1,359.0,1168.0,25,0,2,0.4,0.04,0.56,1,0,-2.1899548302236265,0.6400155679025478,High-Value Loyalists
11445,1975,Basic,Single,29354.0,0,1,2013-02-18,87,105,49,52,13,106,101,3,1,5,3,10,0,0,0,0,0,0,0,3,11,40,1,2,682.0,426.0,9,3,10,0.1111111111111111,0.5555555555555556,0.3333333333333333,0,1,1.224640599423289,-0.3267872202173986,Digital Enthusiasts
11446,1949,Graduation,Widow,49330.0,0,1,2013-02-12,79,95,122,122,31,47,96,4,3,2,3,4,0,1,1,1,0,1,0,3,11,66,1,2,688.0,513.0,8,4,4,0.375,0.25,0.375,4,1,0.5661632108191479,-0.16126598160475272,Digital Enthusiasts
11447,1980,Graduation,Together,49643.0,1,1,2012-01-26,60,90,9,10,19,29,63,3,1,1,2,6,0,0,0,0,0,0,0,3,11,35,2,4,1071.0,220.0,4,3,6,0.25,0.25,0.5,0,1,2.2855825144617765,0.13591225161326903,Digital Enthusiasts
11448,1982,2n Cycle,Together,39847.0,1,2,2013-07-19,48,249,37,101,16,3,49,3,2,1,7,7,0,0,0,0,0,0,0,3,11,33,3,5,531.0,455.0,10,3,7,0.2,0.1,0.7,0,1,3.099745730274438,1.0228974501666617,Digital Enthusiasts
11449,1960,Master,Divorced,68758.0,0,0,2013-11-11,21,1420,541,515,43,50,382,0,12,9,23,1,0,0,1,0,0,1,0,3,11,55,0,1,416.0,2951.0,44,0,1,0.2727272727272727,0.20454545454545456,0.5227272727272727,2,0,-2.985701176104857,0.3734448040659726,High-Value Loyalists
11450,1951,Graduation,Widow,38095.0,0,0,2013-01-06,72,351,139,325,22,22,94,0,3,4,7,3,0,1,0,0,0,1,0,3,11,64,0,1,725.0,953.0,14,0,3,0.21428571428571427,0.2857142857142857,0.5,2,0,-0.9751665781612759,0.6838540527189675,High-Value Loyalists
11451,1964,Graduation,Divorced,53013.0,0,1,2012-08-08,69,125,17,59,1,8,34,5,1,2,2,10,0,0,0,1,0,1,0,3,11,51,1,2,876.0,244.0,5,5,10,0.2,0.4,0.4,2,1,1.1384802980786908,-0.014508560695103034,Digital Enthusiasts
11452,1958,PhD,Married,51069.0,1,0,2014-06-17,42,366,53,41,29,70,50,4,5,1,8,4,1,0,1,0,1,0,0,3,11,57,1,3,205.34,609.0,14,4,4,0.35714285714285715,0.07142857142857142,0.5714285714285714,3,1,0.7161282687789007,0.6914526156614399,Digital Enthusiasts
11453,1960,Graduation,Together,45685.0,0,1,2013-03-14,99,310,72,49,78,29,68,3,7,2,9,3,0,0,0,1,0,0,0,3,11,55,1,3,658.0,606.0,18,3,3,0.3888888888888889,0.1111111111111111,0.5,1,1,0.982946730782744,0.36511609193525985,Digital Enthusiasts
11454,1967,PhD,Widow,61534.0,1,0,2013-08-17,4,385,200,310,393,217,43,1,9,5,13,5,0,0,0,1,0,1,0,3,11,48,1,2,502.0,1548.0,27,1,5,0.3333333333333333,0.18518518518518517,0.48148148148148145,2,0,-0.9193151882416424,0.04019367394921187,High-Value Loyalists
11455,1979,Graduation,Married,66977.0,0,0,2013-12-14,14,1345,439,1135,9,407,95,2,12,13,32,3,0,0,1,0,0,0,0,3,11,36,0,2,383.0,3430.0,57,2,3,0.21052631578947367,0.22807017543859648,0.5614035087719298,1,0,-2.5647752195921147,0.33383964771552055,High-Value Loyalists
11456,1967,Graduation,Single,86402.0,0,0,2013-06-14,25,704,194,242,34,69,80,3,4,9,7,4,1,0,0,1,1,0,0,3,11,48,0,1,566.0,1323.0,20,3,4,0.2,0.45,0.35,3,0,-1.6692870075342625,-0.381097489651697,High-Value Loyalists
11457,1967,2n Cycle,Divorced,60086.0,1,0,2013-05-12,40,420,410,812,63,198,532,2,7,7,25,5,1,0,0,0,0,0,0,3,11,48,1,2,599.0,2435.0,39,2,5,0.1794871794871795,0.1794871794871795,0.6410256410256411,1,0,-1.0870780642162772,0.9406023479538145,High-Value Loyalists
11458,1947,Graduation,Widow,68356.0,1,0,2013-09-08,76,266,60,209,38,218,80,0,6,0,10,5,1,0,1,1,0,1,1,3,11,68,1,2,480.0,871.0,16,0,5,0.375,0.0,0.625,4,0,-0.28611257162114073,1.0263941133993066,High-Value Loyalists
11459,1983,2n Cycle,Divorced,65675.0,1,0,2014-03-05,56,419,165,189,127,80,72,2,6,1,10,4,0,0,0,0,0,0,0,3,11,32,1,2,302.0,1052.0,17,2,4,0.35294117647058826,0.058823529411764705,0.5882352941176471,0,0,-0.06807239025475262,0.6887044714762479,High-Value Loyalists
11460,1978,PhD,Widow,57656.0,1,1,2013-09-08,60,166,23,92,14,28,60,7,4,1,3,3,0,0,0,1,0,0,0,3,11,37,2,3,480.0,383.0,8,7,3,0.5,0.125,0.375,1,1,1.8140488620295918,-0.5019849274408282,Digital Enthusiasts
11461,1973,2n Cycle,Married,40002.0,0,1,2014-02-01,28,116,12,178,143,7,79,3,6,2,7,10,0,0,0,1,0,1,0,3,11,42,1,3,334.0,535.0,15,3,10,0.4,0.13333333333333333,0.4666666666666667,2,1,1.0353655580137249,-0.014976909052913573,Digital Enthusiasts
11462,1977,Master,Together,106746.0,0,0,2012-09-09,49,917,266,1744,542,416,176,2,12,12,41,2,0,0,1,1,0,0,0,3,11,38,0,2,844.0,3733.2199999999975,58,2,2,0.18461538461538463,0.18461538461538463,0.6307692307692307,2,0,-2.9614946211089084,0.6351966959396386,High-Value Loyalists
11463,1985,Graduation,Married,75054.0,1,0,2012-06-04,13,486,102,938,23,36,220,1,10,7,12,6,0,1,1,1,0,0,0,3,11,30,1,3,941.0,1805.0,29,1,6,0.3448275862068966,0.2413793103448276,0.41379310344827586,3,0,-0.5871167558285662,-0.635725672757803,High-Value Loyalists
11464,1966,Graduation,Widow,43045.0,1,1,2012-03-31,49,133,1,59,42,16,33,2,3,1,1,9,0,1,0,0,1,1,0,3,11,49,2,3,1006.0,284.0,5,2,9,0.6,0.2,0.2,3,1,1.6819998444861728,-1.5365762102278435,Digital Enthusiasts
11465,1966,2n Cycle,Divorced,40738.0,0,1,2012-01-21,56,86,14,75,2,61,21,4,1,3,2,7,0,0,0,0,0,0,0,3,11,49,1,2,1076.0,259.0,6,4,7,0.16666666666666666,0.5,0.3333333333333333,0,1,0.9674419768558342,-0.32714785590992546,Digital Enthusiasts
11466,1986,Master,Widow,62042.0,0,1,2013-02-05,20,639,8,531,187,64,3,2,1,4,16,2,0,0,0,0,0,0,0,3,11,29,1,2,695.0,1432.0,21,2,2,0.047619047619047616,0.19047619047619047,0.7619047619047619,0,0,-0.6141352052743156,1.6404361409000723,High-Value Loyalists
11467,1972,Graduation,Divorced,95342.0,1,0,2014-02-16,19,628,56,737,355,48,349,2,5,9,21,3,0,0,0,1,0,0,0,3,11,43,1,2,319.0,2173.0,35,2,3,0.14285714285714285,0.2571428571428571,0.6,1,0,-1.5140516725144981,0.6791747463660496,High-Value Loyalists
11468,1968,2n Cycle,Divorced,31696.0,0,1,2012-02-28,77,81,6,67,97,69,10,5,2,3,4,5,0,0,0,0,0,0,0,3,11,47,1,2,1038.0,330.0,9,5,5,0.2222222222222222,0.3333333333333333,0.4444444444444444,0,1,1.122425797378685,0.26329913353328854,Digital Enthusiasts
11469,1954,Graduation,Divorced,90078.0,0,0,2013-08-13,59,1403,45,461,77,10,262,1,14,7,14,4,0,0,0,0,0,1,0,3,11,61,0,1,506.0,2258.0,35,1,4,0.4,0.2,0.4,1,0,-2.223307375620531,-0.18013689569880637,High-Value Loyalists
11470,1949,Graduation,Single,52155.0,1,1,2013-12-21,50,214,20,158,60,16,163,4,5,5,2,4,1,0,1,0,0,0,0,3,11,66,2,3,376.0,631.0,12,4,4,0.4166666666666667,0.4166666666666667,0.16666666666666666,2,1,1.2444785369915525,-1.4383172329138065,Digital Enthusiasts
11471,1958,Graduation,Widow,97543.0,0,0,2014-04-07,0,644,564,210,107,35,118,0,13,13,2,5,0,0,0,0,0,0,0,3,11,57,0,1,269.0,1678.0,28,0,5,0.4642857142857143,0.4642857142857143,0.07142857142857142,0,0,-2.3479590283941727,-1.9743800169230825,High-Value Loyalists
11472,1963,2n Cycle,Widow,82592.0,0,0,2013-12-30,34,892,129,277,155,61,272,1,10,11,9,4,0,0,0,0,0,0,0,3,11,52,0,1,367.0,1786.0,30,1,4,0.3333333333333333,0.36666666666666664,0.3,0,0,-2.004633681540563,-0.6750508778500147,High-Value Loyalists
11473,1970,Graduation,Divorced,69223.0,1,1,2012-03-15,22,540,87,253,163,116,52,0,6,3,7,8,0,0,1,0,0,1,0,3,11,45,2,3,1022.0,1211.0,16,0,8,0.375,0.1875,0.4375,2,1,0.474095823924421,-0.38118410489900656,Digital Enthusiasts
11474,1982,Master,Together,36738.0,0,1,2012-05-16,65,158,72,245,37,6,20,2,4,5,1,8,0,0,0,0,0,0,0,3,11,33,1,3,960.0,538.0,10,2,8,0.4,0.5,0.1,0,1,1.2815330054770775,-1.921349647120311,Digital Enthusiasts
11475,1972,Graduation,Divorced,27693.0,0,1,2014-06-07,64,83,21,48,12,62,29,3,3,2,3,12,0,0,0,0,0,0,0,3,11,43,1,2,208.0,255.0,8,3,12,0.375,0.25,0.375,0,1,1.323455322778565,-0.21793836644477196,Digital Enthusiasts
11476,1978,Graduation,Widow,65124.0,0,0,2012-03-25,0,498,204,164,110,2,195,1,8,5,12,5,0,0,0,0,0,0,0,3,11,37,0,1,1012.0,1173.0,25,1,5,0.32,0.2,0.48,0,0,-1.6435550695324839,0.15804986149416023,High-Value Loyalists
11477,1955,Graduation,Single,41726.0,0,0,2014-06-05,43,152,4,186,8,4,92,4,0,3,6,3,0,0,0,0,0,0,0,3,11,60,0,1,210.0,446.0,9,4,3,0.0,0.3333333333333333,0.6666666666666666,0,0,-0.43463896483328046,1.7847797132106862,High-Value Loyalists
11478,1974,2n Cycle,Divorced,45948.0,0,1,2014-04-29,51,565,72,296,339,113,125,3,12,5,10,4,1,0,0,0,0,0,0,3,11,41,1,2,247.0,1510.0,27,3,4,0.4444444444444444,0.18518518518518517,0.37037037037037035,1,0,-0.22485129854285438,-0.4861998442490352,High-Value Loyalists
11479,1972,Graduation,Single,66804.0,1,0,2012-08-29,35,638,379,333,208,53,322,2,14,9,11,2,0,0,0,0,0,1,0,3,11,43,1,2,855.0,1933.0,34,2,2,0.4117647058823529,0.2647058823529412,0.3235294117647059,1,0,-1.0509730632727936,-0.8553470827951176,High-Value Loyalists
11480,1974,2n Cycle,Single,71662.0,1,0,2013-12-27,13,915,84,764,68,14,287,1,2,4,28,3,1,0,0,0,0,1,0,3,11,41,1,2,370.0,2132.0,34,1,3,0.058823529411764705,0.11764705882352941,0.8235294117647058,2,0,-1.4234548988822675,1.8768317913802786,High-Value Loyalists
11481,1968,Graduation,Widow,99998.0,0,0,2012-02-22,42,1105,176,652,101,5,14,2,2,7,27,4,0,0,0,0,0,0,0,3,11,47,0,1,1044.0,2053.0,36,2,4,0.05555555555555555,0.19444444444444445,0.75,0,0,-2.245239206094905,1.7045184271862193,High-Value Loyalists
11482,1977,Basic,Together,42564.0,1,1,2012-04-24,21,156,0,64,28,63,37,9,4,3,5,8,0,0,0,0,0,0,0,3,11,38,2,4,982.0,348.0,12,9,8,0.3333333333333333,0.25,0.4166666666666667,0,1,2.633737524870397,-0.3254649825954753,Digital Enthusiasts
11483,1969,Graduation,Married,44162.0,0,0,2012-11-30,43,494,134,343,44,38,31,2,2,8,14,5,0,1,0,0,0,0,0,3,11,46,0,2,762.0,1084.0,24,2,5,0.08333333333333333,0.3333333333333333,0.5833333333333334,1,0,-0.6075983078002501,0.9063152765593082,High-Value Loyalists
11484,1969,PhD,Divorced,28945.0,0,1,2012-07-24,46,135,34,109,52,3,9,3,2,2,6,10,1,0,1,0,0,0,0,3,11,46,1,2,891.0,342.0,10,3,10,0.2,0.2,0.6,2,1,0.9071130511156204,0.9501982263793687,Digital Enthusiasts
11485,1975,Graduation,Single,130117.49999999999,0,0,2013-01-25,37,802,456,500,27,94,261,0,15,7,19,5,1,0,1,0,0,1,0,3,11,40,0,1,706.0,2140.0,41,0,5,0.36585365853658536,0.17073170731707318,0.4634146341463415,3,0,-2.961895238018718,-0.18298180879683149,High-Value Loyalists
11486,1955,Graduation,Married,42174.0,0,1,2012-08-31,46,111,43,84,255,15,125,4,4,4,3,2,1,0,0,0,0,0,0,3,11,60,1,3,853.0,633.0,11,4,2,0.36363636363636365,0.36363636363636365,0.2727272727272727,1,1,0.8458442408372798,-0.8067257345465837,Digital Enthusiasts
11487,1991,2n Cycle,Together,73446.0,1,1,2012-08-29,48,125,61,765,111,18,131,5,16,4,6,6,0,1,1,0,0,0,0,3,11,24,2,4,855.0,1211.0,26,5,6,0.6153846153846154,0.15384615384615385,0.23076923076923078,2,1,1.3566425252444956,-1.7645401289939704,Digital Enthusiasts
11488,1953,Graduation,Divorced,45325.0,0,0,2012-11-15,81,326,48,50,87,104,121,2,6,3,8,4,0,0,0,0,0,1,0,3,11,62,0,1,777.0,736.0,17,2,4,0.35294117647058826,0.17647058823529413,0.47058823529411764,1,0,-0.6507586642746918,0.48543456513711325,High-Value Loyalists
11489,1979,2n Cycle,Divorced,66044.0,0,0,2012-02-18,53,417,50,214,17,126,204,2,8,5,9,8,0,0,0,1,0,0,0,3,11,36,0,1,1048.0,1028.0,22,2,8,0.36363636363636365,0.22727272727272727,0.4090909090909091,1,0,-0.9744879152481848,-0.17916501432182025,High-Value Loyalists
11490,1971,PhD,Single,79294.0,0,0,2013-09-15,42,1017,57,302,147,6,203,1,12,7,8,4,0,1,0,1,0,0,0,3,11,44,0,1,473.0,1732.0,27,1,4,0.4444444444444444,0.25925925925925924,0.2962962962962963,2,0,-1.8912371240728432,-0.8357444910690387,High-Value Loyalists
11491,1941,Master,Divorced,58181.0,1,1,2014-02-19,64,413,36,444,8,36,248,5,12,2,9,3,0,0,1,1,0,0,0,3,11,74,2,3,316.0,1185.0,23,5,3,0.5217391304347826,0.08695652173913043,0.391304347826087,2,1,0.9255234448041146,-0.30478679581862966,Digital Enthusiasts
11492,1981,Graduation,Widow,39054.0,1,1,2012-12-26,20,242,65,182,136,7,152,3,6,7,6,4,0,0,0,0,0,0,0,3,11,34,2,3,736.0,784.0,19,3,4,0.3157894736842105,0.3684210526315789,0.3157894736842105,0,1,1.0234527782282656,-0.8833040728825077,Digital Enthusiasts
11493,1966,Basic,Together,34741.0,0,1,2012-07-09,59,48,30,34,21,1,44,8,1,1,1,7,0,0,0,0,0,0,0,3,11,49,1,3,906.0,178.0,3,8,7,0.3333333333333333,0.3333333333333333,0.3333333333333333,0,1,2.0830798030191247,-0.40761211158866306,Digital Enthusiasts
11494,1960,Master,Together,52686.0,0,0,2014-03-23,43,355,54,222,56,14,11,1,5,3,5,8,0,1,0,0,0,0,0,3,11,55,0,2,284.0,712.0,13,1,8,0.38461538461538464,0.23076923076923078,0.38461538461538464,1,0,-0.25416466702298457,-0.16950505859201445,High-Value Loyalists
11495,1963,2n Cycle,Divorced,40091.0,1,1,2014-02-24,70,75,3,76,0,9,32,5,0,0,0,6,0,0,1,0,0,1,0,3,11,52,2,3,311.0,195.0,2,5,6,0.0,0.0,0.0,2,1,2.131613611441509,-0.3102999474381982,Digital Enthusiasts
11496,1954,Graduation,Together,40801.0,0,0,2013-02-19,50,272,75,111,30,53,55,2,2,6,3,6,0,0,1,0,0,0,0,3,11,61,0,2,681.0,596.0,11,2,6,0.18181818181818182,0.5454545454545454,0.2727272727272727,1,0,-0.06812529228550103,-0.5638627629315986,High-Value Loyalists
11497,1981,Graduation,Divorced,41392.0,0,2,2012-08-20,73,175,92,68,48,5,5,3,4,1,2,9,0,0,1,0,0,1,0,3,11,34,2,3,864.0,393.0,7,3,9,0.5714285714285714,0.14285714285714285,0.2857142857142857,2,1,1.9533101316163262,-1.113226997140217,Digital Enthusiasts
11498,1988,Master,Single,57656.0,1,0,2013-11-04,16,740,151,295,17,103,134,1,8,7,8,9,0,0,1,0,0,1,0,3,11,27,1,2,423.0,1440.0,23,1,9,0.34782608695652173,0.30434782608695654,0.34782608695652173,2,0,-0.4304094113523409,-0.7881275097988146,High-Value Loyalists
11499,1975,Master,Widow,49780.0,0,1,2014-02-03,99,95,61,83,8,4,49,4,2,1,14,4,0,0,0,0,0,0,0,3,11,40,1,2,332.0,300.0,17,4,4,0.11764705882352941,0.058823529411764705,0.8235294117647058,0,1,0.7753426915194032,2.2558722966361664,Digital Enthusiasts
11500,1977,Graduation,Married,43871.0,0,1,2012-01-29,70,133,3,136,24,30,16,4,5,1,7,6,0,0,0,0,0,0,0,3,11,38,1,3,1068.0,342.0,13,4,6,0.38461538461538464,0.07692307692307693,0.5384615384615384,0,1,1.3604068092621864,0.4440392668257952,Digital Enthusiasts
11501,1959,Graduation,Widow,51117.0,0,1,2012-09-11,31,181,37,183,33,5,37,3,2,2,2,2,0,0,0,0,0,1,0,3,11,56,1,2,842.0,476.0,6,3,2,0.3333333333333333,0.3333333333333333,0.3333333333333333,1,1,0.2281955651392786,-0.42824269752535304,Digital Enthusiasts
11502,1980,Graduation,Widow,44108.0,0,0,2014-02-15,67,377,92,252,11,211,106,2,9,2,9,5,0,0,0,0,0,0,0,3,11,35,0,1,320.0,1049.0,20,2,5,0.45,0.1,0.45,0,0,-0.7268189528754528,0.13183012192789645,High-Value Loyalists
11503,1978,PhD,Divorced,49895.0,0,0,2012-03-31,13,372,29,502,71,83,84,3,6,3,13,6,0,1,0,0,0,0,0,3,11,37,0,1,1006.0,1141.0,22,3,6,0.2727272727272727,0.13636363636363635,0.5909090909090909,1,0,-1.111502045563535,0.8219097547032234,High-Value Loyalists
11504,1950,Graduation,Widow,67209.0,0,0,2012-08-10,52,102,62,96,8,62,9,1,3,2,2,3,0,0,0,0,0,0,0,3,11,65,0,1,874.0,339.0,7,1,3,0.42857142857142855,0.2857142857142857,0.2857142857142857,0,0,-0.8296829151590781,-0.5026707708677874,High-Value Loyalists
11505,1981,Graduation,Married,32448.0,1,1,2014-01-10,60,70,22,32,28,16,12,2,2,3,2,8,0,1,1,0,0,0,0,3,11,34,2,4,356.0,180.0,7,2,8,0.2857142857142857,0.42857142857142855,0.2857142857142857,2,1,2.3087077148316792,-1.022849480839174,Digital Enthusiasts
11506,1977,Graduation,Widow,33041.0,1,1,2014-01-03,48,76,9,31,24,30,13,6,2,1,4,7,0,0,0,0,0,0,1,3,11,38,2,3,363.0,183.0,7,6,7,0.2857142857142857,0.14285714285714285,0.5714285714285714,0,1,2.202499796841263,0.6895276532346979,Digital Enthusiasts
11507,1979,Graduation,Widow,62882.0,1,1,2012-09-06,35,704,67,460,12,178,117,2,7,10,3,3,0,0,0,0,0,0,0,3,11,36,2,3,847.0,1538.0,20,2,3,0.35,0.5,0.15,0,1,0.4480065481481634,-1.8370984986465375,Digital Enthusiasts
11508,1968,Graduation,Widow,72777.0,0,0,2014-02-21,29,613,59,784,54,13,563,0,3,12,15,3,0,0,1,0,0,0,0,3,11,47,0,1,314.0,2086.0,30,0,3,0.1,0.4,0.5,1,0,-2.255470585766711,0.4223163038104455,High-Value Loyalists
11509,1957,Graduation,Divorced,29732.0,1,1,2012-10-04,34,146,71,58,37,14,26,2,4,3,3,7,1,1,1,0,1,1,0,3,11,58,2,3,819.0,352.0,10,2,7,0.4,0.3,0.3,5,1,1.3427485392857816,-0.8942901582661585,Digital Enthusiasts
11510,1965,Master,Together,89096.0,0,0,2012-07-05,34,414,52,141,175,55,108,0,9,2,6,6,0,0,0,0,0,1,0,3,11,50,0,2,910.0,945.0,17,0,6,0.5294117647058824,0.11764705882352941,0.35294117647058826,1,0,-1.0185153519378518,-0.5980245316117874,High-Value Loyalists
11511,1979,Basic,Widow,75302.0,1,0,2013-01-02,28,414,118,196,108,18,228,3,4,3,10,4,0,0,0,0,0,0,0,3,11,36,1,2,729.0,1082.0,17,3,4,0.23529411764705882,0.17647058823529413,0.5882352941176471,0,0,-0.2756828992201698,0.7105023245056247,High-Value Loyalists
11512,1968,Graduation,Married,32766.0,0,1,2013-06-19,99,56,23,63,1,203,14,6,2,1,3,6,0,0,0,0,0,0,0,3,11,47,1,3,561.0,360.0,6,6,6,0.3333333333333333,0.16666666666666666,0.5,0,1,1.9846526483403926,0.4847307405622451,Digital Enthusiasts
11513,1967,2n Cycle,Divorced,32504.0,0,1,2013-06-29,90,51,5,5,8,17,12,3,1,2,2,6,0,1,0,0,0,0,0,3,11,48,1,2,551.0,142.34,5,3,6,0.2,0.4,0.4,1,1,1.133064784200621,0.06753599787604937,Digital Enthusiasts
11514,1955,PhD,Married,57726.0,0,0,2012-08-22,35,413,210,96,89,138,43,3,10,1,9,6,0,0,0,0,0,0,0,3,11,60,0,2,862.0,989.0,20,3,6,0.5,0.05,0.45,0,0,-0.43359402655392226,0.1082305013967753,High-Value Loyalists
11515,1987,Basic,Widow,62051.0,0,1,2013-07-26,34,298,102,71,23,21,61,0,3,1,7,3,0,0,0,0,1,1,0,3,11,28,1,2,524.0,576.0,11,0,3,0.2727272727272727,0.09090909090909091,0.6363636363636364,2,0,-0.24548344554601964,0.8943482590778706,High-Value Loyalists
11516,1952,Graduation,Together,86842.0,0,0,2012-01-16,12,687,352,697,91,552,237,1,31,10,5,3,0,0,1,0,0,0,0,3,11,63,0,2,1081.0,2616.0,46,1,3,0.6739130434782609,0.21739130434782608,0.10869565217391304,1,0,-2.3817368283761264,-2.0885274754452685,High-Value Loyalists
11517,1962,Master,Divorced,58594.0,0,0,2012-03-09,46,173,57,160,7,10,34,3,2,1,5,7,0,0,0,0,0,0,0,3,11,53,0,1,1028.0,441.0,8,3,7,0.25,0.125,0.625,0,0,-0.3907056749292373,1.2793098782956691,High-Value Loyalists
11518,1961,PhD,Married,87479.0,0,0,2012-08-12,46,813,465,448,191,33,880,0,14,1,29,5,0,0,1,0,1,0,0,3,11,54,0,2,872.0,2830.0,44,0,5,0.3181818181818182,0.022727272727272728,0.6590909090909091,2,0,-2.2429337276922756,0.9269472510187358,High-Value Loyalists
11519,1965,Basic,Married,85128.0,0,0,2014-05-07,25,3809,550,1141,695,49,185,1,11,20,63,3,0,0,0,0,0,0,0,3,11,50,0,2,239.0,3733.2199999999975,58,1,3,0.11702127659574468,0.2127659574468085,0.6702127659574468,0,0,-2.8926026514910523,1.0402780159364324,High-Value Loyalists
11520,1973,Graduation,Married,71413.0,1,1,2013-09-25,27,114,20,146,21,7,177,1,6,2,5,5,0,0,0,0,1,0,0,3,11,42,2,4,463.0,485.0,13,1,5,0.46153846153846156,0.15384615384615385,0.38461538461538464,1,1,1.27754808723484,-0.6742599798106766,Digital Enthusiasts
11521,1958,Graduation,Single,43433.0,1,1,2012-02-16,71,129,121,49,9,39,18,3,2,2,3,5,0,0,0,0,0,0,0,3,11,57,2,3,1050.0,365.0,7,3,5,0.2857142857142857,0.2857142857142857,0.42857142857142855,0,1,1.715983150738571,0.005643232885061605,Digital Enthusiasts
11522,1949,2n Cycle,Widow,50493.0,1,1,2012-03-03,9,130,9,75,21,1,76,3,4,4,6,6,0,0,0,0,0,0,0,3,11,66,2,3,1034.0,312.0,14,3,6,0.2857142857142857,0.2857142857142857,0.42857142857142855,0,1,1.1487509967368943,-0.05632554957235278,Digital Enthusiasts
11523,1976,Graduation,Together,38618.0,1,1,2014-01-22,49,68,67,51,18,47,78,3,1,0,2,7,0,0,0,0,0,0,0,3,11,39,2,4,344.0,329.0,3,3,7,0.3333333333333333,0.0,0.6666666666666666,0,1,2.3855881015992,1.0404487333227102,Digital Enthusiasts
11524,1963,2n Cycle,Together,32500.0,1,1,2013-03-31,88,106,1,75,5,20,51,4,4,2,6,6,0,1,0,0,0,0,0,3,11,52,2,4,641.0,258.0,12,4,6,0.3333333333333333,0.16666666666666666,0.5,1,1,2.489066135364807,0.2622877367521358,Digital Enthusiasts
11525,1972,Graduation,Together,75768.0,0,0,2013-10-05,59,971,30,726,112,85,72,2,7,7,17,3,0,0,0,0,1,0,0,3,11,43,0,2,453.0,1996.0,31,2,3,0.22580645161290322,0.22580645161290322,0.5483870967741935,1,0,-1.348695179183836,0.5435810068890632,High-Value Loyalists
11526,1976,Graduation,Married,75809.0,0,1,2012-10-06,66,221,420,93,9,11,59,1,12,1,4,2,0,0,0,0,0,0,0,3,11,39,1,3,817.0,813.0,17,1,2,0.7058823529411765,0.058823529411764705,0.23529411764705882,0,1,0.2750245957563905,-1.4176451428146142,Digital Enthusiasts
11527,1988,Graduation,Together,71049.0,0,0,2012-09-17,10,309,269,340,8,199,421,2,10,7,13,4,1,0,0,0,0,0,0,3,11,27,0,2,836.0,1546.0,30,2,4,0.3333333333333333,0.23333333333333334,0.43333333333333335,1,0,-1.350837049749462,-0.2927971918130118,High-Value Loyalists
11528,1975,Master,Together,98580.0,0,0,2012-05-22,0,552,80,163,79,76,146,1,6,1,15,6,1,0,0,0,0,0,0,3,11,40,0,2,954.0,1096.0,22,1,6,0.2727272727272727,0.045454545454545456,0.6818181818181818,1,0,-1.386012849406673,1.106822649722285,High-Value Loyalists
11529,1977,PhD,Divorced,68756.0,0,0,2013-06-21,27,353,246,389,150,369,337,3,16,1,11,4,1,0,0,1,0,0,0,3,11,38,0,1,559.0,1844.0,28,3,4,0.5714285714285714,0.03571428571428571,0.39285714285714285,2,0,-1.6857559739835009,-0.43070178884858,High-Value Loyalists
11530,1975,2n Cycle,Divorced,65603.0,1,0,2013-05-30,38,106,13,580,73,36,177,2,6,4,8,7,0,0,0,0,1,0,0,3,11,40,1,2,581.0,985.0,18,2,7,0.3333333333333333,0.2222222222222222,0.4444444444444444,1,0,-0.09387989610410839,-0.07789649166089618,High-Value Loyalists
11531,1980,PhD,Divorced,103450.0,1,0,2013-05-09,11,378,79,328,249,26,54,1,3,5,17,2,0,1,0,0,0,0,0,3,11,35,1,2,602.0,1114.0,25,1,2,0.12,0.2,0.68,1,0,-1.2305731258730472,1.1008028952009175,High-Value Loyalists
11532,1968,PhD,Together,45815.0,0,1,2014-04-19,21,156,39,112,20,128,58,5,2,2,4,7,0,0,0,0,0,0,0,3,11,47,1,3,257.0,513.0,8,5,7,0.25,0.25,0.5,0,1,1.1960075413311004,0.3850892002488556,Digital Enthusiasts
11533,1978,PhD,Widow,45597.0,0,1,2013-08-23,78,47,5,128,16,29,49,5,7,3,5,6,0,0,0,0,0,0,0,3,11,37,1,2,496.0,274.0,15,5,6,0.4666666666666667,0.2,0.3333333333333333,0,1,0.9826162081124215,-0.5364837523054949,Digital Enthusiasts
11534,1956,Graduation,Divorced,88204.0,0,0,2014-04-19,44,416,402,1236,248,743,877,0,13,24,24,3,0,0,1,1,1,0,0,3,11,59,0,1,257.0,3733.2199999999975,58,0,3,0.21311475409836064,0.39344262295081966,0.39344262295081966,3,0,-3.5572221246686677,-0.3734531442818524,High-Value Loyalists
11535,1980,PhD,Widow,85780.0,1,0,2013-10-25,25,630,63,941,177,15,4,0,6,8,15,3,0,1,0,1,0,0,0,3,11,35,1,2,433.0,1830.0,29,0,3,0.20689655172413793,0.27586206896551724,0.5172413793103449,2,0,-1.3722258001571248,0.16184474100818724,High-Value Loyalists
11536,1980,Basic,Divorced,39777.0,1,1,2012-04-28,73,108,9,36,17,24,13,8,0,0,3,4,0,0,0,1,0,0,0,3,11,35,2,3,978.0,207.0,3,8,4,0.0,0.0,1.0,1,1,2.3645670722128593,3.0804378150575307,Digital Enthusiasts
11537,1971,Basic,Married,43123.0,0,1,2013-04-08,78,148,16,59,7,15,26,6,2,3,1,7,1,0,1,0,0,0,0,3,11,44,1,3,633.0,271.0,6,6,7,0.3333333333333333,0.5,0.16666666666666666,2,1,1.720097130254849,-1.3854605936432938,Digital Enthusiasts
11538,1961,Graduation,Together,55018.0,1,0,2014-05-24,0,259,15,163,105,42,65,1,2,2,3,7,0,0,0,0,0,0,0,3,11,54,1,3,222.0,649.0,7,1,7,0.2857142857142857,0.2857142857142857,0.42857142857142855,0,1,0.5146531103474627,-0.05743663190582496,Digital Enthusiasts
11539,1967,Graduation,Divorced,68292.0,0,0,2013-10-06,52,593,239,352,437,68,365,5,12,9,11,6,0,1,0,1,0,0,0,3,11,48,0,1,452.0,2054.0,32,5,6,0.375,0.28125,0.34375,2,0,-1.4166526244785056,-0.47993786909490044,High-Value Loyalists
11540,1953,PhD,Married,44885.0,0,0,2012-04-14,50,350,17,210,72,10,74,4,3,4,5,4,0,0,0,0,0,0,0,3,11,62,0,2,992.0,733.0,12,4,4,0.25,0.3333333333333333,0.4166666666666667,0,0,-0.005861066533214655,0.18548253255400254,High-Value Loyalists
11541,1979,Master,Widow,74788.0,1,1,2012-06-27,0,356,109,404,107,162,92,5,7,4,8,4,0,0,1,1,1,1,0,3,11,36,2,3,918.0,1230.0,19,5,4,0.3684210526315789,0.21052631578947367,0.42105263157894735,4,1,0.4389416734454391,-0.5392121303416266,Digital Enthusiasts
11542,1973,Graduation,Together,114829.0,0,0,2012-03-10,60,558,53,145,36,152,121,2,7,7,7,8,0,0,1,0,1,0,0,3,11,42,0,2,1027.0,1065.0,21,2,8,0.3333333333333333,0.3333333333333333,0.3333333333333333,2,0,-0.984875535818392,-0.702203930064533,High-Value Loyalists
11543,1975,Basic,Divorced,83500.0,0,0,2013-09-15,29,507,29,947,5,115,262,2,3,5,21,3,0,0,0,1,1,1,0,3,11,40,0,1,473.0,1865.0,29,2,3,0.10344827586206896,0.1724137931034483,0.7241379310344828,3,0,-2.1189044081635133,1.5103301602865087,High-Value Loyalists
11544,1988,Graduation,Together,65930.0,1,0,2013-01-28,2,757,47,442,231,233,178,3,12,5,12,3,0,0,0,0,0,0,0,3,11,27,1,3,703.0,1888.0,29,3,3,0.41379310344827586,0.1724137931034483,0.41379310344827586,0,0,-0.3919646463925598,-0.566078435476388,High-Value Loyalists
11545,1974,Graduation,Married,59451.0,1,0,2013-01-19,46,382,63,338,95,206,68,2,5,0,14,5,0,1,0,0,0,0,0,3,11,41,1,3,712.0,1152.0,19,2,5,0.2631578947368421,0.0,0.7368421052631579,1,1,0.3366563693529619,1.4157811228916053,Digital Enthusiasts
11546,1986,Master,Together,58956.0,1,0,2014-05-28,41,321,176,209,233,7,44,6,5,5,9,7,0,0,0,0,1,0,0,3,11,29,1,3,218.0,990.0,19,6,7,0.2631578947368421,0.2631578947368421,0.47368421052631576,1,1,0.8928333611245642,0.029934127938787032,Digital Enthusiasts
11547,1980,PhD,Widow,51753.0,0,1,2014-04-26,69,70,39,93,16,3,5,7,2,4,2,5,0,0,0,0,0,0,0,3,11,35,1,2,250.0,226.0,8,7,5,0.25,0.5,0.25,0,1,1.1462764263511995,-0.8142719877397346,Digital Enthusiasts
11548,1971,2n Cycle,Single,56815.0,0,0,2012-03-26,0,398,40,216,62,99,116,1,7,1,7,9,0,0,0,0,0,0,0,3,11,44,0,1,1011.0,931.0,15,1,9,0.4666666666666667,0.06666666666666667,0.4666666666666667,0,0,-1.0331179388391798,0.11660074821447733,High-Value Loyalists
11549,1973,Graduation,Single,59120.0,0,0,2014-02-08,31,216,84,174,146,17,38,2,6,1,6,7,1,0,1,0,0,0,0,3,11,42,0,1,327.0,675.0,13,2,7,0.46153846153846156,0.07692307692307693,0.46153846153846156,2,0,-0.8262693762825433,0.15552296657926845,High-Value Loyalists
11550,1977,Graduation,Single,65517.0,0,0,2014-04-21,6,301,60,448,24,79,517,3,5,4,15,1,1,1,0,1,0,1,0,3,11,38,0,1,255.0,1429.0,24,3,1,0.20833333333333334,0.16666666666666666,0.625,4,0,-1.8695303434221886,0.9773411355620527,High-Value Loyalists
11551,1982,2n Cycle,Single,55861.0,0,0,2012-01-02,34,662,288,633,254,41,153,3,10,11,8,2,0,0,0,0,0,0,0,3,11,33,0,1,1086.6599999999999,2031.0,29,3,2,0.3448275862068966,0.3793103448275862,0.27586206896551724,0,0,-1.6500459419100868,-0.9202090737827497,High-Value Loyalists
11552,1985,Graduation,Divorced,46187.0,1,0,2014-04-02,0,392,183,122,13,286,69,9,6,3,8,3,0,0,0,1,0,0,0,3,11,30,1,2,274.0,1065.0,17,9,3,0.35294117647058826,0.17647058823529413,0.47058823529411764,1,1,0.39874211501825985,0.09276780149471887,Digital Enthusiasts
11553,1963,Graduation,Together,73755.0,0,1,2013-11-15,13,610,33,481,27,22,330,1,13,3,12,7,0,0,0,0,0,0,0,3,11,52,1,3,412.0,1503.0,28,1,7,0.4642857142857143,0.10714285714285714,0.42857142857142855,0,0,-0.2884808974709936,-0.3320670199208543,High-Value Loyalists
11554,1970,Master,Married,113787.0,1,0,2012-09-11,71,139,63,197,36,8,6,1,5,2,5,4,0,0,0,0,0,0,0,3,11,45,1,3,842.0,449.0,12,1,4,0.4166666666666667,0.16666666666666666,0.4166666666666667,0,1,0.20891934758059838,-0.29629445379916874,Digital Enthusiasts
11555,1975,Basic,Widow,35313.0,1,1,2013-06-26,83,226,1,84,15,6,16,8,1,3,4,8,0,0,0,0,0,0,0,3,11,40,2,3,554.0,348.0,8,8,8,0.125,0.375,0.5,0,1,2.554576666666298,0.45553952282415633,Digital Enthusiasts
11556,1949,Basic,Together,37259.0,0,0,2012-02-07,73,291,122,55,5,6,104,5,1,5,8,3,0,0,0,0,0,0,0,3,11,66,0,2,1059.0,583.0,14,5,3,0.07142857142857142,0.35714285714285715,0.5714285714285714,0,1,0.24374214097781827,1.177246615064626,Digital Enthusiasts
11557,1988,Basic,Widow,77819.0,0,0,2013-10-04,70,715,21,133,24,30,33,0,2,1,11,5,0,0,0,0,0,0,0,3,11,27,0,1,454.0,956.0,14,0,5,0.14285714285714285,0.07142857142857142,0.7857142857142857,0,0,-1.1099873171330883,1.93759589830319,High-Value Loyalists
11558,1977,Graduation,Divorced,32858.0,1,1,2012-11-06,16,70,57,36,47,5,86,11,2,1,2,10,0,0,0,0,0,0,0,3,11,38,2,3,786.0,301.0,5,11,10,0.4,0.2,0.4,0,1,2.7044024794150006,-0.280474842411362,Digital Enthusiasts
11559,1953,2n Cycle,Widow,67432.0,1,0,2012-08-20,50,241,8,96,39,56,73,3,2,4,4,11,0,1,0,0,0,0,0,3,11,62,1,2,864.0,513.0,10,3,11,0.2,0.4,0.4,1,1,0.5438147480774612,-0.02731044598403752,Digital Enthusiasts
11560,1950,Graduation,Divorced,49148.0,0,1,2013-12-15,57,94,8,90,10,29,47,2,5,2,5,7,0,0,0,0,0,0,0,3,11,65,1,2,382.0,278.0,12,2,7,0.4166666666666667,0.16666666666666666,0.4166666666666667,0,1,0.5586146246208723,0.07173782255913103,Digital Enthusiasts
11561,1972,Graduation,Together,33489.0,0,2,2013-12-19,49,210,21,80,10,61,17,6,1,2,7,1,0,0,0,0,0,0,0,3,11,43,2,4,378.0,399.0,10,6,1,0.1,0.2,0.7,0,1,2.2025005109465385,1.4069486441059729,Digital Enthusiasts
11562,1952,Graduation,Married,50182.0,1,1,2012-11-15,11,373,72,63,66,1,105,1,4,5,3,2,1,0,0,0,0,0,0,3,11,63,2,4,777.0,680.0,12,1,2,0.3333333333333333,0.4166666666666667,0.25,1,1,1.1126262727341958,-1.157767617202373,Digital Enthusiasts
11563,1953,Graduation,Married,60509.0,1,0,2012-05-06,71,120,78,181,21,60,91,1,2,4,10,4,0,0,1,0,0,0,0,3,11,62,1,3,970.0,551.0,16,1,4,0.125,0.25,0.625,1,1,0.5095076193047132,1.106986670379019,Digital Enthusiasts
11564,1973,Graduation,Together,36310.0,0,1,2013-10-28,71,73,9,64,7,32,9,9,1,1,3,8,0,0,0,0,0,0,0,3,11,42,1,3,430.0,194.0,5,9,8,0.2,0.2,0.6,0,1,2.2622497227022293,1.0537582017911105,Digital Enthusiasts
11565,1980,2n Cycle,Widow,58853.0,1,1,2014-03-19,24,227,35,86,2,129,178,1,8,4,8,8,0,0,0,1,0,1,0,3,11,35,2,3,288.0,657.0,20,1,8,0.4,0.2,0.4,2,1,0.8033400191076449,-0.5710738070614977,Digital Enthusiasts
11566,1970,Basic,Married,86491.0,0,0,2014-02-27,46,712,657,272,11,60,358,0,8,13,11,1,1,0,0,0,0,0,0,3,11,45,0,2,308.0,2070.0,32,0,1,0.25,0.40625,0.34375,1,0,-1.9197263466583168,-0.5814664124253103,High-Value Loyalists
11567,1965,Graduation,Widow,69786.0,0,0,2013-01-25,30,1087,758,773,29,218,643,3,12,8,32,3,0,0,0,0,0,0,0,3,11,50,0,1,706.0,3508.0,52,3,3,0.23076923076923078,0.15384615384615385,0.6153846153846154,0,0,-2.767638841181916,0.8542127873487565,High-Value Loyalists
11568,1974,Graduation,Single,70372.0,0,1,2013-04-11,51,698,134,273,21,49,68,2,7,6,8,3,0,0,0,0,0,0,0,3,11,41,1,2,630.0,1243.0,21,2,3,0.3333333333333333,0.2857142857142857,0.38095238095238093,0,0,-0.38621203147926214,-0.3816277728578614,High-Value Loyalists
11569,1976,Graduation,Widow,45470.0,0,1,2012-04-05,17,240,3,130,116,85,105,1,2,3,7,6,0,0,0,0,0,0,0,3,11,39,1,2,1001.0,679.0,12,1,6,0.16666666666666666,0.25,0.5833333333333334,0,0,0.07332149423234877,0.7675733194702671,High-Value Loyalists
11570,1987,PhD,Widow,59475.0,0,0,2012-10-21,43,442,56,346,177,3,229,3,7,8,3,4,1,0,0,0,0,1,0,3,11,28,0,1,802.0,1253.0,18,3,4,0.3888888888888889,0.4444444444444444,0.16666666666666666,2,0,-1.1117642135924386,-1.4961509027564825,High-Value Loyalists
11571,1979,2n Cycle,Divorced,57656.0,1,1,2013-09-22,63,119,11,27,13,83,22,4,3,5,7,8,0,0,0,0,0,0,0,3,11,36,2,3,466.0,275.0,15,4,8,0.2,0.3333333333333333,0.4666666666666667,0,1,1.6688611921135663,0.06926443460048876,Digital Enthusiasts
11572,1968,Master,Together,40374.0,0,1,2013-11-19,52,158,7,45,68,27,84,6,3,2,5,8,0,0,0,0,0,0,0,3,11,47,1,3,408.0,389.0,10,6,8,0.3,0.2,0.5,0,1,1.6130686949378217,0.40736392616797223,Digital Enthusiasts
11573,1942,Graduation,Married,58516.0,1,0,2012-12-14,0,199,45,193,164,62,118,3,2,4,10,4,0,0,1,1,0,0,0,3,11,73,1,3,748.0,781.0,16,3,4,0.125,0.25,0.625,2,1,0.14666659191805612,1.099968730095792,Digital Enthusiasts
11574,1965,Basic,Single,88837.0,0,0,2014-04-09,31,264,144,61,19,40,83,0,3,2,6,3,0,0,0,0,0,0,0,3,11,50,0,1,267.0,611.0,11,0,3,0.2727272727272727,0.18181818181818182,0.5454545454545454,0,0,-1.4426457669442605,0.7593800895780634,High-Value Loyalists
11575,1981,PhD,Single,82133.0,0,0,2012-08-17,43,768,115,198,121,82,130,2,3,6,13,8,1,0,1,0,0,0,0,3,11,34,0,1,867.0,1414.0,22,2,8,0.13636363636363635,0.2727272727272727,0.5909090909090909,2,0,-1.392268225089973,0.8046516302523579,High-Value Loyalists
11576,1970,Master,Together,45720.0,1,1,2013-09-23,37,40,38,49,40,19,6,7,3,4,2,6,0,0,1,0,1,0,0,3,11,45,2,4,465.0,192.0,9,7,6,0.3333333333333333,0.4444444444444444,0.2222222222222222,2,1,2.3805512074972883,-1.291461581195022,Digital Enthusiasts
11577,1963,Graduation,Married,56853.0,0,1,2013-08-25,64,153,2,154,13,6,34,2,2,0,2,5,0,0,0,0,0,1,0,3,11,52,1,3,494.0,362.0,4,2,5,0.5,0.0,0.5,1,1,1.0624421317956156,0.2822542866418998,Digital Enthusiasts
11578,1943,Master,Single,62599.0,1,1,2013-06-19,57,257,8,105,44,21,142,5,3,2,3,5,0,0,0,1,0,0,0,3,11,72,2,3,561.0,577.0,8,5,5,0.375,0.25,0.375,1,1,1.4909639826656134,-0.24455693523281,Digital Enthusiasts
11579,1952,Graduation,Single,60420.0,1,0,2012-10-27,61,356,9,103,66,25,166,4,5,1,7,3,0,0,1,1,0,0,0,3,11,63,1,2,796.0,725.0,13,4,3,0.38461538461538464,0.07692307692307693,0.5384615384615384,2,1,0.21800920550162003,0.6395278058678772,Digital Enthusiasts
11580,1959,Graduation,Married,47625.0,0,0,2013-10-01,43,135,17,142,9,1,28,1,4,3,4,11,0,0,0,0,0,0,0,3,11,56,0,2,457.0,332.0,11,1,11,0.36363636363636365,0.2727272727272727,0.36363636363636365,0,1,0.16308677337562905,-0.22283578569301696,Digital Enthusiasts
11581,1979,PhD,Married,49680.0,0,0,2012-07-14,0,669,108,498,61,111,57,4,5,11,8,5,0,0,0,0,0,0,0,3,11,36,0,2,901.0,1504.0,24,4,5,0.20833333333333334,0.4583333333333333,0.3333333333333333,0,0,-0.791782041051986,-0.5893318041051361,High-Value Loyalists
11582,1982,Graduation,Single,70701.0,1,0,2014-01-16,0,561,113,195,263,215,190,3,7,5,14,2,0,0,0,0,0,0,0,3,11,33,1,2,350.0,1537.0,26,3,2,0.2692307692307692,0.19230769230769232,0.5384615384615384,0,0,-0.8528073648225029,0.34821649704686886,High-Value Loyalists
11583,1967,PhD,Single,72501.0,0,0,2013-06-26,53,673,149,170,110,30,38,4,3,9,8,2,1,0,0,0,0,0,0,3,11,48,0,1,554.0,1170.0,20,4,2,0.15,0.45,0.4,1,0,-1.2209717907697362,0.05053252646017469,High-Value Loyalists
11584,1973,Master,Single,47261.0,0,1,2013-01-04,33,102,16,28,14,11,30,7,5,2,4,7,0,0,0,0,0,0,0,3,11,42,1,2,727.0,201.0,11,7,7,0.45454545454545453,0.18181818181818182,0.36363636363636365,0,1,1.0460511675552038,-0.3677725460337836,Digital Enthusiasts
11585,1952,Graduation,Divorced,43120.0,1,1,2012-11-11,34,124,91,120,29,47,16,3,2,0,3,2,0,0,0,0,0,0,0,3,11,63,2,3,781.0,427.0,5,3,2,0.4,0.0,0.6,0,1,1.3653939139990618,0.8751871352489194,Digital Enthusiasts
11586,1973,Graduation,Divorced,54223.0,1,0,2012-04-22,56,583,82,616,237,98,82,2,3,5,22,4,0,0,0,0,1,0,0,3,11,42,1,2,984.0,1698.0,30,2,4,0.1,0.16666666666666666,0.7333333333333333,1,0,-0.5420661620460275,1.5130551071558456,High-Value Loyalists
11587,1977,Master,Widow,41661.0,0,1,2012-02-17,10,52,22,64,1,5,14,1,3,1,2,12,0,0,0,0,0,0,0,3,11,38,1,2,1049.0,158.0,6,1,12,0.5,0.16666666666666666,0.3333333333333333,0,1,0.7350166535461088,-0.7038849132874234,Digital Enthusiasts
11588,1976,Graduation,Widow,64081.0,0,0,2012-10-09,2,379,116,729,165,124,212,2,11,5,15,4,0,0,1,0,0,0,0,3,11,39,0,1,814.0,1725.0,31,2,4,0.3548387096774194,0.16129032258064516,0.4838709677419355,1,0,-1.920231376641926,0.12906911876105004,High-Value Loyalists
11589,1964,Graduation,Married,61723.0,0,0,2012-07-23,45,583,90,534,214,95,267,1,10,9,8,3,1,1,1,0,0,0,0,3,11,51,0,2,892.0,1783.0,27,1,3,0.37037037037037035,0.3333333333333333,0.2962962962962963,3,0,-1.3428760267622286,-0.8542972370382517,High-Value Loyalists
11590,1979,Graduation,Together,97012.0,0,0,2013-09-10,29,961,75,640,18,18,119,1,15,4,11,7,1,0,0,0,0,0,0,3,11,36,0,2,478.0,1831.0,30,1,7,0.5,0.13333333333333333,0.36666666666666664,1,0,-1.5172209811410247,-0.7011660375183518,High-Value Loyalists
11591,1964,Graduation,Widow,62136.0,0,0,2013-02-09,0,279,174,173,66,78,223,0,5,8,4,4,0,1,0,0,1,1,0,3,11,51,0,1,691.0,993.0,17,0,4,0.29411764705882354,0.47058823529411764,0.23529411764705882,3,0,-1.7260815715458726,-1.0222796708808806,High-Value Loyalists
11592,1954,Graduation,Widow,43043.0,1,0,2012-05-18,42,242,69,165,61,6,43,5,1,5,3,6,0,0,0,0,0,0,0,3,11,61,1,2,958.0,586.0,9,5,6,0.1111111111111111,0.5555555555555556,0.3333333333333333,0,1,0.7017087607682861,-0.2376138838740425,Digital Enthusiasts
11593,1976,Master,Married,85176.0,0,0,2013-05-31,41,529,175,548,32,104,63,2,5,2,13,8,0,0,0,1,0,0,0,3,11,39,0,2,580.0,1451.0,20,2,8,0.25,0.1,0.65,1,0,-0.8502636037644471,1.042337271213038,High-Value Loyalists
11594,1953,Master,Together,74905.0,0,0,2013-07-25,27,127,62,91,42,45,5,5,4,0,3,7,0,0,0,0,0,0,0,3,11,62,0,2,525.0,372.0,7,5,7,0.5714285714285714,0.0,0.42857142857142855,0,1,0.09635630332194374,0.06996563834509824,Digital Enthusiasts
11595,1969,Graduation,Widow,29798.0,1,1,2013-03-13,26,79,12,112,34,49,51,6,4,3,1,7,0,0,0,0,0,1,0,3,11,46,2,3,659.0,337.0,8,6,7,0.5,0.375,0.125,1,1,1.968623091587075,-1.7869068137335067,Digital Enthusiasts
11596,1956,Graduation,Married,84262.0,0,0,2013-08-10,0,110,196,812,93,305,450,0,5,15,10,1,0,1,0,0,0,0,0,3,11,59,0,2,509.0,1966.0,30,0,1,0.16666666666666666,0.5,0.3333333333333333,1,0,-2.1561841420424193,-0.5467439436547032,High-Value Loyalists
11597,1976,Basic,Single,90770.0,0,0,2014-04-06,46,673,26,527,131,43,87,1,15,3,7,2,0,0,1,0,0,0,0,3,11,39,0,1,270.0,1487.0,25,1,2,0.6,0.12,0.28,1,0,-1.8868435813774216,-0.984514693846046,High-Value Loyalists
11598,1956,Master,Widow,74254.0,1,0,2013-06-22,74,247,115,312,8,52,124,2,2,2,6,3,0,0,0,0,0,0,0,3,11,59,1,2,558.0,858.0,10,2,3,0.2,0.2,0.6,0,1,0.04321924692348886,1.0682243777187568,Digital Enthusiasts
11599,1972,Graduation,Married,58898.0,0,0,2012-11-03,54,286,13,163,2,5,30,3,4,3,3,4,0,0,0,1,0,0,0,3,11,43,0,2,789.0,499.0,10,3,4,0.4,0.3,0.3,1,0,-0.09819087543470523,-0.6670545166149553,High-Value Loyalists
11600,1950,PhD,Widow,47270.0,0,0,2013-07-17,79,201,143,125,11,217,10,1,7,3,7,5,0,0,0,1,1,0,0,3,11,65,0,1,533.0,707.0,17,1,5,0.4117647058823529,0.17647058823529413,0.4117647058823529,2,0,-0.7701275642571834,0.13593207775441424,High-Value Loyalists
11601,1963,2n Cycle,Divorced,122677.0,0,0,2014-02-19,56,969,241,1780,129,99,298,0,33,10,13,2,0,1,0,0,0,0,0,3,11,52,0,1,316.0,3516.0,56,0,2,0.5892857142857143,0.17857142857142858,0.23214285714285715,1,0,-3.6088062351013614,-1.4389135193658726,High-Value Loyalists
11602,1949,2n Cycle,Widow,35256.0,0,1,2013-07-31,24,62,24,123,37,150,88,6,4,3,3,7,0,0,0,0,0,0,0,3,11,66,1,2,519.0,484.0,10,6,7,0.4,0.3,0.3,0,1,0.8739831182661189,-0.4999459045299929,Digital Enthusiasts
11603,1949,Graduation,Married,60080.0,1,1,2013-03-06,74,388,12,78,71,70,101,5,5,3,7,6,0,0,0,0,0,0,0,3,11,66,2,4,666.0,720.0,15,5,6,0.3333333333333333,0.2,0.4666666666666667,0,1,2.029518156471581,0.12415198550126022,Digital Enthusiasts
11604,1968,PhD,Married,48374.0,0,1,2012-04-14,40,307,151,202,48,186,132,1,5,1,10,2,1,0,0,1,0,0,0,3,11,47,1,3,992.0,1026.0,16,1,2,0.3125,0.0625,0.625,2,1,0.19246049283898958,0.8340189517090207,Digital Enthusiasts
11605,1980,PhD,Divorced,62812.0,1,0,2013-09-05,79,317,134,243,26,12,171,4,4,7,11,2,0,0,0,0,1,0,0,3,11,35,1,2,483.0,903.0,22,4,2,0.18181818181818182,0.3181818181818182,0.5,1,0,0.058359692837121044,0.3594505002712963,High-Value Loyalists
11606,1961,Master,Together,37312.0,1,0,2013-12-06,99,152,21,139,36,7,198,1,8,2,7,4,0,0,0,0,0,0,0,3,11,54,1,3,391.0,553.0,17,1,4,0.47058823529411764,0.11764705882352941,0.4117647058823529,0,1,1.0043228514205529,-0.11653812109713432,Digital Enthusiasts
11607,1980,2n Cycle,Divorced,52631.0,0,0,2013-05-01,33,535,234,561,51,22,11,3,12,2,11,7,0,0,0,0,0,0,0,3,11,35,0,1,610.0,1414.0,25,3,7,0.48,0.08,0.44,0,0,-1.0361763119701004,-0.052229478129606946,High-Value Loyalists
11608,1972,Graduation,Married,76879.0,0,1,2013-07-22,31,389,122,87,85,75,88,4,11,2,10,2,0,0,0,0,0,0,0,3,11,43,1,3,528.0,846.0,23,4,2,0.4782608695652174,0.08695652173913043,0.43478260869565216,0,1,0.17882312653580312,-0.2397376975725641,Digital Enthusiasts
11609,1974,Graduation,Single,64354.0,1,0,2012-04-07,29,649,47,492,26,233,86,2,12,4,6,2,0,0,0,0,0,1,0,3,11,41,1,2,999.0,1533.0,22,2,2,0.5454545454545454,0.18181818181818182,0.2727272727272727,1,0,-0.6480641675399276,-1.144798387491611,High-Value Loyalists
11610,1974,Master,Married,60981.0,0,0,2014-05-20,39,946,128,1061,217,168,67,2,17,2,18,7,0,0,1,1,0,1,0,3,11,41,0,2,226.0,2587.0,37,2,7,0.4594594594594595,0.05405405405405406,0.4864864864864865,3,0,-1.4792603599898235,-0.0320837114543259,High-Value Loyalists
11611,1973,2n Cycle,Divorced,32715.0,1,1,2013-01-15,63,155,13,27,56,14,8,6,1,1,3,7,0,0,0,1,0,0,0,3,11,42,2,3,716.0,273.0,5,6,7,0.2,0.2,0.6,1,1,2.2511028200280943,0.8906736529313973,Digital Enthusiasts
11612,1974,2n Cycle,Divorced,36359.0,1,2,2014-03-05,99,57,10,47,17,25,12,5,1,1,3,10,0,0,0,0,0,0,0,3,11,41,3,4,302.0,168.0,5,5,10,0.2,0.2,0.6,0,1,3.5175863023048706,0.791464075833287,Digital Enthusiasts
11613,1979,Graduation,Single,69035.0,0,0,2013-08-30,41,197,82,217,10,98,85,2,4,3,13,7,0,0,0,0,0,0,0,3,11,36,0,1,489.0,689.0,20,2,7,0.2,0.15,0.65,0,0,-0.9520103743282169,1.241516962203305,High-Value Loyalists
11614,1948,2n Cycle,Single,63296.0,0,0,2013-10-10,42,427,66,88,3,157,92,3,2,5,7,8,0,0,0,0,0,0,0,3,11,67,0,1,448.0,833.0,14,3,8,0.14285714285714285,0.35714285714285715,0.5,0,0,-0.7242559612509936,0.7548545912305841,High-Value Loyalists
11615,1960,Graduation,Married,53238.0,0,0,2012-09-05,28,954,31,469,229,81,95,2,9,7,11,3,1,0,0,1,1,0,0,3,11,55,0,2,848.0,1859.0,27,2,3,0.3333333333333333,0.25925925925925924,0.4074074074074074,3,0,-1.2911980012884088,-0.21878118154131768,High-Value Loyalists
11616,1975,Basic,Together,76207.0,0,0,2012-08-24,9,699,130,722,10,609,482,1,9,19,10,0,1,0,0,1,0,0,0,3,11,40,0,2,860.0,2652.0,38,1,0,0.23684210526315788,0.5,0.2631578947368421,2,0,-2.360650693583212,-1.1668919108262987,High-Value Loyalists
11617,1965,Master,Divorced,39229.0,1,1,2012-10-24,21,119,49,27,14,6,13,6,1,2,7,7,0,0,0,0,0,0,0,3,11,50,2,3,799.0,228.0,10,6,7,0.1,0.2,0.7,0,1,1.8407671893941042,1.4579461697744849,Digital Enthusiasts
11618,1959,Graduation,Together,50982.0,1,0,2012-08-30,48,153,156,206,47,51,238,2,8,3,8,7,0,0,0,0,0,0,0,3,11,56,1,3,854.0,851.0,19,2,7,0.42105263157894735,0.15789473684210525,0.42105263157894735,0,1,0.6601902797074469,-0.173230505502797,Digital Enthusiasts
11619,1963,Graduation,Widow,97562.0,1,0,2013-09-23,79,865,73,305,408,76,62,0,15,7,6,3,0,0,0,0,0,0,0,3,11,52,1,2,465.0,1789.0,28,0,3,0.5357142857142857,0.25,0.21428571428571427,0,0,-1.01747725490633,-1.3670494988363593,High-Value Loyalists
11620,1968,Graduation,Married,94947.0,0,0,2012-05-18,47,556,201,281,32,127,243,2,6,3,9,3,0,0,0,0,0,1,0,3,11,47,0,2,958.0,1440.0,18,2,3,0.3333333333333333,0.16666666666666666,0.5,1,0,-1.1451844095370822,0.26936311958750747,High-Value Loyalists
11621,1959,Graduation,Together,35752.0,0,1,2013-10-22,47,133,5,66,18,12,7,7,2,1,1,6,0,0,0,0,0,0,0,3,11,56,1,3,436.0,241.0,4,7,6,0.5,0.25,0.25,0,1,1.8034392588144845,-0.8858812365476095,Digital Enthusiasts
11622,1957,Graduation,Together,46800.0,1,1,2012-05-12,59,132,29,85,94,5,48,4,6,2,6,4,0,0,0,0,0,0,0,3,11,58,2,4,964.0,393.0,14,4,4,0.42857142857142855,0.14285714285714285,0.42857142857142855,0,1,2.0106317892694623,-0.18497223814508876,Digital Enthusiasts
11623,1965,2n Cycle,Married,85688.0,0,0,2013-04-27,83,2251,146,552,334,265,498,0,9,5,49,3,0,0,0,0,0,1,0,3,11,50,0,2,614.0,3733.2199999999975,58,0,3,0.14285714285714285,0.07936507936507936,0.7777777777777778,1,0,-2.6644057698529506,1.6049560551620279,High-Value Loyalists
11624,1973,Graduation,Widow,81788.0,0,0,2012-09-20,42,410,153,232,53,187,74,0,11,4,5,3,0,0,0,0,0,0,0,3,11,42,0,1,833.0,1109.0,20,0,3,0.55,0.2,0.25,0,0,-1.6126958559157543,-1.071165808419817,High-Value Loyalists
11625,1978,Basic,Together,32825.0,1,1,2013-10-24,38,143,34,79,19,25,57,4,5,4,5,5,1,0,0,1,0,0,0,3,11,37,2,4,434.0,357.0,14,4,5,0.35714285714285715,0.2857142857142857,0.35714285714285715,2,1,2.0140570667695314,-0.6990074759545277,Digital Enthusiasts
11626,1978,Graduation,Widow,64189.0,0,1,2012-09-15,39,431,65,252,108,47,34,2,8,5,10,6,0,0,1,0,0,0,0,3,11,37,1,2,838.0,937.0,23,2,6,0.34782608695652173,0.21739130434782608,0.43478260869565216,1,0,-0.21394236326108654,-0.18664701637893985,High-Value Loyalists
11627,1969,PhD,Divorced,93361.0,0,0,2014-01-27,42,747,39,251,121,38,78,1,10,3,8,6,0,1,0,1,0,0,0,3,11,46,0,1,339.0,1274.0,21,1,6,0.47619047619047616,0.14285714285714285,0.38095238095238093,2,0,-1.6383520728696332,-0.36635919178487586,High-Value Loyalists
11628,1971,Master,Single,122963.0,0,0,2014-02-26,37,586,188,599,53,155,158,1,3,9,16,1,0,0,1,0,0,0,0,3,11,44,0,1,309.0,1739.0,28,1,1,0.10714285714285714,0.32142857142857145,0.5714285714285714,1,0,-2.546101378622256,0.7480604969824064,High-Value Loyalists
11629,1981,Graduation,Widow,61211.0,1,0,2013-04-02,69,618,257,479,34,259,99,2,4,4,19,6,1,0,1,0,0,0,0,3,11,34,1,2,639.0,1746.0,27,2,6,0.14814814814814814,0.14814814814814814,0.7037037037037037,2,0,-0.3938833883150313,1.2790604322129624,High-Value Loyalists
11630,1969,Graduation,Married,78740.0,0,0,2012-01-22,40,473,49,328,12,42,39,3,6,2,8,6,1,1,1,1,0,0,0,3,11,46,0,2,1075.0,943.0,16,3,6,0.375,0.125,0.5,4,0,-0.6812972159807033,0.2113805403982238,High-Value Loyalists
11631,1958,Master,Widow,66529.0,1,0,2013-09-17,0,184,44,79,6,54,78,4,3,0,2,2,0,0,0,0,0,0,0,3,11,57,1,2,471.0,445.0,5,4,2,0.6,0.0,0.4,0,1,0.10770316352195074,-0.21021659989661215,Digital Enthusiasts
11632,1967,Graduation,Widow,37519.0,1,1,2013-09-06,68,87,7,85,58,14,46,6,1,0,2,8,0,0,0,0,0,0,0,3,11,48,2,3,482.0,297.0,3,6,8,0.3333333333333333,0.0,0.6666666666666666,0,1,2.387207538736816,1.2563425153729257,Digital Enthusiasts
11633,1969,Graduation,Divorced,36432.0,0,1,2012-01-12,66,150,25,20,40,49,55,13,1,0,2,7,0,0,0,0,0,0,0,3,11,46,1,2,1085.0,339.0,3,13,7,0.3333333333333333,0.0,0.6666666666666666,0,1,2.123431767735798,1.4668304220930453,Digital Enthusiasts
11634,1965,Master,Single,48688.0,0,0,2013-05-21,59,525,65,326,100,110,32,2,5,3,15,4,0,0,0,0,0,1,0,3,11,50,0,1,590.0,1158.0,23,2,4,0.21739130434782608,0.13043478260869565,0.6521739130434783,1,0,-1.0795213643310797,1.348209098605862,High-Value Loyalists
11635,1973,Graduation,Together,61758.0,1,1,2012-01-27,19,918,70,188,52,49,38,0,5,1,11,3,1,0,0,0,0,0,0,3,11,42,2,4,1070.0,1315.0,17,0,3,0.29411764705882354,0.058823529411764705,0.6470588235294118,1,1,0.7489400709890132,0.6887225673239359,Digital Enthusiasts
11636,1989,Graduation,Married,77110.0,1,0,2012-08-10,81,448,25,142,229,549,75,3,14,5,12,5,0,0,0,0,0,0,0,3,11,26,1,3,874.0,1468.0,31,3,5,0.45161290322580644,0.16129032258064516,0.3870967741935484,0,1,0.20513541666553425,-0.6516861786959889,Digital Enthusiasts
11637,1948,Graduation,Divorced,54459.0,0,1,2013-06-26,28,294,129,263,14,94,21,1,7,0,5,4,0,0,0,1,0,0,0,3,11,67,1,2,554.0,815.0,12,1,4,0.5833333333333334,0.0,0.4166666666666667,1,0,-0.13707210905260184,-0.11499188715308259,High-Value Loyalists
11638,1982,Master,Single,68132.0,0,1,2013-02-21,16,367,91,144,41,27,72,4,5,7,7,7,0,0,0,1,1,0,0,3,11,33,1,2,679.0,742.0,19,4,7,0.2631578947368421,0.3684210526315789,0.3684210526315789,2,0,-0.043468097343382736,-0.5199428881443576,High-Value Loyalists
11639,1971,Basic,Single,30342.0,1,1,2013-07-26,52,57,5,58,44,5,26,3,2,2,1,6,0,0,0,0,0,0,0,3,11,44,2,3,524.0,195.0,5,3,6,0.4,0.4,0.2,0,1,1.9062374431368498,-1.3042462932698546,Digital Enthusiasts
11640,1982,Graduation,Widow,31315.0,1,1,2013-01-09,87,56,37,61,4,25,2,8,0,0,1,11,0,0,1,1,0,0,0,3,11,33,2,3,722.0,185.0,2,8,11,0.0,0.0,1.0,2,1,2.9067642053891447,3.0653933989884794,Digital Enthusiasts
11641,1966,PhD,Married,130117.49999999999,0,0,2012-09-21,58,465,10,335,196,110,30,0,15,3,6,2,0,0,0,1,0,1,0,3,11,49,0,2,832.0,1146.0,24,0,2,0.625,0.125,0.25,2,0,-1.7476965997096447,-1.2764954627783873,High-Value Loyalists
11642,1970,Graduation,Together,62729.0,1,1,2012-03-03,52,345,51,689,109,269,94,0,5,1,24,4,0,1,0,0,0,1,0,3,11,45,2,4,1034.0,1557.0,30,0,4,0.16666666666666666,0.03333333333333333,0.8,2,1,0.5779967206329197,1.5242941548694355,Digital Enthusiasts
11643,1973,2n Cycle,Single,77081.0,0,0,2013-07-09,47,570,27,558,238,470,258,2,9,2,20,2,0,1,0,0,0,0,0,3,11,42,0,1,541.0,2121.0,31,2,2,0.2903225806451613,0.06451612903225806,0.6451612903225806,1,0,-2.00505354552072,1.0752913672435602,High-Value Loyalists
11644,1971,2n Cycle,Widow,119825.0,0,0,2013-05-02,0,1197,186,255,32,131,157,1,13,8,9,3,0,0,0,0,0,0,0,3,11,44,0,1,609.0,1958.0,30,1,3,0.43333333333333335,0.26666666666666666,0.3,0,0,-2.6707708340723904,-0.9153987613785923,High-Value Loyalists
11645,1974,Graduation,Single,68769.0,1,0,2012-04-01,0,136,118,42,39,32,62,2,2,1,4,5,0,0,0,0,0,0,0,3,11,41,1,2,1005.0,429.0,7,2,5,0.2857142857142857,0.14285714285714285,0.5714285714285714,0,0,-0.012246973616481218,0.648902463472865,High-Value Loyalists
11646,1974,Graduation,Single,72968.0,0,0,2012-04-13,29,835,154,668,125,192,537,6,7,14,18,10,0,0,0,0,0,1,0,3,11,41,0,1,993.0,2511.0,39,6,10,0.1794871794871795,0.358974358974359,0.46153846153846156,1,0,-1.5535212150506201,0.08083384289668867,High-Value Loyalists
11647,1991,PhD,Widow,36965.0,0,2,2013-11-23,77,47,6,53,14,47,32,7,1,2,4,6,0,0,0,0,0,0,0,3,11,24,2,3,404.0,199.0,7,7,6,0.14285714285714285,0.2857142857142857,0.5714285714285714,0,1,2.3945378999293427,0.7094419008560894,Digital Enthusiasts
11648,1937,PhD,Divorced,48789.0,1,0,2014-01-14,72,609,155,114,165,168,141,3,8,6,7,8,0,1,0,0,0,0,0,3,11,78,1,2,352.0,1352.0,21,3,8,0.38095238095238093,0.2857142857142857,0.3333333333333333,1,1,0.1942454069811798,-0.34123848514105404,Digital Enthusiasts
11649,1949,PhD,Divorced,50266.0,0,0,2012-11-13,32,195,35,85,35,1,6,1,2,1,1,4,0,0,0,0,0,0,0,3,11,66,0,1,779.0,357.0,4,1,4,0.5,0.25,0.25,0,0,-0.6639689159032686,-0.7044463958919076,High-Value Loyalists
11650,1972,Graduation,Divorced,49296.0,0,0,2014-05-31,16,227,15,391,16,65,130,0,8,1,5,7,0,1,0,1,0,1,0,3,11,43,0,1,215.0,844.0,14,0,7,0.5714285714285714,0.07142857142857142,0.35714285714285715,3,0,-1.1445428602144665,-0.5054465694853043,High-Value Loyalists
11651,1979,Graduation,Single,63867.0,0,0,2013-05-29,63,210,50,105,59,21,53,3,2,2,9,3,0,0,0,0,0,0,0,3,11,36,0,1,582.0,498.0,13,3,3,0.15384615384615385,0.15384615384615385,0.6923076923076923,0,0,-0.6618048396742514,1.5933752679942301,High-Value Loyalists
11652,1992,Graduation,Single,68965.0,0,0,2013-05-07,42,607,184,294,62,88,86,2,3,9,10,8,1,0,0,0,1,1,0,3,11,23,0,1,604.0,1321.0,22,2,8,0.13636363636363635,0.4090909090909091,0.45454545454545453,3,0,-1.2711951192753914,0.026742892447857256,High-Value Loyalists
11653,1961,Master,Single,130117.49999999999,0,0,2014-05-31,0,602,111,172,115,138,111,0,8,2,10,1,0,0,0,0,0,0,0,3,11,54,0,1,215.0,1249.0,20,0,1,0.4,0.1,0.5,0,0,-2.5542263871889372,0.30976236436638693,High-Value Loyalists
11654,1958,PhD,Single,52902.0,0,0,2013-07-07,27,118,19,195,23,36,22,5,3,2,2,6,0,1,0,0,0,1,0,3,11,57,0,1,543.0,413.0,7,5,6,0.42857142857142855,0.2857142857142857,0.2857142857142857,2,0,-0.3602086438693114,-0.5607404060981988,High-Value Loyalists
11655,1973,Graduation,Divorced,40754.0,1,1,2013-04-09,48,244,54,167,7,19,192,2,5,2,5,1,1,0,0,0,1,0,0,3,11,42,2,3,632.0,683.0,12,2,1,0.4166666666666667,0.16666666666666666,0.4166666666666667,2,1,1.0229661439285587,-0.3210148847810089,Digital Enthusiasts
11656,1979,2n Cycle,Single,63790.0,1,0,2012-04-21,11,862,174,248,29,66,166,4,9,14,7,6,0,1,0,0,0,0,0,3,11,36,1,2,985.0,1545.0,30,4,6,0.3,0.4666666666666667,0.23333333333333334,1,0,-0.5472325955975671,-1.307651222152608,High-Value Loyalists
11657,1952,2n Cycle,Together,89940.0,1,0,2013-04-19,30,513,108,43,27,16,105,4,4,1,7,5,1,0,0,0,0,0,0,3,11,63,1,3,622.0,812.0,12,4,5,0.3333333333333333,0.08333333333333333,0.5833333333333334,1,1,0.35845433850953473,0.7456048457804824,Digital Enthusiasts
11658,1984,Master,Divorced,77297.0,1,0,2012-10-21,17,1596,84,148,268,25,168,0,9,9,20,4,0,1,0,0,0,0,0,3,11,31,1,2,802.0,2289.0,38,0,4,0.23684210526315788,0.23684210526315788,0.5263157894736842,1,0,-1.567690894794705,0.09967421935720723,High-Value Loyalists
11659,1960,PhD,Together,76526.0,0,0,2012-04-02,47,175,262,674,68,34,251,2,14,2,10,2,1,0,1,0,0,0,0,3,11,55,0,2,1004.0,1464.0,26,2,2,0.5384615384615384,0.07692307692307693,0.38461538461538464,2,0,-1.2300088469058945,-0.4148175823739383,High-Value Loyalists
11660,1976,PhD,Widow,101294.0,0,0,2013-04-24,27,877,210,569,125,101,184,0,2,7,26,5,0,0,1,1,1,0,0,3,11,39,0,1,617.0,2066.0,35,0,5,0.05714285714285714,0.2,0.7428571428571429,3,0,-2.6131593666785147,1.5089850631461232,High-Value Loyalists
11661,1954,PhD,Widow,32759.0,1,1,2012-02-09,94,54,52,47,5,5,8,4,0,2,2,7,0,0,0,0,0,0,0,3,11,61,2,3,1057.0,171.0,4,4,7,0.0,0.5,0.5,0,1,2.2576299457466784,0.637431606978987,Digital Enthusiasts
11662,1954,Graduation,Divorced,28986.0,1,1,2014-04-15,48,67,86,41,18,12,22,8,0,2,3,7,0,0,0,0,0,0,0,3,11,61,2,3,261.0,246.0,5,8,7,0.0,0.4,0.6,0,1,2.382006206419139,1.2050752414906956,Digital Enthusiasts
11663,1953,Master,Divorced,83943.0,1,0,2014-04-10,23,533,89,209,153,99,477,2,7,12,7,2,0,1,0,0,0,0,0,3,11,62,1,2,266.0,1560.0,26,2,2,0.2692307692307692,0.46153846153846156,0.2692307692307692,1,0,-1.0741259169405144,-0.8770009563495621,High-Value Loyalists
11664,1943,PhD,Married,52961.0,1,1,2013-10-13,59,310,64,105,127,61,72,1,3,3,7,5,0,0,0,0,0,0,0,3,11,72,2,4,445.0,739.0,13,1,5,0.23076923076923078,0.23076923076923078,0.5384615384615384,0,1,1.5426214275321197,0.5607905680984596,Digital Enthusiasts
11665,1954,PhD,Widow,35759.0,1,0,2014-02-18,38,238,82,198,237,63,94,2,5,10,3,7,0,1,0,0,0,0,0,3,11,61,1,2,317.0,912.0,18,2,7,0.2777777777777778,0.5555555555555556,0.16666666666666666,1,1,0.156780505406324,-1.2801374246583417,Digital Enthusiasts
11666,1944,Master,Divorced,41323.0,0,0,2014-01-13,16,417,5,27,188,188,78,5,5,3,10,7,0,0,0,0,0,1,0,3,11,71,0,1,353.0,903.0,18,5,7,0.2777777777777778,0.16666666666666666,0.5555555555555556,1,0,-0.6477688989611867,0.9981462375609905,High-Value Loyalists
11667,1978,Graduation,Widow,65135.0,1,0,2013-12-30,30,443,53,63,10,54,213,2,9,1,13,4,0,0,1,0,0,1,0,3,11,37,1,2,367.0,836.0,23,2,4,0.391304347826087,0.043478260869565216,0.5652173913043478,2,0,-0.3863298465071241,0.4803063805805031,High-Value Loyalists
11668,1979,Master,Divorced,82945.0,0,0,2012-04-22,11,1097,52,516,659,142,312,1,4,19,21,3,1,0,1,0,1,0,0,3,11,36,0,1,984.0,2778.0,44,1,3,0.09090909090909091,0.4318181818181818,0.4772727272727273,3,0,-2.965734435180653,0.006575648232018234,High-Value Loyalists
11669,1941,Graduation,Divorced,56273.0,0,1,2014-06-13,49,222,38,244,70,8,28,2,3,1,2,3,0,0,0,0,0,0,0,3,11,74,1,2,205.34,610.0,6,2,3,0.5,0.16666666666666666,0.3333333333333333,0,1,0.23565749191186675,-0.32748350083579125,Digital Enthusiasts
11670,1968,2n Cycle,Married,50981.0,0,1,2012-07-30,24,244,19,494,49,120,90,2,11,4,7,6,0,0,0,1,1,1,0,3,11,47,1,3,885.0,1016.0,22,2,6,0.5,0.18181818181818182,0.3181818181818182,3,1,0.22338610376306017,-0.9476441922178739,Digital Enthusiasts
11671,1972,Basic,Together,43834.0,1,1,2012-03-28,67,109,8,13,0,18,65,5,3,1,2,6,0,0,0,0,0,0,0,3,11,43,2,4,1009.0,213.0,6,5,6,0.5,0.16666666666666666,0.3333333333333333,0,1,2.574281863140652,-0.7681557603485354,Digital Enthusiasts
11672,1981,PhD,Together,29989.0,1,2,2014-03-01,50,109,40,39,15,9,15,8,4,2,7,9,0,1,0,0,0,0,0,3,11,34,3,5,306.0,227.0,13,8,9,0.3076923076923077,0.15384615384615385,0.5384615384615384,1,1,3.8126267065870123,0.19532232092303498,Digital Enthusiasts
11673,1971,Graduation,Single,125005.0,0,0,2013-11-20,0,1216,256,1036,438,552,186,2,11,27,23,9,0,0,0,0,0,0,0,3,11,44,0,1,407.0,3684.0,58,2,9,0.18032786885245902,0.4426229508196721,0.3770491803278688,0,0,-3.4983612258053256,-0.6039468760309527,High-Value Loyalists
11674,1986,Graduation,Single,27096.26,1,1,2013-06-23,44,208,44,39,3,6,15,7,1,1,4,5,0,0,0,0,0,0,0,3,11,29,2,3,557.0,315.0,6,7,5,0.16666666666666666,0.16666666666666666,0.6666666666666666,0,1,2.2163545410631094,1.197692105080118,Digital Enthusiasts
11675,1946,2n Cycle,Single,41793.0,0,0,2012-04-10,25,254,5,296,4,45,58,3,7,2,6,4,0,1,0,1,1,0,0,3,11,69,0,1,996.0,662.0,15,3,4,0.4666666666666667,0.13333333333333333,0.4,3,0,-0.8872417199109817,-0.0004659611878704145,High-Value Loyalists
11676,1984,Graduation,Single,41308.0,0,1,2012-10-13,99,83,8,99,36,23,5,4,2,1,2,4,0,0,0,0,0,0,0,3,11,31,1,2,810.0,254.0,5,4,4,0.4,0.2,0.4,0,1,1.178202621848815,-0.1396727233015897,Digital Enthusiasts
11677,1975,Master,Together,90671.0,0,1,2013-07-25,39,625,388,1199,98,85,518,2,24,10,12,6,0,0,1,0,0,0,0,3,11,40,1,3,525.0,2913.0,46,2,6,0.5217391304347826,0.21739130434782608,0.2608695652173913,1,0,-1.1106450031111665,-1.492616080497191,High-Value Loyalists
11678,1960,Graduation,Single,55382.0,1,1,2013-09-25,66,259,106,241,332,2,79,2,17,1,2,4,0,1,0,0,0,0,0,3,11,55,2,3,463.0,1019.0,20,2,4,0.85,0.05,0.1,1,1,0.9443730994114192,-2.145365633357895,Digital Enthusiasts
11679,1983,2n Cycle,Divorced,42528.0,1,1,2013-10-08,55,80,45,57,22,0,9,2,3,4,4,6,0,0,0,0,0,0,0,3,11,32,2,3,450.0,213.0,11,2,6,0.2727272727272727,0.36363636363636365,0.36363636363636365,0,1,1.5719873251459826,-0.5208452521351739,Digital Enthusiasts
11680,1970,Graduation,Divorced,38134.0,0,1,2012-08-12,98,64,43,47,5,21,73,7,3,1,6,9,0,0,0,0,0,0,0,3,11,45,1,2,872.0,253.0,10,7,9,0.3,0.1,0.6,0,1,1.6511860325831704,1.061831924313087,Digital Enthusiasts
11681,1956,PhD,Together,42350.0,1,0,2013-09-16,24,260,73,48,30,130,30,2,3,1,8,7,0,0,0,0,1,0,0,3,11,59,1,3,472.0,571.0,12,2,7,0.25,0.08333333333333333,0.6666666666666666,1,1,0.7726239222798067,1.2547067326748773,Digital Enthusiasts
11682,1965,Graduation,Widow,34452.0,0,1,2012-04-09,40,137,42,72,16,1,28,5,2,6,7,7,0,0,0,0,1,0,0,3,11,50,1,2,997.0,296.0,15,5,7,0.13333333333333333,0.4,0.4666666666666667,1,1,0.7805321796076206,0.337397263939195,Digital Enthusiasts
11683,1988,Basic,Married,51009.0,0,0,2012-08-26,62,406,12,94,330,32,7,4,6,2,7,8,0,0,0,0,0,1,0,3,11,27,0,2,858.0,881.0,15,4,8,0.4,0.13333333333333333,0.4666666666666667,1,1,0.16730507423272936,0.06292534550564276,Digital Enthusiasts
11684,1973,PhD,Married,69691.0,0,0,2012-01-16,16,819,25,618,141,96,545,1,17,5,9,1,0,0,1,0,1,1,0,3,11,42,0,2,1081.0,2244.0,31,1,1,0.5483870967741935,0.16129032258064516,0.2903225806451613,3,0,-1.9015318009726432,-1.1437939249929507,High-Value Loyalists
11685,1997,PhD,Together,70438.0,0,0,2014-03-05,21,1137,11,387,81,166,215,2,9,5,13,1,1,0,0,0,0,0,0,3,11,18,0,2,302.0,1997.0,27,2,1,0.3333333333333333,0.18518518518518517,0.48148148148148145,1,0,-1.4955594838026203,-0.05295727389938876,High-Value Loyalists
11686,1989,Graduation,Single,30355.0,0,1,2012-11-27,45,63,22,27,34,9,15,5,2,2,6,4,0,0,0,0,0,0,0,3,11,26,1,2,765.0,170.0,10,5,4,0.2,0.2,0.6,0,1,0.9540858907649875,0.9217699245504746,Digital Enthusiasts
11687,1957,Master,Widow,40508.0,0,1,2013-05-24,99,22,14,115,13,13,6,5,1,2,3,9,0,0,0,0,0,0,0,3,11,58,1,2,587.0,183.0,6,5,9,0.16666666666666666,0.3333333333333333,0.5,0,1,1.4755664549190264,0.7123426014348022,Digital Enthusiasts
11688,1955,Graduation,Single,29289.0,0,2,2012-01-10,99,61,20,77,27,15,33,7,3,1,3,6,0,0,0,0,0,0,0,3,11,60,2,3,1086.6599999999999,233.0,7,7,6,0.42857142857142855,0.14285714285714285,0.42857142857142855,0,1,2.5743777341463847,0.07058296917795479,Digital Enthusiasts
11689,1977,Graduation,Single,68969.0,0,0,2014-04-02,47,453,136,223,46,56,60,2,1,7,8,5,0,0,0,0,0,0,0,3,11,38,0,1,274.0,974.0,16,2,5,0.0625,0.4375,0.5,0,0,-1.0652396688211505,0.5757893509802251,High-Value Loyalists
11690,1978,Graduation,Together,34462.0,1,1,2012-12-25,62,349,26,105,5,18,95,3,5,3,3,3,0,0,0,0,0,0,0,3,11,37,2,4,737.0,598.0,11,3,3,0.45454545454545453,0.2727272727272727,0.2727272727272727,0,1,2.0284988888802227,-1.1371704204934987,Digital Enthusiasts
11691,1956,PhD,Married,68894.0,1,0,2013-02-04,69,291,76,299,48,51,143,4,5,1,8,3,0,0,1,0,0,0,0,3,11,59,1,3,696.0,908.0,14,4,3,0.35714285714285715,0.07142857142857142,0.5714285714285714,1,1,0.6471936350354017,0.7195085891999383,Digital Enthusiasts
11692,1971,Master,Together,69348.0,0,0,2012-11-18,46,802,220,264,194,9,157,2,7,6,16,7,0,0,0,0,0,0,0,3,11,44,0,2,774.0,1646.0,29,2,7,0.2413793103448276,0.20689655172413793,0.5517241379310345,0,0,-0.9469014597235904,0.5676236388046073,High-Value Loyalists
11693,1976,Graduation,Divorced,48654.0,1,1,2012-11-04,61,113,29,72,0,37,2,4,1,4,3,7,0,0,0,0,0,0,0,3,11,39,2,3,788.0,253.0,8,4,7,0.125,0.5,0.375,0,1,1.8282631077557483,-0.32134145237900624,Digital Enthusiasts
11694,1970,2n Cycle,Widow,32670.0,1,1,2012-10-03,48,79,14,50,33,17,58,7,2,1,5,11,0,0,0,0,0,0,0,3,11,45,2,3,820.0,251.0,8,7,11,0.25,0.125,0.625,0,1,2.469917263323873,0.9996124376220226,Digital Enthusiasts
11695,1972,Graduation,Married,38429.0,0,1,2014-03-19,44,28,33,18,8,26,49,1,3,1,2,5,0,0,0,0,0,0,0,3,11,43,1,3,288.0,162.0,6,1,5,0.5,0.16666666666666666,0.3333333333333333,0,1,1.0839618652266148,-0.6277314708430599,Digital Enthusiasts
11696,1971,PhD,Together,73965.0,0,0,2012-03-12,38,1248,110,676,253,120,150,1,16,6,17,7,0,0,1,0,0,1,0,3,11,44,0,2,1025.0,2557.0,39,1,7,0.41025641025641024,0.15384615384615385,0.4358974358974359,2,0,-1.7270226462640292,-0.3208922543002999,High-Value Loyalists
11697,1976,Master,Married,34983.0,0,1,2014-01-04,61,120,9,83,7,56,63,5,1,2,1,17,0,0,0,0,0,0,0,3,11,39,1,3,362.0,338.0,4,5,17,0.25,0.5,0.25,0,1,2.2448974657755962,-0.9355617524347929,Digital Enthusiasts
11698,1951,Basic,Divorced,49344.0,0,0,2012-08-17,84,349,134,245,1,109,171,6,6,1,6,1,0,0,0,0,0,0,0,3,11,64,0,1,867.0,1009.0,13,6,1,0.46153846153846156,0.07692307692307693,0.46153846153846156,0,0,-0.35261664670822834,0.4848814942818288,High-Value Loyalists
11699,1979,Graduation,Together,32865.0,1,2,2012-03-18,52,63,14,101,10,30,40,6,9,3,4,8,0,0,0,0,0,1,0,3,11,36,3,5,1019.0,258.0,16,6,8,0.5625,0.1875,0.25,1,1,3.4786535486736634,-1.523757382106932,Digital Enthusiasts
11700,1950,Master,Widow,40778.0,1,0,2014-02-24,31,228,140,169,37,2,12,4,4,5,6,4,0,0,0,0,0,0,0,3,11,65,1,2,311.0,588.0,15,4,4,0.26666666666666666,0.3333333333333333,0.4,0,1,0.3308309014870484,0.05800008545464999,Digital Enthusiasts
11701,1957,Master,Divorced,39195.0,0,0,2013-01-29,19,120,219,227,48,4,43,2,10,2,5,4,0,1,0,0,0,0,0,3,11,58,0,1,702.0,661.0,17,2,4,0.5882352941176471,0.11764705882352941,0.29411764705882354,1,0,-0.9237249897400153,-0.6577785709300058,High-Value Loyalists
11702,1976,Master,Widow,40709.0,0,0,2014-03-24,21,522,208,567,82,89,146,2,4,5,16,2,0,1,0,0,0,1,0,3,11,39,0,1,283.0,1614.0,25,2,2,0.16,0.2,0.64,2,0,-1.5753833392356906,1.166352572939695,High-Value Loyalists
11703,1960,2n Cycle,Married,30763.0,1,1,2012-03-09,26,64,4,59,2,1,31,1,2,2,2,6,0,0,0,0,0,0,0,3,11,55,2,4,1028.0,161.0,6,1,6,0.3333333333333333,0.3333333333333333,0.3333333333333333,0,1,1.9863362844101384,-0.6807027008696671,Digital Enthusiasts
11704,1979,Graduation,Widow,73691.0,1,0,2012-03-06,63,571,91,445,18,96,301,0,5,16,2,3,0,0,0,1,0,0,0,3,11,36,1,2,1031.0,1522.0,23,0,3,0.21739130434782608,0.6956521739130435,0.08695652173913043,1,0,-0.7634448851739879,-1.9911535034318781,High-Value Loyalists
11705,1946,Master,Together,37771.0,1,0,2014-02-22,42,234,99,139,92,46,6,5,2,3,3,5,0,0,1,1,0,0,0,3,11,69,1,3,313.0,616.0,8,5,5,0.25,0.375,0.375,2,1,1.127196560517425,-0.11755683128754005,Digital Enthusiasts
11706,1981,Basic,Single,68456.0,0,0,2012-08-15,11,244,58,456,22,145,346,1,2,4,14,0,0,0,0,0,0,0,0,3,11,34,0,1,869.0,1271.0,20,1,0,0.1,0.2,0.7,0,0,-1.8177660242380587,1.4632225575232591,High-Value Loyalists
11707,1981,Graduation,Together,92997.0,1,0,2013-03-06,48,211,89,43,41,48,89,2,3,3,8,8,0,0,0,0,0,0,0,3,11,34,1,3,666.0,521.0,14,2,8,0.21428571428571427,0.21428571428571427,0.5714285714285714,0,1,0.5229968997456675,0.5398794480008516,Digital Enthusiasts
11708,1953,Master,Divorced,45784.0,1,0,2012-05-27,94,223,6,248,84,19,9,2,5,4,5,8,0,0,0,0,0,0,0,3,11,62,1,2,949.0,589.0,14,2,8,0.35714285714285715,0.2857142857142857,0.35714285714285715,0,1,0.7323160993905091,-0.24195192505692634,Digital Enthusiasts
11709,1962,Graduation,Widow,69311.0,1,0,2012-08-23,28,425,172,759,54,125,458,2,7,1,21,5,1,0,1,0,0,0,0,3,11,53,1,2,861.0,1993.0,29,2,5,0.2413793103448276,0.034482758620689655,0.7241379310344828,2,0,-0.9318916486028381,1.3751498241284372,High-Value Loyalists
11710,1987,Graduation,Single,43209.0,0,1,2013-06-03,33,157,11,172,57,115,17,7,4,3,2,9,0,1,0,0,0,0,0,3,11,28,1,2,577.0,529.0,9,7,9,0.4444444444444444,0.3333333333333333,0.2222222222222222,1,1,1.1046700825733053,-1.2322937788217745,Digital Enthusiasts
11711,1978,Graduation,Together,74210.0,1,0,2012-03-04,29,558,181,122,48,218,188,1,8,7,10,7,0,0,0,1,0,0,0,3,11,37,1,3,1033.0,1315.0,25,1,7,0.32,0.28,0.4,1,0,-0.10707039198416805,-0.536863709948696,High-Value Loyalists
11712,1942,Graduation,Single,38351.0,0,0,2013-11-24,11,496,38,397,14,202,160,0,7,4,9,2,1,0,0,0,1,1,0,3,11,73,0,1,403.0,1307.0,20,0,2,0.35,0.2,0.45,3,0,-1.7088636160841166,0.2876381929531135,High-Value Loyalists
11713,1960,PhD,Single,49652.0,1,0,2012-09-20,63,328,23,114,26,22,97,1,4,2,6,6,0,0,1,1,0,0,0,3,11,55,1,2,833.0,610.0,12,1,6,0.3333333333333333,0.16666666666666666,0.5,2,1,0.24879593761464336,0.3799375968637142,Digital Enthusiasts
11714,1979,2n Cycle,Divorced,47028.0,0,0,2014-03-29,50,448,30,290,188,553,143,1,11,4,13,6,1,1,1,0,0,0,0,3,11,36,0,1,278.0,1652.0,28,1,6,0.39285714285714285,0.14285714285714285,0.4642857142857143,3,0,-1.4300093934490519,0.057308967872269634,High-Value Loyalists
11715,1969,Graduation,Married,61982.0,1,1,2012-11-24,48,72,28,75,4,30,27,4,1,4,4,9,0,0,0,0,0,0,0,3,11,46,2,4,768.0,236.0,9,4,9,0.1111111111111111,0.4444444444444444,0.4444444444444444,0,1,2.18599412185364,-0.04166247928031826,Digital Enthusiasts
11716,1976,Graduation,Married,47248.0,1,0,2013-10-11,13,183,157,117,2,425,61,3,9,3,6,5,0,0,0,0,0,0,0,3,11,39,1,3,447.0,945.0,18,3,5,0.5,0.16666666666666666,0.3333333333333333,0,1,0.5026773560121913,-0.7916877131328072,Digital Enthusiasts
11717,1959,Graduation,Divorced,30816.0,1,1,2014-05-23,99,80,21,61,7,4,44,1,3,0,1,7,0,0,0,0,0,0,0,3,11,56,2,3,223.0,217.0,4,1,7,0.75,0.0,0.25,0,1,2.1031780352624074,-1.084913056526263,Digital Enthusiasts
11718,1968,Master,Married,30860.0,1,1,2013-08-11,30,27,16,51,5,10,18,6,2,1,1,7,0,0,0,0,0,0,0,3,11,47,2,4,508.0,142.34,4,6,7,0.5,0.25,0.25,0,1,2.679207949686587,-1.1492371028890882,Digital Enthusiasts
11719,1943,Graduation,Together,38548.0,0,0,2014-06-10,35,341,61,310,52,69,178,1,5,2,7,4,0,1,0,0,1,0,0,3,11,72,0,2,205.34,1011.0,14,1,4,0.35714285714285715,0.14285714285714285,0.5,2,0,-0.5723191983494619,0.5648004121750952,High-Value Loyalists
11720,1969,Master,Widow,117958.0,0,0,2013-10-06,28,587,201,401,173,35,91,2,9,2,8,4,0,1,0,0,0,0,0,3,11,46,0,1,452.0,1488.0,19,2,4,0.47368421052631576,0.10526315789473684,0.42105263157894735,1,0,-1.954824413489511,-0.17693194776876514,High-Value Loyalists
11721,1983,Graduation,Single,105518.0,0,0,2013-02-20,56,359,119,250,51,27,42,5,6,6,3,5,1,0,1,0,0,0,1,3,11,32,0,1,680.0,848.0,15,5,5,0.4,0.4,0.2,2,0,-1.035436871960304,-1.2910063104678167,High-Value Loyalists
11722,1973,PhD,Married,34551.0,0,2,2014-06-04,54,80,21,18,10,11,39,8,5,0,4,4,0,0,0,0,0,0,0,3,11,42,2,4,211.0,179.0,9,8,4,0.5555555555555556,0.0,0.4444444444444444,0,1,2.7541452586714157,-0.13312918506413612,Digital Enthusiasts
11723,1981,Master,Together,29181.0,0,1,2014-04-02,58,90,15,76,14,9,55,6,0,0,2,6,0,1,0,0,0,0,0,3,11,34,1,3,274.0,259.0,2,6,6,0.0,0.0,1.0,1,1,1.8360690287906665,3.1539766225198584,Digital Enthusiasts
11724,1974,Master,Widow,41554.0,0,1,2014-04-19,51,663,531,424,287,64,279,2,23,3,11,4,1,0,1,0,1,0,0,3,11,41,1,2,257.0,2248.0,37,2,4,0.6216216216216216,0.08108108108108109,0.2972972972972973,3,0,-0.8042782588211939,-1.1040876373163702,High-Value Loyalists
11725,1970,Master,Divorced,85712.0,0,0,2013-12-19,98,1345,180,647,1229,46,762,0,22,16,28,2,1,0,0,1,0,0,0,3,11,45,0,1,378.0,3733.2199999999975,58,0,2,0.3333333333333333,0.24242424242424243,0.42424242424242425,2,0,-3.1451256278408306,-0.27881064224750085,High-Value Loyalists
11726,1983,2n Cycle,Divorced,61015.0,1,0,2012-03-28,25,184,28,257,63,32,49,0,2,2,2,4,0,0,1,0,0,0,0,3,11,32,1,2,1009.0,613.0,6,0,4,0.3333333333333333,0.3333333333333333,0.3333333333333333,1,0,-0.11272652555178815,-0.6978914252657016,High-Value Loyalists
11727,1950,Graduation,Together,45649.0,1,0,2013-11-23,40,125,181,172,30,29,6,1,3,3,4,2,0,0,0,1,1,0,0,3,11,65,1,3,404.0,543.0,10,1,2,0.3,0.3,0.4,2,1,0.4494075624631287,-0.11197720671879216,Digital Enthusiasts
11728,1976,PhD,Widow,94074.0,0,0,2012-07-24,25,503,368,265,113,6,28,1,4,8,15,2,0,0,0,0,0,0,0,3,11,39,0,1,891.0,1283.0,27,1,2,0.14814814814814814,0.2962962962962963,0.5555555555555556,0,0,-2.0474655038123846,0.6506085106946986,High-Value Loyalists
11729,1971,Graduation,Married,70346.0,0,0,2012-08-29,52,483,33,868,154,53,84,3,6,4,19,8,0,0,1,1,0,0,0,3,11,44,0,2,855.0,1675.0,29,3,8,0.20689655172413793,0.13793103448275862,0.6551724137931034,2,0,-0.8565048726862421,1.0873835213022138,High-Value Loyalists
11730,1957,Basic,Married,55471.0,0,0,2013-12-02,99,231,61,94,60,132,114,1,3,2,2,4,1,0,1,0,0,0,0,3,11,58,0,2,395.0,692.0,7,1,4,0.42857142857142855,0.2857142857142857,0.2857142857142857,2,0,-0.05383985944775309,-0.6046446571313919,High-Value Loyalists
11731,1957,PhD,Single,84486.0,0,0,2013-10-30,25,976,32,342,41,71,29,0,16,2,8,4,0,0,0,1,1,0,0,3,11,58,0,1,428.0,1491.0,26,0,4,0.6153846153846154,0.07692307692307693,0.3076923076923077,2,0,-2.0540443262763732,-0.7888690751555008,High-Value Loyalists
11732,1975,Master,Widow,30486.0,0,1,2012-03-08,70,123,13,72,34,36,10,8,1,2,2,8,1,1,1,0,0,0,0,3,11,40,1,2,1029.0,288.0,5,8,8,0.2,0.4,0.4,3,1,1.541472886364665,-0.0422666579477768,Digital Enthusiasts
11733,1972,2n Cycle,Widow,74259.0,0,1,2014-06-10,0,192,332,166,22,80,168,0,3,4,12,7,0,0,0,0,0,1,0,3,11,43,1,2,205.34,960.0,19,0,7,0.15789473684210525,0.21052631578947367,0.631578947368421,1,0,-0.6727796200046293,0.9446871574956757,High-Value Loyalists
11734,1952,Graduation,Together,52130.0,0,0,2013-09-11,53,661,4,186,185,55,54,0,4,4,10,10,1,0,0,1,0,0,0,3,11,63,0,2,477.0,1145.0,18,0,10,0.2222222222222222,0.2222222222222222,0.5555555555555556,2,0,-0.5057597428393342,0.7794685260448285,High-Value Loyalists
11735,1966,Graduation,Widow,45388.0,0,1,2014-01-25,57,38,34,63,48,30,133,2,3,0,5,6,0,0,0,1,1,0,0,3,11,49,1,2,341.0,346.0,8,2,6,0.375,0.0,0.625,2,1,0.5578608878830668,1.0465000034211158,Digital Enthusiasts
11736,1953,Graduation,Together,60902.0,1,0,2014-03-24,74,265,118,304,50,22,42,4,3,2,8,4,0,0,0,0,0,0,0,3,11,62,1,3,283.0,801.0,13,4,4,0.23076923076923078,0.15384615384615385,0.6153846153846154,0,1,0.8881113825619854,1.1162641023561644,Digital Enthusiasts
11737,1980,Graduation,Widow,67725.0,0,0,2013-05-02,16,180,73,288,38,97,14,0,2,2,9,1,0,0,1,0,0,0,0,3,11,35,0,1,609.0,690.0,13,0,1,0.15384615384615385,0.15384615384615385,0.6923076923076923,1,0,-1.5288812342880937,1.4456139485672042,High-Value Loyalists
11738,1963,PhD,Married,28524.0,0,1,2012-10-26,31,97,76,39,26,21,14,2,3,1,2,10,0,0,0,0,0,0,0,3,11,52,1,3,797.0,273.0,6,2,10,0.5,0.16666666666666666,0.3333333333333333,0,1,1.4266061363442477,-0.6095838837263419,Digital Enthusiasts
11739,1972,Graduation,Single,32671.0,0,1,2012-01-01,63,183,28,373,12,10,13,3,6,3,3,10,1,0,1,1,1,0,0,3,11,43,1,2,1086.6599999999999,619.0,12,3,10,0.5,0.25,0.25,4,1,0.7904688404031747,-1.1345434163156616,Digital Enthusiasts
11740,1971,Graduation,Married,52622.0,0,0,2013-10-10,3,898,158,124,427,58,239,0,8,9,11,5,0,0,0,0,1,1,0,3,11,44,0,2,448.0,1904.0,28,0,5,0.2857142857142857,0.32142857142857145,0.39285714285714285,2,0,-1.527086623686238,-0.376239261756397,High-Value Loyalists
11741,1972,Graduation,Single,75599.0,0,0,2012-12-05,20,112,27,367,29,24,12,2,3,5,5,2,0,1,1,1,0,0,0,3,11,43,0,1,757.0,571.0,13,2,2,0.23076923076923078,0.38461538461538464,0.38461538461538464,3,0,-1.3943313567578615,-0.18719845865420573,High-Value Loyalists
11742,1973,Graduation,Single,96551.0,0,0,2013-01-12,29,863,107,339,83,236,59,1,10,7,11,5,1,1,1,0,0,0,0,3,11,42,0,1,719.0,1687.0,28,1,5,0.35714285714285715,0.25,0.39285714285714285,3,0,-2.1500550960418923,-0.39233276734463396,High-Value Loyalists
11743,1961,Graduation,Divorced,64785.0,1,0,2013-08-11,0,136,1,87,68,65,36,4,2,0,1,6,0,0,0,0,0,1,0,3,11,54,1,2,508.0,393.0,3,4,6,0.6666666666666666,0.0,0.3333333333333333,1,1,0.3714366073772277,-0.6471923595788145,Digital Enthusiasts
11744,1966,PhD,Divorced,41136.0,0,1,2013-01-09,52,125,63,178,1,79,91,2,4,2,9,6,1,0,0,0,0,0,0,3,11,49,1,2,722.0,537.0,15,2,6,0.26666666666666666,0.13333333333333333,0.6,1,1,0.37844563689313265,0.9314695901828117,Digital Enthusiasts
11745,1974,Graduation,Together,39619.0,1,1,2012-05-04,92,136,7,58,65,31,11,3,3,2,2,6,0,0,0,0,0,0,0,3,11,41,2,4,972.0,308.0,7,3,6,0.42857142857142855,0.2857142857142857,0.2857142857142857,0,1,2.500727536942101,-0.9891902419663418,Digital Enthusiasts
11746,1964,2n Cycle,Widow,48305.0,0,1,2014-02-22,22,87,42,61,1,1,17,2,2,3,2,9,1,1,0,0,1,0,0,3,11,51,1,2,313.0,209.0,7,2,9,0.2857142857142857,0.42857142857142855,0.2857142857142857,3,1,0.44317127331329403,-0.7479745227935124,Digital Enthusiasts
11747,1973,Graduation,Married,41743.0,1,1,2012-12-31,42,98,7,135,17,7,21,5,1,2,6,9,0,0,0,0,0,1,0,3,11,42,2,4,731.0,285.0,9,5,9,0.1111111111111111,0.2222222222222222,0.6666666666666666,1,1,2.420491380942491,1.1089899541837296,Digital Enthusiasts
11748,1969,Graduation,Married,65891.0,0,1,2013-10-09,50,196,22,144,6,12,47,0,1,3,7,3,1,0,0,0,0,1,0,3,11,46,1,3,449.0,427.0,11,0,3,0.09090909090909091,0.2727272727272727,0.6363636363636364,2,1,0.29061236612661534,1.0579257150487718,Digital Enthusiasts
11749,1974,Graduation,Married,87398.0,0,0,2013-10-01,55,442,26,221,8,25,40,2,6,3,9,5,1,1,0,0,0,0,0,3,11,41,0,2,457.0,762.0,18,2,5,0.3333333333333333,0.16666666666666666,0.5,2,0,-0.7286788583456515,0.28354208936839187,High-Value Loyalists
11750,1969,Graduation,Single,38886.0,0,1,2012-08-12,59,121,36,32,34,53,8,7,3,1,3,11,0,0,0,0,0,0,0,3,11,46,1,2,872.0,284.0,7,7,11,0.42857142857142855,0.14285714285714285,0.42857142857142855,0,1,1.5682961255011463,0.05160193558649498,Digital Enthusiasts
11751,1969,Basic,Widow,84685.0,0,0,2014-03-13,23,1424,183,220,404,231,158,2,13,19,12,5,0,0,0,1,0,0,0,3,11,46,0,1,294.0,2620.0,44,2,5,0.29545454545454547,0.4318181818181818,0.2727272727272727,1,0,-2.552570109661793,-0.9784887264779071,High-Value Loyalists
11752,1952,Master,Married,43978.0,0,0,2014-06-08,88,44,19,114,63,48,9,8,4,1,3,7,0,0,0,0,0,0,0,3,11,63,0,2,207.0,297.0,8,8,7,0.5,0.125,0.375,0,1,1.0942019162753638,0.03080978694386205,Digital Enthusiasts
11753,1944,Graduation,Divorced,59850.0,1,1,2013-09-23,56,168,34,191,24,103,18,5,3,1,9,2,0,1,0,0,0,0,0,3,11,71,2,3,465.0,538.0,13,5,2,0.23076923076923078,0.07692307692307693,0.6923076923076923,1,1,1.250715363106173,1.490070700230208,Digital Enthusiasts
11754,1978,Basic,Divorced,83246.0,0,0,2014-02-04,14,783,339,286,131,0,149,3,11,4,15,6,0,0,0,1,1,0,0,3,11,37,0,1,331.0,1688.0,30,3,6,0.36666666666666664,0.13333333333333333,0.5,2,0,-1.8281358275021649,0.19471958519750354,High-Value Loyalists
11755,1967,PhD,Together,37617.0,1,1,2013-07-03,60,78,10,29,34,4,7,4,2,1,7,9,0,0,0,0,0,0,0,3,11,48,2,4,547.0,162.0,10,4,9,0.2,0.1,0.7,0,1,2.5400519687530343,1.3373112510827703,Digital Enthusiasts
11756,1966,Master,Married,57656.0,0,0,2012-10-04,25,756,495,499,59,190,73,3,11,3,21,3,0,0,0,0,0,1,0,3,11,49,0,2,819.0,2072.0,35,3,3,0.3142857142857143,0.08571428571428572,0.6,1,0,-1.3809558794617252,0.7643561879340989,High-Value Loyalists
11757,1953,Graduation,Divorced,35066.0,1,0,2012-07-22,42,274,97,42,105,16,102,5,3,2,6,8,0,0,0,0,0,0,0,3,11,62,1,2,893.0,636.0,11,5,8,0.2727272727272727,0.18181818181818182,0.5454545454545454,0,1,0.8739442473914513,0.7942001437767775,Digital Enthusiasts
11758,1940,Graduation,Divorced,51426.0,0,0,2014-04-28,15,377,1,370,143,32,267,0,7,1,11,6,1,0,0,1,0,0,0,3,11,75,0,1,248.0,1190.0,19,0,6,0.3684210526315789,0.05263157894736842,0.5789473684210527,2,0,-1.4845387721864443,0.9803782625956627,High-Value Loyalists
11759,1944,Graduation,Divorced,51585.0,1,0,2013-08-26,51,175,52,140,35,17,149,1,3,3,5,2,0,1,0,0,0,0,0,3,11,71,1,2,493.0,568.0,11,1,2,0.2727272727272727,0.2727272727272727,0.45454545454545453,1,1,-0.031133033380390522,0.34263077354475946,Digital Enthusiasts
11760,1977,Graduation,Divorced,56204.0,0,1,2013-03-12,50,364,285,94,5,106,224,1,2,12,3,7,0,0,0,0,0,0,0,3,11,38,1,2,660.0,1078.0,17,1,7,0.11764705882352941,0.7058823529411765,0.17647058823529413,0,0,-0.045696647687899494,-1.3467531608815462,High-Value Loyalists
11761,1965,Basic,Single,130117.49999999999,0,0,2014-01-24,44,1038,434,516,36,472,134,2,6,23,9,3,0,0,0,0,0,0,0,3,11,50,0,1,342.0,2630.0,38,2,3,0.15789473684210525,0.6052631578947368,0.23684210526315788,0,0,-2.8459288956033637,-1.0558162269427882,High-Value Loyalists
11762,1972,Graduation,Together,88816.0,1,0,2013-05-20,28,287,233,258,168,151,50,3,5,6,3,3,1,1,0,0,0,0,0,3,11,43,1,3,591.0,1147.0,14,3,3,0.35714285714285715,0.42857142857142855,0.21428571428571427,2,0,-0.037131132909794945,-1.4044945310416705,High-Value Loyalists
11763,1968,Graduation,Married,82952.0,1,0,2013-01-29,28,910,2,139,10,275,412,0,10,5,9,5,1,0,0,0,0,0,0,3,11,47,1,3,702.0,1748.0,24,0,5,0.4166666666666667,0.20833333333333334,0.375,1,0,-0.5360688285681657,-0.6638155909484523,High-Value Loyalists
11764,1964,PhD,Single,90469.0,0,0,2012-02-23,15,724,182,547,14,76,54,2,15,4,14,4,0,0,0,0,0,0,0,3,11,51,0,1,1043.0,1597.0,33,2,4,0.45454545454545453,0.12121212121212122,0.42424242424242425,0,0,-2.0703170296281925,-0.16690057031357586,High-Value Loyalists
11765,1960,PhD,Divorced,60295.0,0,0,2014-03-11,49,424,262,554,115,45,401,2,15,5,7,2,0,0,0,1,0,0,0,3,11,55,0,1,296.0,1801.0,27,2,2,0.5555555555555556,0.18518518518518517,0.25925925925925924,1,0,-1.6405385712691558,-0.9106145338431766,High-Value Loyalists
11766,1948,PhD,Married,44669.0,0,1,2012-03-04,25,207,8,430,41,95,74,6,10,3,8,5,0,0,0,0,0,0,0,3,11,67,1,3,1033.0,855.0,21,6,5,0.47619047619047616,0.14285714285714285,0.38095238095238093,0,1,0.8298489704619685,-0.308317172346099,Digital Enthusiasts
11767,1975,Graduation,Together,109558.0,0,0,2012-10-31,16,708,139,561,595,207,136,2,11,17,10,3,1,0,0,1,0,0,0,3,11,40,0,2,792.0,2346.0,38,2,3,0.2894736842105263,0.4473684210526316,0.2631578947368421,2,0,-2.276654471530899,-1.219746632157724,High-Value Loyalists
11768,1959,Graduation,Single,79362.0,0,0,2013-06-26,10,672,207,295,40,98,118,1,10,3,11,4,0,0,0,0,0,0,0,3,11,56,0,1,554.0,1430.0,24,1,4,0.4166666666666667,0.125,0.4583333333333333,0,0,-1.8598753741782872,0.14738149618946728,High-Value Loyalists
11769,1954,Graduation,Together,44056.0,1,0,2013-07-23,49,373,37,160,39,18,27,6,3,2,2,4,0,0,1,1,0,0,0,3,11,61,1,3,527.0,654.0,7,6,4,0.42857142857142855,0.2857142857142857,0.2857142857142857,2,1,1.211416815379467,-0.7323210150005818,Digital Enthusiasts
11770,1979,Master,Widow,49377.0,0,1,2013-08-07,86,173,15,214,41,24,26,8,5,3,3,4,1,1,0,1,0,0,0,3,11,36,1,2,512.0,493.0,11,8,4,0.45454545454545453,0.2727272727272727,0.2727272727272727,3,1,1.0812016912395066,-0.8696822105339681,Digital Enthusiasts
11771,1961,Graduation,Single,49682.0,1,2,2014-01-27,31,64,16,59,8,19,38,5,6,1,5,7,1,1,0,0,1,0,0,3,11,54,3,4,339.0,204.0,12,5,7,0.5,0.08333333333333333,0.4166666666666667,3,1,2.5012491310090383,-0.4446551165870817,Digital Enthusiasts
11772,1960,2n Cycle,Single,42139.0,0,1,2013-04-05,64,113,7,87,51,23,17,8,1,4,7,9,1,0,0,0,1,1,0,3,11,55,1,2,636.0,298.0,12,8,9,0.08333333333333333,0.3333333333333333,0.5833333333333334,3,1,1.2448737186832737,1.0516411382501296,Digital Enthusiasts
11773,1951,Graduation,Together,47476.0,1,0,2014-03-09,58,215,38,98,1,37,187,2,5,3,5,8,0,0,0,1,0,1,0,3,11,64,1,3,298.0,576.0,13,2,8,0.38461538461538464,0.23076923076923078,0.38461538461538464,2,1,0.9165089193538553,-0.2439224243150859,Digital Enthusiasts
11774,1966,2n Cycle,Widow,36223.0,0,2,2013-06-08,36,112,11,100,31,18,1,4,1,2,1,6,0,0,1,0,0,0,0,3,11,49,2,3,572.0,273.0,4,4,6,0.25,0.5,0.25,1,1,1.7693307062216062,-0.9718922775164919,Digital Enthusiasts
11775,1965,2n Cycle,Divorced,32355.0,0,1,2013-02-25,53,45,25,44,19,7,11,7,1,0,2,6,0,0,0,0,0,0,0,3,11,50,1,2,675.0,151.0,3,7,6,0.3333333333333333,0.0,0.6666666666666666,0,1,1.4465239276189494,1.4421827040050228,Digital Enthusiasts
11776,1960,PhD,Single,31144.0,0,1,2012-12-13,38,256,14,111,85,1,12,3,2,1,5,4,0,0,1,0,0,0,0,3,11,55,1,2,749.0,479.0,8,3,4,0.25,0.125,0.625,1,1,0.5461004923451616,1.1688089534559432,Digital Enthusiasts
11777,1972,Master,Together,52747.0,1,0,2013-02-18,40,238,30,366,3,26,193,1,10,1,9,5,0,0,0,0,1,0,0,3,11,43,1,3,682.0,856.0,20,1,5,0.5,0.05,0.45,1,1,0.3501486456021065,-0.1959209822776359,Digital Enthusiasts
11778,1988,Graduation,Married,57656.0,0,0,2013-03-02,35,607,316,550,43,62,119,2,18,8,7,8,0,0,0,1,0,0,0,3,11,27,0,2,670.0,1697.0,33,2,8,0.5454545454545454,0.24242424242424243,0.21212121212121213,1,0,-0.9319089027369764,-1.5362462357019446,High-Value Loyalists
11779,1961,Graduation,Widow,52849.0,0,0,2014-04-30,71,435,48,256,7,24,138,1,7,4,7,7,0,0,0,0,0,1,0,3,11,54,0,1,246.0,908.0,18,1,7,0.3888888888888889,0.2222222222222222,0.3888888888888889,1,0,-0.7948829219233347,-0.05313894296601189,High-Value Loyalists
11780,1958,Master,Married,65830.0,0,0,2012-05-29,11,628,154,271,167,85,193,2,3,3,17,0,1,0,0,0,0,0,0,3,11,57,0,2,947.0,1498.0,23,2,0,0.13043478260869565,0.13043478260869565,0.7391304347826086,1,0,-1.4119329744418971,1.6918284036423277,High-Value Loyalists
11781,1976,Graduation,Single,39705.0,0,1,2013-02-23,54,237,9,121,41,32,4,5,2,3,9,8,0,0,0,0,0,0,0,3,11,39,1,2,677.0,444.0,14,5,8,0.14285714285714285,0.21428571428571427,0.6428571428571429,0,1,0.9267462794238,1.223824761098544,Digital Enthusiasts
11782,1986,Master,Single,68122.0,0,0,2012-04-22,29,672,86,397,55,70,398,2,1,18,6,4,0,0,0,0,1,0,0,3,11,29,0,1,984.0,1678.0,25,2,4,0.04,0.72,0.24,1,0,-1.6969582294366312,-1.0091803815406224,High-Value Loyalists
11783,1962,Graduation,Single,126465.0,0,0,2012-01-04,57,582,133,552,346,377,67,1,9,3,21,3,0,0,1,0,0,0,0,3,11,53,0,1,1086.6599999999999,2057.0,33,1,3,0.2727272727272727,0.09090909090909091,0.6363636363636364,1,0,-2.536391467499888,0.9900391311881201,High-Value Loyalists
11784,1980,Graduation,Divorced,56867.0,1,0,2013-02-13,27,743,30,113,13,38,599,5,13,6,8,2,0,0,0,0,0,0,0,3,11,35,1,2,687.0,1536.0,27,5,2,0.48148148148148145,0.2222222222222222,0.2962962962962963,0,0,-0.3351270581619143,-0.9569452209080215,High-Value Loyalists
11785,1951,Graduation,Married,55172.0,0,0,2013-03-12,32,240,18,136,109,23,30,6,3,1,5,7,0,0,0,0,0,0,0,3,11,64,0,2,660.0,556.0,9,6,7,0.3333333333333333,0.1111111111111111,0.5555555555555556,0,1,0.2923394149785779,0.9021775844079646,Digital Enthusiasts
11786,1972,2n Cycle,Together,69195.0,1,0,2012-09-20,20,349,111,267,263,43,113,1,4,2,12,7,1,0,0,0,0,0,0,3,11,43,1,3,833.0,1146.0,18,1,7,0.2222222222222222,0.1111111111111111,0.6666666666666666,1,1,0.08397637505944258,1.0065123129609617,Digital Enthusiasts
11787,1976,Master,Married,36119.0,0,2,2013-06-27,40,90,18,67,16,7,20,5,1,0,3,8,0,0,0,0,0,0,0,3,11,39,2,4,553.0,218.0,4,5,8,0.25,0.0,0.75,0,1,2.6232406494008997,1.5247491126145325,Digital Enthusiasts
11788,1962,Master,Together,60347.0,0,1,2012-01-15,39,212,118,250,157,94,45,4,7,1,12,7,0,0,0,0,0,0,0,3,11,53,1,3,1082.0,876.0,20,4,7,0.35,0.05,0.6,0,1,0.6961584441634667,0.7599772972351034,Digital Enthusiasts
11789,1963,Master,Together,105094.0,0,0,2013-10-31,9,412,164,440,87,24,333,0,4,6,20,4,0,0,0,0,0,1,0,3,11,52,0,2,427.0,1460.0,30,0,4,0.13333333333333333,0.2,0.6666666666666666,1,0,-1.9518648430383594,1.1634591847540297,High-Value Loyalists
11790,1976,Master,Widow,40572.0,0,1,2013-01-09,58,214,21,62,43,11,142,7,4,3,3,5,0,0,0,0,0,0,0,3,11,39,1,2,722.0,493.0,10,7,5,0.4,0.3,0.3,0,1,1.084392699695611,-0.6515059715305574,Digital Enthusiasts
11791,1976,Graduation,Together,61760.0,0,0,2012-03-12,9,593,60,292,7,10,58,3,3,2,12,6,0,0,0,0,0,0,0,3,11,39,0,2,1025.0,1020.0,17,3,6,0.17647058823529413,0.11764705882352941,0.7058823529411765,0,0,-0.5817047908982089,1.425497840317205,High-Value Loyalists
11792,1977,2n Cycle,Single,83789.0,0,0,2014-04-16,40,844,113,605,24,137,192,1,13,6,10,1,0,0,0,1,1,1,0,3,11,38,0,1,260.0,1915.0,29,1,1,0.4482758620689655,0.20689655172413793,0.3448275862068966,3,0,-2.2442828340657317,-0.6542730510478615,High-Value Loyalists
11793,1974,Graduation,Married,28906.0,1,2,2013-06-01,58,123,56,47,25,77,45,6,7,1,1,6,0,0,0,0,0,0,0,3,11,41,3,5,579.0,373.0,9,6,6,0.7777777777777778,0.1111111111111111,0.1111111111111111,0,1,3.6280995584663684,-2.226029100005319,Digital Enthusiasts
11794,1948,PhD,Divorced,44259.0,1,1,2013-02-28,87,113,15,396,38,37,28,2,4,1,6,1,1,0,0,0,0,0,0,3,11,67,2,3,672.0,627.0,11,2,1,0.36363636363636365,0.09090909090909091,0.5454545454545454,1,1,1.2727055231237359,0.6422527974665985,Digital Enthusiasts
11795,1973,Master,Single,57397.0,0,0,2013-07-03,48,133,79,190,3,94,528,1,7,1,10,6,0,0,1,0,0,0,0,3,11,42,0,1,547.0,1027.0,18,1,6,0.3888888888888889,0.05555555555555555,0.5555555555555556,1,0,-1.0426028390755522,0.6726238428345783,High-Value Loyalists
11796,1978,2n Cycle,Widow,30350.0,0,1,2013-05-11,66,84,100,29,2,34,28,5,4,2,3,12,0,0,0,0,0,0,0,3,11,37,1,2,600.0,277.0,9,5,12,0.4444444444444444,0.2222222222222222,0.3333333333333333,0,1,1.5133514074651218,-0.5216971802062746,Digital Enthusiasts
11797,1987,PhD,Divorced,70978.0,0,1,2013-09-03,82,1262,36,212,11,45,50,1,8,6,11,4,0,1,0,0,0,0,0,3,11,28,1,2,485.0,1616.0,25,1,4,0.32,0.24,0.44,1,0,-0.4702498228632124,-0.19116237279697576,High-Value Loyalists
11798,1971,PhD,Divorced,48275.0,1,1,2013-10-16,67,137,14,15,4,28,19,5,1,2,3,2,0,0,0,0,0,0,0,3,11,44,2,3,442.0,217.0,6,5,2,0.16666666666666666,0.3333333333333333,0.5,0,1,1.765291688534079,0.4269878280324424,Digital Enthusiasts
11799,1967,Graduation,Widow,31689.0,0,1,2012-09-02,53,27,15,133,63,24,4,6,3,1,3,11,0,0,0,0,0,0,0,3,11,48,1,2,851.0,266.0,7,6,11,0.42857142857142855,0.14285714285714285,0.42857142857142855,0,1,1.49899506653054,0.05853201730872043,Digital Enthusiasts
11800,1968,Graduation,Married,40216.0,0,1,2013-08-04,38,141,14,91,11,14,10,9,3,0,4,6,0,0,0,1,1,0,0,3,11,47,1,3,515.0,281.0,7,9,6,0.42857142857142855,0.0,0.5714285714285714,2,1,1.77179011816005,0.7086839702035784,Digital Enthusiasts
11801,1976,PhD,Single,30900.0,1,1,2013-11-20,89,106,43,77,8,13,142,2,1,2,5,3,0,0,0,0,0,0,0,3,11,39,2,3,407.0,389.0,8,2,3,0.125,0.25,0.625,0,1,1.7319736058743695,1.0644101770053815,Digital Enthusiasts
11802,1964,Master,Together,84675.0,0,0,2012-05-04,5,769,67,619,61,123,191,1,7,13,12,1,1,1,0,0,0,0,0,3,11,51,0,2,972.0,1830.0,32,1,1,0.21875,0.40625,0.375,2,0,-2.039278092117807,-0.4510188084303244,High-Value Loyalists
11803,1959,Graduation,Together,33100.0,1,1,2013-12-11,32,173,94,170,41,42,36,6,4,0,2,9,0,0,0,1,0,0,0,3,11,56,2,4,386.0,556.0,6,6,9,0.6666666666666666,0.0,0.3333333333333333,1,1,2.576070351713443,-0.7919109764692263,Digital Enthusiasts
11804,1970,Graduation,Together,42861.0,0,1,2012-11-08,33,84,4,138,29,1,8,3,1,5,6,9,0,0,0,0,0,0,0,3,11,45,1,3,784.0,264.0,12,3,9,0.08333333333333333,0.4166666666666667,0.5,0,1,1.1670676036865015,0.4034846968592867,Digital Enthusiasts
11805,1985,PhD,Widow,33176.0,0,1,2012-05-03,41,106,2,35,18,1,95,8,4,0,4,6,0,0,1,0,0,0,0,3,11,30,1,2,973.0,257.0,8,8,6,0.5,0.0,0.5,1,1,1.3357775188736316,0.2579313562981904,Digital Enthusiasts
11806,1965,Graduation,Widow,110183.0,1,0,2013-10-01,28,493,41,498,300,62,386,3,4,5,22,2,0,0,0,1,1,1,0,3,11,50,1,2,457.0,1780.0,31,3,2,0.12903225806451613,0.16129032258064516,0.7096774193548387,3,0,-1.439466374663771,1.298300107936934,High-Value Loyalists
11807,1961,Graduation,Single,61883.0,0,1,2013-11-25,32,101,118,107,26,129,217,1,5,5,6,1,0,0,0,0,0,0,0,3,11,54,1,2,402.0,698.0,16,1,1,0.3125,0.3125,0.375,0,0,-0.3827666841191113,-0.25708884194340953,High-Value Loyalists
11808,1988,Master,Widow,57081.0,0,0,2013-05-14,49,238,105,201,8,47,177,2,3,1,8,4,0,0,1,0,0,0,0,3,11,27,0,1,597.0,776.0,12,2,4,0.25,0.08333333333333333,0.6666666666666666,1,0,-0.8118891650667228,1.2801593553653068,High-Value Loyalists
11809,1966,Graduation,Together,70046.0,0,0,2013-07-08,4,457,16,470,80,37,493,0,8,6,10,2,0,0,0,0,1,0,0,3,11,49,0,2,542.0,1553.0,24,0,2,0.3333333333333333,0.25,0.4166666666666667,1,0,-1.6134069352729172,-0.1989725034378975,High-Value Loyalists
11810,1979,2n Cycle,Divorced,68376.0,0,0,2013-02-11,18,949,38,397,169,143,75,5,12,3,11,5,0,1,0,0,0,1,0,3,11,36,0,1,689.0,1771.0,26,5,5,0.46153846153846156,0.11538461538461539,0.4230769230769231,2,0,-1.4205912845303856,-0.21256096481193784,High-Value Loyalists
11811,1977,Master,Married,77745.0,1,0,2013-01-27,41,447,362,272,18,21,15,4,12,1,7,10,1,0,1,0,0,1,0,3,11,38,1,3,704.0,1135.0,20,4,10,0.6,0.05,0.35,3,1,0.5341426199599273,-0.8964837216002642,Digital Enthusiasts
11812,1970,Graduation,Married,40135.0,1,1,2012-10-20,36,111,21,43,34,17,7,9,7,2,1,6,0,0,0,0,1,0,0,3,11,45,2,4,803.0,233.0,10,9,6,0.7,0.2,0.1,1,1,2.70922632434159,-2.092594750704988,Digital Enthusiasts
11813,1968,Graduation,Married,101713.0,0,0,2013-12-02,8,686,346,380,311,67,42,1,5,8,15,1,0,1,0,0,1,0,0,3,11,47,0,2,395.0,1832.0,28,1,1,0.17857142857142858,0.2857142857142857,0.5357142857142857,2,0,-2.0933919913970356,0.41421532105063374,High-Value Loyalists
11814,1953,Graduation,Single,69214.0,1,0,2013-03-16,18,209,11,370,20,155,354,1,9,7,5,2,0,0,1,0,0,0,0,3,11,62,1,2,656.0,1119.0,21,1,2,0.42857142857142855,0.3333333333333333,0.23809523809523808,1,0,-0.7846285064850255,-1.099443846621999,High-Value Loyalists
11815,1961,2n Cycle,Divorced,35733.0,0,1,2012-04-24,56,135,85,127,5,70,30,3,1,0,2,9,0,0,0,0,0,0,0,3,11,54,1,2,982.0,452.0,3,3,9,0.3333333333333333,0.0,0.6666666666666666,0,1,1.0713943226515792,1.3646794378361797,Digital Enthusiasts
11816,1972,Graduation,Married,35658.0,1,1,2012-08-04,56,106,16,73,1,1,7,9,1,1,2,13,1,0,0,1,1,0,0,3,11,43,2,4,880.0,204.0,4,9,13,0.25,0.25,0.5,3,1,3.2665402760483992,0.2040986073395966,Digital Enthusiasts
11817,1980,PhD,Married,71402.0,1,0,2012-11-17,35,485,77,270,52,16,53,0,8,9,4,4,0,0,0,0,0,0,0,3,11,35,1,3,775.0,953.0,21,0,4,0.38095238095238093,0.42857142857142855,0.19047619047619047,0,0,-0.06223988987653961,-1.591219694693069,High-Value Loyalists
11818,1983,Master,Widow,54970.0,1,1,2013-11-02,64,994,80,420,505,19,274,4,6,10,20,2,0,0,0,0,0,0,0,3,11,32,2,3,425.0,2292.0,36,4,2,0.16666666666666666,0.2777777777777778,0.5555555555555556,0,1,0.279931582612928,0.35697716931087964,Digital Enthusiasts
11819,1986,Graduation,Together,47983.0,0,1,2014-03-14,64,61,20,137,3,7,79,6,3,1,1,7,0,1,0,0,0,0,0,3,11,29,1,3,293.0,307.0,5,6,7,0.6,0.2,0.2,1,1,1.7165786543797423,-1.4382793526746727,Digital Enthusiasts
11820,1951,Graduation,Divorced,55900.0,0,1,2012-05-29,52,222,43,162,67,21,45,3,4,3,3,8,0,1,0,0,0,0,0,3,11,64,1,2,947.0,560.0,10,3,8,0.4,0.3,0.3,1,1,0.519715320710391,-0.6147391674941125,Digital Enthusiasts
11821,1961,Graduation,Married,68421.0,1,0,2012-05-08,67,654,157,378,142,130,49,1,8,2,6,5,0,0,0,0,0,0,0,3,11,54,1,3,968.0,1510.0,16,1,5,0.5,0.125,0.375,0,1,0.2635373931732037,-0.5085838132967023,Digital Enthusiasts
11822,1968,Master,Single,43597.0,0,1,2013-04-13,79,144,5,122,35,76,29,4,2,1,3,4,1,0,0,0,0,0,0,3,11,47,1,2,628.0,411.0,6,4,4,0.3333333333333333,0.16666666666666666,0.5,1,1,0.8741672741359401,0.47997019960687604,Digital Enthusiasts
11823,1966,Basic,Together,53632.0,1,2,2014-04-15,41,49,3,66,13,26,69,4,2,4,5,5,0,0,0,0,0,0,0,3,11,49,3,5,261.0,226.0,11,4,5,0.18181818181818182,0.36363636363636365,0.45454545454545453,0,1,2.9096556472211583,-0.12206174895455135,Digital Enthusiasts
11824,1975,Basic,Divorced,39322.0,1,2,2012-09-16,76,95,17,116,43,10,23,5,1,3,2,5,0,0,1,0,0,0,0,3,11,40,3,4,837.0,304.0,6,5,5,0.16666666666666666,0.5,0.3333333333333333,1,1,2.9364303585692504,-0.6822305952708854,Digital Enthusiasts
11825,1968,Graduation,Divorced,87988.0,0,0,2013-07-20,67,918,122,1115,37,434,76,1,8,7,25,0,0,1,1,0,0,0,0,3,11,47,0,1,530.0,2702.0,40,1,0,0.2,0.175,0.625,2,0,-2.657095743299074,0.9615432320659552,High-Value Loyalists
11826,1964,Master,Married,51384.0,0,2,2013-10-12,97,54,32,85,2,4,3,7,0,0,0,9,0,0,1,1,0,1,0,3,11,51,2,4,446.0,180.0,2,7,9,0.0,0.0,0.0,3,1,3.0196243915036334,-0.4101326744620045,Digital Enthusiasts
11827,1961,PhD,Together,78878.0,1,0,2012-01-07,59,620,152,149,23,63,149,1,5,3,7,3,1,0,0,0,0,1,0,3,11,54,1,3,1086.6599999999999,1156.0,15,1,3,0.3333333333333333,0.2,0.4666666666666667,2,1,0.020189489821704345,0.005578678331356751,Digital Enthusiasts
11828,1942,2n Cycle,Single,48767.0,1,0,2012-11-24,60,162,7,92,82,4,60,4,1,2,10,3,0,0,0,0,0,0,0,3,11,73,1,2,768.0,407.0,13,4,3,0.07692307692307693,0.15384615384615385,0.7692307692307693,0,1,0.4619681213729133,2.1717288304318307,Digital Enthusiasts
11829,1971,PhD,Married,65067.0,1,0,2012-05-19,44,119,28,411,34,36,163,1,4,4,9,4,0,0,0,0,0,0,0,3,11,44,1,3,957.0,791.0,17,1,4,0.23529411764705882,0.23529411764705882,0.5294117647058824,0,1,0.2859529672653084,0.3802642594831166,Digital Enthusiasts
11830,1977,Graduation,Married,67590.0,0,1,2014-06-08,70,231,287,365,16,24,5,1,6,1,7,2,0,0,0,0,0,0,0,3,11,38,1,3,207.0,928.0,14,1,2,0.42857142857142855,0.07142857142857142,0.5,0,1,0.38231701800018586,0.1750687736807301,Digital Enthusiasts
11831,1952,Graduation,Widow,55902.0,0,0,2012-02-16,22,377,76,111,108,44,29,0,7,2,4,6,0,0,0,0,0,0,0,3,11,63,0,1,1050.0,745.0,13,0,6,0.5384615384615384,0.15384615384615385,0.3076923076923077,0,0,-1.084614904043253,-0.5686647871535305,High-Value Loyalists
11832,1984,2n Cycle,Married,49554.0,0,0,2012-04-27,65,284,111,479,58,18,68,2,3,6,9,5,0,0,0,0,0,0,0,3,11,31,0,2,979.0,1018.0,18,2,5,0.16666666666666666,0.3333333333333333,0.5,0,0,-0.2844297843240689,0.377816473672421,High-Value Loyalists
11833,1978,Master,Divorced,66110.0,0,0,2013-11-25,30,488,201,386,134,98,180,1,4,7,10,0,0,0,0,1,0,1,0,3,11,37,0,1,402.0,1487.0,21,1,0,0.19047619047619047,0.3333333333333333,0.47619047619047616,2,0,-1.8615542906756644,0.257952021566356,High-Value Loyalists
11834,1976,Graduation,Single,75364.0,1,0,2012-05-22,7,612,157,908,41,136,83,0,7,9,9,3,0,0,1,0,0,0,0,3,11,39,1,2,954.0,1937.0,25,0,3,0.28,0.36,0.36,1,0,-1.2877723003474564,-0.6750540801441983,High-Value Loyalists
11835,1966,2n Cycle,Widow,74207.0,1,0,2012-08-16,1,371,30,282,42,358,146,1,7,1,14,1,0,0,0,0,0,0,0,3,11,49,1,2,868.0,1229.0,22,1,1,0.3181818181818182,0.045454545454545456,0.6363636363636364,0,0,-0.9736513772766027,0.9256509957826095,High-Value Loyalists
11836,1969,Master,Single,79126.0,0,0,2013-05-13,0,1217,209,333,47,273,157,2,9,4,24,3,0,1,0,1,0,1,0,3,11,46,0,1,598.0,2236.0,37,2,3,0.24324324324324326,0.10810810810810811,0.6486486486486487,3,0,-2.545807113615666,0.9892338351724815,High-Value Loyalists
11837,1989,Graduation,Married,73798.0,1,0,2013-05-27,50,381,299,967,19,6,97,3,5,9,17,3,0,0,1,0,1,0,0,3,11,26,1,3,584.0,1769.0,31,3,3,0.16129032258064516,0.2903225806451613,0.5483870967741935,2,0,-0.29532085419982435,0.2718358705224904,High-Value Loyalists
11838,1972,Graduation,Divorced,36738.0,1,2,2014-06-17,99,135,6,76,45,7,3,4,3,1,6,10,0,0,0,0,0,0,0,3,11,43,3,4,205.34,272.0,10,4,10,0.3,0.1,0.6,0,1,3.2792250552502593,0.7171150653824341,Digital Enthusiasts
11839,1974,Graduation,Divorced,39522.0,0,1,2014-02-04,47,109,33,19,77,21,0,3,1,1,1,5,0,0,0,0,1,0,0,3,11,41,1,2,331.0,259.0,3,3,5,0.3333333333333333,0.3333333333333333,0.3333333333333333,1,1,0.772842231209738,-0.45203400075603073,Digital Enthusiasts
11840,1976,PhD,Together,70453.0,0,0,2014-01-23,9,1079,170,599,52,117,173,0,13,4,18,3,0,0,0,0,0,0,0,3,11,39,0,2,343.0,2190.0,35,0,3,0.37142857142857144,0.11428571428571428,0.5142857142857142,0,0,-1.8981230473268824,0.17592368077905862,High-Value Loyalists
11841,1974,PhD,Together,34649.0,1,2,2014-03-22,84,39,5,67,6,6,5,1,1,1,3,9,0,0,0,0,1,0,0,3,11,41,3,5,285.0,142.34,5,1,9,0.2,0.2,0.6,1,1,3.4207055469301473,0.6078052170809418,Digital Enthusiasts
11842,1969,Basic,Single,101216.0,0,0,2013-05-17,30,1052,312,597,44,82,243,1,9,11,17,1,0,0,0,0,0,0,0,3,11,46,0,1,594.0,2330.0,37,1,1,0.24324324324324326,0.2972972972972973,0.4594594594594595,0,0,-2.699901732278149,0.06585170440924853,High-Value Loyalists
11843,1958,Graduation,Single,57656.0,0,0,2014-01-26,79,689,160,885,82,128,71,3,5,7,20,3,0,1,1,0,1,0,0,3,11,57,0,1,340.0,2015.0,32,3,3,0.15625,0.21875,0.625,3,0,-1.5799805890860796,1.1997180464086206,High-Value Loyalists
11844,1959,Graduation,Together,77859.0,0,0,2013-09-28,6,917,20,78,381,256,161,1,7,8,11,2,0,0,1,1,0,0,0,3,11,56,0,2,460.0,1813.0,26,1,2,0.2692307692307692,0.3076923076923077,0.4230769230769231,2,0,-1.7709652257481034,-0.11929969477303709,High-Value Loyalists
11845,1987,Graduation,Divorced,39249.0,0,1,2013-03-28,72,65,15,38,9,4,137,6,0,0,1,6,0,0,0,0,0,0,0,3,11,28,1,2,644.0,268.0,2,6,6,0.0,0.0,1.0,0,1,1.3854212220856046,3.2045293491031033,Digital Enthusiasts
11846,1993,Graduation,Widow,100903.0,1,1,2014-04-23,77,750,178,364,56,20,158,4,11,8,10,2,0,1,0,1,1,0,0,3,11,22,2,3,253.0,1526.0,29,4,2,0.3793103448275862,0.27586206896551724,0.3448275862068966,3,1,0.20518321313605198,-0.9846535349369435,Digital Enthusiasts
11847,1971,Master,Married,37866.0,0,1,2012-05-08,34,130,120,92,85,15,81,0,6,2,4,14,0,0,0,1,1,1,0,3,11,44,1,3,968.0,523.0,12,0,14,0.5,0.16666666666666666,0.3333333333333333,3,1,1.0282385818626798,-0.8520412959129664,Digital Enthusiasts
11848,1977,Master,Divorced,56585.0,1,0,2012-12-11,30,580,15,852,16,58,144,2,11,2,10,5,1,0,1,0,0,0,0,3,11,38,1,2,751.0,1665.0,23,2,5,0.4782608695652174,0.08695652173913043,0.43478260869565216,2,0,-0.5043410735988942,-0.3009413714724174,High-Value Loyalists
11849,1968,2n Cycle,Single,36702.0,1,1,2012-11-08,50,71,7,10,13,2,22,5,2,2,4,5,0,0,0,0,0,0,0,3,11,47,2,3,784.0,142.34,8,5,5,0.25,0.25,0.5,0,1,1.9265352718409061,0.36118704676529745,Digital Enthusiasts
11850,1982,PhD,Married,66209.0,0,1,2013-05-03,54,383,179,316,171,271,104,4,3,12,8,6,0,0,0,1,0,0,0,3,11,33,1,3,608.0,1424.0,23,4,6,0.13043478260869565,0.5217391304347826,0.34782608695652173,1,1,0.3716398515419633,-0.6154873359644956,Digital Enthusiasts
11851,1961,Graduation,Together,50451.0,0,1,2012-10-28,79,933,109,173,87,326,19,3,6,0,19,7,0,1,0,0,0,0,0,3,11,54,1,3,795.0,1647.0,25,3,7,0.24,0.0,0.76,1,1,0.5344464875928898,1.6510805088335896,Digital Enthusiasts
11852,1972,Graduation,Widow,37762.0,1,1,2013-01-16,43,163,42,81,5,40,24,8,4,1,1,5,0,0,0,0,0,0,0,3,11,43,2,3,715.0,355.0,6,8,5,0.6666666666666666,0.16666666666666666,0.16666666666666666,0,1,2.2213934935020347,-1.6020964451678399,Digital Enthusiasts
11853,1975,PhD,Married,28471.0,1,1,2014-06-10,99,60,28,51,39,0,2,7,2,0,5,3,0,0,1,0,0,0,0,3,11,40,2,4,205.34,180.0,7,7,3,0.2857142857142857,0.0,0.7142857142857143,1,1,2.9168030246317938,1.4548841067458094,Digital Enthusiasts
11854,1941,PhD,Married,42893.0,1,0,2013-11-07,53,189,17,221,29,132,101,6,4,1,6,5,0,0,0,0,0,0,0,3,11,74,1,3,420.0,689.0,11,6,5,0.36363636363636365,0.09090909090909091,0.5454545454545454,0,1,1.2757743526251475,0.7992300998636115,Digital Enthusiasts
11855,1956,Graduation,Divorced,50470.0,1,0,2013-12-27,39,146,99,48,15,1,72,3,3,2,2,3,0,1,0,1,1,0,0,3,11,59,1,2,370.0,381.0,7,3,3,0.42857142857142855,0.2857142857142857,0.2857142857142857,3,1,0.2645783235240964,-0.7174718853436426,Digital Enthusiasts
11856,1978,2n Cycle,Single,62887.0,0,0,2012-11-12,69,392,343,621,154,77,250,4,21,7,5,8,0,1,0,0,1,0,0,3,11,37,0,1,780.0,1837.0,33,4,8,0.6363636363636364,0.21212121212121213,0.15151515151515152,2,0,-1.147719992338892,-1.7109500872033203,High-Value Loyalists
11857,1958,2n Cycle,Together,58041.0,0,0,2012-10-17,41,209,287,221,1,40,42,4,5,3,6,4,0,0,0,0,0,0,0,3,11,57,0,2,806.0,800.0,14,4,4,0.35714285714285715,0.21428571428571427,0.42857142857142855,0,0,-0.23156787576165275,0.12009403851775463,High-Value Loyalists
11858,1979,Master,Divorced,62739.0,1,0,2013-04-08,29,429,6,486,185,25,53,1,5,9,6,4,0,0,0,0,0,0,0,3,11,36,1,2,633.0,1184.0,20,1,4,0.25,0.45,0.3,0,0,-0.4712222729680757,-0.8268805768539753,High-Value Loyalists
11859,1973,Graduation,Single,65798.0,0,0,2013-01-06,26,262,40,294,114,66,54,2,6,2,8,5,0,1,0,0,1,0,0,3,11,42,0,1,725.0,830.0,16,2,5,0.375,0.125,0.5,2,0,-1.1610443583643242,0.3459664391745848,High-Value Loyalists
11860,1966,Graduation,Together,45398.0,1,1,2013-08-09,99,67,37,92,17,14,1,8,1,1,3,9,0,0,0,0,0,0,0,3,11,49,2,4,510.0,228.0,5,8,9,0.2,0.2,0.6,0,1,3.210946802704466,0.9375222555716592,Digital Enthusiasts
11861,1948,Master,Divorced,50978.0,1,0,2012-09-01,30,545,178,95,18,78,176,6,1,6,10,7,0,0,0,0,0,0,0,3,11,67,1,2,852.0,1090.0,17,6,7,0.058823529411764705,0.35294117647058826,0.5882352941176471,0,1,0.3659032295889674,1.0946038689320507,Digital Enthusiasts
11862,1951,Graduation,Widow,56321.0,0,0,2012-05-07,76,131,100,183,114,50,67,2,2,9,4,4,0,0,1,1,0,0,0,3,11,64,0,1,969.0,645.0,15,2,4,0.13333333333333333,0.6,0.26666666666666666,2,0,-0.8238375201667729,-0.5026705615864073,High-Value Loyalists
11863,1970,Graduation,Single,34099.0,0,1,2012-12-29,40,69,3,46,12,11,85,4,1,0,1,7,0,0,0,0,0,0,0,3,11,45,1,2,733.0,226.0,2,4,7,0.5,0.0,0.5,0,1,1.110622716768681,0.3736901041163604,Digital Enthusiasts
11864,1971,Master,Divorced,42606.0,1,1,2014-01-08,44,45,18,54,26,18,20,3,3,2,2,7,0,0,0,0,0,0,0,3,11,44,2,3,358.0,181.0,7,3,7,0.42857142857142855,0.2857142857142857,0.2857142857142857,0,1,1.7576242789318888,-0.9031909021590193,Digital Enthusiasts
11865,1958,Graduation,Married,56058.0,0,0,2012-03-13,50,85,59,55,82,13,10,4,2,1,3,7,0,0,0,0,0,0,0,3,11,57,0,2,1024.0,304.0,6,4,7,0.3333333333333333,0.16666666666666666,0.5,0,1,0.34479691361944464,0.5576762361727172,Digital Enthusiasts
11866,1951,Graduation,Married,61831.0,0,1,2012-03-16,62,168,92,62,44,9,10,5,6,2,5,7,0,0,1,0,0,0,0,3,11,64,1,3,1021.0,385.0,13,5,7,0.46153846153846156,0.15384615384615385,0.38461538461538464,1,1,1.180934760409599,-0.26831421838393954,Digital Enthusiasts
11867,1950,Graduation,Married,103804.0,0,0,2014-01-21,0,965,205,537,186,78,11,0,14,5,14,2,0,0,0,0,0,0,0,3,11,65,0,2,345.0,1982.0,33,0,2,0.42424242424242425,0.15151515151515152,0.42424242424242425,0,0,-2.2833266710538926,-0.17748316081115573,High-Value Loyalists
11868,1962,Graduation,Together,42748.0,0,2,2012-12-08,46,158,8,167,19,15,39,6,3,4,4,16,0,0,0,0,0,0,0,3,11,53,2,4,754.0,406.0,11,6,16,0.2727272727272727,0.36363636363636365,0.36363636363636365,0,1,2.869254864212661,-0.48928024483441857,Digital Enthusiasts
11869,1951,Graduation,Together,50986.0,1,0,2013-04-24,74,355,55,51,19,5,16,0,2,0,3,9,0,0,0,0,0,0,0,3,11,64,1,3,617.0,501.0,5,0,9,0.4,0.0,0.6,0,1,1.1374526401749043,0.9300995567493459,Digital Enthusiasts
11870,1971,Master,Widow,68263.0,1,0,2013-11-20,60,401,236,363,478,297,313,0,14,3,16,3,0,1,1,0,0,1,0,3,11,44,1,2,407.0,2088.0,33,0,3,0.42424242424242425,0.09090909090909091,0.48484848484848486,3,0,-1.1685060047975184,-0.03451292024092968,High-Value Loyalists
11871,1984,Graduation,Widow,80406.0,0,0,2013-06-28,31,377,136,274,14,65,9,3,7,2,3,5,0,0,1,0,0,0,0,3,11,31,0,1,552.0,875.0,12,3,5,0.5833333333333334,0.16666666666666666,0.25,1,0,-1.0122284760317326,-1.1070068604845489,High-Value Loyalists
11872,1956,Graduation,Divorced,45642.0,0,0,2014-05-24,26,104,36,204,44,88,91,2,6,3,2,6,1,0,0,0,0,0,0,3,11,59,0,1,222.0,567.0,11,2,6,0.5454545454545454,0.2727272727272727,0.18181818181818182,1,0,-0.6928665541257698,-1.163872296685127,High-Value Loyalists
11873,1946,Graduation,Widow,45859.0,1,1,2012-06-26,56,167,36,59,24,11,115,3,1,0,1,7,0,0,0,0,1,0,0,3,11,69,2,3,919.0,412.0,2,3,7,0.5,0.0,0.5,1,1,1.7752857333928542,0.3256927409668857,Digital Enthusiasts
11874,1942,Graduation,Widow,53922.0,1,1,2014-01-14,70,282,156,136,252,19,58,1,1,3,8,3,0,0,0,0,0,0,0,3,11,73,2,3,352.0,903.0,12,1,3,0.08333333333333333,0.25,0.6666666666666666,0,1,0.9511525020608129,1.4337378764170834,Digital Enthusiasts
11875,1978,Graduation,Single,41291.0,1,1,2013-02-10,61,316,11,215,31,15,34,4,5,3,8,5,0,0,0,0,0,1,0,3,11,37,2,3,690.0,622.0,16,4,5,0.3125,0.1875,0.5,1,1,1.501998788055937,0.16777339297872695,Digital Enthusiasts
11876,1981,Graduation,Together,55123.0,0,0,2012-04-23,68,252,53,76,7,112,88,1,6,2,5,6,0,0,0,0,0,1,0,3,11,34,0,2,983.0,588.0,13,1,6,0.46153846153846156,0.15384615384615385,0.38461538461538464,1,0,-0.13119884346181898,-0.36401890962031513,High-Value Loyalists
11877,1960,Master,Single,64035.0,0,0,2013-02-20,32,306,79,255,16,113,239,3,4,7,6,3,0,0,0,0,0,0,0,3,11,55,0,1,680.0,1008.0,17,3,3,0.23529411764705882,0.4117647058823529,0.35294117647058826,0,0,-1.1592314915681956,-0.18342722575430523,High-Value Loyalists
11878,1971,2n Cycle,Married,37292.0,0,2,2013-03-26,29,192,17,120,1,4,119,5,2,3,2,7,0,0,0,1,0,0,0,3,11,44,2,4,646.0,453.0,7,5,7,0.2857142857142857,0.42857142857142855,0.2857142857142857,1,1,2.2630358935080674,-0.961462707790924,Digital Enthusiasts
11879,1957,Graduation,Divorced,27096.26,0,2,2012-03-27,44,46,20,65,3,7,21,10,2,0,1,8,0,0,0,0,0,0,0,3,11,58,2,3,1010.0,162.0,3,10,8,0.6666666666666666,0.0,0.3333333333333333,0,1,2.8204193859861206,-0.5794565686414936,Digital Enthusiasts
11880,1970,Graduation,Widow,36367.0,0,1,2013-03-11,58,90,16,174,6,2,60,1,3,1,6,6,0,0,0,0,1,0,0,3,11,45,1,2,661.0,348.0,10,1,6,0.3,0.1,0.6,1,1,0.5434843561433018,0.9232412256524903,Digital Enthusiasts
11881,1970,Master,Widow,36823.0,1,2,2012-01-28,42,70,35,177,60,30,73,2,7,1,2,6,1,1,0,0,0,0,0,3,11,45,3,4,1069.0,445.0,10,2,6,0.7,0.1,0.2,2,1,2.383235581250953,-1.7791041710629143,Digital Enthusiasts
11882,1980,Master,Together,62949.0,1,1,2013-08-22,26,402,51,391,18,132,191,0,8,1,16,3,0,0,1,0,1,0,0,3,11,35,2,4,497.0,1185.0,25,0,3,0.32,0.04,0.64,2,1,0.6176082775319001,0.5772707766390947,Digital Enthusiasts
11883,1964,Graduation,Single,50439.0,0,1,2013-07-10,79,150,35,88,13,46,14,6,4,2,2,7,0,1,0,0,0,1,0,3,11,51,1,2,540.0,346.0,8,6,7,0.5,0.25,0.25,2,1,1.1137664870938069,-0.9108267957825212,Digital Enthusiasts
11884,1967,2n Cycle,Widow,50970.0,0,0,2012-04-20,20,738,809,513,38,12,135,4,16,2,18,8,0,1,0,0,0,0,0,3,11,48,0,1,986.0,2245.0,36,4,8,0.4444444444444444,0.05555555555555555,0.5,1,0,-1.5206485502575755,0.22813343264432454,High-Value Loyalists
11885,1986,Graduation,Divorced,55117.0,0,1,2013-05-29,8,871,400,668,180,24,269,3,14,9,11,5,0,0,1,0,0,0,0,3,11,29,1,2,582.0,2412.0,34,3,5,0.4117647058823529,0.2647058823529412,0.3235294117647059,1,0,-0.9631823085411785,-0.981739599803794,High-Value Loyalists
11886,1969,2n Cycle,Married,53376.0,0,0,2012-08-27,45,730,28,746,42,107,203,0,5,8,15,4,0,0,0,0,0,0,0,3,11,46,0,2,857.0,1856.0,28,0,4,0.17857142857142858,0.2857142857142857,0.5357142857142857,0,0,-1.227086713954912,0.5300068825609333,High-Value Loyalists
11887,1959,2n Cycle,Married,81747.0,0,0,2013-08-04,42,769,36,140,428,101,77,0,2,1,24,1,0,0,1,0,0,1,0,3,11,56,0,2,515.0,1551.0,27,0,1,0.07407407407407407,0.037037037037037035,0.8888888888888888,2,0,-1.6788575654098084,2.4643020803376867,High-Value Loyalists
11888,1955,2n Cycle,Widow,48044.0,0,1,2012-07-31,29,147,18,172,7,6,87,5,4,2,3,2,0,0,0,0,0,0,0,3,11,60,1,2,884.0,437.0,9,5,2,0.4444444444444444,0.2222222222222222,0.3333333333333333,0,1,0.46058988430785747,-0.4159401873091767,Digital Enthusiasts
11889,1981,Graduation,Widow,58697.0,1,0,2014-03-17,53,508,166,291,562,75,65,4,6,3,17,2,0,1,0,0,0,0,1,3,11,34,1,2,290.0,1667.0,26,4,2,0.23076923076923078,0.11538461538461539,0.6538461538461539,1,0,-0.3747159833804104,1.0589829742147008,High-Value Loyalists
11890,1969,Graduation,Divorced,81119.0,1,1,2013-04-05,13,336,50,154,53,38,52,2,6,3,5,6,0,0,0,0,0,0,0,3,11,46,2,3,636.0,683.0,14,2,6,0.42857142857142855,0.21428571428571427,0.35714285714285715,0,1,0.7011006476642727,-0.706595645535678,Digital Enthusiasts
11891,1963,Graduation,Single,45137.0,0,1,2014-06-17,42,100,47,56,6,3,43,4,4,2,6,10,0,0,0,0,0,0,0,3,11,52,1,2,205.34,255.0,12,4,10,0.3333333333333333,0.16666666666666666,0.5,0,1,0.9001198416900681,0.4712206798824299,Digital Enthusiasts
11892,1975,Master,Widow,38596.0,1,1,2012-03-12,33,111,19,98,10,20,31,3,5,1,2,4,1,0,0,0,1,1,1,3,11,40,2,3,1025.0,289.0,8,3,4,0.625,0.125,0.25,3,1,1.4170536944276573,-1.3464311524187385,Digital Enthusiasts
11893,1965,Graduation,Single,83570.0,0,0,2014-01-25,17,488,49,320,113,84,516,0,15,6,8,1,0,0,0,1,1,1,0,3,11,50,0,1,341.0,1570.0,29,0,1,0.5172413793103449,0.20689655172413793,0.27586206896551724,3,0,-2.400112350831289,-0.9959893421459906,High-Value Loyalists
11894,1987,Graduation,Divorced,79808.0,1,0,2012-02-20,50,782,185,65,100,29,118,1,3,10,10,7,0,0,0,0,0,0,0,3,11,28,1,2,1046.0,1279.0,23,1,7,0.13043478260869565,0.43478260869565216,0.43478260869565216,0,0,-0.43681355524976023,-0.1746870924788157,High-Value Loyalists
11895,1974,Graduation,Together,89645.0,0,0,2012-01-21,33,1967,639,1940,97,21,371,2,24,23,32,0,0,1,0,1,0,0,0,3,11,41,0,2,1076.0,3733.2199999999975,58,2,0,0.3037974683544304,0.2911392405063291,0.4050632911392405,2,0,-3.0006591199418127,-0.5881396429164548,High-Value Loyalists
11896,1971,Graduation,Together,32263.0,0,1,2012-06-01,40,78,18,81,15,1,73,3,2,2,1,8,0,0,0,0,0,0,0,3,11,44,1,3,944.0,266.0,5,3,8,0.4,0.4,0.2,0,1,1.4550129682054105,-1.29070623230476,Digital Enthusiasts
11897,1977,Master,Married,46115.0,1,0,2012-10-03,42,414,20,258,27,18,237,1,6,6,5,4,0,1,0,0,0,0,0,3,11,38,1,3,820.0,974.0,17,1,4,0.35294117647058826,0.35294117647058826,0.29411764705882354,1,1,0.3756186439043244,-0.9560574223383772,Digital Enthusiasts
11898,1974,Basic,Single,82397.0,0,0,2014-03-18,36,1194,277,1107,98,65,53,1,4,21,18,1,0,0,0,0,1,0,0,3,11,41,0,1,289.0,2794.0,43,1,1,0.09302325581395349,0.4883720930232558,0.4186046511627907,1,0,-2.8186523483439383,-0.12312668741734364,High-Value Loyalists
11899,1972,Graduation,Together,104662.0,0,0,2013-11-30,49,654,124,385,626,139,154,1,11,12,12,3,0,0,0,0,0,0,0,3,11,43,0,2,397.0,2082.0,35,1,3,0.3142857142857143,0.34285714285714286,0.34285714285714286,0,0,-1.8786319703572238,-0.6507592220629551,High-Value Loyalists
11900,1980,Graduation,Divorced,59913.0,1,2,2012-03-08,65,182,39,157,59,35,13,4,7,2,4,4,0,1,1,0,0,0,0,3,11,35,3,4,1029.0,485.0,13,4,4,0.5384615384615384,0.15384615384615385,0.3076923076923077,2,1,2.3185837989628664,-1.1866212502308886,Digital Enthusiasts
11901,1963,Master,Widow,91116.0,1,0,2014-03-22,44,1561,66,310,33,4,48,2,13,5,14,2,1,0,0,0,0,0,0,3,11,52,1,2,285.0,2022.0,32,2,2,0.40625,0.15625,0.4375,1,0,-1.2343759131826728,-0.17636796245825065,High-Value Loyalists
11902,1969,Graduation,Widow,44620.0,1,0,2012-07-31,53,162,16,226,111,19,31,1,3,4,7,6,0,0,0,0,0,0,0,3,11,46,1,2,884.0,565.0,14,1,6,0.21428571428571427,0.2857142857142857,0.5,0,1,0.2920231430155239,0.4116905657450076,Digital Enthusiasts
11903,1975,Graduation,Single,71010.0,0,0,2014-03-31,10,388,160,142,2,131,142,2,8,2,7,5,1,0,1,1,0,0,0,3,11,40,0,1,276.0,965.0,17,2,5,0.47058823529411764,0.11764705882352941,0.4117647058823529,3,0,-1.4124298856345754,-0.2196798110682369,High-Value Loyalists
11904,1986,Graduation,Divorced,42435.0,1,1,2012-07-01,61,48,39,34,13,1,16,5,3,1,4,7,0,0,0,0,0,0,0,3,11,29,2,3,914.0,151.0,8,5,7,0.375,0.125,0.5,0,1,2.1032995605325153,0.15111054228161058,Digital Enthusiasts
11905,1974,Graduation,Single,45671.0,0,0,2013-08-26,64,178,142,131,19,53,50,2,2,3,10,4,0,0,0,1,0,0,0,3,11,41,0,1,493.0,573.0,15,2,4,0.13333333333333333,0.2,0.6666666666666666,1,0,-0.6517778642685474,1.4876384647464427,High-Value Loyalists
11906,1992,Graduation,Divorced,72563.0,1,1,2013-07-18,65,584,60,563,45,43,35,2,12,6,7,4,1,0,0,0,0,1,0,3,11,23,2,3,532.0,1330.0,25,2,4,0.48,0.24,0.28,2,1,0.520068109224291,-1.340254430648826,Digital Enthusiasts
11907,1966,PhD,Married,105991.0,0,0,2014-02-01,0,522,47,345,118,82,17,3,10,0,10,3,0,1,0,0,0,1,0,3,11,49,0,2,334.0,1131.0,20,3,3,0.5,0.0,0.5,2,0,-1.4174402409380011,0.15095434260555135,High-Value Loyalists
11908,1940,2n Cycle,Married,56741.0,0,1,2013-07-12,65,345,27,187,35,176,229,5,5,4,11,7,0,0,1,0,0,0,0,3,11,75,1,3,538.0,999.0,20,5,7,0.25,0.2,0.55,1,1,0.8526789038897791,0.7706075992014001,Digital Enthusiasts
11909,1940,2n Cycle,Married,49765.0,1,0,2012-05-24,41,206,10,264,117,5,26,4,4,5,1,5,0,1,0,0,0,0,0,3,11,75,1,3,952.0,628.0,10,4,5,0.4,0.5,0.1,1,1,0.8889031353856202,-1.6560490636678384,Digital Enthusiasts
11910,1981,Master,Together,100766.0,0,0,2014-06-15,36,479,473,604,10,16,150,1,10,5,14,4,0,0,0,0,1,0,0,3,11,34,0,2,205.34,1732.0,29,1,4,0.3448275862068966,0.1724137931034483,0.4827586206896552,1,0,-1.6363701675726527,0.018316554864538724,High-Value Loyalists
11911,1964,Graduation,Divorced,93130.0,0,0,2012-12-19,0,948,31,135,27,31,207,2,10,2,13,4,0,0,0,0,0,0,0,3,11,51,0,1,743.0,1379.0,25,2,4,0.4,0.08,0.52,0,0,-1.9508244992919,0.40612455950177406,High-Value Loyalists
11912,1961,2n Cycle,Single,44506.0,0,0,2014-04-29,42,554,16,138,30,6,42,1,4,3,4,7,0,0,0,0,0,0,0,3,11,54,0,1,247.0,786.0,11,1,7,0.36363636363636365,0.2727272727272727,0.36363636363636365,0,0,-0.664327795809608,-0.13455208281013573,High-Value Loyalists
11913,1981,Master,Widow,55018.0,1,2,2012-03-16,22,166,4,16,7,7,7,5,2,2,5,11,0,0,1,1,0,0,0,3,11,34,3,4,1021.0,207.0,9,5,11,0.2222222222222222,0.2222222222222222,0.5555555555555556,2,1,2.7191466316997386,0.23853192053757605,Digital Enthusiasts
11914,1967,PhD,Married,83887.0,0,0,2014-03-26,18,276,36,537,107,51,300,1,3,3,12,2,0,0,0,1,0,0,0,3,11,48,0,2,281.0,1307.0,18,1,2,0.16666666666666666,0.16666666666666666,0.6666666666666666,1,0,-1.3580454918007892,1.2589250145929476,High-Value Loyalists
11915,1957,Graduation,Single,105105.0,0,0,2012-09-18,41,800,406,746,356,72,604,0,26,9,9,3,0,0,0,0,0,0,0,3,11,58,0,1,835.0,2984.0,44,0,3,0.5909090909090909,0.20454545454545456,0.20454545454545456,0,0,-3.006363189694592,-1.46201308246425,High-Value Loyalists
11916,1967,Master,Together,27096.26,0,1,2014-05-18,67,123,58,49,10,18,62,5,1,2,5,5,0,0,0,0,1,0,0,3,11,48,1,3,228.0,320.0,8,5,5,0.125,0.25,0.625,1,1,1.5701740386921326,1.2032916821067565,Digital Enthusiasts
11917,1977,Master,Together,49052.0,1,1,2013-11-29,99,132,40,58,10,2,14,4,1,1,2,10,0,0,0,0,0,0,0,3,11,38,2,4,398.0,256.0,4,4,10,0.25,0.25,0.5,0,1,2.8434883460872724,0.24986654046437995,Digital Enthusiasts
11918,1966,PhD,Single,50975.0,0,2,2014-05-26,46,58,59,105,34,47,54,1,3,4,2,5,1,0,0,1,0,0,0,3,11,49,2,3,220.0,357.0,9,1,5,0.3333333333333333,0.4444444444444444,0.2222222222222222,2,1,1.1446024482604489,-1.23952712478106,Digital Enthusiasts
11919,1971,Graduation,Together,52311.0,1,1,2012-06-16,32,235,6,231,8,78,63,4,4,4,6,6,0,0,0,1,0,0,0,3,11,44,2,4,929.0,621.0,14,4,6,0.2857142857142857,0.2857142857142857,0.42857142857142855,1,1,1.7754317909652768,-0.30197990039406086,Digital Enthusiasts
11920,1984,Graduation,Together,72685.0,0,0,2013-10-25,68,481,45,236,76,147,344,2,3,7,10,5,0,0,0,0,0,0,0,3,11,31,0,2,433.0,1329.0,20,2,5,0.15,0.35,0.5,0,0,-0.6459488129533993,0.36160694914771174,High-Value Loyalists
11921,1984,PhD,Single,72682.0,1,0,2013-10-30,0,299,0,379,127,19,19,2,4,5,8,4,0,0,0,0,1,0,0,3,11,31,1,2,428.0,843.0,17,2,4,0.23529411764705882,0.29411764705882354,0.47058823529411764,1,0,-0.5022167835146369,0.016561086006068586,High-Value Loyalists
11922,1977,Graduation,Together,57159.0,1,0,2014-03-21,42,1230,218,507,204,137,230,1,2,11,23,3,1,0,0,0,0,0,0,3,11,38,1,3,286.0,2526.0,36,1,3,0.05555555555555555,0.3055555555555556,0.6388888888888888,1,0,-0.7321185540478437,0.8607418306824626,High-Value Loyalists
11923,1979,Graduation,Divorced,72516.0,1,0,2013-11-22,49,555,26,206,68,28,39,1,11,1,12,9,0,1,0,0,0,1,0,3,11,36,1,2,405.0,922.0,24,1,9,0.4583333333333333,0.041666666666666664,0.5,2,0,-0.21280692851745936,0.06150716677587056,High-Value Loyalists
11924,1979,Graduation,Together,55294.0,1,1,2012-03-22,0,582,236,663,191,192,214,5,1,20,12,10,0,1,0,1,0,0,0,3,11,36,2,4,1015.0,2078.0,33,5,10,0.030303030303030304,0.6060606060606061,0.36363636363636365,2,1,0.9014137136764503,-0.8121931332399945,Digital Enthusiasts
11925,1968,Master,Single,79683.0,1,0,2014-03-02,4,929,142,224,394,10,70,0,17,3,5,3,0,0,0,1,0,0,0,3,11,47,1,2,305.0,1769.0,25,0,3,0.68,0.12,0.2,1,0,-1.2541365124575847,-1.6260887628980183,High-Value Loyalists
11926,1977,Graduation,Married,81433.0,1,0,2012-09-01,7,339,302,427,336,83,76,2,7,3,13,11,0,1,0,0,0,0,0,3,11,38,1,3,852.0,1563.0,23,2,11,0.30434782608695654,0.13043478260869565,0.5652173913043478,1,0,-0.025158691386838607,0.30707666207173134,High-Value Loyalists
11927,1967,Graduation,Widow,46179.0,1,1,2014-05-20,76,100,15,43,20,137,55,6,2,6,5,4,0,0,0,0,0,1,0,3,11,48,2,3,226.0,370.0,13,6,4,0.15384615384615385,0.46153846153846156,0.38461538461538464,1,1,1.790270704838251,-0.17171803831038276,Digital Enthusiasts
11928,1965,2n Cycle,Married,78143.0,0,0,2013-11-25,13,1712,219,305,266,79,357,1,22,6,15,1,0,0,0,0,0,0,0,3,11,50,0,2,402.0,2938.0,43,1,1,0.5116279069767442,0.13953488372093023,0.3488372093023256,0,0,-2.3760979012381536,-0.7489568556571365,High-Value Loyalists
11929,1980,Graduation,Divorced,56130.0,0,0,2013-11-03,32,224,34,405,120,30,24,1,5,1,4,5,0,0,1,1,0,0,0,3,11,35,0,1,424.0,837.0,10,1,5,0.5,0.1,0.4,2,0,-0.9728395452084622,-0.23890745078329326,High-Value Loyalists
11930,1968,Graduation,Divorced,57656.0,0,1,2013-07-31,22,125,67,81,40,84,24,3,4,5,3,7,0,0,0,0,0,0,0,3,11,47,1,2,519.0,421.0,12,3,7,0.3333333333333333,0.4166666666666667,0.25,0,1,0.31734631084591186,-0.9544616185416105,Digital Enthusiasts
11931,1965,Graduation,Married,43997.0,1,2,2013-08-30,40,325,17,130,17,48,27,5,2,2,5,10,1,0,0,0,1,0,0,3,11,50,3,5,489.0,564.0,9,5,10,0.2222222222222222,0.2222222222222222,0.5555555555555556,2,1,3.237644410131855,0.3267456513487551,Digital Enthusiasts
11932,1976,Master,Married,31112.0,0,1,2013-05-24,40,77,6,97,43,19,12,3,4,1,4,4,0,0,1,0,0,1,0,3,11,39,1,3,587.0,254.0,9,3,4,0.4444444444444444,0.1111111111111111,0.4444444444444444,2,1,1.1098517476378797,-0.09372060679156818,Digital Enthusiasts
11933,1954,Graduation,Married,55845.0,1,0,2013-12-06,47,312,125,97,69,23,2,1,2,3,9,7,0,0,0,0,0,1,0,3,11,61,1,3,391.0,628.0,14,1,7,0.14285714285714285,0.21428571428571427,0.6428571428571429,1,1,0.590673987069982,1.1884941164429126,Digital Enthusiasts
11934,1962,Graduation,Widow,44122.0,1,1,2014-04-09,51,68,7,81,3,33,36,6,2,4,3,6,0,1,0,0,0,0,0,3,11,53,2,3,267.0,228.0,9,6,6,0.2222222222222222,0.4444444444444444,0.3333333333333333,1,1,1.892482612227181,-0.4562623268071656,Digital Enthusiasts
11935,1975,Graduation,Single,88426.0,0,0,2012-06-19,60,804,232,387,207,32,4,2,14,7,13,2,1,0,0,1,0,0,0,3,11,40,0,1,926.0,1666.0,34,2,2,0.4117647058823529,0.20588235294117646,0.38235294117647056,2,0,-1.995253367192499,-0.4221499611653867,High-Value Loyalists
11936,1963,Master,Married,79551.0,1,0,2014-01-19,53,1146,33,729,43,120,134,3,12,6,12,3,0,1,0,1,0,0,0,3,11,52,1,3,347.0,2205.0,30,3,3,0.4,0.2,0.4,2,0,-0.47016332692191387,-0.4501323658846069,High-Value Loyalists
11937,1982,PhD,Widow,35756.0,0,2,2013-10-26,18,70,39,70,3,8,2,11,2,1,2,3,0,0,0,0,0,0,0,3,11,33,2,3,432.0,192.0,5,11,3,0.4,0.2,0.4,0,1,2.3506350538682588,-0.259740961933695,Digital Enthusiasts
11938,1980,Graduation,Widow,62278.0,0,0,2013-06-09,60,142,155,144,28,115,220,0,3,2,9,5,1,0,0,1,0,0,0,3,11,35,0,1,571.0,804.0,14,0,5,0.21428571428571427,0.14285714285714285,0.6428571428571429,2,0,-1.0720504831907403,1.172558874661441,High-Value Loyalists
11939,1974,Master,Single,74022.0,0,0,2014-03-29,47,1648,110,1397,126,141,83,0,7,38,14,1,0,0,0,0,1,1,0,3,11,41,0,1,278.0,3505.0,58,0,1,0.11864406779661017,0.6440677966101694,0.23728813559322035,2,0,-3.380191067162984,-1.2019654772555193,High-Value Loyalists
11940,1960,PhD,Single,79664.0,1,0,2014-04-22,39,448,505,202,60,25,217,4,11,9,9,5,0,0,0,0,0,0,0,3,11,55,1,2,254.0,1457.0,29,4,5,0.3793103448275862,0.3103448275862069,0.3103448275862069,0,0,-0.5070581103287357,-0.7090728849436171,High-Value Loyalists
11941,1982,Master,Widow,55761.0,1,0,2013-02-11,59,448,188,819,165,685,268,0,7,9,28,4,0,0,0,0,1,0,0,3,11,33,1,2,689.0,2573.0,44,0,4,0.1590909090909091,0.20454545454545456,0.6363636363636364,1,0,-1.3156773509902304,0.7906586694807014,High-Value Loyalists
11942,1982,Graduation,Single,69710.0,0,0,2012-03-02,64,686,41,149,10,49,34,0,8,1,6,6,0,0,1,0,0,0,0,3,11,33,0,1,1035.0,969.0,15,0,6,0.5333333333333333,0.06666666666666667,0.4,1,0,-1.0514062898963177,-0.31309975814245705,High-Value Loyalists
11943,1969,Basic,Married,88725.0,0,0,2012-01-20,17,681,4,494,252,441,123,0,3,3,24,4,0,0,1,0,0,1,0,3,11,46,0,2,1077.0,1995.0,30,0,4,0.1,0.1,0.8,2,0,-1.9333943597176855,1.77897436253981,High-Value Loyalists
11944,1953,PhD,Divorced,42127.0,0,0,2013-07-06,25,280,35,123,18,13,15,1,3,1,5,3,0,1,0,0,0,1,0,3,11,62,0,1,544.0,484.0,9,1,3,0.3333333333333333,0.1111111111111111,0.5555555555555556,2,0,-0.9218639728139193,0.9006123815830985,High-Value Loyalists
11945,1956,Master,Together,46036.0,0,1,2012-10-30,64,341,20,65,7,95,126,4,4,4,3,9,0,0,0,0,0,0,0,3,11,59,1,3,793.0,654.0,11,4,9,0.36363636363636365,0.36363636363636365,0.2727272727272727,0,1,1.3425020212660228,-0.7991527171225294,Digital Enthusiasts
11946,1968,Graduation,Divorced,118674.0,0,0,2012-07-20,10,324,229,149,47,132,87,0,5,6,12,2,1,0,1,0,0,0,0,3,11,47,0,1,895.0,968.0,23,0,2,0.21739130434782608,0.2608695652173913,0.5217391304347826,2,0,-2.403197650424762,0.4041062213851796,High-Value Loyalists
11947,1982,Graduation,Married,54140.0,0,0,2012-03-27,57,425,15,174,40,100,50,3,3,2,8,4,0,0,0,0,0,0,0,3,11,33,0,2,1010.0,804.0,13,3,4,0.23076923076923078,0.15384615384615385,0.6153846153846154,0,0,-0.13598494198133257,0.9955235789075659,High-Value Loyalists
11948,1966,PhD,Together,73551.0,0,0,2012-08-27,5,590,35,553,325,247,399,0,11,10,13,3,0,0,1,0,0,1,0,3,11,49,0,2,857.0,2149.0,34,0,3,0.3235294117647059,0.29411764705882354,0.38235294117647056,2,0,-2.0462212021681743,-0.5047978990380229,High-Value Loyalists
11949,1953,PhD,Together,55274.0,1,1,2013-07-17,73,332,1,132,25,2,113,1,6,1,7,3,0,0,0,0,0,0,0,3,11,62,2,4,533.0,605.0,14,1,3,0.42857142857142855,0.07142857142857142,0.5,0,1,1.5733439123150832,0.2025963174041429,Digital Enthusiasts
11950,1945,Graduation,Together,50502.0,1,0,2013-12-16,35,178,57,105,66,39,91,2,2,1,2,11,0,0,1,0,0,0,0,3,11,70,1,3,381.0,536.0,5,2,11,0.4,0.2,0.4,1,1,1.1289845562443388,-0.11902677975197787,Digital Enthusiasts
11951,1956,Master,Single,130117.49999999999,0,0,2014-01-21,23,448,153,261,157,103,232,1,5,6,12,1,0,0,0,0,0,0,0,3,11,59,0,1,345.0,1354.0,23,1,1,0.21739130434782608,0.2608695652173913,0.5217391304347826,0,0,-2.4426675123409587,0.5741011776981501,High-Value Loyalists
11952,1973,Graduation,Single,40230.0,1,1,2013-08-17,51,75,68,92,76,21,36,3,2,1,3,6,1,0,0,0,0,0,0,3,11,42,2,3,502.0,368.0,6,3,6,0.3333333333333333,0.16666666666666666,0.5,1,1,1.6926123997756342,0.23394193705994487,Digital Enthusiasts
11953,1947,Master,Widow,48188.0,1,1,2012-03-23,20,261,6,51,8,17,55,6,1,0,6,5,0,0,0,0,0,0,0,3,11,68,2,3,1014.0,398.0,7,6,5,0.14285714285714285,0.0,0.8571428571428571,0,1,1.6326790903595594,2.3742284079232028,Digital Enthusiasts
11954,1962,Graduation,Divorced,69079.0,0,0,2013-09-22,75,280,45,170,13,41,205,7,2,3,6,7,0,0,0,0,0,0,0,3,11,53,0,1,466.0,754.0,11,7,7,0.18181818181818182,0.2727272727272727,0.5454545454545454,0,0,-0.07631901229961456,0.9821304069315608,High-Value Loyalists
11955,1947,Graduation,Single,35983.0,1,0,2013-01-19,80,655,9,308,103,98,191,3,12,6,4,4,0,0,0,0,1,1,0,3,11,68,1,2,712.0,1364.0,22,3,4,0.5454545454545454,0.2727272727272727,0.18181818181818182,2,1,0.12499617557340541,-1.299046452388713,Digital Enthusiasts
11956,1976,Graduation,Together,38724.0,1,1,2012-04-26,54,323,3,51,34,22,60,4,6,3,3,11,0,0,0,0,0,0,0,3,11,39,2,4,980.0,493.0,12,4,11,0.5,0.25,0.25,0,1,2.489586964866446,-1.3194635238164492,Digital Enthusiasts
11957,1976,Graduation,Together,130117.49999999999,0,0,2013-08-28,11,178,2,583,75,3,231,2,3,5,11,1,0,0,0,0,0,1,0,3,11,39,0,2,491.0,1072.0,19,2,1,0.15789473684210525,0.2631578947368421,0.5789473684210527,1,0,-1.7543746097043225,0.6631082201172107,High-Value Loyalists
11958,1955,Master,Together,50805.0,1,0,2014-05-10,46,172,65,94,36,63,75,1,1,2,7,5,0,0,0,0,0,0,0,3,11,60,1,3,236.0,505.0,10,1,5,0.1,0.2,0.7,0,1,0.6965129945182528,1.578898689009268,Digital Enthusiasts
11959,1960,Graduation,Divorced,27096.26,1,1,2014-03-27,46,56,54,48,129,3,39,9,3,2,4,8,0,0,0,0,0,0,0,3,11,55,2,3,280.0,329.0,9,9,8,0.3333333333333333,0.2222222222222222,0.4444444444444444,0,1,2.4938966454705787,0.15660899985532445,Digital Enthusiasts
11960,1970,Graduation,Widow,35107.0,1,1,2013-12-04,57,189,15,28,35,3,3,5,1,2,2,5,1,0,1,0,1,0,0,3,11,45,2,3,393.0,273.0,5,5,5,0.2,0.4,0.4,3,1,1.8627752051913653,-0.1826109838456668,Digital Enthusiasts
11961,1966,Graduation,Divorced,86946.0,0,0,2012-07-17,31,304,61,193,58,20,39,2,6,1,7,4,0,0,0,0,0,0,0,3,11,49,0,1,898.0,675.0,14,2,4,0.42857142857142855,0.07142857142857142,0.5,0,0,-1.2163620200966687,0.4007869271322929,High-Value Loyalists
11962,1977,Graduation,Widow,40968.0,1,1,2013-03-22,38,74,27,144,10,8,61,6,4,1,3,6,0,0,0,0,0,0,0,3,11,38,2,3,650.0,324.0,8,6,6,0.5,0.125,0.375,0,1,1.961961416821045,-0.5064418701093958,Digital Enthusiasts
11963,1958,Graduation,Married,76099.0,0,0,2013-04-20,52,609,202,691,24,133,234,0,9,8,13,0,1,1,1,0,0,1,0,3,11,57,0,2,621.0,1893.0,30,0,0,0.3,0.26666666666666666,0.43333333333333335,4,0,-1.8724230881680939,-0.09711129530291737,High-Value Loyalists
11964,1977,Master,Married,33133.0,1,2,2013-01-05,53,125,31,102,135,17,170,4,5,2,2,7,0,0,0,0,0,0,0,3,11,38,3,5,726.0,580.0,9,4,7,0.5555555555555556,0.2222222222222222,0.2222222222222222,0,1,3.3061289386244446,-1.6153943545154879,Digital Enthusiasts
11965,1965,Graduation,Divorced,80469.0,0,0,2012-01-16,70,955,93,458,36,13,171,1,16,1,10,5,0,0,0,0,0,0,0,3,11,50,0,1,1081.0,1726.0,27,1,5,0.5925925925925926,0.037037037037037035,0.37037037037037035,0,0,-1.5553702284559037,-0.43870736075018446,High-Value Loyalists
11966,1970,PhD,Widow,40847.0,1,1,2013-05-28,60,121,5,127,51,13,118,4,2,6,7,2,0,0,0,0,0,0,0,3,11,45,2,3,583.0,435.0,15,4,2,0.13333333333333333,0.4,0.4666666666666667,0,1,1.4124514060618423,0.20483281828256159,Digital Enthusiasts
11967,1948,Graduation,Single,67958.0,1,1,2012-12-17,43,204,59,68,30,1,21,3,2,4,3,4,0,0,0,0,0,0,0,3,11,67,2,3,745.0,383.0,9,3,4,0.2222222222222222,0.4444444444444444,0.3333333333333333,0,1,1.147087228823372,-0.4520696254960519,Digital Enthusiasts
11968,1975,Graduation,Single,80228.0,0,0,2012-11-06,31,242,108,213,2,19,194,2,5,2,4,5,1,0,0,0,0,0,0,3,11,40,0,1,786.0,778.0,11,2,5,0.45454545454545453,0.18181818181818182,0.36363636363636365,1,0,-1.094381371874456,-0.3967151070503917,High-Value Loyalists
11969,1977,Graduation,Single,41629.0,0,1,2012-11-06,49,203,13,73,24,21,35,7,8,1,2,6,0,0,0,0,0,0,0,3,11,38,1,2,786.0,369.0,11,7,6,0.7272727272727273,0.09090909090909091,0.18181818181818182,0,1,1.1408184174776461,-1.4710716420250054,Digital Enthusiasts
11970,1970,Graduation,Married,49802.0,0,0,2013-10-30,35,459,35,796,280,123,43,0,4,17,7,6,0,0,0,0,0,0,0,3,11,45,0,2,428.0,1736.0,28,0,6,0.14285714285714285,0.6071428571428571,0.25,0,0,-1.1354835666437042,-0.9388755018350213,High-Value Loyalists
11971,1940,Graduation,Widow,39871.0,0,0,2012-06-08,56,130,49,109,12,3,128,1,2,5,3,4,0,0,1,0,0,0,0,3,11,75,0,1,937.0,431.0,10,1,4,0.2,0.5,0.3,1,0,-0.6747792501672808,-0.23477744374240797,High-Value Loyalists
11972,1976,Graduation,Married,42277.0,1,1,2013-05-08,33,89,7,128,31,12,15,6,2,2,2,9,0,0,0,0,0,0,0,3,11,39,2,4,603.0,282.0,6,6,9,0.3333333333333333,0.3333333333333333,0.3333333333333333,0,1,2.595641796058214,-0.7297783535617528,Digital Enthusiasts
11973,1992,Master,Divorced,49665.0,1,0,2012-05-08,15,184,53,154,130,41,119,2,7,8,3,2,0,0,0,1,1,0,0,3,11,23,1,2,968.0,681.0,18,2,2,0.3888888888888889,0.4444444444444444,0.16666666666666666,2,0,-0.2767192787900623,-1.7045897534322236,High-Value Loyalists
11974,1963,Graduation,Single,86030.0,0,0,2014-04-21,45,870,221,288,273,30,91,1,7,13,8,3,0,1,0,0,0,0,0,3,11,52,0,1,255.0,1773.0,28,1,3,0.25,0.4642857142857143,0.2857142857142857,1,0,-2.036814768420319,-0.7007238475383343,High-Value Loyalists
11975,1969,PhD,Widow,95645.0,0,0,2012-11-28,39,1008,234,856,131,90,293,1,2,11,31,3,0,1,0,0,0,0,0,3,11,46,0,1,764.0,2612.0,44,1,3,0.045454545454545456,0.25,0.7045454545454546,1,0,-2.7835130640760237,1.3852236936927418,High-Value Loyalists
11976,1979,Graduation,Divorced,51773.0,0,0,2014-03-31,3,221,156,381,106,58,53,4,3,4,7,3,0,1,1,0,1,0,0,3,11,36,0,1,276.0,975.0,14,4,3,0.21428571428571427,0.2857142857142857,0.5,3,0,-1.130946814541462,0.42118180452559084,High-Value Loyalists
11977,1949,2n Cycle,Widow,42368.0,1,0,2012-02-25,63,175,25,105,10,145,104,2,7,2,3,8,0,1,0,0,1,0,0,3,11,66,1,2,1041.0,564.0,12,2,8,0.5833333333333334,0.16666666666666666,0.25,2,1,0.5564571097705744,-0.9753804625871886,Digital Enthusiasts
11978,1975,Graduation,Divorced,37291.0,1,1,2013-10-16,76,64,15,49,26,8,21,10,2,3,6,8,0,0,0,0,0,0,0,3,11,40,2,3,442.0,183.0,11,10,8,0.18181818181818182,0.2727272727272727,0.5454545454545454,0,1,2.700189219589178,0.6817707311897451,Digital Enthusiasts
11979,1969,Graduation,Divorced,99538.0,0,0,2014-03-26,33,710,6,311,108,59,291,0,15,2,8,3,0,0,0,0,0,0,0,3,11,46,0,1,281.0,1485.0,25,0,3,0.6,0.08,0.32,0,0,-2.0738441744415934,-0.7498242480399512,High-Value Loyalists
11980,1954,Graduation,Single,64299.0,1,0,2012-05-18,15,159,52,886,71,35,7,1,13,4,11,4,0,0,0,0,0,0,0,3,11,61,1,2,958.0,1210.0,28,1,4,0.4642857142857143,0.14285714285714285,0.39285714285714285,0,0,-0.7626423974571476,-0.34949123091198164,High-Value Loyalists
11981,1966,Basic,Married,73391.0,1,0,2014-05-08,8,360,99,53,406,174,90,0,8,2,10,6,1,1,0,1,0,0,0,3,11,49,1,3,238.0,1182.0,20,0,6,0.4,0.1,0.5,3,0,-0.33389727739531305,0.027675322820356986,High-Value Loyalists
11982,1953,PhD,Widow,52772.0,0,0,2014-04-29,50,156,86,82,23,43,33,2,6,1,3,2,0,0,0,0,0,0,0,3,11,62,0,1,247.0,423.0,10,2,2,0.6,0.1,0.3,0,0,-0.7031402313872992,-0.4771801156589309,High-Value Loyalists
11983,1987,Graduation,Together,55989.0,0,1,2014-02-15,79,230,69,331,45,117,229,3,10,8,6,6,0,0,0,1,0,0,0,3,11,28,1,3,320.0,1021.0,24,3,6,0.4166666666666667,0.3333333333333333,0.25,1,1,0.6883579059752989,-1.243011420882391,Digital Enthusiasts
11984,1981,Graduation,Together,30674.0,1,1,2013-10-11,46,75,16,25,17,16,4,8,0,0,0,9,0,0,0,0,0,0,0,3,11,34,2,4,447.0,153.0,2,8,9,0.0,0.0,0.0,0,1,3.1847420409177887,-0.4783887270322891,Digital Enthusiasts
11985,1952,Master,Divorced,46949.0,1,0,2012-01-04,65,204,1,81,20,14,102,2,3,0,2,2,0,0,0,1,0,0,0,3,11,63,1,2,1086.6599999999999,422.0,5,2,2,0.6,0.0,0.4,1,1,0.46164010440177194,-0.13704699913010163,Digital Enthusiasts
11986,1987,Master,Married,70554.0,1,0,2012-04-13,23,843,154,636,79,104,113,1,12,6,11,6,0,0,0,0,0,0,0,3,11,28,1,3,993.0,1929.0,29,1,6,0.41379310344827586,0.20689655172413793,0.3793103448275862,0,0,-0.36847090081558265,-0.7811394618502177,High-Value Loyalists
11987,1984,Graduation,Married,40646.0,0,1,2012-11-06,95,120,11,24,77,8,25,7,3,3,3,8,0,0,0,0,0,0,0,3,11,31,1,3,786.0,265.0,9,7,8,0.3333333333333333,0.3333333333333333,0.3333333333333333,0,1,2.0773333093090427,-0.542962750338604,Digital Enthusiasts
11988,1948,Graduation,Widow,34167.0,1,0,2013-12-03,52,316,116,294,393,117,36,4,1,6,9,3,0,0,0,0,0,0,0,3,11,67,1,2,394.0,1272.0,16,4,3,0.0625,0.375,0.5625,0,1,0.20887127390315172,1.0299030636784634,Digital Enthusiasts
11989,1961,Graduation,Widow,76913.0,0,0,2013-01-27,1,719,143,444,308,122,97,1,20,2,9,1,0,0,0,0,1,0,0,3,11,54,0,1,704.0,1833.0,31,1,1,0.6451612903225806,0.06451612903225806,0.2903225806451613,1,0,-2.3499918062684584,-0.9509457384478667,High-Value Loyalists
11990,1969,Graduation,Widow,114516.0,0,0,2012-02-11,10,835,332,466,5,59,178,0,7,3,22,5,0,0,0,0,0,0,0,3,11,46,0,1,1055.0,1875.0,32,0,5,0.21875,0.09375,0.6875,0,0,-2.5798554812543366,1.2101426466679965,High-Value Loyalists
11991,1969,Graduation,Married,38607.0,0,1,2012-10-23,38,52,58,187,19,2,38,7,1,2,12,8,0,0,0,0,0,0,0,3,11,46,1,3,800.0,356.0,15,7,8,0.06666666666666667,0.13333333333333333,0.8,0,1,1.530565517647292,2.047695870849085,Digital Enthusiasts
11992,1976,Graduation,Together,48959.0,1,0,2014-01-23,40,67,77,153,7,66,46,3,2,4,7,2,0,0,1,0,0,0,0,3,11,39,1,3,343.0,416.0,13,3,2,0.15384615384615385,0.3076923076923077,0.5384615384615384,1,1,0.6802940461988682,0.5451157142817017,Digital Enthusiasts
11993,1962,Graduation,Single,130117.49999999999,0,0,2013-12-21,12,805,285,426,184,117,238,4,12,7,15,4,0,1,0,0,1,0,0,3,11,53,0,1,376.0,2055.0,34,4,4,0.35294117647058826,0.20588235294117646,0.4411764705882353,2,0,-2.559121231346996,-0.08842289230198452,High-Value Loyalists
11994,1973,Master,Together,64625.0,0,0,2014-01-10,27,340,138,338,38,74,202,1,11,7,6,5,0,0,0,0,0,1,0,3,11,42,0,2,356.0,1130.0,24,1,5,0.4583333333333333,0.2916666666666667,0.25,1,0,-0.9860289294925743,-1.114329479869442,High-Value Loyalists
11995,1992,Graduation,Married,41036.0,1,1,2013-08-30,99,180,28,130,47,30,78,4,3,4,6,5,0,0,0,1,0,1,0,3,11,23,2,4,489.0,493.0,13,4,5,0.23076923076923078,0.3076923076923077,0.46153846153846156,2,1,2.311776806379135,-0.12520880720450717,Digital Enthusiasts
11996,1979,Graduation,Married,70407.0,1,0,2012-06-12,25,877,178,380,35,141,49,1,11,6,10,5,1,0,0,0,0,0,0,3,11,36,1,3,933.0,1660.0,27,1,5,0.4074074074074074,0.2222222222222222,0.37037037037037035,1,0,-0.3416232946194822,-0.7565619800041796,High-Value Loyalists
11997,1973,Basic,Divorced,60393.0,0,0,2012-06-24,41,229,84,300,27,25,81,3,3,1,7,7,0,0,0,0,0,0,0,3,11,42,0,1,921.0,746.0,11,3,7,0.2727272727272727,0.09090909090909091,0.6363636363636364,0,0,-0.5777262060404349,1.2137852464689658,High-Value Loyalists
11998,1957,Graduation,Widow,44958.0,1,0,2014-06-09,45,387,24,227,129,28,198,6,6,6,4,10,0,0,0,1,0,0,0,3,11,58,1,2,206.0,993.0,16,6,10,0.375,0.375,0.25,1,1,0.7405594883168455,-0.8674661504261902,Digital Enthusiasts
11999,1971,Graduation,Divorced,58086.0,1,2,2012-03-18,56,136,11,72,1,18,15,4,1,3,3,8,0,0,0,0,0,0,0,3,11,44,3,4,1019.0,253.0,7,4,8,0.14285714285714285,0.42857142857142855,0.42857142857142855,0,1,2.712736948692398,-0.21545153728828773,Digital Enthusiasts
12000,1947,Graduation,Married,63554.0,0,0,2013-12-05,66,125,1,154,45,100,14,0,4,3,2,6,0,0,0,1,0,0,0,3,11,68,0,2,392.0,439.0,9,0,6,0.4444444444444444,0.3333333333333333,0.2222222222222222,1,0,-0.28221123214411403,-0.9241053755476659,High-Value Loyalists
12001,1977,Graduation,Single,76614.0,0,0,2013-06-23,0,456,185,411,25,2,160,2,5,4,5,11,0,0,0,0,0,0,0,3,11,38,0,1,557.0,1239.0,14,2,11,0.35714285714285715,0.2857142857142857,0.35714285714285715,0,0,-1.112307841178296,-0.45458637214659436,High-Value Loyalists
12002,1941,Graduation,Single,58352.0,0,0,2012-02-08,55,147,42,125,119,90,50,3,1,3,7,11,0,1,0,1,0,0,0,3,11,74,0,1,1058.0,573.0,11,3,11,0.09090909090909091,0.2727272727272727,0.6363636363636364,2,0,-0.38042324578080766,1.4988851812255874,High-Value Loyalists
12003,1962,Graduation,Married,31091.0,1,2,2014-01-29,49,178,83,102,45,8,86,5,6,3,3,6,0,0,0,0,0,0,0,3,11,53,3,5,337.0,502.0,12,5,6,0.5,0.25,0.25,0,1,3.2721121622511147,-1.298295686462587,Digital Enthusiasts
12004,1967,Graduation,Married,116200.0,0,0,2014-03-25,31,421,40,832,691,111,68,2,19,7,10,3,0,0,0,0,0,0,0,3,11,48,0,2,282.0,2163.0,36,2,3,0.5277777777777778,0.19444444444444445,0.2777777777777778,0,0,-2.0284632388113617,-1.0987504528846586,High-Value Loyalists
12005,1955,PhD,Single,43931.0,0,0,2013-07-24,47,208,35,276,25,109,18,4,8,5,5,7,0,0,0,0,1,0,0,3,11,60,0,1,526.0,671.0,18,4,7,0.4444444444444444,0.2777777777777778,0.2777777777777778,1,0,-0.47628075594806357,-0.6020008923249223,High-Value Loyalists
12007,1969,Graduation,Together,64841.0,0,0,2012-08-08,34,1330,598,468,284,190,8,1,9,14,19,5,0,0,1,1,0,1,0,3,11,46,0,2,876.0,2878.0,42,1,5,0.21428571428571427,0.3333333333333333,0.4523809523809524,3,0,-2.0214364437033656,-0.143939234800491,High-Value Loyalists
12008,1977,PhD,Together,59838.0,0,0,2014-05-09,15,628,479,368,296,468,320,0,3,8,25,3,0,0,0,0,0,0,0,3,11,38,0,2,237.0,2559.0,36,0,3,0.08333333333333333,0.2222222222222222,0.6944444444444444,0,0,-1.9295678867453634,1.2735591659730487,High-Value Loyalists
12009,1970,Master,Married,40498.0,1,1,2013-05-16,99,86,6,158,112,94,24,6,1,4,7,6,0,0,0,1,0,0,0,3,11,45,2,4,595.0,480.0,12,6,6,0.08333333333333333,0.3333333333333333,0.5833333333333334,1,1,2.592942034645828,0.8001186944973574,Digital Enthusiasts
12010,1965,Graduation,Widow,76553.0,0,0,2013-08-20,6,636,164,364,429,180,620,4,11,11,14,3,1,1,0,0,0,0,0,3,11,50,0,1,499.0,2393.0,36,4,3,0.3055555555555556,0.3055555555555556,0.3888888888888889,2,0,-2.270531334887995,-0.30815150555920456,High-Value Loyalists
12011,1972,Graduation,Married,43665.0,0,0,2013-04-22,69,304,77,428,93,312,11,2,5,4,15,5,0,0,0,1,0,0,0,3,11,43,0,2,619.0,1225.0,24,2,5,0.20833333333333334,0.16666666666666666,0.625,1,0,-0.45035904986935793,1.074930210359088,High-Value Loyalists
12012,1955,Graduation,Single,100277.0,0,0,2014-03-11,0,1209,779,573,89,338,55,0,23,11,17,3,0,0,1,0,0,0,0,3,11,60,0,1,296.0,3043.0,51,0,3,0.45098039215686275,0.21568627450980393,0.3333333333333333,1,0,-3.458747529900905,-0.7706129501066822,High-Value Loyalists
12013,1978,PhD,Widow,99326.0,1,0,2013-12-09,32,374,220,114,39,59,305,2,6,3,6,2,0,0,0,0,0,0,0,3,11,37,1,2,388.0,1111.0,15,2,2,0.4,0.2,0.4,0,0,-0.6584417395379287,-0.3664886622817334,High-Value Loyalists
12014,1959,2n Cycle,Together,85824.0,1,1,2013-12-30,44,608,59,162,93,25,218,1,9,5,8,4,0,0,0,0,0,0,0,3,11,56,2,4,367.0,1165.0,22,1,4,0.4090909090909091,0.22727272727272727,0.36363636363636365,0,1,0.7781481951076297,-0.6962322845578358,Digital Enthusiasts
12015,1970,2n Cycle,Together,36094.0,1,2,2013-01-18,37,204,57,36,129,10,102,6,8,2,5,6,0,0,0,1,0,1,0,3,11,45,3,5,713.0,538.0,15,6,6,0.5333333333333333,0.13333333333333333,0.3333333333333333,2,1,3.112066665535008,-1.0380183235379608,Digital Enthusiasts
12016,1988,Master,Single,65115.0,0,1,2014-04-21,15,796,7,553,17,722,35,3,19,2,15,4,0,0,1,0,1,0,0,3,11,27,1,2,255.0,2130.0,36,3,4,0.5277777777777778,0.05555555555555555,0.4166666666666667,2,0,-1.0419817361553865,-0.5698542952675106,High-Value Loyalists
12017,1971,Graduation,Married,107485.0,0,0,2013-10-10,21,517,344,768,74,50,141,1,9,11,4,3,0,1,1,0,0,1,0,3,11,44,0,2,448.0,1894.0,24,1,3,0.375,0.4583333333333333,0.16666666666666666,3,0,-1.92249749032025,-1.660894628283251,High-Value Loyalists
12018,1974,Graduation,Divorced,47561.0,0,1,2012-11-09,77,86,11,66,26,23,24,6,1,2,1,3,1,0,0,0,0,0,0,3,11,41,1,2,783.0,236.0,4,6,3,0.25,0.5,0.25,1,1,1.0555537286153338,-0.7997724978316154,Digital Enthusiasts
12019,1973,Graduation,Married,60684.0,0,0,2012-08-21,39,817,147,205,254,243,339,2,4,10,13,5,0,0,0,0,0,0,0,3,11,42,0,2,863.0,2005.0,27,2,5,0.14814814814814814,0.37037037037037035,0.48148148148148145,0,0,-1.1012613560484954,0.23174794617177155,High-Value Loyalists
12020,1979,Graduation,Divorced,38261.0,1,1,2013-12-20,99,62,127,131,5,26,29,3,2,1,7,6,1,1,0,0,0,0,0,3,11,36,2,3,377.0,380.0,10,3,6,0.2,0.1,0.7,2,1,1.8838408772406157,1.3415607762601183,Digital Enthusiasts
12021,1969,Basic,Divorced,95577.0,0,0,2012-01-22,40,754,207,1003,42,21,115,1,6,7,23,1,0,1,0,0,0,0,0,3,11,46,0,1,1075.0,2142.0,36,1,1,0.16666666666666666,0.19444444444444445,0.6388888888888888,1,0,-2.541293231073562,1.0282596339214385,High-Value Loyalists
12022,1968,Graduation,Together,100543.0,0,0,2014-03-13,17,526,20,872,120,112,32,1,6,7,5,3,0,0,0,0,1,0,0,3,11,47,0,2,294.0,1682.0,18,1,3,0.3333333333333333,0.3888888888888889,0.2777777777777778,1,0,-1.5940407570013564,-0.9297677274410261,High-Value Loyalists
12023,1981,PhD,Together,63293.0,0,0,2013-11-23,0,769,114,294,5,60,63,5,3,5,13,3,0,0,0,0,0,1,0,3,11,34,0,2,404.0,1305.0,21,5,3,0.14285714285714285,0.23809523809523808,0.6190476190476191,1,0,-0.8360080295528314,0.9597754264660565,High-Value Loyalists
12024,1971,Graduation,Married,63457.0,0,0,2013-05-29,3,378,11,346,23,255,128,2,5,1,16,6,1,0,0,0,0,1,0,3,11,44,0,2,582.0,1141.0,22,2,6,0.22727272727272727,0.045454545454545456,0.7272727272727273,2,0,-0.9813493617909248,1.4722704256516637,High-Value Loyalists
12025,1972,Master,Married,85657.0,1,0,2014-06-06,32,490,46,168,46,49,94,4,2,3,12,1,0,0,0,0,1,0,0,3,11,43,1,3,209.0,893.0,17,4,1,0.11764705882352941,0.17647058823529413,0.7058823529411765,1,1,0.06863737682745114,1.3825579172014015,Digital Enthusiasts
12026,1944,PhD,Widow,66231.0,0,0,2012-08-28,17,211,103,132,77,45,83,3,5,5,3,6,0,0,0,0,1,0,0,3,11,71,0,1,856.0,651.0,13,3,6,0.38461538461538464,0.38461538461538464,0.23076923076923078,1,0,-0.969949267221317,-0.8220548221045684,High-Value Loyalists
12027,1980,Graduation,Married,71512.0,0,0,2014-06-06,33,534,27,229,97,132,252,2,9,2,10,4,0,0,0,0,1,1,0,3,11,35,0,2,209.0,1271.0,21,2,4,0.42857142857142855,0.09523809523809523,0.47619047619047616,2,0,-0.9651402939466862,0.04154852153022587,High-Value Loyalists
12028,1962,Master,Married,53592.0,0,1,2012-04-30,62,78,37,95,15,7,11,3,1,1,2,8,0,0,0,0,0,0,0,3,11,53,1,3,976.0,243.0,4,3,8,0.25,0.25,0.5,0,1,1.3879400248615206,0.42476403599852575,Digital Enthusiasts
12029,1982,Graduation,Married,35174.0,0,1,2013-11-06,51,78,78,138,18,36,47,7,2,3,4,7,0,0,0,0,0,0,0,3,11,33,1,3,421.0,395.0,9,7,7,0.2222222222222222,0.3333333333333333,0.4444444444444444,0,1,1.7390697154820611,0.08352130020129786,Digital Enthusiasts
12030,1978,PhD,Single,57656.0,0,0,2012-06-29,22,846,225,1002,302,29,698,0,5,17,26,1,0,0,0,0,1,1,0,3,11,37,0,1,916.0,3102.0,48,0,1,0.10416666666666667,0.3541666666666667,0.5416666666666666,2,0,-2.9961271650436667,0.3910935840426928,High-Value Loyalists
12031,1981,Graduation,Divorced,42355.0,0,1,2013-08-24,99,251,9,53,5,40,46,3,3,3,5,9,0,0,0,0,0,1,0,3,11,34,1,2,495.0,404.0,11,3,9,0.2727272727272727,0.2727272727272727,0.45454545454545453,1,1,1.083480709532939,0.15786480581976808,Digital Enthusiasts
12032,1977,PhD,Together,125035.0,0,0,2012-11-11,39,437,156,55,326,34,27,3,14,1,5,4,0,0,0,0,0,1,0,3,11,38,0,2,781.0,1035.0,20,3,4,0.7,0.05,0.25,1,0,-1.1899624438147447,-1.3281929554940197,High-Value Loyalists
12033,1968,PhD,Widow,51208.0,1,0,2012-12-02,34,433,360,364,44,14,318,3,9,6,11,4,0,1,0,0,0,1,0,3,11,47,1,2,760.0,1533.0,26,3,4,0.34615384615384615,0.23076923076923078,0.4230769230769231,2,0,-0.4404170909167231,-0.20108298464921134,High-Value Loyalists
12034,1971,Graduation,Divorced,78409.0,0,0,2012-08-21,6,441,288,279,125,61,764,2,13,11,11,5,0,0,1,0,0,0,0,3,11,44,0,1,863.0,1958.0,35,2,5,0.37142857142857144,0.3142857142857143,0.3142857142857143,1,0,-2.166197214594284,-0.7888985821574306,High-Value Loyalists
12035,1975,PhD,Widow,41320.0,0,2,2014-04-12,57,73,13,47,6,6,29,8,1,3,0,7,0,0,1,0,0,1,0,3,11,40,2,3,264.0,174.0,4,8,7,0.25,0.75,0.0,2,1,2.3114173255276143,-2.27700407188653,Digital Enthusiasts
12036,1955,2n Cycle,Together,56300.0,1,1,2013-05-20,41,348,98,238,62,20,34,5,5,4,2,4,0,0,0,0,0,0,0,3,11,60,2,4,591.0,800.0,11,5,4,0.45454545454545453,0.36363636363636365,0.18181818181818182,0,1,1.8230038626017928,-1.4881156661721453,Digital Enthusiasts
12037,1962,Graduation,Single,130117.49999999999,0,0,2013-03-08,67,632,290,646,103,169,170,1,17,3,14,3,0,0,0,1,0,0,0,3,11,53,0,1,664.0,2010.0,34,1,3,0.5,0.08823529411764706,0.4117647058823529,1,0,-2.4935074337017995,-0.2743916177867034,High-Value Loyalists
12038,1975,Graduation,Together,33245.0,0,1,2012-08-30,70,152,38,278,67,78,137,6,7,1,7,4,1,0,0,0,0,0,0,3,11,40,1,3,854.0,750.0,15,6,4,0.4666666666666667,0.06666666666666667,0.4666666666666667,1,1,1.3550323030493336,0.051998481404305255,Digital Enthusiasts
12039,1976,Graduation,Together,45539.0,1,1,2013-10-16,89,230,37,120,18,39,43,5,5,3,4,4,0,0,0,0,0,0,0,3,11,39,2,4,442.0,487.0,12,5,4,0.4166666666666667,0.25,0.3333333333333333,0,1,2.360127144032909,-0.7226977148952177,Digital Enthusiasts
12040,1988,PhD,Widow,82013.0,0,0,2012-08-09,42,788,12,313,105,217,73,6,4,10,7,9,0,0,1,0,0,0,0,3,11,27,0,1,875.0,1508.0,21,6,9,0.19047619047619047,0.47619047619047616,0.3333333333333333,1,0,-0.8809771807875398,-0.5511287011530931,High-Value Loyalists
12041,1976,Master,Together,43751.0,0,1,2013-05-25,85,70,40,123,1,30,45,9,4,3,6,8,0,0,0,0,0,0,0,3,11,39,1,3,586.0,309.0,13,9,8,0.3076923076923077,0.23076923076923078,0.46153846153846156,0,1,2.0792843203969635,0.2033220355941909,Digital Enthusiasts
12042,1962,Master,Single,31355.0,1,2,2012-11-23,35,92,9,150,10,6,30,3,5,1,4,6,0,0,1,0,0,0,0,3,11,53,3,4,769.0,297.0,10,3,6,0.5,0.1,0.4,1,1,2.5530416097405353,-0.5004782148952344,Digital Enthusiasts
12043,1953,Graduation,Divorced,68910.0,1,1,2014-03-18,57,106,36,46,129,42,64,1,1,3,5,5,0,0,0,0,0,0,0,3,11,62,2,3,289.0,423.0,9,1,5,0.1111111111111111,0.3333333333333333,0.5555555555555556,0,1,1.0628749859134252,0.7473138118388218,Digital Enthusiasts
12044,1959,Basic,Together,66494.0,0,0,2012-10-02,32,142,5,111,3,23,37,6,1,1,3,6,0,0,0,1,0,0,0,3,11,56,0,2,821.0,321.0,5,6,6,0.2,0.2,0.6,1,1,0.2372134269178906,1.1270431068760158,Digital Enthusiasts
12045,1957,Graduation,Widow,101466.0,0,0,2013-09-12,18,254,155,356,298,271,30,1,11,5,10,2,0,0,0,0,0,1,0,3,11,58,0,1,476.0,1364.0,26,1,2,0.4230769230769231,0.19230769230769232,0.38461538461538464,1,0,-2.2167044009663357,-0.27094021833702253,High-Value Loyalists
12046,1982,Master,Together,67712.0,1,1,2012-06-12,38,504,113,235,51,67,160,0,3,2,10,4,0,0,0,0,0,0,0,3,11,33,2,4,933.0,1130.0,15,0,4,0.2,0.13333333333333333,0.6666666666666666,0,1,1.0140350082690084,0.8391428128401394,Digital Enthusiasts
12047,1960,Master,Widow,39758.0,1,1,2012-10-03,36,58,4,50,3,8,2,10,3,1,8,6,0,0,0,0,0,0,0,3,11,55,2,3,820.0,142.34,12,10,6,0.25,0.08333333333333333,0.6666666666666666,0,1,2.2958085291852846,1.315050214104152,Digital Enthusiasts
12048,1955,Graduation,Divorced,88594.0,0,0,2013-04-11,0,445,111,445,70,156,319,1,2,3,19,5,0,0,0,0,0,0,0,3,11,60,0,1,630.0,1546.0,24,1,5,0.08333333333333333,0.125,0.7916666666666666,0,0,-2.0420799233867846,2.055285832513126,High-Value Loyalists
12049,1977,Graduation,Widow,73888.0,0,0,2014-04-04,59,350,141,140,71,53,291,0,11,6,7,4,0,0,0,0,0,0,0,3,11,38,0,1,272.0,1046.0,24,0,4,0.4583333333333333,0.25,0.2916666666666667,0,0,-1.4460209871823344,-0.780156161576634,High-Value Loyalists
12050,1965,Basic,Single,52325.0,0,0,2012-12-31,15,247,15,226,18,60,5,5,3,1,7,4,0,0,1,0,0,0,0,3,11,50,0,1,731.0,571.0,11,5,4,0.2727272727272727,0.09090909090909091,0.6363636363636364,1,0,-0.6206771015703303,1.2885846218360542,High-Value Loyalists
12051,1948,Graduation,Divorced,75952.0,0,0,2012-06-08,65,457,595,278,31,37,79,0,3,17,9,4,1,0,0,1,1,0,0,3,11,67,0,1,937.0,1477.0,29,0,4,0.10344827586206896,0.5862068965517241,0.3103448275862069,3,0,-1.9283084357038973,-0.44207193789529475,High-Value Loyalists
12052,1974,Master,Divorced,52703.0,1,1,2014-03-13,20,564,87,30,119,86,124,1,5,7,4,5,0,0,0,0,0,0,0,3,11,41,2,3,294.0,1010.0,16,1,5,0.3125,0.4375,0.25,0,1,0.703546980070795,-1.2005191813721834,Digital Enthusiasts
12053,1956,Graduation,Married,44739.0,1,0,2012-07-10,64,630,201,275,26,1,61,0,9,6,6,1,0,0,0,0,0,0,0,3,11,59,1,3,905.0,1194.0,21,0,1,0.42857142857142855,0.2857142857142857,0.2857142857142857,0,1,0.12070073518154951,-0.8648429705896805,Digital Enthusiasts
12054,1970,Master,Married,67953.0,1,0,2012-07-18,51,684,186,234,15,251,109,1,5,3,19,6,0,0,0,1,0,0,0,3,11,45,1,3,897.0,1479.0,27,1,6,0.18518518518518517,0.1111111111111111,0.7037037037037037,1,0,-0.07203545392205819,1.2210121612264944,High-Value Loyalists
12055,1972,Graduation,Widow,64651.0,0,0,2012-11-19,13,83,188,166,131,263,98,3,9,4,6,4,1,1,0,0,0,0,0,3,11,43,0,1,773.0,929.0,19,3,4,0.47368421052631576,0.21052631578947367,0.3157894736842105,2,0,-1.2769608419155878,-0.6836474224174796,High-Value Loyalists
12056,1943,PhD,Single,54289.0,0,0,2014-01-05,62,242,28,152,29,61,93,2,4,3,8,8,0,0,0,0,0,0,0,3,11,72,0,1,361.0,605.0,15,2,8,0.26666666666666666,0.2,0.5333333333333333,0,0,-0.5457913435017776,0.9426410221337658,High-Value Loyalists
12057,1983,Graduation,Married,71848.0,0,1,2012-11-26,41,752,15,120,30,2,219,3,3,6,9,1,0,0,0,0,0,0,0,3,11,32,1,3,766.0,1138.0,18,3,1,0.16666666666666666,0.3333333333333333,0.5,0,1,0.12156669638545663,0.18944117507160868,Digital Enthusiasts
12058,1964,Graduation,Divorced,79388.0,0,0,2014-05-11,41,859,59,306,18,10,168,1,2,3,19,3,0,0,0,0,0,1,0,3,11,51,0,1,235.0,1420.0,24,1,3,0.08333333333333333,0.125,0.7916666666666666,1,0,-1.7852694912944735,2.0764110361131856,High-Value Loyalists
12059,1976,Master,Together,120656.0,0,0,2014-01-11,54,868,8,204,75,33,231,0,2,15,10,7,0,0,0,0,1,0,0,3,11,39,0,2,355.0,1419.0,27,0,7,0.07407407407407407,0.5555555555555556,0.37037037037037035,1,0,-1.5870934939812775,-0.41241086187667453,High-Value Loyalists
12060,1948,PhD,Together,49289.0,0,0,2014-01-18,69,458,76,181,34,18,143,2,5,4,5,5,0,0,0,0,0,0,0,3,11,67,0,2,348.0,910.0,14,2,5,0.35714285714285715,0.2857142857142857,0.35714285714285715,0,0,-0.18234268816336438,-0.1371128316564832,High-Value Loyalists
12061,1978,Master,Widow,59603.0,1,0,2013-01-28,18,531,136,66,193,10,43,2,9,2,8,1,1,1,0,0,0,0,0,3,11,37,1,2,703.0,979.0,19,2,1,0.47368421052631576,0.10526315789473684,0.42105263157894735,2,0,-0.5224646831890435,-0.32407086622414893,High-Value Loyalists
12062,1969,Graduation,Single,41849.0,1,2,2014-01-17,55,89,20,56,1,3,16,4,3,1,1,4,0,1,1,0,0,0,0,3,11,46,3,4,349.0,185.0,5,4,4,0.6,0.2,0.2,2,1,2.6876434252398234,-1.5902024896351457,Digital Enthusiasts
12063,1968,Graduation,Single,62334.0,0,0,2014-02-24,9,1274,14,332,93,29,127,2,9,6,16,1,0,0,0,0,0,1,0,3,11,47,0,1,311.0,1869.0,31,2,1,0.2903225806451613,0.1935483870967742,0.5161290322580645,1,0,-2.093510333086511,0.4413650553673474,High-Value Loyalists
12064,1980,2n Cycle,Single,55494.0,0,0,2012-12-24,25,293,95,237,48,302,227,2,6,6,9,2,0,0,0,1,1,0,0,3,11,35,0,1,738.0,1202.0,21,2,2,0.2857142857142857,0.2857142857142857,0.42857142857142855,2,0,-1.4632490502816509,-0.04682074658125883,High-Value Loyalists
12065,1960,PhD,Together,63273.0,0,1,2012-10-25,62,38,11,64,4,77,99,3,1,2,3,3,0,0,0,0,0,1,0,3,11,55,1,3,798.0,293.0,6,3,3,0.16666666666666666,0.3333333333333333,0.5,1,1,0.8940129858413695,0.4637869844341387,Digital Enthusiasts
12066,1965,Master,Divorced,27096.26,1,1,2012-04-07,71,82,90,46,29,11,18,1,1,1,5,9,0,1,0,0,0,0,0,3,11,50,2,3,999.0,276.0,7,1,9,0.14285714285714285,0.14285714285714285,0.7142857142857143,1,1,1.8799040750978395,1.4924604655229237,Digital Enthusiasts
12067,1942,Graduation,Single,65024.0,1,0,2012-12-14,64,324,47,215,94,31,152,5,6,1,9,8,0,0,0,1,0,0,0,3,11,73,1,2,748.0,863.0,16,5,8,0.375,0.0625,0.5625,1,1,0.48325631846871575,0.8395911269114474,Digital Enthusiasts
12068,1982,PhD,Together,87936.0,1,0,2013-03-05,44,546,91,294,72,196,165,0,11,5,7,5,1,0,0,1,1,0,0,3,11,33,1,3,667.0,1364.0,23,0,5,0.4782608695652174,0.21739130434782608,0.30434782608695654,3,0,-0.39687803715164577,-1.178944569119408,High-Value Loyalists
12069,1967,Master,Divorced,35293.0,1,1,2013-11-17,67,290,91,168,12,57,35,4,2,3,13,5,0,0,0,0,0,0,0,3,11,48,2,3,410.0,653.0,18,4,5,0.1111111111111111,0.16666666666666666,0.7222222222222222,0,1,1.5494704995273643,1.5703162544914593,Digital Enthusiasts
12070,1950,Graduation,Single,55125.0,0,0,2013-05-14,41,461,18,160,189,81,89,4,3,9,10,6,0,0,0,0,0,0,0,3,11,65,0,1,597.0,998.0,22,4,6,0.13636363636363635,0.4090909090909091,0.45454545454545453,0,0,-0.8809250827348091,0.48607429924113565,High-Value Loyalists
12071,1977,Graduation,Together,81305.0,1,0,2012-08-10,67,768,284,683,233,7,19,1,9,13,12,6,1,0,0,0,1,1,0,3,11,38,1,3,874.0,1994.0,34,1,6,0.2647058823529412,0.38235294117647056,0.35294117647058826,3,0,-0.5108514918849182,-0.8196155380850031,High-Value Loyalists
12072,1990,Graduation,Divorced,57656.0,1,0,2012-09-25,52,901,258,701,616,653,204,2,19,26,4,10,1,0,1,0,0,0,0,3,11,25,1,2,828.0,3333.0,49,2,10,0.3877551020408163,0.5306122448979592,0.08163265306122448,2,0,-1.2238957740967762,-2.404933716347208,High-Value Loyalists
12073,1964,Basic,Single,61855.0,1,0,2012-04-21,51,380,90,136,37,123,63,2,5,3,5,4,0,0,1,1,0,1,0,3,11,51,1,2,985.0,829.0,13,2,4,0.38461538461538464,0.23076923076923078,0.38461538461538464,3,0,-0.08188916995730519,-0.34636728955706,High-Value Loyalists
12074,1984,2n Cycle,Married,56835.0,1,0,2012-07-15,62,255,179,516,61,137,75,3,8,17,3,11,0,0,0,0,0,0,0,3,11,31,1,3,900.0,1223.0,28,3,11,0.2857142857142857,0.6071428571428571,0.10714285714285714,0,1,0.6973730192035493,-1.9889887184094768,Digital Enthusiasts
12075,1989,Graduation,Together,34538.0,0,1,2012-05-04,46,147,2,142,73,2,40,2,2,1,4,6,0,0,0,1,0,0,0,3,11,26,1,3,972.0,406.0,7,2,6,0.2857142857142857,0.14285714285714285,0.5714285714285714,1,1,1.1653269029067805,0.5408947779319685,Digital Enthusiasts
12076,1942,Master,Divorced,44317.0,0,0,2013-11-25,54,258,105,85,0,20,34,6,5,4,2,3,0,1,0,0,1,0,0,3,11,73,0,1,402.0,502.0,11,6,3,0.45454545454545453,0.36363636363636365,0.18181818181818182,2,0,-0.3107787203983797,-0.9372691126537599,High-Value Loyalists
12077,1964,PhD,Together,96384.0,0,0,2012-07-28,47,439,106,669,212,153,400,0,8,14,10,3,1,0,0,1,0,0,0,3,11,51,0,2,887.0,1979.0,32,0,3,0.25,0.4375,0.3125,2,0,-1.9323772603958755,-0.7832200925181707,High-Value Loyalists
12078,1978,Basic,Divorced,81939.0,0,0,2012-02-15,11,228,394,91,118,8,60,1,5,3,7,2,1,1,0,0,1,0,0,3,11,37,0,1,1051.0,899.0,15,1,2,0.3333333333333333,0.2,0.4666666666666667,3,0,-1.731671900418045,0.06278907435658378,High-Value Loyalists
12079,1984,PhD,Together,86746.0,0,0,2013-06-24,76,811,147,640,98,258,256,1,12,7,13,5,0,0,0,1,1,1,0,3,11,31,0,2,556.0,2210.0,32,1,5,0.375,0.21875,0.40625,3,0,-1.487152545432301,-0.45904198198461166,High-Value Loyalists
12080,1992,Graduation,Widow,50407.0,1,0,2013-05-14,25,130,129,373,57,129,80,1,8,5,1,7,1,0,0,0,0,1,0,3,11,23,1,2,597.0,898.0,14,1,7,0.5714285714285714,0.35714285714285715,0.07142857142857142,2,0,-0.009873289613352178,-2.2931683981413498,High-Value Loyalists
12081,1967,2n Cycle,Divorced,72477.0,0,0,2012-02-06,18,434,177,489,70,32,261,1,10,2,11,5,0,0,0,0,0,0,0,3,11,48,0,1,1060.0,1463.0,23,1,5,0.43478260869565216,0.08695652173913043,0.4782608695652174,0,0,-1.651529756138514,0.17169026415141284,High-Value Loyalists
12082,1956,2n Cycle,Together,41120.0,0,1,2013-09-12,58,109,29,64,43,11,72,1,1,1,4,9,0,0,0,0,0,0,0,3,11,59,1,3,476.0,328.0,6,1,9,0.16666666666666666,0.16666666666666666,0.6666666666666666,0,1,1.244842053359344,1.3885124217268363,Digital Enthusiasts
12083,1972,PhD,Together,130117.49999999999,0,0,2013-08-20,44,375,79,555,262,141,392,1,13,4,16,8,0,0,1,0,0,0,0,3,11,43,0,2,499.0,1804.0,33,1,8,0.3939393939393939,0.12121212121212122,0.48484848484848486,1,0,-1.7818367451412636,-0.02762705335482886,High-Value Loyalists
12084,1965,Graduation,Together,57656.0,0,1,2014-05-16,76,52,49,23,1,6,3,5,2,1,2,7,0,0,0,0,0,0,0,3,11,50,1,3,230.0,142.34,5,5,7,0.4,0.2,0.4,0,1,1.625466032547069,-0.10667171477595308,Digital Enthusiasts
12085,1981,Master,Single,60160.0,1,0,2013-11-19,70,329,28,167,60,30,47,3,1,5,5,3,0,0,0,0,0,0,0,3,11,34,1,2,408.0,661.0,11,3,3,0.09090909090909091,0.45454545454545453,0.45454545454545453,0,1,0.3229610724907273,0.2276829056695219,Digital Enthusiasts
12086,1977,Graduation,Together,75764.0,0,0,2013-12-20,36,317,151,148,16,63,48,3,6,3,5,0,1,0,0,0,1,0,0,3,11,38,0,2,377.0,743.0,14,3,0,0.42857142857142855,0.21428571428571427,0.35714285714285715,2,0,-0.7931428111426697,-0.48353841032094,High-Value Loyalists
12087,1968,Master,Widow,61960.0,1,1,2013-11-03,45,285,50,182,29,206,71,0,4,3,11,2,0,0,0,0,0,0,0,3,11,47,2,3,424.0,823.0,18,0,2,0.2222222222222222,0.16666666666666666,0.6111111111111112,0,1,0.5164785797297762,0.7944111675691718,Digital Enthusiasts
12088,1974,2n Cycle,Married,35231.0,0,1,2013-08-07,24,180,11,32,34,54,16,7,2,0,4,9,0,0,0,0,0,0,0,3,11,41,1,3,512.0,327.0,6,7,9,0.3333333333333333,0.0,0.6666666666666666,0,1,1.7843581326356175,1.2147109607331132,Digital Enthusiasts
12089,1983,Graduation,Married,53661.0,0,0,2013-07-23,14,308,95,425,59,210,152,1,6,3,16,2,1,0,0,0,0,0,0,3,11,32,0,2,527.0,1249.0,25,1,2,0.24,0.12,0.64,1,0,-1.1717692314632855,0.9643616821431922,High-Value Loyalists
12090,1966,Graduation,Married,86149.0,0,0,2013-07-15,35,675,67,428,115,63,376,3,11,5,8,9,0,0,0,1,0,0,0,3,11,49,0,2,535.0,1724.0,24,3,9,0.4583333333333333,0.20833333333333334,0.3333333333333333,1,0,-0.919466188977292,-0.6841258149465463,High-Value Loyalists
12091,1953,Graduation,Divorced,31293.0,1,0,2013-01-30,59,138,63,374,39,114,97,4,11,3,5,3,0,0,0,0,1,0,0,3,11,62,1,2,701.0,825.0,19,4,3,0.5789473684210527,0.15789473684210525,0.2631578947368421,1,1,0.3955499036550806,-0.8683660043245501,Digital Enthusiasts
12092,1963,Basic,Widow,44574.0,1,1,2012-03-26,56,248,38,88,1,22,24,6,2,1,6,4,0,0,0,0,0,0,0,3,11,52,2,3,1011.0,421.0,9,6,4,0.2222222222222222,0.1111111111111111,0.6666666666666666,0,1,1.8242406964674918,1.2656777388060947,Digital Enthusiasts
12093,1972,Master,Together,82028.0,0,0,2014-06-02,39,409,70,924,300,467,224,1,7,18,13,4,0,0,1,0,0,0,0,3,11,43,0,2,213.0,2394.0,38,1,4,0.18421052631578946,0.47368421052631576,0.34210526315789475,1,0,-1.894897637595852,-0.609335233929445,High-Value Loyalists
12094,1942,Graduation,Widow,47903.0,0,0,2014-05-28,50,326,6,34,127,9,170,5,3,2,5,5,0,0,0,0,0,0,0,3,11,73,0,1,218.0,672.0,10,5,5,0.3,0.2,0.5,0,0,-0.3155767858009132,0.8356541160295741,High-Value Loyalists
12095,1975,2n Cycle,Single,91181.0,0,1,2012-03-22,32,739,123,324,270,17,274,1,6,5,14,6,0,0,0,0,0,0,0,3,11,40,1,2,1015.0,1747.0,25,1,6,0.24,0.2,0.56,0,0,-0.9076411599827428,0.4412828964888327,High-Value Loyalists
12096,1963,2n Cycle,Together,78021.0,0,0,2013-12-05,80,996,52,1132,247,159,109,1,4,9,24,3,0,0,0,0,0,0,0,3,11,52,0,2,392.0,2695.0,37,1,3,0.10810810810810811,0.24324324324324326,0.6486486486486487,0,0,-1.6838034220176008,1.1726967735480982,High-Value Loyalists
12097,1976,2n Cycle,Divorced,56734.0,0,0,2013-11-12,32,589,224,262,141,24,86,2,6,4,11,8,1,0,0,0,0,0,0,3,11,39,0,1,415.0,1326.0,21,2,8,0.2857142857142857,0.19047619047619047,0.5238095238095238,1,0,-1.10097392380982,0.5022863513168166,High-Value Loyalists
12098,1971,PhD,Married,87683.0,0,0,2012-08-11,50,1954,63,533,97,191,242,0,15,6,28,3,1,0,0,0,0,0,0,3,11,44,0,2,873.0,3080.0,49,0,3,0.30612244897959184,0.12244897959183673,0.5714285714285714,1,0,-2.462194404423817,0.40343193764063456,High-Value Loyalists
12099,1978,Master,Widow,70609.0,1,0,2012-12-09,9,128,30,98,151,41,24,3,2,3,3,4,0,0,0,0,0,0,0,3,11,37,1,2,753.0,472.0,8,3,4,0.25,0.375,0.375,0,0,0.027447678867560114,-0.354550904371258,High-Value Loyalists
12100,1975,Graduation,Widow,34786.0,1,1,2013-11-23,60,92,8,125,10,5,12,6,1,0,1,5,0,0,0,0,0,0,0,3,11,40,2,3,404.0,252.0,2,6,5,0.5,0.0,0.5,0,1,2.269979621649619,0.2550491849247539,Digital Enthusiasts
12101,1959,Graduation,Widow,65696.0,0,0,2014-01-13,13,569,444,291,19,139,229,0,10,4,11,2,0,0,0,0,1,0,0,3,11,56,0,1,353.0,1691.0,25,0,2,0.4,0.16,0.44,1,0,-2.0722958511572407,0.051480138449012745,High-Value Loyalists
12102,1955,PhD,Widow,43733.0,1,0,2012-12-25,95,275,54,333,108,40,150,4,5,2,9,2,0,0,0,0,0,0,0,3,11,60,1,2,737.0,960.0,16,4,2,0.3125,0.125,0.5625,0,1,0.49199497779954693,0.8880124559131229,Digital Enthusiasts
12103,1965,Graduation,Widow,67189.0,1,0,2013-07-20,39,544,81,216,139,19,126,4,9,2,8,3,0,0,0,0,0,0,0,3,11,50,1,2,530.0,1125.0,19,4,3,0.47368421052631576,0.10526315789473684,0.42105263157894735,0,0,-0.12809304574487532,-0.14029963730249714,High-Value Loyalists
12104,1985,Graduation,Single,38573.0,0,1,2013-02-14,57,63,34,35,8,9,13,6,2,1,2,4,0,0,0,0,0,0,0,3,11,30,1,2,686.0,162.0,5,6,4,0.4,0.2,0.4,0,1,1.1790317759129476,-0.15831208650972523,Digital Enthusiasts
12105,1985,Graduation,Married,41588.0,0,1,2012-05-05,39,166,45,127,20,31,89,5,3,5,5,10,0,0,0,0,0,0,0,3,11,30,1,3,971.0,478.0,13,5,10,0.23076923076923078,0.38461538461538464,0.38461538461538464,0,1,1.4408405839364602,-0.3830554173706492,Digital Enthusiasts
12106,1967,Graduation,Single,36064.0,1,1,2012-05-25,38,32,26,56,23,32,10,3,3,2,5,9,0,0,0,0,0,0,0,3,11,48,2,3,951.0,179.0,10,3,9,0.3,0.2,0.5,0,1,1.8154287403256906,0.25960636276022186,Digital Enthusiasts
12107,1963,Graduation,Single,45574.0,0,0,2014-01-25,50,183,45,121,20,24,9,3,3,5,7,9,0,0,0,1,0,0,0,3,11,52,0,1,341.0,402.0,15,3,9,0.2,0.3333333333333333,0.4666666666666667,1,0,-0.33359332900730176,0.47661525130475024,High-Value Loyalists
12108,1975,2n Cycle,Divorced,90913.0,1,0,2012-01-16,45,267,88,311,103,198,86,1,3,1,10,2,0,0,1,0,1,0,0,3,11,40,1,2,1081.0,1053.0,14,1,2,0.21428571428571427,0.07142857142857142,0.7142857142857143,2,0,-0.6591529468509941,1.3314401518281183,High-Value Loyalists
12109,1965,Graduation,Widow,86676.0,0,0,2012-03-09,51,594,312,614,64,65,35,0,6,13,6,6,0,0,0,1,0,0,0,3,11,50,0,1,1028.0,1684.0,25,0,6,0.24,0.52,0.24,1,0,-1.8514943026162964,-1.001914130875056,High-Value Loyalists
12110,1972,PhD,Widow,34775.0,1,2,2012-09-23,45,56,5,35,29,10,20,4,4,2,2,12,0,0,0,0,0,0,0,3,11,43,3,4,830.0,155.0,8,4,12,0.5,0.25,0.25,0,1,3.156550402853248,-1.3272617191009202,Digital Enthusiasts
12111,1968,Master,Widow,47314.0,1,1,2013-12-30,44,91,26,78,75,10,79,4,2,3,3,7,0,0,0,1,1,0,0,3,11,47,2,3,367.0,359.0,8,4,7,0.25,0.375,0.375,2,1,1.6152563781330596,-0.3776519749775641,Digital Enthusiasts
12112,1965,Master,Widow,77893.0,0,0,2013-09-25,56,1189,195,809,217,2,48,1,16,3,22,2,1,1,0,0,0,0,0,3,11,50,0,1,463.0,2460.0,41,1,2,0.3902439024390244,0.07317073170731707,0.5365853658536586,2,0,-2.4401639324757185,0.4258483351393967,High-Value Loyalists
12113,1993,Graduation,Single,33739.0,0,1,2013-05-25,93,234,9,107,15,22,30,3,5,1,4,2,0,1,1,0,0,0,0,3,11,22,1,2,586.0,417.0,10,3,2,0.5,0.1,0.4,2,1,0.7851070766935194,-0.32555775400796594,Digital Enthusiasts
12114,1969,Master,Divorced,90185.0,0,0,2013-07-14,26,314,223,414,289,309,63,0,17,3,11,0,0,0,1,0,0,1,0,3,11,46,0,1,536.0,1612.0,31,0,0,0.5483870967741935,0.0967741935483871,0.3548387096774194,2,0,-2.456013700561668,-0.6209167951192228,High-Value Loyalists
12115,1950,2n Cycle,Together,52003.0,0,0,2012-05-15,62,305,29,142,113,8,14,2,7,4,4,9,1,0,0,0,0,0,0,3,11,65,0,2,961.0,611.0,15,2,9,0.4666666666666667,0.26666666666666666,0.26666666666666666,1,1,0.010276564861111056,-0.7688684093750764,Digital Enthusiasts
12116,1964,Master,Divorced,68464.0,1,0,2012-05-23,74,262,173,452,126,75,49,5,10,3,10,5,1,1,0,0,0,1,0,3,11,51,1,2,953.0,1137.0,23,5,5,0.43478260869565216,0.13043478260869565,0.43478260869565216,3,1,0.062762314898412,-0.11124668722003433,Digital Enthusiasts
12117,1953,Graduation,Single,130117.49999999999,0,0,2013-06-19,86,2300,40,360,328,66,514,1,19,7,28,4,1,1,0,1,0,0,0,3,11,62,0,1,561.0,3608.0,54,1,4,0.35185185185185186,0.12962962962962962,0.5185185185185185,3,0,-3.3937998687193165,0.23234455582990657,High-Value Loyalists
12118,1977,Master,Married,96261.0,0,0,2012-11-16,37,333,64,75,149,5,21,2,2,5,5,5,0,0,0,0,0,0,0,3,11,38,0,2,776.0,647.0,12,2,5,0.16666666666666666,0.4166666666666667,0.4166666666666667,0,0,-0.7035369830755774,-0.06454508108658932,High-Value Loyalists
12119,1980,Master,Divorced,40398.0,1,0,2013-05-14,54,238,156,295,78,4,29,2,4,2,8,4,0,1,0,0,0,1,0,3,11,35,1,2,597.0,800.0,14,2,4,0.2857142857142857,0.14285714285714285,0.5714285714285714,2,1,0.21149375207168306,0.6553912754840048,Digital Enthusiasts
12120,1990,Graduation,Divorced,69383.0,1,0,2013-08-01,40,328,49,341,106,190,139,0,2,5,7,2,1,0,0,0,0,0,0,3,11,25,1,2,518.0,1153.0,14,0,2,0.14285714285714285,0.35714285714285715,0.5,1,0,-0.568070016245212,0.20712152117324792,High-Value Loyalists
12121,1954,Master,Divorced,90684.0,0,0,2012-10-11,0,376,249,249,198,91,95,1,10,4,12,5,1,0,0,0,0,0,0,3,11,61,0,1,812.0,1258.0,26,1,5,0.38461538461538464,0.15384615384615385,0.46153846153846156,1,0,-2.0320972701130016,0.1390277863615761,High-Value Loyalists
12122,1969,Graduation,Together,65567.0,1,0,2014-02-06,45,266,310,199,67,135,65,1,9,2,11,11,0,0,1,1,1,0,0,3,11,46,1,3,329.0,1042.0,22,1,11,0.4090909090909091,0.09090909090909091,0.5,3,1,0.36624653011385205,0.04874973593694157,Digital Enthusiasts
12123,1964,Graduation,Together,94538.0,0,0,2014-01-01,58,1179,59,505,29,8,31,3,19,4,5,3,0,1,0,1,0,0,0,3,11,51,0,2,365.0,1811.0,28,3,3,0.6785714285714286,0.14285714285714285,0.17857142857142858,2,0,-1.3203948371278162,-1.5900004675640667,High-Value Loyalists
12124,1976,Graduation,Married,64628.0,0,0,2012-04-06,21,488,85,177,1,42,103,1,6,4,9,8,0,0,0,0,0,0,0,3,11,39,0,2,1000.0,896.0,19,1,8,0.3157894736842105,0.21052631578947367,0.47368421052631576,0,0,-0.6326079585572617,0.10844343469219861,High-Value Loyalists
12125,1966,Graduation,Married,64320.0,1,0,2012-04-23,0,386,43,209,65,387,89,2,6,5,7,6,0,0,0,0,0,0,0,3,11,49,1,3,983.0,1179.0,18,2,6,0.3333333333333333,0.2777777777777778,0.3888888888888889,0,1,0.07880640422374731,-0.4513931447960844,Digital Enthusiasts
12126,1968,Graduation,Divorced,73479.0,1,0,2012-07-07,50,759,29,413,44,48,167,6,4,4,11,3,0,0,1,0,1,0,0,3,11,47,1,2,908.0,1460.0,19,6,3,0.21052631578947367,0.21052631578947367,0.5789473684210527,2,0,-0.1361505051665883,0.7440225452222275,High-Value Loyalists
12127,1968,2n Cycle,Widow,58322.0,1,0,2012-05-05,0,323,332,316,56,4,20,2,8,3,11,3,0,0,1,0,0,0,0,3,11,47,1,2,971.0,1051.0,22,2,3,0.36363636363636365,0.13636363636363635,0.5,1,0,-0.5923432450019533,0.18037512554004165,High-Value Loyalists
12128,1963,Graduation,Together,74461.0,0,0,2013-05-09,0,662,24,661,149,14,90,2,3,16,4,3,0,0,0,0,0,0,0,3,11,52,0,2,602.0,1600.0,23,2,3,0.13043478260869565,0.6956521739130435,0.17391304347826086,0,0,-1.427292389138755,-1.3092329406683427,High-Value Loyalists
12129,1969,Graduation,Single,130117.49999999999,0,0,2012-08-05,0,834,56,596,138,2,159,2,8,6,13,4,0,0,0,0,0,0,0,3,11,46,0,1,879.0,1785.0,27,2,4,0.2962962962962963,0.2222222222222222,0.48148148148148145,0,0,-2.5078467287988144,0.12042193535414254,High-Value Loyalists
12130,1960,Master,Together,77994.0,0,0,2013-08-07,0,872,113,595,70,9,236,1,15,3,14,3,1,0,1,0,0,1,0,3,11,55,0,2,512.0,1895.0,32,1,3,0.46875,0.09375,0.4375,3,0,-1.9200831658190871,-0.22844721729306225,High-Value Loyalists
12131,1965,PhD,Widow,38769.0,0,1,2014-02-18,81,24,50,31,1,1,38,6,3,2,2,6,0,0,0,0,0,0,0,3,11,50,1,2,317.0,145.0,7,6,6,0.42857142857142855,0.2857142857142857,0.2857142857142857,0,1,1.3565208897812286,-0.5868428821778252,Digital Enthusiasts
12132,1955,PhD,Widow,38556.0,0,0,2012-05-05,55,178,107,162,5,106,180,0,5,3,9,4,1,0,0,0,1,0,0,3,11,60,0,1,971.0,738.0,17,0,4,0.29411764705882354,0.17647058823529413,0.5294117647058824,2,0,-1.006247538835674,0.7205404353077381,High-Value Loyalists
12133,1956,2n Cycle,Widow,53225.0,0,0,2012-05-29,97,146,25,250,11,59,30,1,6,2,5,4,0,1,0,1,1,0,0,3,11,59,0,1,947.0,521.0,13,1,4,0.46153846153846156,0.15384615384615385,0.38461538461538464,3,0,-0.6472070233406797,-0.0818301408569066,High-Value Loyalists
12134,1962,Master,Married,31530.0,0,1,2012-06-09,74,263,41,60,45,0,42,7,4,1,7,5,0,0,0,1,0,0,1,3,11,53,1,3,936.0,451.0,12,7,5,0.3333333333333333,0.08333333333333333,0.5833333333333334,1,1,1.6788355192889062,0.8713317491133777,Digital Enthusiasts
12135,1958,Master,Widow,34782.0,0,1,2013-12-26,99,111,76,75,11,46,32,4,2,1,3,10,0,0,0,0,0,0,0,3,11,57,1,2,371.0,351.0,6,4,10,0.3333333333333333,0.16666666666666666,0.5,0,1,1.460424473322895,0.6136706172616897,Digital Enthusiasts
12136,1983,Graduation,Married,80110.0,1,0,2014-05-29,23,523,211,392,510,52,106,1,23,2,5,2,1,0,1,0,0,0,0,3,11,32,1,3,217.0,1794.0,30,1,2,0.7666666666666667,0.06666666666666667,0.16666666666666666,2,0,-0.7135798016574075,-2.0480168473896017,High-Value Loyalists
12137,1974,PhD,Together,41762.0,1,1,2013-11-27,65,101,2,22,7,33,25,5,1,0,1,3,0,0,0,0,0,0,0,3,11,41,2,4,400.0,190.0,2,5,3,0.5,0.0,0.5,0,1,2.529170614597924,0.16381507311024643,Digital Enthusiasts
12138,1969,Master,Together,42575.0,0,1,2013-09-08,29,76,5,50,9,101,2,10,4,2,6,5,0,0,0,0,0,0,0,3,11,46,1,3,480.0,243.0,12,10,5,0.3333333333333333,0.16666666666666666,0.5,0,1,1.7125295993292913,0.4110441143065272,Digital Enthusiasts
12139,1950,Graduation,Divorced,36489.0,0,0,2013-07-02,45,111,21,40,88,96,29,3,2,2,1,6,0,0,0,0,0,0,0,3,11,65,0,1,548.0,385.0,5,3,6,0.4,0.4,0.2,0,0,-0.17489133466393952,-0.8523299481482376,High-Value Loyalists
12140,1958,Graduation,Together,75085.0,1,1,2012-06-30,83,131,27,96,107,19,94,5,4,2,4,3,1,1,0,0,0,0,0,3,11,57,2,4,915.0,474.0,10,5,3,0.4,0.2,0.4,2,1,1.8967127720291002,-0.3569829232434474,Digital Enthusiasts
12141,1962,Graduation,Single,51214.0,0,0,2013-02-26,37,624,133,695,65,94,241,2,15,3,8,4,1,1,0,0,1,0,0,3,11,53,0,1,674.0,1852.0,26,2,4,0.5769230769230769,0.11538461538461539,0.3076923076923077,3,0,-1.5884353208924917,-0.7651302077061579,High-Value Loyalists
12142,1968,Graduation,Widow,51588.0,1,1,2014-03-30,52,115,2,269,15,6,85,6,1,3,5,7,1,0,0,0,0,0,0,3,11,47,2,3,277.0,492.0,9,6,7,0.1111111111111111,0.3333333333333333,0.5555555555555556,1,1,1.8024416383310362,0.6931780862434087,Digital Enthusiasts
12143,1949,Graduation,Married,63787.0,0,0,2012-11-16,51,149,58,101,28,27,38,2,1,3,5,5,0,0,0,0,0,0,0,3,11,66,0,2,776.0,401.0,9,2,5,0.1111111111111111,0.3333333333333333,0.5555555555555556,0,0,-0.19733191870767247,0.9983175626319847,High-Value Loyalists
12144,1963,Master,Widow,72956.0,1,0,2012-01-26,41,230,92,284,126,15,219,6,2,5,9,4,0,0,0,0,0,0,0,3,11,52,1,2,1071.0,966.0,16,6,4,0.125,0.3125,0.5625,0,1,0.1533373188664622,0.8029315121854856,Digital Enthusiasts
12145,1957,Master,Single,43827.0,0,0,2012-07-13,55,236,14,198,59,17,78,3,7,2,7,1,0,0,0,0,0,0,0,3,11,58,0,1,902.0,602.0,16,3,1,0.4375,0.125,0.4375,0,0,-0.7286997585151818,0.26124719907104577,High-Value Loyalists
12146,1967,Graduation,Single,92770.0,0,0,2013-03-30,57,818,179,763,440,148,24,2,10,9,18,5,0,1,1,0,0,1,0,3,11,48,0,1,642.0,2372.0,37,2,5,0.2702702702702703,0.24324324324324326,0.4864864864864865,3,0,-2.265106882744785,0.17473439670073482,High-Value Loyalists
12147,1964,Graduation,Single,47326.0,0,0,2013-09-17,36,156,28,95,9,14,16,3,3,0,3,6,0,0,0,0,0,0,0,3,11,51,0,1,471.0,318.0,6,3,6,0.5,0.0,0.5,0,0,-0.2742227223592656,0.5391986342057593,High-Value Loyalists
12148,1973,Graduation,Married,38221.0,1,1,2013-01-24,53,32,10,34,20,48,7,4,1,2,2,3,1,1,0,0,0,0,0,3,11,42,2,4,707.0,151.0,5,4,3,0.2,0.4,0.4,2,1,2.1763807063570066,-0.30123058761992916,Digital Enthusiasts
12149,1978,PhD,Married,57656.0,0,0,2013-02-19,30,623,426,858,134,58,190,1,23,3,14,1,0,1,0,0,0,0,0,3,11,37,0,2,681.0,2289.0,40,1,1,0.575,0.075,0.35,1,0,-1.795964058224378,-0.8091389103509598,High-Value Loyalists
12150,1966,Graduation,Married,27096.26,0,1,2013-09-17,38,71,3,42,10,5,3,8,2,2,4,8,0,0,0,0,0,0,0,3,11,49,1,3,471.0,142.34,8,8,8,0.25,0.25,0.5,0,1,1.9775813312853165,0.49775866134786173,Digital Enthusiasts
12151,1963,2n Cycle,Together,112637.0,1,0,2012-09-03,18,532,22,609,347,75,18,0,6,2,15,4,0,1,0,0,0,0,0,3,11,52,1,3,850.0,1603.0,23,0,4,0.2608695652173913,0.08695652173913043,0.6521739130434783,1,0,-0.901519983844955,0.8516422286823572,High-Value Loyalists
12152,1974,Graduation,Married,37389.0,1,1,2013-12-18,74,146,58,28,13,48,4,7,3,2,2,12,0,0,0,0,0,0,0,3,11,41,2,4,379.0,297.0,7,7,12,0.42857142857142855,0.2857142857142857,0.2857142857142857,0,1,3.156972791979391,-0.9410828640289176,Digital Enthusiasts
12153,1972,Master,Single,34489.0,0,1,2012-10-19,39,147,65,72,11,19,15,10,3,3,4,9,0,0,1,0,0,0,0,3,11,43,1,2,804.0,329.0,10,10,9,0.3,0.3,0.4,1,1,1.546551827124079,-0.0579281770799894,Digital Enthusiasts
12154,1965,Graduation,Single,33971.0,1,1,2012-04-09,99,131,20,51,4,37,23,5,3,2,3,10,0,0,0,0,0,0,0,3,11,50,2,3,997.0,266.0,8,5,10,0.375,0.25,0.375,0,1,2.507267057632637,-0.30941913695405754,Digital Enthusiasts
12155,1963,Master,Divorced,55865.0,1,0,2012-05-05,88,193,114,108,21,46,58,5,4,1,3,1,0,0,0,1,0,0,0,3,11,52,1,2,971.0,540.0,8,5,1,0.5,0.125,0.375,1,1,0.6772941554454242,-0.24579254487987487,Digital Enthusiasts
12156,1965,Graduation,Divorced,75268.0,0,0,2012-11-22,31,727,126,808,90,513,354,3,20,5,19,4,0,0,1,0,0,0,0,3,11,50,0,1,770.0,2618.0,44,3,4,0.45454545454545453,0.11363636363636363,0.4318181818181818,1,0,-2.32062820978292,-0.1842553639812036,High-Value Loyalists
12157,1972,Master,Widow,41403.0,0,0,2012-02-10,50,259,99,801,28,69,26,1,3,5,11,4,0,0,0,0,0,0,0,3,11,43,0,1,1056.0,1282.0,19,1,4,0.15789473684210525,0.2631578947368421,0.5789473684210527,0,0,-1.076226881113205,0.9365267375364276,High-Value Loyalists
12158,1992,2n Cycle,Married,70514.0,0,0,2012-06-19,54,312,33,286,234,18,16,4,3,5,12,5,0,0,0,0,0,0,0,3,11,23,0,2,926.0,899.0,20,4,5,0.15,0.25,0.6,0,0,-0.34139001712173594,0.8309477411739705,High-Value Loyalists
12159,1961,2n Cycle,Divorced,99846.0,0,0,2013-01-29,40,646,486,459,180,101,54,0,8,9,17,3,0,0,0,0,0,0,0,3,11,54,0,1,702.0,1926.0,34,0,3,0.23529411764705882,0.2647058823529412,0.5,0,0,-2.4378080793642467,0.3621960843398683,High-Value Loyalists
12160,1991,2n Cycle,Together,62456.0,1,0,2014-04-27,40,285,46,539,151,72,237,2,9,2,9,4,1,0,1,0,0,1,0,3,11,24,1,3,249.0,1330.0,20,2,4,0.45,0.1,0.45,3,0,0.08907681615146668,-0.3539592523256574,High-Value Loyalists
12161,1978,Graduation,Widow,51666.0,0,0,2014-05-28,98,889,391,532,241,113,43,0,16,1,15,8,1,0,0,1,0,1,0,3,11,37,0,1,218.0,2209.0,32,0,8,0.5,0.03125,0.46875,3,0,-1.4146419906398453,0.022419766231939392,High-Value Loyalists
12162,1987,Graduation,Widow,66167.0,0,0,2013-11-18,22,474,126,235,68,4,644,2,9,8,7,2,1,0,1,0,0,1,0,3,11,28,0,1,409.0,1551.0,24,2,2,0.375,0.3333333333333333,0.2916666666666667,3,0,-1.7934673992169812,-0.9207175844049871,High-Value Loyalists
12163,1966,Basic,Married,48496.0,0,1,2014-04-29,29,439,14,587,152,326,307,3,10,8,12,4,0,0,0,1,0,1,0,3,11,49,1,3,247.0,1825.0,30,3,4,0.3333333333333333,0.26666666666666666,0.4,2,0,-0.14202163024863126,-0.39505582657110117,High-Value Loyalists
12164,1963,2n Cycle,Single,42343.0,1,0,2013-07-07,53,215,6,150,74,13,34,2,1,3,7,2,1,0,0,0,0,0,0,3,11,52,1,2,543.0,492.0,11,2,2,0.09090909090909091,0.2727272727272727,0.6363636363636364,1,1,0.2220057843086754,1.2854755555248,Digital Enthusiasts
12165,1991,Graduation,Single,55938.0,0,1,2012-05-01,52,377,31,156,63,9,307,1,5,3,6,5,0,0,1,0,0,0,0,3,11,24,1,2,975.0,943.0,14,1,5,0.35714285714285715,0.21428571428571427,0.42857142857142855,1,0,0.015946449084750243,-0.26620805009285775,High-Value Loyalists
12166,1952,Graduation,Together,61561.0,0,1,2013-08-17,96,117,38,233,21,99,59,2,4,1,2,14,0,1,0,0,0,0,0,3,11,63,1,3,502.0,567.0,7,2,14,0.5714285714285714,0.14285714285714285,0.2857142857142857,1,1,1.5525968215429473,-0.8274188634270149,Digital Enthusiasts
12167,1981,Graduation,Together,60453.0,1,0,2013-05-11,37,492,73,318,77,73,56,2,7,7,7,12,1,0,1,1,0,0,0,3,11,34,1,3,600.0,1089.0,21,2,12,0.3333333333333333,0.3333333333333333,0.3333333333333333,3,1,0.5313721773737794,-0.8814570739259718,Digital Enthusiasts
12168,1990,Graduation,Married,59431.0,1,0,2014-02-05,50,191,172,207,20,94,100,8,4,3,9,7,0,1,0,0,0,0,0,3,11,25,1,3,330.0,784.0,16,8,7,0.25,0.1875,0.5625,1,1,1.3000250858860245,0.5298791053537557,Digital Enthusiasts
12169,1967,Graduation,Single,56178.0,1,2,2012-11-09,66,101,17,298,2,3,31,6,5,2,3,13,1,0,0,0,0,0,0,3,11,48,3,4,783.0,452.0,10,6,13,0.5,0.2,0.3,1,1,3.150185637269401,-1.0591252941212577,Digital Enthusiasts
12170,1993,Master,Divorced,69747.0,1,0,2014-01-08,36,542,143,683,69,60,112,2,5,4,18,4,0,0,0,0,0,0,0,3,11,22,1,2,358.0,1609.0,27,2,4,0.18518518518518517,0.14814814814814814,0.6666666666666666,0,0,-0.6390346625765762,1.0027623867080542,High-Value Loyalists
12171,1986,Graduation,Divorced,69560.0,1,0,2013-08-07,65,426,267,169,39,46,77,3,7,4,5,3,0,0,0,1,0,1,0,3,11,29,1,2,512.0,1024.0,16,3,3,0.4375,0.25,0.3125,2,0,-0.056858820634150764,-0.8572497265641483,High-Value Loyalists
12172,1976,Graduation,Divorced,35292.0,1,1,2013-10-26,67,176,23,109,8,13,29,3,2,2,5,9,0,0,0,0,0,0,0,3,11,39,2,3,432.0,358.0,9,3,9,0.2222222222222222,0.2222222222222222,0.5555555555555556,0,1,1.9792155073222348,0.5950971177306134,Digital Enthusiasts
12173,1960,Graduation,Widow,79881.0,0,0,2012-01-25,49,732,57,645,47,159,428,0,19,16,6,3,0,1,0,1,0,0,0,3,11,55,0,1,1072.0,2068.0,41,0,3,0.4634146341463415,0.3902439024390244,0.14634146341463414,2,0,-2.454846078204378,-1.6722240884436723,High-Value Loyalists
12174,1967,Graduation,Divorced,41976.0,1,1,2014-05-19,31,529,162,455,94,19,253,4,13,6,10,4,0,0,1,0,1,0,0,3,11,48,2,3,227.0,1512.0,29,4,4,0.4482758620689655,0.20689655172413793,0.3448275862068966,2,1,0.6246774349796722,-0.7748396615830838,Digital Enthusiasts
12175,1963,Master,Together,46124.0,1,1,2013-05-04,46,41,5,79,4,13,25,7,1,2,1,9,0,0,0,0,0,0,0,3,11,52,2,4,607.0,167.0,4,7,9,0.25,0.5,0.25,0,1,2.7789195754357996,-0.9876537946695964,Digital Enthusiasts
12176,1979,Graduation,Together,71097.0,1,1,2013-08-07,30,469,55,277,86,45,156,1,8,4,5,5,1,1,0,0,1,0,0,3,11,36,2,4,512.0,1088.0,17,1,5,0.47058823529411764,0.23529411764705882,0.29411764705882354,3,1,0.936595941869671,-1.2962099116743884,Digital Enthusiasts
12177,1973,Basic,Single,50170.0,1,0,2013-02-19,58,271,15,162,126,26,6,3,1,1,2,3,1,0,0,0,0,0,0,3,11,42,1,2,681.0,606.0,4,3,3,0.25,0.25,0.5,1,1,0.4913102228465054,0.4332296922641229,Digital Enthusiasts
12178,1974,Graduation,Single,63240.0,1,0,2012-05-02,62,295,125,356,141,306,234,0,9,12,8,2,0,0,0,0,0,1,0,3,11,41,1,2,974.0,1457.0,29,0,2,0.3103448275862069,0.41379310344827586,0.27586206896551724,1,0,-0.8093871755995469,-1.0120609246493022,High-Value Loyalists
12179,1942,Master,Married,60248.0,0,0,2013-05-20,98,247,28,116,85,3,9,3,2,7,4,3,0,1,0,0,0,0,0,3,11,73,0,2,591.0,488.0,13,3,3,0.15384615384615385,0.5384615384615384,0.3076923076923077,1,1,-0.05146829655204041,-0.21578500273917325,Digital Enthusiasts
12180,1962,Graduation,Together,27845.0,0,2,2013-09-14,61,40,6,40,7,2,15,3,1,0,2,10,0,0,0,0,0,0,0,3,11,53,2,4,474.0,142.34,3,3,10,0.3333333333333333,0.0,0.6666666666666666,0,1,2.766153977658734,1.1657038842558773,Digital Enthusiasts
12181,1950,PhD,Divorced,46213.0,1,1,2012-05-17,92,182,19,131,6,27,46,4,2,1,2,5,0,0,0,0,0,0,0,3,11,65,2,3,959.0,411.0,5,4,5,0.4,0.2,0.4,0,1,1.9592906599952784,-0.09538966021805478,Digital Enthusiasts
12182,1963,Master,Married,41429.0,1,1,2012-11-28,65,198,60,207,21,65,54,3,3,1,5,4,0,0,0,0,1,0,0,3,11,52,2,4,764.0,605.0,9,3,4,0.3333333333333333,0.1111111111111111,0.5555555555555556,1,1,1.998833975312358,0.48930429183369484,Digital Enthusiasts
12183,1971,Graduation,Together,128267.0,0,0,2013-07-10,13,874,33,414,290,36,298,1,7,9,17,2,0,1,0,0,0,0,0,3,11,44,0,2,540.0,1945.0,33,1,2,0.21212121212121213,0.2727272727272727,0.5151515151515151,1,0,-2.3646288025861857,0.21159574367460662,High-Value Loyalists
12184,1956,PhD,Together,45273.0,0,1,2012-09-16,60,196,21,99,118,27,69,5,2,3,5,4,0,0,0,0,0,0,0,3,11,59,1,3,837.0,530.0,10,5,4,0.2,0.3,0.5,0,1,1.2070472841526225,0.5187584217058504,Digital Enthusiasts
12185,1978,Master,Single,57932.0,0,0,2012-09-23,44,950,131,805,112,103,270,2,6,4,30,4,0,0,0,0,0,0,0,3,11,37,0,1,830.0,2371.0,40,2,4,0.15,0.1,0.75,0,0,-1.9624236241409576,1.634080895954761,High-Value Loyalists
12186,1963,Graduation,Widow,38417.0,1,1,2012-04-11,70,380,11,127,74,11,36,4,2,1,10,9,0,0,0,1,0,0,0,3,11,52,2,3,995.0,639.0,13,4,9,0.15384615384615385,0.07692307692307693,0.7692307692307693,1,1,1.82973699772887,1.7651211240169449,Digital Enthusiasts
12187,1964,PhD,Together,37007.0,1,1,2013-04-02,47,96,44,68,11,7,50,7,1,1,8,7,0,0,0,0,0,0,0,3,11,51,2,4,639.0,276.0,10,7,7,0.1,0.1,0.8,0,1,2.617702092430434,1.958534908532319,Digital Enthusiasts
12188,1981,PhD,Married,59140.0,1,0,2012-04-18,30,562,423,557,170,29,9,0,8,5,17,4,1,0,0,1,1,0,0,3,11,34,1,3,988.0,1750.0,30,0,4,0.26666666666666666,0.16666666666666666,0.5666666666666667,3,0,-0.547326029057326,0.2762584739213202,High-Value Loyalists
12189,1963,Master,Married,39900.0,1,0,2014-02-21,44,148,50,135,46,77,38,5,4,3,6,6,0,0,0,0,0,0,0,3,11,52,1,3,314.0,494.0,13,5,6,0.3076923076923077,0.23076923076923078,0.46153846153846156,0,1,1.2417472666157836,0.2100371836963283,Digital Enthusiasts
12190,1954,Graduation,Divorced,130117.49999999999,0,0,2012-06-04,23,1043,105,561,74,13,5,1,4,6,13,2,0,0,0,0,1,0,0,3,11,61,0,1,941.0,1801.0,23,1,2,0.17391304347826086,0.2608695652173913,0.5652173913043478,1,0,-2.5820390849728176,0.7477913617415515,High-Value Loyalists
12191,1968,PhD,Divorced,40451.0,0,1,2012-03-25,64,63,32,59,13,3,14,4,1,0,1,7,0,1,0,0,1,1,0,3,11,47,1,2,1012.0,184.0,2,4,7,0.5,0.0,0.5,3,1,1.0751701161287268,0.3191519636480583,Digital Enthusiasts
12192,1975,Basic,Married,41786.0,1,1,2014-04-13,99,70,13,208,25,39,125,9,3,2,4,9,0,0,0,0,0,0,0,3,11,40,2,4,263.0,480.0,9,9,9,0.3333333333333333,0.2222222222222222,0.4444444444444444,0,1,3.2134478084502534,-0.009473796042164057,Digital Enthusiasts
12193,1976,Master,Divorced,78367.0,0,0,2012-12-23,18,418,244,895,315,165,168,0,7,4,27,0,0,1,0,1,0,0,0,3,11,39,0,1,739.0,2205.0,38,0,0,0.18421052631578946,0.10526315789473684,0.7105263157894737,2,0,-2.755975835430768,1.3173033942860701,High-Value Loyalists
12194,1955,Graduation,Widow,43906.0,1,1,2012-06-26,21,42,25,59,8,55,25,9,6,5,1,7,0,0,0,0,0,0,1,3,11,60,2,3,919.0,214.0,12,9,7,0.5,0.4166666666666667,0.08333333333333333,0,1,2.0774712583422623,-1.894296785811486,Digital Enthusiasts
12195,1954,Graduation,Widow,48190.0,0,0,2013-05-08,14,256,63,183,57,15,20,3,2,0,9,6,0,0,0,0,0,0,0,3,11,61,0,1,603.0,594.0,11,3,6,0.18181818181818182,0.0,0.8181818181818182,0,0,-0.6741414892409011,2.3712621584715032,High-Value Loyalists
12196,1955,Graduation,Widow,85042.0,0,0,2012-04-02,45,1284,284,360,191,71,116,2,12,11,12,3,0,0,0,0,0,0,0,3,11,60,0,1,1004.0,2306.0,35,2,3,0.34285714285714286,0.3142857142857143,0.34285714285714286,0,0,-2.192444158799376,-0.45889436471486156,High-Value Loyalists
12197,1964,Graduation,Widow,42939.0,1,1,2013-01-06,46,102,56,40,14,4,39,8,0,0,0,9,0,1,1,0,0,0,0,3,11,51,2,3,725.0,255.0,2,8,9,0.0,0.0,0.0,2,1,2.4128459371527153,-0.35607423058884113,Digital Enthusiasts
12198,1982,Graduation,Divorced,46927.0,1,0,2013-08-15,43,300,46,313,56,40,184,3,5,5,9,8,0,0,0,1,0,0,0,3,11,33,1,2,504.0,939.0,19,3,8,0.2631578947368421,0.2631578947368421,0.47368421052631576,1,1,0.28104965179553176,0.111796365090881,Digital Enthusiasts
12199,1976,Graduation,Single,52300.0,1,1,2013-03-07,42,116,1,50,19,10,21,7,2,1,2,5,0,0,0,0,0,1,0,3,11,39,2,3,665.0,217.0,5,7,5,0.4,0.2,0.4,1,1,1.961227954038518,-0.3175074525653623,Digital Enthusiasts
12200,1955,2n Cycle,Divorced,93344.0,0,0,2014-04-13,24,647,300,673,108,294,139,1,23,9,11,4,0,0,0,0,0,0,0,3,11,60,0,1,263.0,2161.0,43,1,4,0.5348837209302325,0.20930232558139536,0.2558139534883721,0,0,-2.56511926117733,-1.0574109227149462,High-Value Loyalists
12201,1942,Master,Divorced,67184.0,0,0,2013-10-10,44,294,18,66,51,36,76,2,5,2,2,4,0,0,0,0,0,0,0,3,11,73,0,1,448.0,541.0,9,2,4,0.5555555555555556,0.2222222222222222,0.2222222222222222,0,0,-0.8279801415285971,-0.8370169396040112,High-Value Loyalists
12202,1969,Graduation,Divorced,41937.0,1,1,2013-08-06,36,179,195,109,4,22,12,5,6,6,5,6,0,1,0,0,0,0,0,3,11,46,2,3,513.0,521.0,17,5,6,0.35294117647058826,0.35294117647058826,0.29411764705882354,1,1,1.4793449266133116,-0.8801012834344839,Digital Enthusiasts
12203,1962,Graduation,Together,74827.0,0,0,2013-08-25,55,471,21,410,90,132,19,0,6,5,11,2,0,0,1,0,0,1,0,3,11,53,0,2,494.0,1143.0,22,0,2,0.2727272727272727,0.22727272727272727,0.5,2,0,-1.219380037466868,0.3690351822890803,High-Value Loyalists
12204,1978,Master,Single,51522.0,1,0,2013-09-09,66,304,12,633,149,47,39,2,10,3,4,7,0,0,0,0,0,0,0,3,11,37,1,2,479.0,1184.0,17,2,7,0.5882352941176471,0.17647058823529413,0.23529411764705882,0,1,0.2662418138864864,-1.243394670513472,Digital Enthusiasts
12205,1980,Graduation,Single,39951.0,1,1,2013-03-05,72,74,35,87,20,4,41,4,1,2,5,5,0,0,0,0,1,0,0,3,11,35,2,3,667.0,261.0,8,4,5,0.125,0.25,0.625,1,1,1.8559970965661456,0.9809749772631661,Digital Enthusiasts
12206,1969,Graduation,Widow,38505.0,1,1,2012-04-04,99,115,31,48,35,1,18,5,1,3,4,9,0,0,1,0,1,0,0,3,11,46,2,3,1002.0,248.0,8,5,9,0.125,0.375,0.5,2,1,2.2948342391369176,0.3954814453037303,Digital Enthusiasts
12207,1988,Basic,Widow,59235.0,0,1,2012-08-19,9,423,32,432,63,27,263,2,3,1,17,7,0,0,0,0,0,1,0,3,11,27,1,2,865.0,1240.0,21,2,7,0.14285714285714285,0.047619047619047616,0.8095238095238095,1,0,-0.3427429927564233,1.7673302278693857,High-Value Loyalists
12208,1970,Master,Widow,73479.0,0,0,2012-10-08,23,1129,295,633,76,161,230,0,3,27,11,5,1,0,0,0,0,1,0,3,11,45,0,1,815.0,2524.0,41,0,5,0.07317073170731707,0.6585365853658537,0.2682926829268293,2,0,-2.635579347060061,-0.9416141575194904,High-Value Loyalists
12209,1973,2n Cycle,Widow,69860.0,0,0,2012-08-20,20,851,36,725,314,159,395,5,25,1,15,4,0,0,0,0,0,0,0,3,11,42,0,1,864.0,2480.0,41,5,4,0.6097560975609756,0.024390243902439025,0.36585365853658536,0,0,-1.931779201855199,-0.6083505684068993,High-Value Loyalists
12210,1957,Master,Married,51498.0,1,1,2012-09-09,67,122,127,380,19,52,65,1,6,5,5,3,0,0,0,0,0,0,0,3,11,58,2,4,844.0,765.0,16,1,3,0.375,0.3125,0.3125,0,1,1.4630790240773048,-0.8211552987272358,Digital Enthusiasts
12211,1978,Master,Together,59221.0,1,0,2013-11-18,10,467,44,304,73,140,20,3,6,1,11,4,0,1,0,0,0,0,0,3,11,37,1,3,409.0,1048.0,18,3,4,0.3333333333333333,0.05555555555555555,0.6111111111111112,1,1,0.225348107512065,0.6899945634836038,Digital Enthusiasts
12212,1962,Master,Single,45337.0,0,0,2014-04-30,66,310,20,82,19,47,22,2,3,1,3,3,0,0,0,0,0,1,0,3,11,53,0,1,246.0,500.0,7,2,3,0.42857142857142855,0.14285714285714285,0.42857142857142855,1,0,-0.4791099730555332,0.23540745312848396,High-Value Loyalists
12213,1965,PhD,Widow,88571.0,1,0,2013-02-09,6,343,80,191,95,18,48,4,9,0,4,5,1,0,0,0,0,0,0,3,11,50,1,2,691.0,775.0,13,4,5,0.6923076923076923,0.0,0.3076923076923077,1,0,-0.21481084494165797,-0.9290864968125033,High-Value Loyalists
12214,1950,Graduation,Married,51151.0,1,0,2013-03-12,68,279,21,123,9,20,43,4,8,1,2,4,1,0,0,0,1,0,0,3,11,65,1,3,660.0,495.0,11,4,4,0.7272727272727273,0.09090909090909091,0.18181818181818182,2,1,1.0522651761850346,-1.4373202380518264,Digital Enthusiasts
12215,1952,Graduation,Divorced,116026.0,0,0,2012-10-23,53,856,259,357,66,58,319,0,8,5,12,3,0,0,1,0,0,0,0,3,11,63,0,1,800.0,1915.0,25,0,3,0.32,0.2,0.48,1,0,-2.364276417783991,0.2787961343410722,High-Value Loyalists
12216,1968,PhD,Widow,80896.0,0,0,2013-07-21,3,554,233,409,3,131,80,2,7,4,14,1,0,0,1,0,1,0,0,3,11,47,0,1,529.0,1410.0,25,2,1,0.28,0.16,0.56,2,0,-2.083216087571658,0.6496428794456555,High-Value Loyalists
12217,1958,Graduation,Married,54609.0,0,0,2013-09-08,43,121,52,124,286,5,55,1,3,3,7,4,0,0,1,1,0,1,0,3,11,57,0,2,480.0,643.0,13,1,4,0.23076923076923078,0.23076923076923078,0.5384615384615384,3,0,-0.5786692898859945,0.6879832631690056,High-Value Loyalists
12218,1939,Master,Together,51426.0,1,0,2012-02-20,78,88,1,280,21,30,10,3,1,1,4,3,0,0,0,0,0,1,0,3,11,76,1,3,1046.0,430.0,6,3,3,0.16666666666666666,0.16666666666666666,0.6666666666666666,1,1,1.0441019652977919,1.5098833815146198,Digital Enthusiasts
12219,1982,PhD,Divorced,46287.0,1,0,2013-03-28,68,275,33,102,15,39,149,1,2,1,8,4,0,0,0,0,0,0,0,3,11,33,1,2,644.0,613.0,11,1,4,0.18181818181818182,0.09090909090909091,0.7272727272727273,0,1,0.3488663858615511,1.5780626336947747,Digital Enthusiasts
12220,1979,Basic,Single,86492.0,1,0,2013-01-18,6,284,488,500,59,16,223,4,7,7,11,7,0,1,0,0,1,0,0,3,11,36,1,2,713.0,1570.0,25,4,7,0.28,0.28,0.44,2,0,-0.6849660064615698,-0.2490736655282542,High-Value Loyalists
12221,1972,Graduation,Single,63267.0,1,0,2013-02-01,46,164,54,248,191,189,114,1,3,8,13,4,0,0,0,0,0,0,0,3,11,43,1,2,699.0,960.0,24,1,4,0.125,0.3333333333333333,0.5416666666666666,0,0,-0.4029145461089506,0.569104489854634,High-Value Loyalists
12222,1987,Graduation,Together,75465.0,0,0,2013-04-01,52,333,74,276,18,15,120,3,2,5,9,9,1,0,0,0,1,0,0,3,11,28,0,2,640.0,836.0,16,3,9,0.125,0.3125,0.5625,2,0,-0.2915877499830868,0.6312073912860554,High-Value Loyalists
12223,1961,Graduation,Married,77432.0,0,0,2012-05-04,27,674,13,433,6,16,112,0,14,5,6,2,0,0,0,0,0,0,0,3,11,54,0,2,972.0,1254.0,25,0,2,0.56,0.2,0.24,0,0,-1.403437523831424,-1.1806345593205496,High-Value Loyalists
12224,1949,Graduation,Together,50314.0,1,0,2013-12-20,83,366,57,193,44,50,17,3,5,4,5,7,0,0,0,0,0,0,0,3,11,66,1,3,377.0,727.0,14,3,7,0.35714285714285715,0.2857142857142857,0.35714285714285715,0,1,1.107486002439652,-0.27889021059052244,Digital Enthusiasts
12225,1967,Graduation,Single,54654.0,1,0,2014-03-21,25,621,80,907,61,69,201,0,14,6,6,5,0,0,0,0,1,0,0,3,11,48,1,2,286.0,1939.0,26,0,5,0.5384615384615384,0.23076923076923078,0.23076923076923078,1,0,-0.8610278210965993,-1.3335108408402347,High-Value Loyalists
12226,1964,Graduation,Together,48657.0,1,1,2012-04-07,48,52,12,112,23,13,28,4,1,3,4,4,0,0,0,0,0,0,0,3,11,51,2,4,999.0,240.0,8,4,4,0.125,0.375,0.5,0,1,2.0667068029910953,0.31273344747138493,Digital Enthusiasts
12227,1956,Master,Widow,95784.0,0,0,2014-01-17,13,913,16,402,167,121,132,0,4,13,10,3,0,0,0,0,0,0,0,3,11,59,0,1,349.0,1751.0,27,0,3,0.14814814814814814,0.48148148148148145,0.37037037037037035,0,0,-2.3957767866122692,-0.20113000471851458,High-Value Loyalists
12228,1967,Graduation,Married,96856.0,1,0,2013-05-20,33,1033,187,715,718,182,20,3,13,14,16,2,0,1,1,1,1,0,0,3,11,48,1,3,591.0,2855.0,43,3,2,0.3023255813953488,0.32558139534883723,0.37209302325581395,4,0,-1.4207746886250683,-0.7851560696597654,High-Value Loyalists
12229,1978,2n Cycle,Divorced,49860.0,0,1,2014-01-23,52,80,16,32,3,1,10,1,1,1,0,11,0,0,0,0,0,0,0,3,11,37,1,2,343.0,142.34,2,1,11,0.5,0.5,0.0,0,1,0.9336555546980995,-2.3469930273537774,Digital Enthusiasts
12230,1961,Graduation,Together,81913.0,1,0,2012-06-14,57,1004,158,393,125,3,745,1,3,15,20,3,0,0,0,0,0,1,0,3,11,54,1,3,931.0,2428.0,38,1,3,0.07894736842105263,0.39473684210526316,0.5263157894736842,1,0,-0.9318305766480356,0.3084379593221069,High-Value Loyalists
12231,1984,Graduation,Together,44285.0,0,1,2012-06-17,50,213,175,132,78,26,85,2,9,0,8,2,0,0,1,0,1,0,0,3,11,31,1,3,928.0,709.0,17,2,2,0.5294117647058824,0.0,0.47058823529411764,2,1,0.5402227815546282,-0.15604558467251367,Digital Enthusiasts
12232,1978,Basic,Together,67726.0,0,0,2012-01-05,24,335,31,26,30,49,209,0,4,10,2,7,0,0,0,1,0,0,0,3,11,37,0,2,1086.6599999999999,680.0,16,0,7,0.25,0.625,0.125,1,0,-0.7484599641424036,-1.7164758826068423,High-Value Loyalists
12233,1949,Master,Together,45246.0,1,0,2013-03-29,57,285,103,55,17,47,91,3,9,5,3,8,0,0,0,0,0,0,0,3,11,66,1,3,643.0,598.0,17,3,8,0.5294117647058824,0.29411764705882354,0.17647058823529413,0,1,1.0404809599730878,-1.371848709840565,Digital Enthusiasts
12234,1959,Graduation,Widow,31088.0,1,1,2013-01-07,40,37,17,84,7,43,26,6,4,4,4,6,0,0,0,0,0,0,0,3,11,56,2,3,724.0,214.0,12,6,6,0.3333333333333333,0.3333333333333333,0.3333333333333333,0,1,1.952674547273691,-0.5030035176714304,Digital Enthusiasts
12235,1952,Graduation,Together,60145.0,0,0,2014-05-02,75,217,42,68,103,1,130,3,1,1,3,5,0,0,0,0,0,0,0,3,11,63,0,2,244.0,561.0,5,3,5,0.2,0.2,0.6,0,1,0.1584780474994109,1.259313432284645,Digital Enthusiasts
12236,1959,Graduation,Together,93125.0,1,0,2013-05-16,44,442,160,288,85,102,545,0,19,2,2,3,0,0,0,1,0,1,0,3,11,56,1,3,595.0,1622.0,23,0,3,0.8260869565217391,0.08695652173913043,0.08695652173913043,2,0,-0.5933207744061321,-2.3171214055126392,High-Value Loyalists
12237,1993,PhD,Married,49219.0,1,0,2014-04-14,53,432,332,415,7,125,254,1,3,6,12,8,0,1,0,0,0,0,0,3,11,22,1,3,262.0,1565.0,21,1,8,0.14285714285714285,0.2857142857142857,0.5714285714285714,1,1,0.368056525641406,0.4701646741950285,Digital Enthusiasts
12238,1981,Master,Together,62592.0,1,0,2012-08-24,16,558,1,350,99,35,57,0,8,2,11,7,0,0,0,0,0,0,0,3,11,34,1,3,860.0,1100.0,21,0,7,0.38095238095238093,0.09523809523809523,0.5238095238095238,0,0,0.04895770725304932,0.11190727560550111,High-Value Loyalists
12239,1986,2n Cycle,Married,28184.0,0,2,2012-02-04,93,102,12,53,20,2,9,5,0,1,2,7,0,0,0,0,0,0,0,3,11,29,2,4,1062.0,198.0,3,5,7,0.0,0.3333333333333333,0.6666666666666666,0,1,2.98476795246223,1.2080695628460254,Digital Enthusiasts
