ID,Year_Birth,Education,Marital_Status,Income,Kidhome,Teenhome,Dt_Customer,Recency,MntWines,MntFruits,MntMeatProducts,MntFishProducts,MntSweetProducts,MntGoldProds,NumDealsPurchases,NumWebPurchases,NumCatalogPurchases,NumStorePurchases,NumWebVisitsMonth,AcceptedCmp1,AcceptedCmp2,AcceptedCmp3,AcceptedCmp4,AcceptedCmp5,Response,Complain,Z_CostContact,Z_Revenue
10000,1973,Graduation,Single,43939.0,0,2,2014-01-27,59,70,62,90,7,20,25,4,3,4,3,6,0,0,0,0,0,0,0,3,11
10001,1973,Master,Together,53956.0,1,1,2012-03-18,39,310,24,74,104,8,93,4,5,1,6,2,0,0,1,0,0,0,0,3,11
10002,1963,Graduation,Divorced,42581.0,1,0,2013-03-13,79,164,28,344,179,36,5,5,3,1,8,4,0,0,0,0,0,0,0,3,11
10003,1985,Master,Married,38281.0,1,2,2014-05-06,64,130,60,50,15,42,26,4,2,4,2,7,0,0,0,0,0,0,0,3,11
10004,1951,PhD,Together,93169.0,0,0,2013-06-16,3,2135,219,1281,163,5,120,0,7,16,38,3,0,0,1,0,0,1,0,3,11
10005,1959,Graduation,Together,35873.0,1,0,2014-01-24,64,417,31,84,38,45,241,2,2,5,11,9,0,0,1,0,0,0,0,3,11
10006,1973,Master,Widow,,0,1,2013-05-26,73,34,26,87,40,27,24,3,4,1,4,7,0,0,0,0,0,0,0,3,11
10007,1975,PhD,Widow,38107.0,1,1,2013-07-29,22,129,35,122,29,39,27,3,3,3,2,7,0,0,0,0,0,0,0,3,11
10008,1962,Master,Together,86209.0,0,0,2013-10-03,1,454,99,76,60,4,425,1,11,4,7,2,1,0,1,0,1,0,0,3,11
10009,1963,Graduation,Widow,55241.0,0,0,2013-11-01,82,212,261,204,31,3,86,2,13,1,5,3,0,0,0,0,0,0,0,3,11
10010,1973,Graduation,Widow,58351.0,1,0,2013-01-25,30,793,72,214,30,0,196,2,3,9,13,7,0,1,0,0,0,0,0,3,11
10011,1966,2n Cycle,Together,50193.0,1,0,2013-08-21,45,60,27,90,47,11,39,1,1,1,4,2,0,0,0,0,0,0,0,3,11
10012,1983,Graduation,Together,38696.0,1,1,2012-11-02,57,126,7,54,56,19,15,5,1,0,4,8,0,0,0,0,0,0,0,3,11
10013,1957,Graduation,Single,58686.0,1,0,2012-01-12,37,94,132,101,21,4,69,2,2,2,3,5,0,0,0,0,0,0,0,3,11
10014,1980,PhD,Widow,80685.0,1,0,2012-04-02,0,778,25,323,31,10,29,1,4,10,5,5,0,0,0,0,0,0,0,3,11
10015,1991,Graduation,Widow,61284.0,0,0,2013-07-12,13,384,60,189,57,14,61,2,5,3,7,4,0,0,1,0,1,0,0,3,11
10016,1965,Basic,Divorced,34687.0,1,1,2013-06-15,43,55,31,78,16,114,35,8,3,1,6,5,0,0,0,0,0,0,0,3,11
10017,1975,Graduation,Single,98233.0,0,0,2012-08-08,16,365,244,584,558,115,48,1,6,4,18,3,0,1,1,0,0,0,0,3,11
10018,1942,PhD,Single,58757.0,0,0,2013-02-02,35,491,56,363,10,74,62,5,11,1,6,6,1,1,0,1,1,1,0,3,11
10019,1957,Graduation,Widow,34839.0,1,1,2014-05-03,25,62,24,62,63,14,55,2,2,2,4,8,0,0,0,0,0,0,0,3,11
10020,1973,Graduation,Single,44508.0,0,2,2014-01-02,45,121,7,60,4,6,11,4,1,1,2,4,0,0,0,0,0,0,0,3,11
10021,1974,Master,Widow,79068.0,1,0,2013-01-03,62,653,87,128,100,2,77,2,5,3,12,3,0,0,0,0,0,0,0,3,11
10022,1963,Graduation,Widow,67328.0,0,0,2013-05-05,37,236,31,24,1,44,34,1,3,1,4,4,0,0,0,0,0,0,0,3,11
10023,1949,Graduation,Divorced,74211.0,1,0,2013-09-26,47,144,89,92,208,100,91,1,4,5,3,5,0,0,0,0,0,0,0,3,11
10024,1975,Graduation,Widow,31954.0,0,1,2013-10-05,89,95,18,111,44,57,25,6,3,2,4,9,0,1,0,1,0,0,0,3,11
10025,1975,Graduation,Divorced,90251.0,0,0,2012-05-13,12,1504,593,1487,384,659,229,1,16,18,40,0,0,0,1,1,0,1,0,3,11
10026,1980,2n Cycle,Single,65147.0,1,0,2012-09-09,99,279,18,294,89,108,120,4,4,4,6,8,0,0,0,1,1,1,0,3,11
10027,1970,Master,Together,88252.0,0,0,2013-03-01,47,601,173,617,5,152,168,0,9,3,15,3,0,0,0,0,0,1,0,3,11
10028,1969,Graduation,Married,79040.0,0,0,2014-03-23,29,387,198,521,169,215,36,0,7,2,18,4,0,0,0,0,0,1,0,3,11
10029,1964,Graduation,Married,,1,1,2012-04-03,52,64,25,176,28,2,9,6,3,1,2,3,1,0,0,0,0,0,0,3,11
10030,1978,PhD,Widow,38711.0,0,1,2013-10-12,87,101,14,141,35,22,10,5,1,1,2,8,0,0,1,0,0,0,0,3,11
10031,1940,Graduation,Widow,44593.0,1,0,2012-12-31,36,267,28,142,47,11,112,4,3,2,3,6,0,0,0,0,0,0,0,3,11
10032,1988,Graduation,Single,,1,1,2012-12-28,28,616,116,498,100,42,366,2,16,4,7,6,0,1,0,0,0,0,0,3,11
10033,1965,Basic,Together,55455.0,0,0,2013-05-19,73,452,117,146,88,64,42,4,5,1,7,8,0,0,0,0,0,0,0,3,11
10034,1986,Master,Married,52167.0,1,1,2012-06-27,29,562,16,543,196,91,265,2,12,4,10,6,0,1,0,1,1,1,0,3,11
10035,1967,Graduation,Together,94318.0,0,0,2013-07-23,17,883,146,951,74,49,228,1,13,18,11,3,0,0,0,0,0,0,0,3,11
10036,1970,Graduation,Together,92758.0,0,0,2013-03-19,13,735,311,780,2,2,62,0,2,4,19,2,0,0,0,0,0,0,0,3,11
10037,1980,Master,Widow,72984.0,0,0,2012-12-21,0,496,21,239,55,32,177,2,5,4,8,5,1,1,0,0,0,0,0,3,11
10038,1971,PhD,Divorced,100641.0,0,0,2012-05-11,60,857,126,1165,584,27,133,3,25,2,24,6,0,0,0,0,0,0,0,3,11
10039,1960,Graduation,Married,40167.0,0,1,2012-05-22,57,67,24,42,1,19,52,5,2,1,5,11,0,1,0,0,1,0,0,3,11
10040,1968,PhD,Married,,0,1,2012-07-02,61,336,79,410,390,42,31,4,6,1,14,7,0,0,0,0,0,0,0,3,11
10041,1957,2n Cycle,Divorced,41919.0,1,0,2013-08-16,48,126,90,84,49,39,79,3,3,3,4,3,0,0,0,0,0,0,0,3,11
10042,1970,Graduation,Married,29377.0,1,1,2012-12-18,48,218,86,147,16,0,84,3,3,2,9,8,0,0,1,0,1,0,0,3,11
10043,1984,Master,Divorced,89206.0,0,0,2012-01-11,23,265,247,273,561,82,183,0,7,10,15,6,1,0,0,1,0,1,0,3,11
10044,1961,2n Cycle,Single,43231.0,0,0,2014-02-25,67,222,41,65,97,2,52,2,3,3,2,5,0,0,0,0,0,0,0,3,11
10045,1963,PhD,Married,42201.0,0,0,2013-12-28,34,255,16,136,64,118,164,5,3,2,7,2,0,0,0,0,0,1,0,3,11
10046,1981,Basic,Divorced,64494.0,0,0,2013-09-22,46,815,1,405,12,12,23,1,5,2,10,4,0,1,0,0,0,1,0,3,11
10047,1976,Graduation,Married,63838.0,0,0,2013-08-30,38,416,26,342,97,31,32,0,9,1,7,5,0,0,0,0,0,0,0,3,11
10048,1987,Master,Together,31724.0,0,1,2013-08-11,35,121,46,65,16,31,95,1,1,1,2,6,0,0,0,0,1,0,0,3,11
10049,1967,Graduation,Together,84675.0,0,0,2013-11-27,18,716,361,497,63,109,457,3,19,3,12,2,0,0,1,0,0,0,0,3,11
10050,1954,Graduation,Widow,115087.0,0,0,2014-04-13,28,641,316,259,174,33,639,1,10,5,14,0,1,0,0,0,0,0,0,3,11
10051,1958,PhD,Together,76601.0,0,0,2014-05-26,21,858,273,424,55,165,95,1,4,18,12,4,0,0,1,0,0,0,0,3,11
10052,1976,PhD,Together,28756.0,0,1,2012-09-16,99,72,86,104,12,30,25,5,1,2,4,7,0,0,0,0,0,0,0,3,11
10053,1983,Graduation,Married,45883.0,1,2,2012-10-21,63,96,48,119,4,12,27,6,5,2,2,7,0,0,0,0,0,0,0,3,11
10054,1968,Graduation,Widow,41932.0,0,2,2012-05-30,53,101,24,96,41,20,4,3,2,1,1,5,0,0,0,0,1,0,0,3,11
10055,1990,Graduation,Widow,33565.0,1,1,2013-04-24,50,56,7,75,23,9,48,5,4,1,2,9,0,0,0,1,0,0,0,3,11
10056,1969,Basic,Widow,47368.0,1,0,2013-01-07,32,712,34,256,79,465,643,1,18,1,12,3,0,0,1,0,0,0,0,3,11
10057,1973,Master,Widow,32742.0,1,1,2013-07-23,44,45,15,80,12,4,31,4,2,2,2,4,0,0,0,0,0,0,0,3,11
10058,1952,Graduation,Single,89021.0,0,0,2013-07-11,9,462,28,677,573,264,232,1,3,23,16,4,0,0,0,1,0,1,0,3,11
10059,1980,Graduation,Married,113630.0,0,0,2013-06-11,41,707,214,415,176,29,141,1,9,1,20,3,0,1,0,0,0,0,0,3,11
10060,1964,2n Cycle,Single,30885.0,1,1,2012-01-15,91,152,4,31,42,15,302,4,2,1,8,3,0,0,0,0,0,0,0,3,11
10061,1978,Master,Single,63910.0,1,0,2013-07-24,28,344,38,234,60,74,65,0,5,9,11,4,0,0,0,0,1,0,0,3,11
10062,1974,Master,Divorced,43494.0,0,2,2012-05-10,67,106,15,58,12,1,19,7,2,1,1,8,0,0,0,0,0,0,0,3,11
10063,1982,Master,Single,23602.0,1,1,2014-04-27,43,84,23,39,5,25,17,5,3,1,6,7,0,0,0,0,0,0,0,3,11
10064,1967,Graduation,Married,46728.0,0,2,2012-02-02,60,101,2,51,5,78,80,4,1,1,1,3,0,0,0,0,0,0,0,3,11
10065,1966,Graduation,Together,29997.0,1,1,2013-03-11,29,62,46,33,4,3,17,5,1,2,2,6,0,0,0,0,0,0,0,3,11
10066,1957,Graduation,Single,40609.0,0,1,2012-12-21,39,100,7,70,20,22,14,2,1,1,1,4,0,0,0,1,0,1,0,3,11
10067,1969,Graduation,Widow,68287.0,1,0,2014-02-14,18,88,54,144,13,85,123,3,2,3,7,4,0,0,0,0,0,0,0,3,11
10068,1971,Master,Divorced,111802.0,0,0,2012-01-09,24,538,70,503,671,48,252,3,13,9,11,2,0,0,1,0,0,0,0,3,11
10069,1986,Master,Married,72571.0,1,0,2013-07-22,12,329,38,182,181,44,176,4,6,3,7,5,0,1,1,1,0,0,0,3,11
10070,1977,2n Cycle,Single,55944.0,0,0,2014-01-11,0,289,116,460,50,73,91,1,5,6,11,3,0,0,0,0,0,0,0,3,11
10071,1966,Graduation,Widow,55558.0,0,0,2013-12-05,7,951,47,268,67,331,73,0,8,5,14,11,1,0,0,0,0,0,0,3,11
10072,1960,Master,Together,53457.0,1,0,2012-09-19,48,140,107,61,13,20,36,3,4,0,6,11,0,0,0,0,0,0,0,3,11
10073,1966,Basic,Together,62514.0,0,0,2012-10-22,20,727,49,297,175,19,289,1,11,5,12,13,1,0,1,0,0,1,0,3,11
10074,1962,Graduation,Married,99021.0,0,0,2012-07-09,15,753,283,130,22,6,261,4,6,9,5,2,0,0,0,1,1,1,0,3,11
10075,1975,Graduation,Single,76116.0,0,0,2012-10-23,43,1030,96,372,197,394,24,2,9,6,15,4,0,0,0,0,1,0,0,3,11
10076,1980,2n Cycle,Together,73411.0,1,0,2013-01-17,19,535,25,368,254,65,283,5,18,0,7,5,0,0,0,1,1,0,0,3,11
10077,1966,Graduation,Widow,36406.0,0,1,2014-04-21,56,55,18,34,17,58,8,4,4,1,3,11,0,0,0,0,0,0,0,3,11
10078,1972,Master,Together,26267.0,0,1,2014-03-13,99,59,10,84,18,7,20,5,2,3,6,9,0,0,0,0,0,0,0,3,11
10079,1974,Graduation,Divorced,34691.0,1,1,2014-01-19,49,162,9,147,17,0,17,2,1,2,5,16,0,0,0,0,0,0,0,3,11
10080,1966,Graduation,Divorced,41300.0,0,2,2012-12-29,53,68,41,109,28,4,4,5,2,1,3,5,1,1,0,0,0,0,0,3,11
10081,1979,2n Cycle,Divorced,52263.0,0,0,2013-03-31,46,548,61,295,28,5,142,1,2,5,9,3,0,0,0,1,0,0,0,3,11
10082,1960,Graduation,Together,58998.0,0,0,2013-03-30,34,433,38,200,92,64,179,4,8,2,10,7,1,0,1,0,0,0,0,3,11
10083,1962,Graduation,Married,107931.0,0,0,2013-02-18,14,445,1,182,281,78,443,2,2,2,19,3,0,1,1,0,0,0,0,3,11
10084,1967,Graduation,Married,92313.0,1,0,2012-06-27,25,468,98,373,648,345,35,0,8,3,20,4,1,0,0,0,0,0,0,3,11
10085,1963,Graduation,Single,48767.0,0,0,2012-08-14,32,883,315,811,129,228,365,0,13,9,19,7,0,0,0,0,0,0,0,3,11
10086,1975,Graduation,Together,29429.0,0,1,2013-06-06,37,158,18,77,37,5,86,10,4,2,5,7,1,0,0,0,0,0,0,3,11
10087,1987,Master,Together,94786.0,1,0,2012-07-05,50,422,25,469,9,16,141,1,8,4,5,8,1,0,1,0,1,0,0,3,11
10088,1953,Graduation,Married,80681.0,0,0,2012-03-09,62,471,132,343,86,288,383,2,4,4,17,2,0,1,0,0,0,0,0,3,11
10089,1959,Graduation,Single,25553.0,0,2,2012-07-22,15,48,18,68,3,5,3,11,2,3,2,7,0,0,0,0,0,0,0,3,11
10090,1959,Graduation,Single,115222.0,0,0,2014-03-30,36,565,63,159,167,272,45,1,4,3,7,5,1,0,1,0,0,0,0,3,11
10091,1975,Master,Together,38102.0,1,1,2014-04-27,55,108,21,79,1,41,67,4,1,1,3,5,0,0,0,0,0,0,0,3,11
10092,1980,Graduation,Divorced,81075.0,1,0,2012-02-19,31,318,25,357,152,181,59,1,4,1,11,4,0,0,0,0,0,1,0,3,11
10093,1966,2n Cycle,Divorced,68702.0,1,0,2012-08-27,45,736,20,214,13,48,152,3,12,1,11,5,0,0,0,1,0,0,0,3,11
10094,1980,2n Cycle,Together,71243.0,0,0,2013-12-24,68,226,77,308,269,241,587,2,14,5,8,10,1,0,0,0,1,0,0,3,11
10095,1977,Graduation,Single,40861.0,0,2,2013-02-05,63,46,29,32,26,14,31,7,1,0,3,5,0,0,0,0,0,0,0,3,11
10096,1963,Graduation,Divorced,74730.0,0,1,2012-07-09,59,453,134,352,20,40,52,1,4,5,9,6,0,1,0,0,0,0,0,3,11
10097,1967,Master,Married,141925.0,0,0,2013-09-05,27,350,760,283,87,512,49,0,11,5,16,2,0,1,0,0,0,0,0,3,11
10098,1952,Graduation,Together,109291.0,0,0,2013-08-10,36,350,146,241,251,175,290,0,9,3,11,1,0,0,0,1,0,0,0,3,11
10099,1965,Master,Divorced,37909.0,0,1,2013-08-03,40,545,62,264,27,5,164,0,8,3,8,4,1,0,0,0,0,0,0,3,11
10100,1949,Basic,Divorced,56859.0,0,0,2012-12-12,52,512,84,131,12,42,94,2,4,5,5,6,0,0,0,0,0,0,0,3,11
10101,1955,PhD,Together,47745.0,0,1,2013-11-24,52,150,22,76,30,14,21,2,1,1,5,3,0,0,0,0,0,0,0,3,11
10102,1977,Graduation,Divorced,82676.0,0,0,2012-08-05,40,1199,79,343,83,282,288,3,10,10,13,5,0,1,0,0,0,0,0,3,11
10103,1956,Graduation,Single,47747.0,0,0,2012-12-07,15,198,35,42,18,32,25,2,1,1,3,5,1,0,0,0,0,0,0,3,11
10104,1981,Graduation,Single,47970.0,0,2,2014-03-21,33,167,4,72,22,2,12,5,5,2,1,12,0,0,1,0,0,0,0,3,11
10105,1963,Graduation,Widow,45747.0,1,2,2012-10-26,84,140,34,64,25,11,49,3,7,1,1,5,0,0,0,0,0,0,0,3,11
10106,1984,Master,Together,108733.0,1,0,2012-04-19,68,384,121,128,88,43,49,5,5,0,6,4,0,0,1,0,1,0,0,3,11
10107,1978,Graduation,Together,55946.0,0,0,2013-03-28,0,404,90,465,107,116,107,2,7,4,14,2,0,0,1,0,1,0,0,3,11
10108,1976,PhD,Single,81315.0,0,0,2013-08-30,15,388,13,234,14,223,375,1,6,12,6,5,0,0,0,0,0,0,0,3,11
10109,1941,PhD,Divorced,48912.0,0,0,2013-07-25,35,132,19,245,234,142,33,4,7,4,7,5,0,0,0,0,0,0,0,3,11
10110,1968,Graduation,Divorced,58930.0,1,0,2012-08-19,43,1200,231,150,48,30,60,1,13,5,11,5,1,0,1,0,0,1,0,3,11
10111,1967,Master,Widow,75325.0,0,0,2014-06-14,26,714,180,434,213,337,230,0,16,5,15,3,0,1,0,0,0,1,0,3,11
10112,1987,Master,Married,37407.0,0,1,2013-10-27,52,148,1,138,164,43,75,3,6,6,6,3,0,0,0,0,0,0,0,3,11
10113,1959,Graduation,Divorced,34836.0,1,1,2013-06-12,28,81,21,13,45,13,21,4,2,1,2,4,0,0,0,0,0,1,0,3,11
10114,1969,PhD,Married,96900.0,0,0,2013-10-28,35,798,99,888,124,233,213,1,7,11,16,3,0,1,1,0,0,0,0,3,11
10115,1962,Graduation,Widow,47115.0,1,0,2013-11-21,44,101,33,388,26,41,37,4,4,1,2,4,1,0,1,0,1,0,0,3,11
10116,1986,Master,Married,55961.0,1,1,2013-06-01,41,27,9,22,1,5,36,2,6,2,2,11,0,0,0,0,0,0,0,3,11
10117,1977,2n Cycle,Married,38102.0,1,1,2014-04-12,67,103,11,211,19,39,67,2,4,5,6,6,0,0,0,0,0,0,0,3,11
10118,1989,Master,Widow,84149.0,1,1,2012-09-14,32,501,70,486,20,113,22,0,7,2,8,8,0,0,0,0,0,0,0,3,11
10119,1976,Graduation,Together,40040.0,1,1,2012-01-04,55,56,23,52,46,24,5,9,1,1,2,8,0,0,0,0,0,0,0,3,11
10120,1966,Graduation,Together,44830.0,0,1,2013-06-11,87,157,95,98,19,4,36,4,2,1,5,5,0,0,0,0,0,0,0,3,11
10121,1975,Basic,Divorced,40183.0,1,1,2012-08-16,59,88,26,40,9,3,52,5,3,0,7,8,0,0,0,0,0,0,0,3,11
10122,1964,Master,Married,118341.0,0,0,2014-01-11,70,573,23,420,104,140,202,0,11,4,5,2,0,1,0,0,1,0,0,3,11
10123,1983,Graduation,Single,65731.0,0,0,2012-01-03,0,724,154,187,1,151,100,2,3,5,8,4,0,0,0,0,0,0,0,3,11
10124,1966,PhD,Together,99388.0,0,0,2013-12-08,27,2108,267,796,388,118,62,2,33,9,21,1,1,0,0,0,0,0,0,3,11
10125,1962,Graduation,Together,69941.0,0,0,2014-03-24,13,814,173,709,228,45,162,2,23,0,12,7,0,1,0,0,0,0,0,3,11
10126,1980,2n Cycle,Married,61358.0,1,0,2014-04-14,17,324,129,674,48,125,19,1,3,15,6,4,0,0,0,0,1,0,0,3,11
10127,1963,Graduation,Together,97593.0,0,0,2012-12-14,13,400,222,1166,140,84,253,1,18,11,7,2,0,0,0,0,0,0,0,3,11
10128,1979,Graduation,Single,140708.0,0,0,2014-01-05,48,1295,591,410,126,85,59,2,15,5,22,3,0,0,0,0,0,1,0,3,11
10129,1959,Graduation,Divorced,36000.0,0,1,2013-06-06,49,85,6,69,5,1,8,1,0,0,0,16,0,0,0,0,0,0,0,3,11
10130,1970,Graduation,Married,97876.0,0,0,2012-01-21,2,780,26,395,395,356,474,1,13,10,13,0,1,1,1,0,0,0,0,3,11
10131,1945,PhD,Divorced,66873.0,1,0,2013-03-11,66,191,42,87,41,61,48,3,3,4,4,3,0,0,0,0,0,0,0,3,11
10132,1972,Master,Married,47734.0,1,1,2013-10-07,31,120,47,91,1,16,41,6,0,0,0,4,0,0,0,0,0,0,0,3,11
10133,1973,Master,Divorced,65152.0,0,1,2013-11-08,74,356,22,506,59,43,69,4,8,2,8,2,0,1,1,1,0,0,0,3,11
10134,1966,Graduation,Together,23592.0,1,1,2012-12-07,29,187,59,60,12,6,14,8,3,2,2,4,0,1,0,0,1,1,0,3,11
10135,1970,Master,Widow,99798.0,0,0,2012-11-27,21,988,180,128,357,134,201,0,4,17,10,3,0,0,1,0,1,0,0,3,11
10136,1945,Master,Divorced,33360.0,1,1,2013-08-05,94,85,27,29,5,2,44,2,1,2,2,2,0,0,0,0,0,0,0,3,11
10137,1984,PhD,Single,87215.0,1,0,2012-01-11,30,571,12,505,2,39,101,2,7,4,7,4,0,0,0,0,0,0,0,3,11
10138,1965,PhD,Married,39310.0,1,1,2014-02-04,67,80,32,39,85,88,33,6,1,1,1,4,0,0,0,0,0,0,0,3,11
10139,1970,Graduation,Widow,109919.0,0,0,2012-11-19,25,870,344,429,461,136,10,2,13,13,10,6,0,0,0,0,0,1,0,3,11
10140,1975,2n Cycle,Widow,54270.0,0,0,2013-06-09,37,660,54,310,13,47,22,2,6,8,4,7,0,0,0,0,0,0,0,3,11
10141,1981,Graduation,Married,47650.0,0,0,2013-02-27,19,559,11,805,274,204,294,1,7,12,11,6,0,0,0,0,1,0,0,3,11
10142,1953,Master,Single,54784.0,1,1,2012-12-25,61,300,94,171,30,15,87,4,5,3,6,4,1,1,0,0,0,0,0,3,11
10143,1980,Graduation,Widow,37745.0,0,1,2012-12-30,87,198,16,54,5,47,10,6,2,1,5,5,0,0,0,0,0,0,0,3,11
10144,1976,Graduation,Divorced,58914.0,1,0,2013-11-30,0,899,117,279,157,129,129,2,4,5,18,3,1,0,0,0,0,0,0,3,11
10145,1977,Graduation,Widow,66110.0,1,0,2012-09-02,17,491,291,228,89,44,176,1,3,2,11,5,0,0,0,0,0,0,0,3,11
10146,1982,Basic,Widow,113055.0,1,1,2014-05-05,25,359,58,227,34,98,41,1,4,4,9,3,0,0,0,0,0,0,0,3,11
10147,1972,PhD,Widow,44902.0,1,2,2012-03-27,38,18,6,42,31,6,7,4,1,0,0,5,1,0,0,0,1,0,0,3,11
10148,1976,Graduation,Together,80181.0,0,1,2013-01-12,52,449,202,100,5,199,5,1,5,6,7,2,0,1,0,1,0,0,0,3,11
10149,1971,2n Cycle,Widow,106548.0,0,0,2012-01-26,14,1313,50,512,21,159,481,0,7,18,12,3,0,0,0,1,1,0,0,3,11
10150,1955,Graduation,Married,69905.0,1,0,2012-12-20,53,155,29,200,67,78,14,4,5,3,2,6,0,0,0,0,0,1,0,3,11
10151,1962,Master,Widow,50060.0,0,1,2014-03-30,84,506,59,191,27,33,24,2,14,1,4,6,0,0,0,0,0,0,0,3,11
10152,1948,2n Cycle,Single,59672.0,0,0,2013-05-19,0,600,73,532,384,25,396,0,7,3,24,1,0,0,0,1,0,0,0,3,11
10153,1963,Master,Married,36593.0,1,1,2012-02-29,64,169,7,191,16,1,73,6,7,2,3,11,0,0,0,1,1,0,0,3,11
10154,1964,Graduation,Divorced,105864.0,0,0,2013-09-05,25,719,95,134,32,431,288,0,10,4,15,2,0,1,1,1,0,0,0,3,11
10155,1962,Basic,Widow,31300.0,1,2,2012-12-23,55,161,51,73,35,6,8,6,3,1,5,5,1,0,0,0,0,0,0,3,11
10156,1993,PhD,Widow,62747.0,1,0,2012-04-20,18,459,209,293,218,8,209,2,4,4,10,3,1,0,1,1,0,0,0,3,11
10157,1992,Graduation,Married,33090.0,0,1,2012-03-11,49,273,23,90,5,25,80,6,3,1,7,12,0,0,0,0,0,0,0,3,11
10158,1975,Master,Widow,51315.0,1,2,2013-01-30,57,69,4,31,26,5,12,3,1,0,3,4,0,0,0,0,0,1,0,3,11
10159,1983,Graduation,Widow,44145.0,1,2,2012-04-10,53,76,8,76,34,32,8,1,8,0,2,8,0,0,0,0,0,0,0,3,11
10160,1968,Graduation,Widow,102526.0,0,0,2013-08-08,43,860,233,346,76,584,524,0,22,8,9,5,0,0,0,1,0,0,0,3,11
10161,1952,Master,Single,58884.0,1,0,2013-08-05,27,506,23,391,34,145,17,4,3,7,10,1,0,1,0,0,0,0,0,3,11
10162,1970,PhD,Widow,64518.0,0,0,2014-03-03,7,490,65,424,105,135,41,3,14,4,4,5,0,0,0,1,1,1,0,3,11
10163,1976,PhD,Together,93627.0,0,0,2014-04-11,0,350,130,718,305,86,110,1,15,3,12,1,1,1,1,0,0,0,0,3,11
10164,1968,Master,Single,29981.0,0,1,2014-04-19,61,178,34,86,38,7,30,3,1,2,4,7,0,0,0,0,0,0,0,3,11
10165,1977,2n Cycle,Together,41976.0,0,1,2012-11-09,54,361,367,555,142,127,49,0,4,8,17,6,0,0,0,0,0,0,0,3,11
10166,1951,Graduation,Together,53585.0,0,0,2012-08-17,26,170,16,149,20,171,15,4,1,1,4,4,0,1,0,0,0,1,0,3,11
10167,1958,Graduation,Together,55481.0,0,0,2013-11-02,24,305,126,134,26,24,89,1,4,1,4,1,0,0,0,1,0,1,0,3,11
10168,1966,Graduation,Divorced,82784.0,0,0,2013-01-17,79,669,120,278,89,436,209,3,4,7,11,6,1,0,0,0,0,1,0,3,11
10169,1954,2n Cycle,Divorced,71201.0,0,0,2013-12-03,80,479,199,272,81,171,70,2,17,2,6,5,0,1,1,1,1,1,0,3,11
10170,1963,Graduation,Widow,88978.0,0,1,2014-01-14,67,112,257,456,116,56,528,2,5,12,10,2,0,0,0,0,0,0,0,3,11
10171,1978,Graduation,Divorced,31124.0,0,1,2013-07-30,65,187,8,32,6,20,32,6,4,0,5,3,0,0,0,0,0,0,0,3,11
10172,1972,2n Cycle,Married,60578.0,0,0,2013-02-28,53,248,15,720,14,3,127,4,2,2,14,8,0,0,1,1,1,0,0,3,11
10173,1954,Master,Single,57243.0,1,0,2014-02-20,45,231,140,125,64,123,83,2,5,2,7,2,0,1,0,1,0,1,0,3,11
10174,1969,Graduation,Divorced,149335.0,0,0,2013-04-02,0,651,205,365,88,155,354,1,8,11,9,2,1,0,0,0,0,1,0,3,11
10175,1961,Basic,Single,121005.0,0,0,2012-06-17,0,807,129,326,486,273,21,2,13,8,16,3,1,0,0,1,0,0,0,3,11
10176,1980,Graduation,Married,81310.0,0,1,2012-04-09,38,282,5,256,76,107,44,4,7,3,10,3,0,0,0,0,0,1,0,3,11
10177,1975,PhD,Together,48119.0,0,0,2012-03-08,72,134,104,359,124,73,221,6,5,7,8,5,0,0,1,0,0,0,0,3,11
10178,1978,Graduation,Single,43580.0,1,0,2012-04-04,48,171,43,170,1,7,9,7,6,1,3,5,0,0,0,0,0,0,0,3,11
10179,1961,PhD,Together,44495.0,0,1,2013-02-14,71,20,31,58,57,22,49,3,7,3,2,10,0,0,1,0,0,0,0,3,11
10180,1944,Graduation,Divorced,41725.0,0,0,2013-06-14,50,125,41,194,42,131,109,1,3,3,6,8,0,0,0,1,0,1,0,3,11
10181,1938,Master,Divorced,49578.0,0,0,2013-04-25,58,289,261,455,47,108,161,5,5,5,12,3,0,0,0,0,1,1,0,3,11
10182,1972,PhD,Together,37138.0,1,1,2012-11-24,74,108,17,63,10,4,37,5,0,2,4,8,0,1,0,0,0,0,0,3,11
10183,1988,Graduation,Divorced,89387.0,0,0,2012-11-30,67,230,77,407,33,13,132,0,2,7,4,4,0,0,0,0,0,0,0,3,11
10184,1975,2n Cycle,Single,35398.0,1,1,2013-04-15,64,110,29,72,2,6,8,5,1,1,5,7,1,0,0,1,0,0,0,3,11
10185,1971,Master,Married,23330.0,0,2,2014-04-09,99,225,61,72,5,23,138,9,1,2,5,14,0,0,0,1,0,1,0,3,11
10186,1986,Graduation,Widow,71900.0,0,1,2013-10-14,32,98,43,180,10,3,62,0,3,2,7,2,0,0,0,0,0,0,1,3,11
10187,1953,Graduation,Divorced,78258.0,0,0,2012-04-21,57,508,4,262,354,105,65,1,11,6,7,4,0,0,0,1,0,0,0,3,11
10188,1954,Graduation,Widow,38325.0,1,1,2012-09-04,70,220,15,272,24,167,92,10,7,2,10,4,0,0,0,0,0,0,0,3,11
10189,1974,PhD,Widow,63883.0,0,0,2014-04-19,0,651,146,305,10,106,222,2,7,3,9,8,0,1,0,0,1,0,0,3,11
10190,1954,2n Cycle,Together,49230.0,0,0,2014-02-15,83,204,15,120,3,12,55,5,3,4,7,4,0,0,0,0,0,0,0,3,11
10191,1988,Graduation,Widow,76131.0,0,0,2013-01-15,17,547,271,176,97,7,33,0,1,8,5,4,0,0,0,0,0,0,0,3,11
10192,1954,Graduation,Widow,66237.0,0,0,2012-08-18,22,774,117,561,267,189,42,2,23,1,3,4,0,0,0,0,0,1,0,3,11
10193,1953,Master,Married,46892.0,0,0,2014-01-19,71,416,166,218,1,6,48,0,7,2,5,6,0,0,0,0,0,0,0,3,11
10194,1969,Basic,Divorced,103195.0,1,0,2014-01-17,11,1181,202,1487,724,138,89,0,12,7,43,3,0,0,0,0,0,0,0,3,11
10195,1963,Graduation,Widow,79598.0,0,0,2012-12-06,26,1078,68,438,317,4,297,1,10,11,15,2,0,0,0,1,1,1,0,3,11
10196,1976,Graduation,Married,27545.0,1,1,2012-03-23,72,145,5,34,13,10,21,4,2,1,3,4,0,0,0,0,0,0,0,3,11
10197,1952,Master,Married,59439.0,0,0,2013-04-02,33,151,96,419,9,20,142,3,3,3,7,3,0,1,0,0,1,0,0,3,11
10198,1978,Basic,Together,112666.0,0,0,2013-07-10,22,475,79,430,65,209,198,2,5,8,8,3,0,1,0,0,1,0,0,3,11
10199,1969,Master,Married,64418.0,1,0,2013-09-11,30,331,13,105,13,61,253,2,6,4,8,6,0,0,0,1,0,0,0,3,11
10200,1972,PhD,Married,25672.0,0,1,2014-03-27,79,60,7,44,11,14,8,2,4,2,3,9,0,0,0,0,0,0,0,3,11
10201,1944,Graduation,Together,59886.0,0,0,2013-03-02,86,139,23,102,20,40,19,5,3,6,3,7,0,0,0,0,0,0,0,3,11
10202,1973,Basic,Together,27265.0,0,1,2014-03-30,33,77,9,62,33,2,16,6,4,2,2,4,0,0,0,1,0,0,0,3,11
10203,1968,Master,Single,95734.0,0,0,2014-02-25,29,482,22,225,26,116,343,7,4,5,4,4,0,0,0,0,1,1,0,3,11
10204,1976,Master,Widow,75363.0,0,0,2012-02-09,16,831,91,818,249,24,127,1,12,5,13,4,0,0,0,0,0,0,0,3,11
10205,1971,2n Cycle,Widow,51543.0,1,0,2013-04-28,38,235,116,173,49,27,128,3,6,3,6,7,0,0,0,0,0,0,0,3,11
10206,1974,2n Cycle,Married,82387.0,0,0,2012-05-13,66,262,36,86,21,128,43,1,4,3,4,1,0,0,0,0,0,0,0,3,11
10207,1975,Graduation,Widow,36632.0,1,1,2012-01-17,66,39,14,83,30,19,3,4,1,2,2,9,0,0,0,0,0,0,0,3,11
10208,1966,Graduation,Divorced,79120.0,0,0,2012-02-05,15,677,5,414,93,97,302,2,6,9,8,3,0,0,1,0,0,0,0,3,11
10209,1971,Graduation,Together,42748.0,1,1,2013-12-19,27,82,49,45,12,6,29,4,2,3,5,13,0,0,0,0,0,0,0,3,11
10210,1985,2n Cycle,Single,34757.0,1,1,2014-02-16,79,164,82,135,71,24,23,7,4,3,5,6,1,0,0,0,0,0,0,3,11
10211,1973,PhD,Single,46230.0,1,1,2013-03-20,47,68,32,84,2,8,28,2,2,4,2,8,0,0,0,0,0,0,0,3,11
10212,1960,PhD,Widow,95206.0,0,0,2014-06-04,10,598,463,1092,156,221,125,0,9,10,21,6,0,0,0,0,0,0,0,3,11
10213,1957,Graduation,Married,45229.0,0,0,2013-08-29,58,230,174,64,55,66,27,4,3,3,7,7,1,0,0,0,0,0,0,3,11
10214,1973,Graduation,Single,31957.0,1,2,2012-02-11,70,48,6,175,12,1,34,6,0,1,2,8,0,0,0,0,0,0,0,3,11
10215,1970,Graduation,Widow,27333.0,0,1,2012-10-18,49,57,9,65,36,11,26,3,2,1,3,4,0,0,0,0,0,0,0,3,11
10216,1968,2n Cycle,Divorced,95388.0,0,0,2013-08-17,7,792,205,532,118,54,156,0,8,3,11,4,0,0,0,0,0,1,0,3,11
10217,1975,Graduation,Together,83838.0,0,0,2013-09-21,58,496,135,555,135,23,76,0,7,3,9,0,0,0,1,0,1,0,0,3,11
10218,1954,Master,Widow,32356.0,0,0,2013-10-03,67,211,47,206,9,56,132,7,3,2,7,2,0,0,0,1,0,1,0,3,11
10219,1970,Graduation,Together,58396.0,1,0,2013-10-12,59,486,143,200,54,72,96,4,6,11,9,3,0,0,0,0,0,1,0,3,11
10220,1986,Graduation,Together,54281.0,0,0,2013-07-13,30,322,8,294,20,25,134,4,2,2,6,4,0,0,1,1,1,1,0,3,11
10221,1980,Graduation,Widow,89079.0,1,1,2014-06-17,19,554,144,125,268,365,221,1,6,1,16,1,0,0,1,0,0,0,0,3,11
10222,1983,Graduation,Divorced,27032.0,0,1,2013-06-21,46,187,14,75,1,8,42,2,1,4,4,8,0,0,0,0,0,0,0,3,11
10223,1946,Master,Together,38977.0,0,0,2012-11-24,18,177,51,242,12,4,37,2,7,3,6,6,0,0,0,0,0,0,0,3,11
10224,1978,Graduation,Divorced,81157.0,1,0,2012-06-18,30,645,73,216,8,62,212,0,5,9,7,3,0,0,1,0,0,1,0,3,11
10225,1960,PhD,Married,68210.0,0,0,2012-07-16,37,372,93,83,7,25,21,1,8,1,5,4,0,0,0,0,0,0,0,3,11
10226,1966,Graduation,Together,77541.0,1,0,2013-01-24,26,575,77,289,369,32,24,2,9,5,8,2,0,0,0,0,0,0,0,3,11
10227,1981,Basic,Widow,33487.0,1,1,2013-03-09,59,174,41,46,22,2,3,3,1,2,3,8,0,0,0,0,0,0,0,3,11
10228,1980,Graduation,Together,42984.0,1,1,2012-03-30,59,95,2,103,0,19,2,9,2,3,1,9,1,1,0,1,0,0,0,3,11
10229,1978,Master,Married,56508.0,0,0,2013-09-14,15,534,250,388,44,5,105,3,7,0,13,3,0,1,0,0,0,0,0,3,11
10230,1975,2n Cycle,Widow,62027.0,0,0,2012-12-21,1,320,85,250,105,138,127,1,9,4,6,1,0,0,0,1,0,0,0,3,11
10231,1967,Basic,Married,61451.0,0,0,2013-03-09,6,355,310,242,75,16,5,2,5,4,4,7,0,1,0,1,0,0,0,3,11
10232,1959,Master,Widow,70897.0,0,0,2013-09-10,56,261,3,258,84,51,112,3,10,1,6,6,0,0,0,0,0,0,0,3,11
10233,1968,PhD,Single,34829.0,0,1,2014-02-14,60,66,27,82,11,17,11,3,1,1,4,10,0,1,0,0,0,1,0,3,11
10234,1960,PhD,Together,53060.0,1,0,2013-05-24,21,691,30,268,97,184,346,2,17,3,6,8,0,0,0,0,0,0,0,3,11
10235,1947,Master,Together,65235.0,1,1,2014-05-16,83,171,288,73,1,104,230,1,4,3,4,5,0,0,0,0,0,0,0,3,11
10236,1986,2n Cycle,Married,99064.0,0,0,2013-09-29,56,1079,106,252,172,240,38,2,12,9,7,7,1,0,0,0,0,1,0,3,11
10237,1971,PhD,Widow,33859.0,1,1,2014-05-31,35,77,44,62,126,43,26,6,7,1,5,9,0,0,0,0,0,0,0,3,11
10238,1966,Master,Widow,89697.0,0,0,2013-01-08,33,1597,665,872,484,182,43,0,31,9,17,8,0,0,0,0,1,0,0,3,11
10239,1948,Basic,Divorced,129570.0,0,0,2012-04-23,24,505,72,347,272,2,212,1,5,7,12,3,0,0,0,0,0,0,0,3,11
10240,1948,Graduation,Together,38352.0,0,0,2012-08-07,57,104,20,44,9,41,17,4,1,1,2,9,0,0,0,0,0,0,0,3,11
10241,1976,PhD,Single,46670.0,1,1,2012-08-07,61,115,15,36,16,1,54,6,2,0,4,13,0,0,0,0,0,0,0,3,11
10242,1972,Graduation,Divorced,53023.0,1,0,2012-10-28,52,592,245,80,126,109,271,2,9,4,7,9,1,0,0,1,0,0,0,3,11
10243,1954,Graduation,Married,38787.0,0,1,2012-09-22,90,96,2,161,24,9,4,4,5,1,2,9,0,0,0,0,0,0,0,3,11
10244,1985,Master,Divorced,36200.0,1,1,2013-03-26,64,105,16,137,33,5,14,4,3,1,5,13,0,0,0,0,0,0,0,3,11
10245,1960,Graduation,Together,42933.0,0,0,2014-04-15,63,441,30,298,37,193,24,5,6,2,11,1,0,0,0,0,1,0,0,3,11
10246,1973,Graduation,Divorced,31217.0,1,2,2012-04-10,90,133,70,31,26,24,40,5,1,2,2,6,0,0,0,0,0,0,0,3,11
10247,1981,Master,Widow,68695.0,0,0,2013-12-04,26,870,87,450,73,5,72,0,3,14,8,6,0,0,0,0,0,0,0,3,11
10248,1980,Graduation,Together,79320.0,0,0,2013-05-25,17,54,67,427,127,4,125,5,6,1,10,8,0,0,0,0,0,0,0,3,11
10249,1988,PhD,Together,63335.0,0,1,2012-04-19,52,457,121,32,23,78,48,6,2,7,5,6,0,0,1,1,1,1,0,3,11
10250,1960,Graduation,Single,38537.0,1,1,2013-12-20,31,272,16,115,76,0,38,4,1,1,8,2,1,0,0,0,0,0,0,3,11
10251,1965,Basic,Married,58293.0,0,0,2013-01-29,34,287,83,149,87,29,9,2,6,3,8,2,0,1,0,0,0,0,0,3,11
10252,1979,Graduation,Together,53520.0,0,1,2013-08-22,71,425,42,242,5,97,97,1,5,3,5,3,0,1,0,1,0,0,0,3,11
10253,1969,Master,Together,75364.0,0,0,2014-04-16,0,332,34,348,61,14,120,3,10,4,7,3,0,0,1,1,0,1,0,3,11
10254,1978,Graduation,Married,76574.0,0,0,2012-05-14,44,273,40,243,150,144,48,3,4,1,8,5,0,1,0,0,0,0,0,3,11
10255,1979,Graduation,Divorced,63963.0,1,2,2012-07-04,26,86,15,11,30,19,52,9,5,1,4,5,1,0,1,0,0,0,0,3,11
10256,1964,Graduation,Single,48232.0,0,0,2012-06-14,61,134,2,92,33,1,119,1,4,1,6,7,0,0,0,0,1,0,0,3,11
10257,1968,Graduation,Widow,82121.0,0,0,2013-05-13,68,415,159,214,31,169,86,1,7,8,3,4,0,0,1,0,0,0,0,3,11
10258,1973,2n Cycle,Together,104962.0,0,0,2014-05-30,5,263,186,262,95,515,444,2,3,1,20,3,1,0,1,0,0,0,0,3,11
10259,1970,Master,Together,44764.0,1,1,2013-09-12,11,73,27,35,63,11,14,3,0,0,1,6,0,1,0,0,0,0,1,3,11
10260,1978,Graduation,Single,80866.0,0,0,2013-06-10,35,1525,258,350,17,468,275,0,5,13,25,4,0,0,0,0,0,1,0,3,11
10261,1947,PhD,Together,47972.0,0,0,2012-02-28,38,390,14,219,57,2,10,3,3,2,10,3,0,1,0,0,1,0,0,3,11
10262,1977,Graduation,Divorced,72429.0,1,1,2012-10-28,33,789,139,130,60,74,80,3,9,4,5,8,0,0,0,0,1,0,0,3,11
10263,1965,Master,Widow,76271.0,0,0,2013-01-23,36,635,141,330,68,36,222,1,2,11,10,3,0,0,0,0,0,0,0,3,11
10264,1942,Master,Divorced,47901.0,0,0,2013-03-16,64,184,102,83,26,115,82,4,3,1,4,7,1,0,0,1,0,0,0,3,11
10265,1970,PhD,Married,91627.0,1,0,2014-04-06,40,774,89,674,451,108,84,4,9,5,19,2,1,0,0,0,0,1,0,3,11
10266,1983,2n Cycle,Divorced,79327.0,1,1,2012-11-12,37,894,180,98,280,31,27,0,7,2,13,2,0,0,1,0,1,0,0,3,11
10267,1971,PhD,Together,79749.0,0,0,2012-01-11,37,764,66,676,77,94,157,0,17,3,9,3,0,0,0,0,1,0,0,3,11
10268,1968,Graduation,Widow,62261.0,0,0,2013-01-14,23,1006,150,281,253,780,392,0,15,6,22,2,1,0,0,0,1,0,1,3,11
10269,1967,Graduation,Together,61344.0,0,0,2013-07-24,20,1208,36,327,147,26,162,0,12,3,13,5,0,0,0,0,0,1,0,3,11
10270,1973,2n Cycle,Divorced,69960.0,0,0,2012-12-10,27,738,92,634,172,795,137,1,19,6,13,2,1,1,0,0,0,0,0,3,11
10271,1983,Graduation,Together,69212.0,0,0,2014-02-25,40,462,297,439,184,22,174,1,9,7,7,1,0,0,0,0,0,0,0,3,11
10272,1971,Graduation,Widow,87260.0,0,0,2013-12-20,13,371,59,304,32,21,166,0,6,2,4,4,0,0,0,0,0,0,0,3,11
10273,1969,Master,Married,29958.0,0,1,2013-01-21,62,117,15,100,36,11,31,9,1,3,7,9,0,0,0,0,0,0,0,3,11
10274,1970,Graduation,Widow,33017.0,0,1,2014-03-28,47,47,55,51,112,30,74,3,1,4,3,4,0,0,1,0,1,0,0,3,11
10275,1968,Graduation,Widow,55677.0,1,0,2012-08-21,21,139,107,203,120,639,221,2,4,5,8,4,0,0,1,0,0,0,0,3,11
10276,1962,Master,Married,59518.0,1,1,2014-04-13,61,855,219,30,73,92,81,2,3,3,15,4,0,0,0,0,0,0,0,3,11
10277,1965,Graduation,Together,49506.0,1,1,2013-10-15,66,132,1,77,2,16,17,8,3,4,3,6,0,0,0,0,0,0,0,3,11
10278,1942,Master,Together,59361.0,0,0,2012-05-24,60,169,32,158,19,50,28,4,3,1,5,7,0,0,0,0,0,0,0,3,11
10279,1947,Graduation,Together,52168.0,1,0,2012-11-26,31,407,65,111,71,28,83,0,1,5,13,7,0,1,0,0,0,0,0,3,11
10280,1953,Master,Single,82073.0,0,0,2013-08-18,22,607,231,979,186,110,122,2,13,6,14,2,0,0,0,0,0,0,0,3,11
10281,1952,Master,Divorced,82530.0,0,0,2012-10-27,41,654,23,540,39,19,259,3,10,2,15,3,0,1,1,0,0,0,0,3,11
10282,1970,Graduation,Married,,0,0,2013-12-26,46,667,65,297,378,106,240,2,12,7,13,6,1,0,0,0,0,1,0,3,11
10283,1972,Master,Widow,73056.0,0,0,2012-08-22,94,309,6,360,34,107,6,1,13,2,2,7,0,0,0,0,0,0,0,3,11
10284,1973,PhD,Married,31692.0,0,1,2014-04-04,62,91,27,58,3,1,45,2,1,1,1,9,0,0,0,0,0,0,0,3,11
10285,1978,2n Cycle,Single,65476.0,0,0,2014-05-14,23,934,242,605,133,222,5,2,10,3,17,11,0,0,1,0,0,0,0,3,11
10286,1969,Graduation,Divorced,59948.0,0,0,2012-04-01,18,898,29,947,192,60,518,1,17,12,17,4,0,0,0,1,0,1,0,3,11
10287,1973,Master,Together,67811.0,0,0,2013-11-01,19,117,91,641,36,71,47,1,3,4,7,2,0,0,0,0,0,0,0,3,11
10288,1977,Basic,Single,44257.0,0,1,2013-08-24,43,143,79,13,52,5,21,6,3,6,2,5,0,0,0,0,1,1,0,3,11
10289,1968,Master,Married,85097.0,0,0,2012-05-04,30,652,3,753,194,67,345,3,13,9,10,2,1,0,0,0,0,0,0,3,11
10290,1972,2n Cycle,Married,74780.0,0,0,2013-08-13,41,50,14,73,28,1,52,5,1,1,5,4,0,0,0,0,0,0,0,3,11
10291,1953,Graduation,Single,75457.0,0,0,2012-09-24,57,397,224,365,138,25,198,1,9,5,5,8,1,1,1,1,0,0,0,3,11
10292,1955,Master,Married,54311.0,1,1,2013-12-30,71,148,33,249,118,15,47,4,5,1,4,2,0,0,0,0,0,0,0,3,11
10293,1963,PhD,Single,89357.0,1,0,2014-03-17,47,887,34,523,100,41,76,0,7,3,14,0,0,0,0,0,0,0,0,3,11
10294,1942,Graduation,Widow,50967.0,0,0,2012-01-01,46,341,39,87,44,17,153,1,7,1,6,6,1,0,0,1,0,0,0,3,11
10295,1951,PhD,Together,50825.0,1,0,2014-01-16,72,251,70,313,66,163,90,3,8,0,9,5,0,0,0,1,0,0,0,3,11
10296,1942,Graduation,Divorced,53126.0,1,0,2014-06-02,74,147,96,271,4,17,13,1,5,3,5,3,0,0,0,0,0,0,0,3,11
10297,1963,2n Cycle,Divorced,61611.0,0,0,2012-11-12,87,107,11,150,12,23,112,2,3,3,2,6,0,1,1,0,0,0,0,3,11
10298,1952,Master,Divorced,50056.0,0,2,2014-06-02,46,168,23,24,38,26,37,5,1,1,3,9,0,0,0,0,0,0,0,3,11
10299,1963,2n Cycle,Divorced,37983.0,0,1,2013-09-30,58,112,16,61,37,2,19,6,3,3,2,7,0,0,1,0,0,0,0,3,11
10300,1970,PhD,Divorced,44730.0,0,1,2013-05-25,41,105,16,49,22,6,66,4,1,2,2,4,0,1,0,0,0,0,0,3,11
10301,1955,Master,Married,78215.0,0,0,2012-03-31,86,303,1,784,7,148,458,2,8,9,13,2,1,0,0,1,0,1,0,3,11
10302,1981,Graduation,Widow,44291.0,0,1,2013-03-23,53,141,225,201,3,81,4,6,6,1,6,7,1,0,1,1,0,0,0,3,11
10303,1974,Master,Widow,32629.0,1,1,2012-05-14,86,36,4,36,16,6,20,4,1,1,2,8,1,0,0,0,1,0,0,3,11
10304,1942,Graduation,Together,64675.0,1,0,2012-09-17,55,128,123,190,52,24,18,4,3,1,9,5,0,0,0,0,0,0,0,3,11
10305,1992,PhD,Single,101141.0,0,0,2014-03-21,57,305,55,533,23,4,228,1,2,6,12,5,0,0,0,0,0,0,0,3,11
10306,1973,Graduation,Widow,63432.0,0,0,2012-04-10,37,364,72,73,111,103,131,5,3,0,8,9,0,0,0,0,0,0,0,3,11
10307,1967,Master,Together,24510.0,0,1,2013-05-04,78,244,38,72,5,4,31,6,2,1,3,8,1,0,0,1,0,0,0,3,11
10308,1962,Graduation,Married,58252.0,1,1,2014-05-31,44,219,255,651,15,298,129,2,4,7,17,7,1,0,0,0,0,0,0,3,11
10309,1979,Basic,Divorced,115144.0,0,0,2012-05-02,65,951,52,632,54,24,153,1,11,11,8,3,0,0,1,0,0,0,0,3,11
10310,1965,2n Cycle,Together,72603.0,1,0,2012-06-19,44,283,35,309,163,56,192,1,1,0,11,4,0,0,0,0,0,0,0,3,11
10311,1982,PhD,Divorced,68318.0,0,0,2013-03-17,22,264,184,357,130,14,153,3,4,7,10,6,0,0,0,0,0,0,0,3,11
10312,1981,Graduation,Single,79529.0,0,0,2013-03-23,49,381,188,265,26,9,237,2,6,4,8,4,0,0,0,0,0,0,0,3,11
10313,1987,PhD,Divorced,71613.0,1,0,2013-02-21,38,215,174,423,27,226,52,2,3,5,9,2,1,0,0,0,0,0,0,3,11
10314,1986,Master,Married,82925.0,0,0,2012-07-19,16,344,127,101,92,13,394,2,3,9,3,3,1,0,0,0,0,0,0,3,11
10315,1974,Graduation,Single,78122.0,1,0,2014-06-16,46,562,57,242,179,129,97,1,5,4,17,3,0,0,0,0,0,1,0,3,11
10316,1986,PhD,Single,88122.0,1,0,2012-04-06,24,1106,129,145,39,58,54,1,3,9,7,5,0,1,0,0,0,1,0,3,11
10317,1966,2n Cycle,Single,40827.0,1,1,2012-01-14,52,59,6,43,58,1,9,7,1,1,2,7,0,0,0,0,0,0,0,3,11
10318,1983,Graduation,Widow,77901.0,1,0,2012-08-08,38,522,24,151,67,3,3,4,4,4,7,4,0,0,0,0,0,0,0,3,11
10319,1963,Graduation,Single,48902.0,1,0,2013-10-27,7,74,9,160,4,29,44,5,4,5,4,7,0,0,1,0,0,0,0,3,11
10320,1958,2n Cycle,Widow,46106.0,0,1,2012-04-25,42,179,188,207,11,129,147,2,5,1,11,2,0,0,1,1,0,0,0,3,11
10321,1975,Graduation,Together,91445.0,1,0,2013-11-11,58,595,56,302,7,27,277,2,6,9,4,6,0,0,0,0,0,0,0,3,11
10322,1980,2n Cycle,Widow,67872.0,0,0,2012-12-20,33,590,164,410,21,9,199,3,19,7,2,7,0,0,1,1,0,1,0,3,11
10323,1971,PhD,Married,44637.0,1,1,2013-11-28,16,33,14,45,7,16,48,6,1,0,1,10,0,0,1,0,0,1,0,3,11
10324,1948,Graduation,Single,53303.0,1,0,2012-07-12,50,553,78,28,178,105,280,1,6,12,4,5,1,0,0,0,1,0,0,3,11
10325,1963,Basic,Widow,33794.0,0,1,2013-11-30,68,124,28,60,7,0,4,3,3,2,3,7,0,1,0,0,0,0,0,3,11
10326,1956,Graduation,Widow,52114.0,0,0,2012-01-02,45,102,128,134,138,39,120,3,3,0,7,9,0,0,0,0,0,0,0,3,11
10327,1980,Graduation,Married,50642.0,0,1,2013-09-30,52,106,21,87,68,78,28,4,5,2,3,8,0,0,0,0,0,1,0,3,11
10328,1971,Graduation,Together,42463.0,0,1,2012-01-22,48,53,33,44,11,7,45,5,1,2,1,4,1,0,0,0,1,0,0,3,11
10329,1974,Basic,Divorced,46159.0,1,1,2013-01-16,51,627,31,133,103,7,34,2,8,6,5,6,0,0,0,1,1,0,0,3,11
10330,1983,Graduation,Married,36399.0,1,1,2013-09-27,39,103,44,50,40,31,32,6,1,0,1,10,0,1,0,1,0,0,0,3,11
10331,1974,Graduation,Together,128544.0,0,0,2012-02-14,40,2844,241,589,1048,61,845,0,35,4,46,6,0,1,0,1,0,0,0,3,11
10332,1977,Graduation,Widow,36409.0,0,1,2014-04-10,52,111,6,62,46,16,73,7,3,4,1,3,0,0,0,0,0,0,0,3,11
10333,1955,PhD,Widow,36276.0,0,0,2014-05-20,79,499,90,354,37,123,39,4,1,18,4,2,0,0,1,0,0,0,0,3,11
10334,1973,Graduation,Single,131423.0,0,0,2013-09-13,17,1354,429,579,199,79,364,2,16,9,21,3,0,1,0,0,1,1,0,3,11
10335,1966,Graduation,Single,43557.0,0,1,2012-08-05,33,117,3,68,103,7,25,9,6,2,4,7,0,0,0,0,0,0,0,3,11
10336,1979,PhD,Together,88749.0,0,0,2013-10-02,41,330,14,263,171,52,476,1,13,0,11,3,0,0,0,0,0,0,0,3,11
10337,1984,PhD,Married,35280.0,1,1,2012-10-01,68,207,92,66,26,23,5,8,4,1,4,8,0,0,0,0,0,0,0,3,11
10338,1969,PhD,Divorced,111752.0,0,0,2013-08-19,37,286,52,399,34,209,95,0,5,2,14,1,0,0,0,0,0,0,0,3,11
10339,1955,PhD,Married,46658.0,1,1,2012-05-17,70,279,405,371,49,30,5,5,6,8,8,9,0,0,1,1,0,0,0,3,11
10340,1978,Master,Divorced,113235.0,0,0,2013-07-08,5,924,261,465,117,117,165,1,12,8,15,4,0,0,0,0,0,0,0,3,11
10341,1958,2n Cycle,Together,57956.0,0,0,2012-10-25,34,55,12,73,10,55,21,2,0,0,0,7,0,0,0,0,0,0,0,3,11
10342,1957,Master,Divorced,54608.0,1,0,2013-06-12,81,252,68,93,21,3,109,0,4,2,2,3,0,0,0,0,0,0,0,3,11
10343,1975,Master,Single,39122.0,0,2,2012-10-22,67,124,2,167,26,32,8,5,7,1,6,12,0,0,1,0,1,0,0,3,11
10344,1970,Graduation,Widow,36693.0,1,1,2012-09-01,47,66,22,87,25,21,36,7,0,0,2,6,0,0,0,0,0,0,0,3,11
10345,1977,2n Cycle,Divorced,46839.0,0,1,2012-11-19,19,71,37,144,7,44,65,7,3,5,3,4,0,0,0,0,0,0,0,3,11
10346,1942,Master,Widow,43736.0,1,0,2014-02-26,24,214,19,96,12,57,50,1,4,1,7,7,0,0,0,0,0,0,0,3,11
10347,1974,PhD,Widow,46993.0,1,0,2012-12-29,16,226,8,350,14,32,70,0,2,4,4,5,0,0,0,0,1,1,0,3,11
10348,1978,Graduation,Divorced,42969.0,0,1,2013-09-14,45,110,9,84,16,6,48,4,0,0,0,11,0,1,0,1,0,0,0,3,11
10349,1966,Graduation,Together,102111.0,0,0,2013-08-24,34,366,362,344,330,422,98,1,9,7,13,3,0,0,0,0,0,1,1,3,11
10350,1971,Basic,Married,41831.0,1,1,2013-06-25,27,122,10,32,40,10,32,4,7,1,5,6,0,0,0,0,1,1,0,3,11
10351,1957,Graduation,Divorced,97647.0,0,0,2014-05-23,16,558,96,1583,300,16,475,1,10,25,10,3,0,0,0,1,0,0,0,3,11
10352,1976,PhD,Divorced,35640.0,0,1,2012-02-09,30,74,49,32,8,14,25,3,2,0,2,7,0,0,0,0,0,0,0,3,11
10353,1965,Graduation,Together,44482.0,0,1,2013-04-15,48,141,14,85,44,24,7,5,1,0,4,10,0,1,0,0,0,1,0,3,11
10354,1977,Graduation,Married,64410.0,0,1,2014-05-28,90,299,29,537,95,127,92,1,11,2,11,4,0,1,0,0,0,1,0,3,11
10355,1960,Graduation,Widow,34473.0,0,1,2014-06-13,84,69,0,37,23,23,3,9,2,2,2,6,1,0,0,0,0,0,0,3,11
10356,1961,PhD,Single,35702.0,1,1,2013-02-03,70,50,3,83,16,5,12,5,1,1,2,6,0,0,0,0,0,0,0,3,11
10357,1970,Graduation,Married,56924.0,1,1,2012-02-19,46,117,17,79,39,6,23,10,5,2,5,5,0,0,0,0,0,0,0,3,11
10358,1980,Graduation,Widow,45943.0,0,0,2012-11-18,14,689,380,1077,23,67,206,0,5,9,26,3,0,1,0,0,0,0,0,3,11
10359,1967,PhD,Widow,41995.0,0,2,2012-12-04,56,79,5,123,88,41,13,4,1,2,3,5,0,0,0,0,0,0,0,3,11
10360,1955,Master,Single,37167.0,0,0,2012-11-23,17,57,58,127,17,31,31,1,1,1,2,8,0,0,0,0,0,0,0,3,11
10361,1953,Master,Together,88073.0,1,0,2012-01-28,42,328,1,137,28,11,77,4,10,2,3,3,0,0,0,0,1,0,0,3,11
10362,1966,Basic,Together,82524.0,0,0,2014-04-11,23,417,12,856,122,642,461,1,16,17,6,3,1,1,1,0,0,0,0,3,11
10363,1970,Graduation,Divorced,59312.0,0,0,2013-06-21,27,720,55,331,187,385,154,0,6,4,15,4,0,0,0,0,0,1,0,3,11
10364,1975,PhD,Together,41075.0,1,1,2012-12-09,21,144,28,117,5,7,131,7,1,1,2,7,0,0,1,0,0,0,0,3,11
10365,1987,Graduation,Single,60243.0,1,0,2014-05-31,39,260,63,282,58,61,99,0,5,5,2,6,0,1,0,0,0,0,0,3,11
10366,1967,Graduation,Married,24972.0,0,1,2014-02-03,52,59,77,132,41,1,9,5,1,0,2,7,0,0,0,0,0,0,0,3,11
10367,1978,2n Cycle,Single,44948.0,0,2,2012-07-10,36,145,31,104,67,20,19,7,0,1,1,7,0,0,0,0,0,0,0,3,11
10368,1969,Graduation,Together,86608.0,0,1,2012-06-13,42,256,295,153,226,28,12,0,8,1,6,8,0,0,1,1,0,0,0,3,11
10369,1964,PhD,Widow,70054.0,0,0,2013-10-07,43,237,57,38,103,80,12,3,3,2,3,2,0,0,0,1,0,0,0,3,11
10370,1970,Graduation,Divorced,40828.0,0,2,2014-02-27,64,56,76,88,21,1,40,6,1,0,4,5,0,0,0,0,0,0,0,3,11
10371,1968,Graduation,Single,65602.0,1,1,2013-11-17,51,755,5,357,68,153,75,1,15,3,10,4,1,0,0,0,0,0,0,3,11
10372,1995,Master,Single,84777.0,1,0,2014-01-11,14,697,43,376,9,6,13,5,4,2,13,5,0,0,1,0,0,0,0,3,11
10373,1961,Master,Together,91000.0,1,0,2012-04-03,40,695,236,466,57,95,116,2,9,5,13,6,0,0,1,1,0,0,0,3,11
10374,1970,Master,Divorced,112902.0,0,0,2012-06-01,29,708,178,443,134,45,85,1,5,3,20,7,0,1,1,1,0,0,0,3,11
10375,1965,Graduation,Single,74552.0,0,0,2013-01-24,55,183,85,448,136,79,216,1,8,5,6,4,1,1,0,0,0,1,0,3,11
10376,1949,Graduation,Married,54137.0,0,0,2013-06-15,70,686,56,276,35,163,98,3,11,5,7,6,0,0,1,0,0,0,0,3,11
10377,1972,Master,Married,70972.0,1,1,2012-05-05,30,234,93,267,85,80,156,4,4,8,5,4,0,0,0,0,1,0,0,3,11
10378,1975,Graduation,Single,45262.0,1,0,2012-02-24,28,155,118,389,37,189,38,1,1,6,10,5,0,0,1,0,0,0,0,3,11
10379,1964,Graduation,Together,41740.0,1,1,2012-11-12,61,85,2,99,7,22,58,5,2,9,5,4,0,0,0,1,0,0,0,3,11
10380,1967,Master,Married,59871.0,1,1,2013-09-30,33,105,23,70,7,2,80,4,3,4,3,5,0,1,0,0,1,0,0,3,11
10381,1939,Graduation,Together,59100.0,1,0,2013-12-27,30,243,78,132,1,27,55,2,2,2,4,5,0,0,0,0,0,0,0,3,11
10382,1967,Graduation,Widow,51023.0,1,1,2014-01-05,47,75,29,74,52,24,24,9,3,0,6,5,0,0,0,0,0,0,0,3,11
10383,1962,Basic,Divorced,67422.0,1,0,2012-09-18,0,496,82,259,39,167,90,2,5,4,7,4,0,0,0,0,0,0,0,3,11
10384,1970,2n Cycle,Married,64055.0,1,0,2012-09-19,16,199,114,592,41,119,163,4,3,4,15,4,0,0,0,0,1,1,0,3,11
10385,1968,Graduation,Widow,56120.0,1,0,2014-04-19,44,125,9,69,8,13,29,2,1,0,2,7,0,0,0,0,0,0,0,3,11
10386,1951,2n Cycle,Widow,32279.0,1,1,2012-05-21,99,170,52,181,82,71,16,6,4,1,3,8,0,0,0,0,0,1,0,3,11
10387,1958,Graduation,Together,42884.0,1,0,2013-11-29,37,264,74,142,15,37,55,2,5,3,5,6,0,0,0,1,0,0,0,3,11
10388,1955,Master,Single,115940.0,0,0,2012-01-04,42,1566,131,301,11,19,342,1,16,9,15,4,0,0,0,0,1,0,0,3,11
10389,1953,Graduation,Widow,68423.0,1,0,2012-08-24,47,85,20,143,27,4,88,3,2,1,7,6,0,0,0,0,1,0,0,3,11
10390,1963,Basic,Single,31167.0,1,1,2012-06-21,67,89,10,52,7,23,53,7,3,3,3,9,0,0,0,0,0,0,0,3,11
10391,1972,Master,Widow,109225.0,0,0,2013-01-18,4,777,96,419,15,81,83,0,11,9,6,2,1,0,0,0,0,0,0,3,11
10392,1966,Graduation,Single,37345.0,0,2,2012-04-08,23,177,29,175,49,10,49,6,3,2,7,12,0,0,0,0,0,1,0,3,11
10393,1974,Graduation,Divorced,40672.0,0,1,2013-07-09,88,103,6,107,1,5,2,6,1,1,2,7,0,0,0,0,0,0,0,3,11
10394,1954,Graduation,Widow,98677.0,0,0,2013-01-31,0,1055,63,691,232,25,468,1,13,6,23,7,0,0,0,1,0,1,0,3,11
10395,1974,Graduation,Divorced,79302.0,1,1,2013-06-30,70,329,75,112,355,15,13,3,7,1,11,6,0,0,0,0,0,0,0,3,11
10396,1946,Graduation,Married,52867.0,1,0,2013-10-16,43,148,34,137,35,83,84,2,3,3,5,6,0,0,0,0,0,0,0,3,11
10397,1995,Graduation,Divorced,86178.0,0,0,2013-05-21,19,276,102,559,38,14,58,1,9,2,7,5,0,1,0,0,0,1,0,3,11
10398,1978,PhD,Married,69149.0,0,0,2013-04-15,26,1117,254,286,73,80,62,3,4,7,24,5,0,0,0,0,0,0,0,3,11
10399,1974,PhD,Together,73643.0,1,1,2012-12-04,73,233,119,165,11,8,24,5,3,4,4,5,0,0,0,0,0,0,0,3,11
10400,1976,Graduation,Married,55022.0,0,0,2013-08-15,22,276,2,222,54,23,121,0,3,2,9,1,0,0,0,0,0,0,0,3,11
10401,1946,Graduation,Widow,80076.0,1,0,2014-04-29,43,146,42,56,14,14,23,4,3,3,3,5,0,0,0,0,0,0,0,3,11
10402,1974,Graduation,Divorced,41744.0,0,1,2012-05-10,79,77,13,34,10,7,46,5,4,0,2,6,0,0,0,0,0,0,0,3,11
10403,1966,Graduation,Together,103794.0,0,0,2012-03-20,38,309,273,225,67,69,452,1,3,7,12,8,1,0,1,1,1,1,0,3,11
10404,1944,Graduation,Widow,37698.0,0,0,2013-12-19,97,100,15,144,59,2,17,3,6,1,2,6,0,0,0,0,0,0,0,3,11
10405,1972,Graduation,Married,44111.0,0,0,2013-07-23,77,138,66,242,13,8,1,5,2,1,7,10,0,0,0,1,0,0,0,3,11
10406,1973,Graduation,Together,83260.0,1,0,2013-06-05,22,247,19,196,36,26,11,5,5,3,9,8,0,1,0,0,0,0,0,3,11
10407,1956,Graduation,Divorced,55071.0,0,1,2012-02-02,80,138,140,19,7,51,65,0,6,4,2,6,1,1,0,0,0,1,0,3,11
10408,1974,Graduation,Widow,61378.0,0,0,2013-01-27,0,1171,251,878,349,137,211,0,30,5,10,1,0,0,0,0,0,0,0,3,11
10409,1951,Basic,Together,64001.0,0,0,2013-05-15,68,504,38,58,28,30,64,2,5,5,6,5,0,0,0,1,0,0,0,3,11
10410,1962,2n Cycle,Divorced,34084.0,0,1,2013-11-08,43,112,35,101,5,27,22,5,4,1,4,6,0,0,0,0,0,0,0,3,11
10411,1963,Graduation,Married,50393.0,1,2,2012-06-14,71,89,36,21,4,15,26,8,3,3,4,3,0,0,0,0,0,0,0,3,11
10412,1968,PhD,Together,88433.0,0,0,2013-06-23,71,289,278,151,1,208,133,0,4,9,5,1,0,1,0,0,1,0,0,3,11
10413,1946,PhD,Married,54173.0,0,1,2012-03-16,15,117,68,86,25,95,11,2,2,3,6,7,0,0,0,0,0,0,0,3,11
10414,1960,Graduation,Single,113932.0,0,0,2013-12-29,48,1148,234,197,11,97,182,2,10,9,11,3,1,1,0,0,1,0,0,3,11
10415,1978,2n Cycle,Together,54320.0,1,1,2012-02-17,56,260,73,302,108,616,241,2,14,6,7,3,0,0,0,1,0,0,0,3,11
10416,1972,Graduation,Married,73791.0,0,0,2013-05-26,42,1316,144,898,15,20,284,0,15,7,18,2,1,0,1,0,0,1,0,3,11
10417,1977,Graduation,Together,36536.0,1,1,2014-05-10,36,107,15,97,41,34,62,9,1,2,7,9,0,0,0,0,0,0,0,3,11
10418,1960,2n Cycle,Married,106192.0,0,0,2012-11-11,26,403,46,467,354,119,47,0,3,10,12,3,0,0,0,0,0,1,0,3,11
10419,1954,Graduation,Married,39848.0,1,1,2012-04-25,30,139,96,267,51,40,33,2,4,4,8,2,1,0,0,0,0,0,1,3,11
10420,1980,PhD,Divorced,27221.0,0,2,2013-08-07,67,99,4,58,3,15,68,3,3,0,4,8,0,0,0,0,0,0,0,3,11
10421,1980,2n Cycle,Married,106118.0,0,0,2012-11-19,0,852,60,551,108,26,162,0,14,1,12,2,0,0,0,0,1,1,0,3,11
10422,1960,Graduation,Married,79775.0,0,0,2013-08-22,18,1101,911,710,639,281,478,0,26,10,29,5,0,1,1,0,0,0,0,3,11
10423,1971,Basic,Divorced,83210.0,0,0,2013-02-27,41,323,166,315,19,1,149,4,2,8,5,1,0,0,0,1,0,1,0,3,11
10424,1969,Graduation,Divorced,26212.0,1,1,2012-11-10,41,52,4,57,3,46,95,3,3,1,7,3,0,0,0,0,0,1,0,3,11
10425,1944,Master,Married,45397.0,1,0,2012-01-22,43,428,40,432,17,8,59,1,12,2,7,4,0,0,0,0,0,0,0,3,11
10426,1988,Graduation,Together,64902.0,0,0,2012-11-28,18,205,120,267,31,2,34,2,5,3,9,8,0,0,0,0,0,0,0,3,11
10427,1954,PhD,Divorced,62635.0,0,0,2014-04-12,57,117,7,196,39,44,83,1,4,4,4,3,0,0,0,0,0,0,0,3,11
10428,1968,Graduation,Married,77136.0,0,0,2014-06-09,24,617,229,436,89,78,105,0,5,8,11,4,0,0,0,0,0,0,0,3,11
10429,1950,PhD,Widow,72437.0,1,1,2012-01-14,35,128,64,190,48,54,85,2,4,3,5,5,1,0,1,0,1,0,0,3,11
10430,1944,PhD,Divorced,45346.0,0,0,2012-06-25,38,155,26,99,15,16,27,4,1,5,3,2,0,0,0,0,0,0,0,3,11
10431,1982,Graduation,Divorced,33148.0,1,1,2014-03-31,61,137,7,155,12,31,10,6,1,5,1,6,0,0,0,0,0,0,0,3,11
10432,1967,2n Cycle,Widow,51679.0,1,1,2014-01-17,34,136,77,18,31,5,93,2,2,3,7,6,0,0,0,0,0,0,0,3,11
10433,1945,2n Cycle,Together,54246.0,1,0,2012-01-29,51,464,29,84,44,27,104,2,5,6,5,7,0,0,0,1,0,0,0,3,11
10434,1968,Master,Together,80592.0,0,0,2013-01-18,28,337,336,316,118,180,78,3,1,10,10,4,1,0,0,0,0,1,0,3,11
10435,1968,Master,Single,87250.0,0,0,2013-01-04,31,636,354,369,205,311,90,1,9,5,22,0,0,0,0,1,1,1,0,3,11
10436,1963,Graduation,Divorced,117969.0,0,0,2014-06-05,16,575,178,348,45,57,147,1,9,4,10,7,1,0,0,0,0,0,0,3,11
10437,1969,Graduation,Married,50949.0,1,1,2013-12-05,71,81,14,96,7,42,7,7,1,1,2,3,0,0,0,0,0,0,0,3,11
10438,1967,Graduation,Divorced,32273.0,0,1,2013-11-25,79,155,41,276,43,23,97,12,2,3,5,13,0,1,0,0,0,1,0,3,11
10439,1967,Graduation,Widow,37679.0,0,1,2012-01-23,72,143,10,78,21,15,23,6,3,2,7,6,1,1,1,0,0,0,0,3,11
10440,1961,Graduation,Divorced,52946.0,1,0,2013-09-15,56,191,26,61,27,27,63,1,8,5,3,4,0,0,0,0,0,0,0,3,11
10441,1959,Graduation,Married,73889.0,0,0,2013-12-29,0,727,497,267,120,165,259,0,7,14,15,1,0,1,1,0,0,0,0,3,11
10442,1962,PhD,Married,37579.0,1,1,2013-01-07,94,56,10,27,19,52,3,10,7,1,2,8,0,0,0,0,0,0,0,3,11
10443,1965,Graduation,Together,90096.0,0,0,2013-02-27,29,203,143,264,96,484,15,4,13,1,10,12,0,0,0,1,0,1,0,3,11
10444,1989,Graduation,Together,81649.0,1,0,2012-08-16,44,522,46,101,45,17,44,3,5,3,8,3,0,0,0,1,1,0,0,3,11
10445,1972,Master,Married,48379.0,1,1,2013-02-28,42,85,36,81,4,15,16,2,3,2,3,4,0,1,0,0,0,0,0,3,11
10446,1952,Graduation,Divorced,48687.0,1,1,2012-11-01,47,394,124,118,39,17,193,2,7,2,9,10,0,0,0,0,0,0,0,3,11
10447,1981,Graduation,Widow,36408.0,1,1,2012-06-16,83,187,27,56,14,27,37,8,4,4,4,2,0,0,0,0,0,0,0,3,11
10448,1969,Master,Together,102788.0,0,0,2014-06-12,45,1280,56,613,67,69,232,1,7,16,10,5,1,1,1,0,1,0,0,3,11
10449,1983,Graduation,Married,33803.0,0,1,2012-07-29,51,81,2,39,27,21,14,1,3,2,3,9,0,0,0,1,1,1,0,3,11
10450,1962,Graduation,Divorced,101244.0,0,0,2012-06-17,61,669,119,457,145,12,146,0,16,4,9,4,0,0,0,0,0,1,0,3,11
10451,1952,Master,Married,51094.0,0,0,2013-12-19,29,264,35,284,7,3,94,3,2,4,7,5,0,0,0,1,0,0,0,3,11
10452,1985,Master,Together,31303.0,1,1,2012-05-21,21,83,15,42,28,45,7,6,3,1,2,5,0,0,0,0,0,0,0,3,11
10453,1964,PhD,Married,74325.0,0,0,2012-01-10,0,463,77,683,130,164,192,0,13,5,11,5,0,0,1,0,0,1,0,3,11
10454,1967,PhD,Divorced,120208.0,0,0,2013-06-11,45,733,44,254,266,485,465,1,8,3,23,3,0,0,0,1,1,0,0,3,11
10455,1962,Master,Widow,87228.0,0,0,2012-10-13,12,819,2,427,146,15,255,1,15,5,3,2,0,0,0,0,0,0,0,3,11
10456,1957,Graduation,Together,72191.0,1,0,2013-09-17,48,195,47,187,22,111,114,0,4,8,5,5,1,1,0,0,0,0,0,3,11
10457,1984,Graduation,Single,58654.0,1,0,2012-10-15,62,662,228,550,395,19,252,2,8,12,12,8,0,0,0,1,0,0,0,3,11
10458,1978,PhD,Single,40279.0,0,1,2012-03-25,65,86,86,60,7,3,20,5,2,0,5,6,0,0,0,0,0,0,0,3,11
10459,1976,Graduation,Widow,61321.0,0,1,2012-08-31,31,187,44,39,15,68,85,10,3,3,2,13,0,0,0,0,0,0,0,3,11
10460,1971,PhD,Divorced,30757.0,1,1,2012-12-25,93,151,3,81,17,62,33,4,5,1,5,12,0,0,0,0,0,0,0,3,11
10461,1965,2n Cycle,Widow,61574.0,0,0,2012-10-06,21,505,50,261,6,142,124,0,7,6,9,5,0,0,0,0,1,0,0,3,11
10462,1955,PhD,Together,67260.0,0,1,2013-06-21,50,102,36,167,44,27,31,2,2,0,7,7,0,0,0,0,0,0,0,3,11
10463,1981,Graduation,Divorced,55093.0,1,1,2012-04-20,22,248,13,122,363,36,55,2,0,4,8,7,0,0,0,0,0,0,0,3,11
10464,1974,Master,Widow,37843.0,1,2,2013-08-08,33,111,22,14,3,24,26,5,1,2,2,7,0,0,0,0,0,0,0,3,11
10465,1951,2n Cycle,Married,33798.0,0,1,2012-05-30,63,129,6,59,38,8,30,6,2,3,5,7,0,0,0,0,0,0,0,3,11
10466,1978,Graduation,Single,40094.0,1,1,2013-06-25,26,65,99,82,3,17,88,5,6,2,1,6,0,0,0,0,1,0,0,3,11
10467,1958,PhD,Widow,42997.0,1,0,2013-05-16,50,407,148,69,69,104,201,8,4,5,8,5,0,0,0,0,0,0,0,3,11
10468,1940,Graduation,Single,86819.0,0,0,2012-05-26,62,975,146,529,96,32,359,1,11,12,11,2,0,0,0,0,0,1,0,3,11
10469,1968,Master,Single,41577.0,1,1,2013-05-20,74,93,18,78,20,0,27,4,1,4,4,7,0,1,0,1,0,0,0,3,11
10470,1989,Graduation,Divorced,53129.0,0,0,2014-05-21,42,186,23,54,4,248,6,1,4,4,3,7,1,1,1,0,0,0,0,3,11
10471,1971,PhD,Single,56507.0,1,1,2014-04-16,13,98,155,99,199,14,616,0,6,4,12,6,0,0,0,0,0,0,0,3,11
10472,1974,PhD,Single,83959.0,0,0,2013-11-11,26,1365,5,193,16,183,156,0,11,8,9,1,0,0,1,0,0,0,0,3,11
10473,1959,Graduation,Divorced,67630.0,0,0,2013-04-24,10,517,207,151,748,286,128,0,5,10,25,1,0,1,0,0,0,1,0,3,11
10474,1979,2n Cycle,Married,59732.0,0,0,2013-11-25,69,875,895,457,107,23,203,2,5,7,27,4,1,1,0,0,0,0,0,3,11
10475,1981,2n Cycle,Divorced,66563.0,1,0,2013-01-29,27,710,93,836,84,76,43,2,9,8,13,7,0,0,0,0,0,0,0,3,11
10476,1965,Graduation,Widow,60008.0,1,0,2012-10-05,20,552,13,226,563,46,150,3,13,2,12,7,1,0,0,1,0,0,0,3,11
10477,1967,Graduation,Widow,35993.0,1,1,2012-03-26,53,71,27,85,4,6,1,6,2,2,2,7,0,1,0,0,0,0,0,3,11
10478,1964,Master,Divorced,37849.0,1,1,2013-03-12,40,34,10,49,64,6,66,5,3,2,1,5,0,0,0,0,0,0,0,3,11
10479,1974,Graduation,Widow,57011.0,1,0,2013-10-24,43,121,80,226,210,261,211,5,6,1,11,1,0,0,0,1,0,0,0,3,11
10480,1981,Graduation,Single,74634.0,1,0,2014-02-12,78,347,81,266,51,95,17,2,4,3,6,3,0,0,0,1,1,1,0,3,11
10481,1962,Graduation,Single,119942.0,0,0,2013-02-05,28,1587,74,384,44,24,184,1,26,4,8,6,1,0,0,1,0,0,0,3,11
10482,1962,Graduation,Divorced,34630.0,0,1,2013-09-14,37,123,73,55,16,4,50,6,1,1,1,7,1,0,0,0,0,0,0,3,11
10483,1976,Master,Married,71624.0,1,0,2013-11-14,34,322,27,144,25,93,150,2,6,10,4,4,0,0,0,0,0,0,0,3,11
10484,1952,Graduation,Single,85789.0,1,0,2012-08-04,0,1014,24,910,120,133,794,0,6,11,31,4,0,0,0,0,0,0,0,3,11
10485,1971,Graduation,Widow,69929.0,0,0,2012-06-23,99,477,30,408,92,14,175,1,11,4,7,9,0,0,0,0,1,0,0,3,11
10486,1976,2n Cycle,Married,88903.0,0,0,2013-05-21,77,270,60,201,1,5,59,3,1,3,3,7,1,1,0,0,0,0,0,3,11
10487,1975,Graduation,Married,71961.0,0,1,2013-07-07,65,594,172,230,25,65,43,1,1,12,4,4,0,1,0,0,1,1,0,3,11
10488,1970,Graduation,Divorced,26653.0,0,1,2012-02-12,74,117,39,104,14,15,23,5,7,3,2,4,0,0,0,0,0,0,0,3,11
10489,1982,PhD,Single,41612.0,0,2,2013-10-13,54,147,25,78,63,68,24,2,10,5,6,7,0,0,0,1,0,0,0,3,11
10490,1972,Master,Divorced,48626.0,1,1,2013-03-09,54,182,5,35,6,6,13,8,4,3,4,9,0,0,1,1,0,0,0,3,11
10491,1970,2n Cycle,Married,36353.0,0,1,2012-11-21,53,206,14,61,25,36,42,3,5,6,1,5,0,0,0,0,0,0,0,3,11
10492,1975,Graduation,Single,46373.0,0,1,2013-02-24,99,65,16,59,33,108,21,2,3,2,5,10,0,0,0,0,0,0,0,3,11
10493,1975,Master,Together,56620.0,1,0,2013-03-07,33,389,11,185,30,0,82,4,3,1,7,9,0,0,0,0,0,0,0,3,11
10494,1971,PhD,Widow,28233.0,0,1,2013-10-10,45,42,71,11,5,5,30,2,5,2,3,3,0,0,0,0,0,0,0,3,11
10495,1965,PhD,Single,39088.0,0,1,2012-02-27,55,186,13,106,88,0,36,4,4,1,2,9,0,0,0,0,0,0,0,3,11
10496,1972,Graduation,Married,45745.0,1,0,2014-01-31,49,1002,23,309,184,173,121,3,12,4,10,4,1,0,0,0,1,0,0,3,11
10497,1970,Graduation,Divorced,36221.0,0,1,2012-08-31,0,82,85,57,31,25,37,7,1,1,3,8,0,0,0,0,0,0,0,3,11
10498,1988,Master,Divorced,84079.0,0,0,2014-02-13,46,1204,89,342,189,156,51,3,14,8,13,6,0,0,0,1,1,0,0,3,11
10499,1957,PhD,Widow,25936.0,0,1,2012-05-28,2,204,20,77,26,4,87,3,1,4,4,7,0,1,0,0,0,0,0,3,11
10500,1973,Graduation,Single,29420.0,1,1,2012-11-19,90,172,51,115,3,18,4,5,2,1,6,7,0,1,0,0,0,0,0,3,11
10501,1954,Master,Widow,42302.0,1,1,2012-12-03,14,228,77,48,49,24,13,4,2,5,3,8,0,0,0,0,0,0,0,3,11
10502,1956,Graduation,Together,51346.0,0,0,2012-06-07,34,324,32,321,63,253,205,7,5,4,8,3,0,0,0,0,0,0,0,3,11
10503,1975,Master,Single,35320.0,0,1,2012-03-21,15,175,21,61,9,7,70,7,3,1,2,8,0,0,0,0,0,0,0,3,11
10504,1959,Graduation,Together,50270.0,0,1,2012-01-02,97,105,10,63,1,26,37,7,1,2,2,12,0,0,1,0,0,0,0,3,11
10505,1960,Graduation,Together,45991.0,1,1,2014-01-15,57,98,9,22,56,10,23,13,1,0,1,7,0,0,0,0,0,0,0,3,11
10506,1974,PhD,Single,71768.0,0,0,2012-04-15,86,468,77,278,63,12,370,1,10,3,8,8,1,0,0,1,0,0,0,3,11
10507,1954,Graduation,Single,53537.0,1,1,2013-10-22,95,70,46,60,27,42,84,4,1,2,3,1,0,0,0,1,0,0,0,3,11
10508,1973,Graduation,Widow,70318.0,0,0,2012-01-16,65,345,309,196,297,111,242,3,16,6,5,5,0,0,0,0,0,0,0,3,11
10509,1966,Graduation,Together,75748.0,0,0,2014-02-18,0,511,37,417,102,12,243,1,15,3,6,2,0,0,0,0,0,0,0,3,11
10510,1968,Master,Divorced,106831.0,1,0,2012-08-12,31,938,286,487,80,22,374,1,9,15,7,3,0,0,0,0,0,0,0,3,11
10511,1951,Basic,Single,41631.0,0,0,2014-05-02,82,295,22,165,5,15,7,2,2,4,4,2,0,0,0,0,0,0,0,3,11
10512,1970,PhD,Widow,106366.0,0,0,2013-02-28,36,465,329,681,60,123,61,1,17,5,12,2,0,0,0,0,0,1,0,3,11
10513,1975,Master,Widow,82402.0,1,0,2013-05-22,29,78,87,225,205,69,199,1,3,5,5,8,0,0,0,0,0,0,0,3,11
10514,1976,Master,Together,67800.0,1,0,2013-03-05,45,137,122,167,377,78,200,1,3,5,13,3,0,1,0,0,0,0,0,3,11
10515,1962,Master,Single,86883.0,0,0,2013-11-01,37,573,348,1390,814,121,649,3,20,21,18,3,0,0,0,0,0,1,0,3,11
10516,1982,Graduation,Together,70418.0,1,1,2012-07-14,5,825,495,488,18,9,112,3,12,10,13,3,0,0,0,0,0,1,0,3,11
10517,1966,Graduation,Married,21441.0,1,1,2013-03-17,45,76,56,96,4,2,87,3,2,3,4,9,1,0,0,0,0,0,0,3,11
10518,1974,PhD,Widow,95608.0,0,0,2012-08-10,42,752,88,539,44,13,446,1,12,7,10,1,0,0,1,1,0,0,0,3,11
10519,1958,2n Cycle,Divorced,50834.0,1,0,2013-12-08,71,316,32,229,50,17,211,3,9,3,4,4,0,0,0,1,0,0,0,3,11
10520,1958,2n Cycle,Widow,51476.0,0,0,2014-02-10,57,333,85,325,17,128,64,6,3,3,11,6,1,0,1,0,0,1,0,3,11
10521,1986,Graduation,Together,74866.0,1,1,2013-04-28,29,293,15,153,103,83,192,3,7,1,7,1,0,0,0,0,0,0,0,3,11
10522,1958,2n Cycle,Together,88664.0,0,0,2013-07-14,23,843,119,565,207,14,97,0,13,6,7,3,1,0,1,0,0,0,0,3,11
10523,1979,Graduation,Together,30251.0,1,2,2013-10-24,41,39,26,52,5,4,14,5,4,2,3,9,0,1,0,0,0,1,0,3,11
10524,1972,PhD,Together,87490.0,0,0,2012-12-31,25,1436,89,325,139,97,825,2,24,4,21,3,1,0,1,0,0,1,0,3,11
10525,1967,2n Cycle,Divorced,65884.0,0,0,2012-09-04,56,1368,148,312,128,408,157,2,4,15,17,5,1,0,0,0,0,0,0,3,11
10526,1958,Graduation,Widow,53209.0,0,0,2014-05-02,99,208,38,146,201,4,43,4,1,6,5,13,0,0,1,1,0,0,0,3,11
10527,1955,Master,Married,53712.0,1,0,2013-09-10,25,137,13,78,21,1,27,5,1,4,2,2,0,0,0,0,0,0,0,3,11
10528,1980,Graduation,Married,46780.0,1,1,2012-01-23,85,94,16,127,66,9,41,6,1,2,2,7,0,0,0,0,0,0,0,3,11
10529,1971,Basic,Divorced,52310.0,0,1,2013-06-04,46,363,51,292,10,43,58,3,1,3,6,5,0,0,0,0,0,1,0,3,11
10530,1965,Graduation,Married,39359.0,1,2,2013-02-07,22,105,26,45,7,6,30,7,1,1,3,9,0,0,0,0,0,0,0,3,11
10531,1966,PhD,Widow,49184.0,0,1,2012-08-12,55,92,77,87,24,71,5,6,2,1,5,9,0,0,0,0,0,0,0,3,11
10532,1973,Graduation,Married,45946.0,1,0,2013-12-11,33,493,102,303,55,116,198,1,5,4,8,3,1,0,0,1,0,1,0,3,11
10533,1971,Graduation,Together,39390.0,1,2,2013-09-09,57,140,15,39,19,1,20,5,3,1,3,5,0,0,1,0,0,0,1,3,11
10534,1971,Graduation,Together,80057.0,1,0,2013-02-21,51,344,374,346,38,124,260,1,5,8,15,3,0,1,1,0,0,0,0,3,11
10535,1973,Graduation,Single,83569.0,0,0,2012-11-29,71,771,222,419,41,139,401,0,16,6,13,1,0,0,1,0,0,0,0,3,11
10536,1961,Graduation,Widow,31710.0,0,1,2012-07-19,86,109,19,62,36,0,14,8,3,0,4,4,0,0,0,0,0,0,0,3,11
10537,1960,Graduation,Single,86999.0,1,0,2013-07-20,32,303,402,416,24,91,10,1,6,3,7,3,0,0,0,0,0,0,0,3,11
10538,1972,2n Cycle,Together,130068.0,0,0,2014-02-08,35,643,140,560,152,100,80,3,8,3,19,0,0,0,0,0,0,1,0,3,11
10539,1953,Graduation,Divorced,40381.0,1,0,2013-08-15,97,223,31,148,78,68,158,4,2,6,6,6,0,0,0,0,0,0,0,3,11
10540,1956,PhD,Single,41154.0,1,0,2012-01-10,28,167,62,212,25,5,109,2,8,1,4,4,0,0,0,1,0,0,0,3,11
10541,1981,Master,Widow,29289.0,1,1,2013-08-27,85,63,10,78,3,7,1,6,4,2,6,7,0,1,0,0,0,0,0,3,11
10542,1952,Master,Widow,73459.0,1,1,2013-01-28,26,371,46,175,122,37,152,4,4,7,3,2,0,0,0,0,1,0,0,3,11
10543,1957,Graduation,Widow,47407.0,1,0,2013-09-07,18,76,8,71,2,59,2,4,0,0,1,3,0,0,0,0,0,0,0,3,11
10544,1974,Graduation,Married,89540.0,0,0,2012-12-07,41,220,229,384,144,139,487,3,14,6,2,4,0,0,0,0,0,0,0,3,11
10545,1989,Graduation,Together,59969.0,1,1,2013-01-10,1,480,60,153,76,81,58,3,2,6,11,6,0,0,0,0,0,1,0,3,11
10546,1990,Graduation,Married,53812.0,1,1,2013-02-09,29,814,55,209,32,15,92,3,5,3,14,2,0,1,0,0,0,0,0,3,11
10547,1969,PhD,Single,85865.0,0,0,2013-07-16,58,1404,13,497,245,62,131,2,16,4,13,4,0,0,0,0,0,0,0,3,11
10548,1972,PhD,Widow,62130.0,0,2,2014-01-27,37,185,19,91,36,90,8,3,2,0,3,11,0,0,0,0,0,0,0,3,11
10549,1985,Master,Married,85867.0,0,0,2014-03-27,77,182,2,73,10,444,165,2,5,2,7,4,0,0,0,1,1,1,0,3,11
10550,1972,Master,Widow,54806.0,0,1,2012-06-08,0,591,21,558,145,20,102,5,6,6,7,2,1,1,0,0,0,0,0,3,11
10551,1967,Master,Married,102445.0,0,0,2012-03-02,50,579,8,1182,92,66,118,2,15,2,17,0,0,0,0,0,0,0,0,3,11
10552,1962,Graduation,Single,76211.0,0,0,2014-01-19,0,264,88,242,264,51,83,2,7,1,7,2,0,0,1,1,0,0,0,3,11
10553,1955,Master,Together,36451.0,0,0,2013-12-05,47,401,11,376,318,115,56,2,8,1,11,3,0,0,0,0,0,0,0,3,11
10554,1973,Graduation,Widow,110356.0,0,0,2012-09-07,32,331,6,161,152,215,235,1,6,3,8,5,0,0,0,1,0,0,0,3,11
10555,1977,2n Cycle,Together,81974.0,1,0,2012-04-25,31,485,265,399,20,40,140,1,8,3,13,3,0,0,0,0,0,0,0,3,11
10556,1988,PhD,Married,80126.0,0,0,2012-04-23,32,847,46,158,42,95,145,2,7,5,10,5,0,0,1,0,0,0,0,3,11
10557,1973,PhD,Single,59170.0,1,0,2013-02-23,6,458,46,488,24,44,217,2,6,9,6,3,0,0,0,1,0,0,0,3,11
10558,1979,PhD,Married,36753.0,0,1,2012-09-11,89,114,29,48,3,26,12,4,2,1,4,8,0,0,0,0,0,0,0,3,11
10559,1970,PhD,Divorced,75516.0,1,0,2012-05-27,10,621,17,236,159,16,526,3,7,4,15,5,1,0,1,0,0,1,0,3,11
10560,1969,PhD,Married,97330.0,0,0,2013-12-31,0,553,20,227,206,2,42,0,7,2,6,7,1,0,1,0,0,0,0,3,11
10561,1969,2n Cycle,Together,60079.0,0,1,2013-12-05,35,492,49,483,50,24,24,4,6,4,7,3,0,0,0,1,0,1,0,3,11
10562,1962,Graduation,Single,37616.0,0,0,2013-04-21,36,106,136,54,14,71,119,1,1,3,5,5,0,0,1,1,0,1,0,3,11
10563,1977,Master,Widow,38875.0,1,1,2012-02-03,76,40,52,43,48,22,12,8,4,1,8,8,0,0,0,0,0,0,0,3,11
10564,1968,Graduation,Divorced,47153.0,1,1,2012-05-05,46,123,16,82,34,54,21,6,1,2,1,8,0,0,0,1,0,0,0,3,11
10565,1962,Graduation,Widow,29906.0,1,2,2013-09-23,57,135,65,101,10,39,71,5,3,1,4,10,0,0,0,0,0,1,0,3,11
10566,1958,Graduation,Widow,43178.0,0,2,2012-12-03,60,91,21,55,48,6,26,2,2,2,3,8,1,0,0,0,0,0,0,3,11
10567,1966,Graduation,Divorced,96170.0,0,0,2012-12-27,49,643,391,539,150,95,737,2,24,9,6,3,0,0,1,0,1,0,0,3,11
10568,1963,Graduation,Together,75521.0,0,0,2014-01-03,26,450,71,246,16,348,40,3,5,7,11,5,1,0,0,1,0,1,0,3,11
10569,1974,Graduation,Together,45240.0,0,1,2012-08-26,21,92,21,30,16,5,36,3,2,0,2,6,0,0,0,0,0,0,0,3,11
10570,1969,Master,Widow,56571.0,1,0,2014-05-30,20,428,189,119,90,173,44,1,6,2,10,4,1,1,0,0,0,1,0,3,11
10571,1961,PhD,Together,37632.0,1,0,2014-05-14,77,248,85,123,20,19,59,4,5,5,4,5,0,0,0,0,0,1,0,3,11
10572,1974,Graduation,Widow,58421.0,1,0,2013-06-20,45,484,8,251,77,48,14,2,9,5,8,4,0,0,0,0,1,0,0,3,11
10573,1990,PhD,Married,45395.0,0,1,2012-09-19,49,101,4,117,2,47,60,5,8,3,1,6,1,0,0,0,0,1,0,3,11
10574,1962,Basic,Widow,46658.0,1,0,2014-06-08,53,207,63,69,262,24,51,3,5,1,7,5,0,0,0,0,0,0,0,3,11
10575,1968,Graduation,Together,33075.0,1,1,2012-07-09,52,79,4,56,8,4,2,5,1,3,2,4,1,0,1,0,0,0,0,3,11
10576,1964,Graduation,Divorced,36125.0,0,0,2014-02-18,69,125,12,115,10,3,66,2,1,3,4,4,0,0,0,0,0,0,0,3,11
10577,1968,2n Cycle,Widow,53953.0,1,1,2013-01-23,65,136,10,156,4,14,9,4,1,5,3,2,1,0,0,0,0,0,0,3,11
10578,1946,Graduation,Widow,61337.0,1,0,2014-02-12,45,178,121,60,42,9,45,3,2,1,4,3,0,0,0,0,0,0,0,3,11
10579,1982,2n Cycle,Single,75820.0,0,0,2012-09-29,58,520,103,434,62,2,168,4,5,4,16,5,0,0,0,0,0,0,0,3,11
10580,1985,Basic,Married,78880.0,0,0,2013-10-06,63,822,48,414,87,27,149,0,13,4,9,6,0,0,0,1,0,0,0,3,11
10581,1975,Graduation,Single,42646.0,0,2,2013-10-17,37,52,45,62,1,2,11,5,0,1,4,7,0,0,1,0,0,0,0,3,11
10582,1974,Graduation,Divorced,85708.0,0,0,2012-12-01,8,313,40,477,209,21,51,0,4,9,3,4,0,1,0,0,0,1,0,3,11
10583,1978,Basic,Single,62906.0,1,0,2012-01-28,90,1142,306,322,97,197,109,2,5,13,18,8,0,0,0,1,0,0,0,3,11
10584,1953,Graduation,Divorced,47738.0,0,0,2012-09-25,65,230,99,200,63,10,107,6,1,0,7,6,0,1,0,0,0,0,0,3,11
10585,1974,Graduation,Divorced,64363.0,0,1,2013-09-14,94,85,31,53,8,45,17,4,1,1,3,10,0,0,0,0,1,0,0,3,11
10586,1953,Graduation,Married,100584.0,0,0,2013-12-13,47,363,390,323,164,81,11,0,5,1,15,1,0,1,0,0,1,0,0,3,11
10587,1983,Master,Widow,59242.0,1,0,2013-01-14,48,501,42,204,122,31,47,2,11,3,5,5,0,0,0,0,0,1,0,3,11
10588,1955,Master,Together,98781.0,0,0,2014-03-14,0,569,28,335,74,112,91,1,2,7,17,3,0,0,0,1,0,1,0,3,11
10589,1975,2n Cycle,Married,73526.0,0,0,2013-12-06,1,793,453,461,657,186,109,0,21,10,12,2,1,0,1,0,0,0,0,3,11
10590,1953,Graduation,Together,70256.0,1,0,2012-04-01,66,198,17,73,17,34,122,1,4,4,6,2,0,0,0,0,0,0,0,3,11
10591,1968,PhD,Widow,56950.0,0,1,2012-10-27,18,526,25,656,368,58,110,2,13,2,15,4,1,0,0,0,1,0,0,3,11
10592,1968,Master,Divorced,71852.0,0,0,2013-04-16,34,395,72,240,192,74,15,0,7,3,12,4,0,0,0,1,0,0,0,3,11
10593,1975,Graduation,Single,47030.0,1,1,2012-01-17,78,83,11,57,9,15,14,8,8,0,3,10,0,0,0,0,0,0,0,3,11
10594,1962,2n Cycle,Single,97199.0,0,0,2012-09-03,30,572,13,276,552,113,90,2,9,6,9,0,0,0,0,0,0,0,0,3,11
10595,1974,Graduation,Together,66240.0,1,0,2013-11-17,46,133,4,120,145,15,9,5,1,2,4,8,0,0,0,0,0,0,0,3,11
10596,1976,Graduation,Widow,38082.0,1,1,2014-02-07,88,46,74,11,22,49,65,5,2,2,5,8,1,0,0,0,0,0,0,3,11
10597,1967,Graduation,Single,37573.0,0,2,2012-04-29,90,103,14,40,42,49,15,2,2,1,4,5,0,0,0,0,0,0,0,3,11
10598,1939,Master,Married,46335.0,1,0,2013-06-21,50,258,170,222,109,36,54,1,4,2,10,0,1,0,1,1,0,0,0,3,11
10599,1968,Master,Single,34733.0,0,1,2013-03-05,86,66,14,43,0,0,14,5,2,1,2,3,1,0,0,0,0,0,0,3,11
10600,1973,2n Cycle,Married,87383.0,1,1,2014-02-07,16,922,56,262,19,23,506,6,7,6,14,4,0,1,0,0,1,1,0,3,11
10601,1966,PhD,Married,37184.0,0,1,2014-01-19,62,139,69,65,71,23,16,5,3,3,8,5,0,0,0,0,0,0,0,3,11
10602,1965,2n Cycle,Together,44438.0,1,0,2014-05-07,64,274,58,424,76,131,33,5,6,4,4,5,0,1,0,0,0,0,0,3,11
10603,1968,PhD,Married,34272.0,0,1,2014-04-12,55,74,5,133,20,29,13,4,5,1,4,12,0,0,0,0,0,0,0,3,11
10604,1962,2n Cycle,Widow,64801.0,0,1,2013-10-26,47,509,132,124,108,16,22,6,4,4,10,7,0,0,0,0,0,0,0,3,11
10605,1976,2n Cycle,Divorced,43498.0,0,1,2012-08-09,33,35,31,38,10,14,32,6,0,0,1,6,0,0,0,0,0,0,0,3,11
10606,1936,Graduation,Single,58166.0,1,0,2012-08-12,51,377,26,252,8,135,14,4,9,2,3,1,0,0,1,0,0,0,0,3,11
10607,1969,Graduation,Divorced,85482.0,0,0,2014-01-24,0,463,78,552,65,68,192,0,6,2,14,2,0,0,1,0,0,0,0,3,11
10608,1977,Basic,Divorced,42617.0,0,2,2013-09-21,55,45,19,41,0,15,29,4,3,2,3,3,0,1,0,0,1,1,0,3,11
10609,1968,Graduation,Divorced,57150.0,1,0,2013-11-29,39,260,102,170,123,16,79,1,3,4,6,8,1,1,0,0,0,0,0,3,11
10610,1979,Master,Single,36077.0,0,1,2012-09-10,74,125,44,48,46,7,11,6,2,2,3,8,0,0,0,0,0,0,0,3,11
10611,1975,Graduation,Together,46134.0,1,2,2014-04-11,32,46,16,82,2,26,34,2,1,0,1,4,0,0,0,0,0,0,0,3,11
10612,1944,Graduation,Married,61936.0,0,0,2012-06-02,59,302,14,106,69,14,210,2,2,10,9,2,0,0,0,0,0,1,0,3,11
10613,1953,Graduation,Single,42728.0,1,0,2014-01-03,64,136,29,83,21,10,33,2,4,2,1,6,0,1,0,0,1,0,0,3,11
10614,1990,Graduation,Divorced,54778.0,1,0,2012-10-28,37,241,36,131,26,25,54,0,4,4,4,4,0,0,0,0,0,0,0,3,11
10615,1967,PhD,Widow,38835.0,1,1,2012-03-21,67,184,48,157,7,57,18,0,4,2,4,6,0,0,0,0,1,0,0,3,11
10616,1975,Master,Together,53668.0,1,1,2014-01-09,63,265,16,79,22,7,5,5,1,3,3,4,0,0,0,0,1,1,0,3,11
10617,1965,PhD,Widow,44313.0,1,0,2014-04-29,0,336,80,196,35,28,97,2,3,9,8,6,0,0,0,0,0,0,0,3,11
10618,1971,PhD,Married,95152.0,0,0,2014-05-23,7,624,3,287,443,344,197,2,3,14,8,2,0,1,0,0,0,1,0,3,11
10619,1958,Graduation,Together,68347.0,0,0,2012-01-23,75,770,239,472,196,786,336,1,1,21,23,6,0,0,0,1,0,0,0,3,11
10620,1957,Graduation,Widow,33472.0,0,1,2013-02-12,72,161,22,60,42,11,33,9,2,1,3,5,0,0,0,0,0,1,0,3,11
10621,1984,Graduation,Married,60431.0,1,0,2012-11-05,24,461,147,454,52,95,8,2,9,3,8,6,1,0,0,0,0,1,0,3,11
10622,1955,Master,Single,47806.0,0,0,2012-10-29,60,234,7,287,221,94,97,6,6,1,8,11,0,0,1,0,0,0,0,3,11
10623,1974,Master,Divorced,58418.0,1,1,2012-12-16,53,274,75,273,110,22,118,1,4,1,9,5,0,1,0,0,0,0,0,3,11
10624,1960,Graduation,Married,52075.0,1,0,2012-01-18,85,234,113,131,30,33,86,1,3,2,7,6,0,0,1,0,0,0,0,3,11
10625,1975,PhD,Married,58401.0,0,0,2013-03-12,29,245,62,384,47,173,232,1,3,2,7,4,0,0,0,0,0,1,0,3,11
10626,1973,Graduation,Together,28363.0,1,2,2012-03-07,44,111,54,25,36,10,16,9,3,1,2,13,0,0,0,0,0,0,0,3,11
10627,1968,Basic,Widow,105192.0,1,0,2012-07-30,17,705,102,561,120,8,142,1,13,2,11,1,0,0,0,0,0,0,0,3,11
10628,1971,Graduation,Divorced,44175.0,0,1,2013-10-09,45,113,23,39,43,6,63,7,3,1,1,6,0,0,0,0,0,0,0,3,11
10629,1953,2n Cycle,Together,61552.0,1,1,2012-04-21,38,162,182,61,6,60,157,7,6,3,8,7,0,0,1,1,0,0,0,3,11
10630,1952,Master,Together,38210.0,1,1,2013-08-29,56,134,59,53,35,14,121,6,1,4,3,4,0,0,0,0,0,0,0,3,11
10631,1958,Basic,Married,55204.0,0,0,2014-01-23,42,187,131,40,47,257,179,1,6,4,6,3,0,1,0,1,0,1,0,3,11
10632,1971,Master,Single,103028.0,0,0,2014-05-30,26,422,402,349,74,14,51,0,5,8,7,2,1,1,1,0,0,0,0,3,11
10633,1978,PhD,Widow,52886.0,0,0,2013-07-31,79,484,74,379,92,4,27,2,5,3,10,7,0,1,0,0,1,0,0,3,11
10634,1967,Graduation,Married,90165.0,0,0,2014-03-04,6,826,97,422,65,82,206,2,8,12,12,4,0,0,1,0,0,1,0,3,11
10635,1970,Graduation,Together,87931.0,0,0,2013-03-03,35,571,1010,216,219,126,34,0,14,4,25,2,1,0,1,0,0,0,0,3,11
10636,1969,Graduation,Together,54928.0,0,1,2014-03-23,33,57,6,15,13,22,13,5,4,3,1,6,0,0,1,1,1,1,0,3,11
10637,1986,Basic,Married,55840.0,1,1,2013-11-28,78,167,13,55,78,24,57,4,3,4,5,2,0,0,0,0,0,0,0,3,11
10638,1977,PhD,Widow,27241.0,0,1,2014-04-05,82,76,29,55,3,17,36,3,5,3,4,10,0,0,0,0,0,0,0,3,11
10639,1956,PhD,Widow,85629.0,1,1,2014-04-03,32,311,99,376,2,46,152,6,8,3,7,4,1,1,0,0,0,0,0,3,11
10640,1978,Graduation,Together,31644.0,0,1,2013-09-12,42,129,25,45,19,3,12,6,3,3,5,11,0,0,0,0,0,0,1,3,11
10641,1940,Graduation,Married,63268.0,0,0,2012-07-20,66,132,72,80,103,39,181,5,5,0,10,1,0,0,0,0,0,0,0,3,11
10642,1966,Graduation,Single,109280.0,0,0,2012-02-12,21,1382,22,805,300,882,540,2,37,11,11,3,0,1,0,0,0,0,0,3,11
10643,1976,Graduation,Single,53263.0,0,0,2012-10-17,69,425,69,218,222,62,39,3,4,1,14,3,1,1,1,0,0,0,0,3,11
10644,1975,PhD,Married,41940.0,1,1,2012-09-24,31,199,34,107,25,57,25,4,1,1,2,6,0,0,0,0,0,0,0,3,11
10645,1954,Graduation,Together,50894.0,0,0,2014-04-20,75,271,51,95,94,48,71,7,6,1,6,4,0,0,1,0,0,0,0,3,11
10646,1976,Master,Widow,100552.0,0,0,2012-02-03,77,600,393,282,392,56,502,1,10,17,4,2,0,0,1,0,0,0,0,3,11
10647,1973,Graduation,Married,39794.0,1,1,2013-05-04,66,102,16,65,72,11,22,5,1,1,1,7,1,0,0,1,0,1,0,3,11
10648,1979,Graduation,Widow,48272.0,0,1,2014-06-08,43,40,26,219,62,6,34,8,2,5,4,8,1,0,0,0,0,1,0,3,11
10649,1969,Master,Married,91367.0,0,0,2012-09-10,10,755,9,443,123,51,83,1,5,9,8,2,0,0,0,0,0,0,0,3,11
10650,1998,Master,Single,62854.0,0,0,2013-06-05,34,276,97,289,42,80,7,2,3,2,11,4,0,0,0,1,1,1,0,3,11
10651,1963,Graduation,Married,64745.0,1,0,2012-05-22,66,203,9,117,9,58,90,2,3,2,6,3,0,0,0,0,0,0,0,3,11
10652,1960,2n Cycle,Divorced,42677.0,1,1,2013-01-13,25,87,33,29,57,82,4,8,3,1,4,10,1,0,0,1,0,0,0,3,11
10653,1971,Graduation,Single,75245.0,0,0,2014-06-08,31,246,88,409,262,40,12,2,7,4,5,2,0,0,0,0,0,0,0,3,11
10654,1943,Master,Divorced,45528.0,0,0,2013-08-27,54,185,63,217,121,137,89,3,9,2,6,8,1,0,0,1,0,1,0,3,11
10655,1966,Master,Widow,52738.0,0,0,2013-04-26,72,420,663,526,154,9,116,3,20,3,7,1,1,0,0,0,1,0,0,3,11
10656,1948,Graduation,Widow,46419.0,0,0,2014-05-22,92,212,38,79,13,58,29,4,5,1,4,6,0,0,0,0,0,0,0,3,11
10657,1981,Graduation,Divorced,57410.0,0,0,2014-02-15,35,534,12,190,93,32,9,2,6,1,4,5,0,0,1,0,0,0,0,3,11
10658,1980,Graduation,Together,44470.0,0,2,2012-09-06,33,78,5,28,11,28,12,2,1,0,4,14,1,0,0,0,1,0,0,3,11
10659,1968,Graduation,Divorced,79011.0,0,0,2013-07-26,41,1261,72,566,68,407,113,1,13,22,6,5,0,0,0,1,0,0,0,3,11
10660,1977,Graduation,Single,63014.0,1,0,2013-08-07,41,718,343,103,66,14,48,1,3,4,18,1,1,1,0,0,0,1,0,3,11
10661,1934,Master,Divorced,69230.0,1,0,2013-02-03,78,144,212,224,52,29,85,3,4,2,7,4,0,0,0,0,1,1,0,3,11
10662,1969,Graduation,Divorced,118333.0,0,0,2012-06-13,18,283,34,286,72,30,436,2,8,1,9,2,0,1,0,0,0,0,0,3,11
10663,1951,Graduation,Divorced,94490.0,0,0,2014-02-11,6,517,257,340,206,37,541,1,9,6,13,3,0,0,0,0,0,0,0,3,11
10664,1979,Graduation,Divorced,55147.0,1,0,2012-05-25,37,206,423,337,56,20,354,3,8,7,6,3,0,1,0,1,0,0,0,3,11
10665,1961,Master,Single,52074.0,1,1,2012-11-16,50,80,36,88,30,20,0,1,1,1,2,8,0,0,0,0,0,0,0,3,11
10666,1940,Graduation,Married,51369.0,1,0,2012-08-11,43,463,85,170,56,75,84,5,9,3,4,3,1,1,0,0,0,0,0,3,11
10667,1962,PhD,Widow,53329.0,1,0,2013-11-22,32,620,419,223,24,59,147,3,8,8,11,4,0,0,0,1,0,0,0,3,11
10668,1981,Graduation,Married,60732.0,0,1,2012-03-29,10,381,119,192,13,8,89,1,6,1,6,5,0,0,0,0,1,0,0,3,11
10669,1986,Graduation,Divorced,54404.0,1,0,2013-02-12,51,182,88,200,114,11,185,1,3,3,7,1,0,0,0,0,0,0,0,3,11
10670,1976,Master,Together,67093.0,0,0,2014-01-29,33,222,174,661,116,37,151,1,3,5,14,3,0,0,0,0,0,0,0,3,11
10671,1966,Master,Divorced,43127.0,1,1,2014-03-18,40,136,106,235,18,2,19,6,1,5,8,3,0,0,0,1,1,1,0,3,11
10672,1955,Master,Single,44459.0,1,0,2012-07-05,70,683,97,54,24,9,54,3,4,4,7,4,0,0,0,0,0,0,0,3,11
10673,1971,2n Cycle,Married,70070.0,0,1,2013-03-28,17,154,1,38,60,10,3,2,3,0,2,10,0,0,1,0,0,0,0,3,11
10674,1967,2n Cycle,Widow,30581.0,0,1,2013-03-15,49,78,14,147,3,37,4,8,3,1,1,7,0,0,0,0,0,0,0,3,11
10675,1992,Master,Divorced,50547.0,1,0,2012-10-20,42,639,32,111,40,17,5,3,4,2,6,9,0,0,1,1,0,0,0,3,11
10676,1943,Graduation,Together,57586.0,0,0,2013-12-23,76,182,182,225,51,82,148,5,4,4,9,4,0,0,0,0,0,0,0,3,11
10677,1980,Graduation,Together,88257.0,1,0,2013-10-15,25,405,121,90,49,173,157,1,6,5,6,5,0,0,0,0,0,0,0,3,11
10678,1962,Basic,Single,91170.0,0,0,2012-03-15,52,763,165,440,69,28,257,1,13,6,9,5,1,0,0,0,0,0,0,3,11
10679,1973,PhD,Divorced,72882.0,1,0,2014-02-13,23,544,247,504,3,1,150,2,4,8,17,8,0,0,0,1,1,1,0,3,11
10680,1956,PhD,Widow,62246.0,0,0,2012-11-25,46,717,192,473,61,12,315,1,5,3,25,7,1,0,0,0,0,0,0,3,11
10681,1967,PhD,Widow,78595.0,0,0,2014-02-04,65,266,261,629,165,7,410,1,11,6,6,4,0,0,0,0,0,1,0,3,11
10682,1983,Master,Married,72609.0,0,0,2013-11-19,6,895,40,351,155,30,436,2,13,6,14,0,0,0,0,0,0,1,0,3,11
10683,1977,PhD,Married,44495.0,1,0,2013-03-06,41,586,321,527,66,52,4,3,5,14,7,4,0,1,0,0,0,1,0,3,11
10684,1970,Graduation,Married,38900.0,0,2,2013-08-30,69,191,175,54,16,4,82,5,3,1,6,7,0,1,0,1,0,0,0,3,11
10685,1986,Graduation,Together,41505.0,0,0,2013-01-31,10,832,80,129,89,3,304,3,11,5,9,4,0,1,0,0,0,0,0,3,11
10686,1976,Graduation,Married,49896.0,1,0,2013-12-02,47,792,126,431,58,117,37,1,6,4,11,9,1,0,0,1,1,0,0,3,11
10687,1956,2n Cycle,Widow,46703.0,1,0,2012-05-14,39,323,6,211,15,16,4,2,3,4,9,3,0,0,0,0,1,0,0,3,11
10688,1982,Graduation,Divorced,32179.0,1,1,2013-06-28,39,114,2,55,1,2,41,3,3,4,1,8,0,0,0,0,0,0,0,3,11
10689,1966,2n Cycle,Married,41135.0,1,1,2012-02-05,48,115,9,107,67,6,54,6,3,1,1,9,0,0,1,0,0,0,0,3,11
10690,1982,PhD,Widow,69096.0,1,0,2013-10-11,27,699,66,198,149,32,83,2,4,6,10,2,0,0,0,0,1,1,0,3,11
10691,1957,2n Cycle,Divorced,62178.0,0,0,2014-04-18,69,129,51,95,28,6,52,3,1,0,3,6,0,0,0,0,0,0,0,3,11
10692,1981,2n Cycle,Together,75555.0,1,0,2013-11-15,37,250,149,401,50,26,140,5,4,4,10,4,0,0,0,0,0,1,0,3,11
10693,1968,Graduation,Together,81659.0,0,1,2013-10-14,88,578,52,67,27,92,299,2,3,7,8,5,0,0,0,0,0,0,0,3,11
10694,1954,PhD,Divorced,51980.0,0,0,2014-01-06,40,325,6,39,6,48,86,2,3,1,3,2,0,0,0,0,0,1,0,3,11
10695,1971,Master,Single,40378.0,0,1,2013-06-03,68,143,150,59,65,66,8,11,5,5,3,9,0,0,0,0,0,0,0,3,11
10696,1975,Graduation,Widow,42093.0,1,1,2013-07-06,54,110,13,91,28,60,34,5,7,2,3,6,0,0,0,0,0,0,0,3,11
10697,1968,Graduation,Widow,39092.0,1,1,2013-06-09,29,108,33,163,68,78,22,7,3,2,5,6,0,0,1,0,1,0,0,3,11
10698,1961,Master,Widow,35098.0,1,2,2013-02-28,92,75,27,72,30,9,97,3,1,2,4,1,0,1,1,1,0,0,0,3,11
10699,1972,2n Cycle,Divorced,60819.0,0,1,2012-01-22,40,331,117,440,26,103,169,2,10,8,4,9,1,0,0,1,0,0,0,3,11
10700,1972,Graduation,Divorced,55195.0,0,1,2012-03-14,20,136,272,136,57,181,24,3,5,2,8,4,0,0,1,0,1,0,0,3,11
10701,1973,Graduation,Single,70719.0,0,0,2013-02-12,46,562,21,210,167,121,74,0,9,3,5,6,0,0,0,0,0,0,0,3,11
10702,1978,2n Cycle,Divorced,88324.0,0,0,2012-09-02,50,1241,320,221,13,50,64,0,9,9,11,6,0,0,0,0,0,0,0,3,11
10703,1961,Graduation,Divorced,45541.0,1,0,2014-04-09,33,184,10,42,65,26,42,2,1,4,3,3,0,0,0,0,0,0,0,3,11
10704,1979,2n Cycle,Single,56937.0,0,0,2014-06-05,39,239,67,492,31,101,7,2,4,4,10,10,0,1,1,0,0,0,0,3,11
10705,1977,Graduation,Together,29830.0,0,2,2013-02-19,80,144,5,75,5,2,17,3,2,3,2,10,0,0,0,0,0,0,0,3,11
10706,1980,Graduation,Widow,46217.0,1,1,2013-09-19,61,85,40,131,19,47,6,4,4,1,4,5,0,0,0,0,0,1,0,3,11
10707,1986,Graduation,Married,38602.0,1,1,2013-06-06,70,130,46,37,13,0,108,4,1,1,2,8,0,0,0,0,0,0,0,3,11
10708,1988,Graduation,Married,54698.0,0,0,2012-08-12,32,375,43,258,4,17,225,2,9,3,7,4,0,0,0,0,0,0,0,3,11
10709,1980,Graduation,Divorced,76409.0,1,0,2012-12-05,3,724,103,250,91,77,129,2,10,5,8,6,0,0,0,0,0,0,0,3,11
10710,1954,Master,Together,46486.0,1,0,2012-12-12,46,148,60,199,61,23,88,2,5,6,8,8,0,1,1,0,0,0,0,3,11
10711,1978,Graduation,Widow,28682.0,1,1,2012-04-04,45,32,2,27,14,12,8,3,1,1,2,4,0,0,0,0,1,0,0,3,11
10712,1953,2n Cycle,Married,63783.0,1,0,2012-01-17,49,161,4,150,56,81,64,0,4,3,5,4,0,0,0,0,0,0,0,3,11
10713,1957,Graduation,Divorced,46704.0,0,1,2012-10-18,39,412,59,248,57,100,58,3,6,3,16,3,0,0,0,1,0,0,0,3,11
10714,1963,PhD,Together,35016.0,1,1,2014-03-23,61,58,14,22,8,17,29,6,2,1,3,3,0,0,0,0,0,0,0,3,11
10715,1968,Master,Single,90744.0,0,0,2012-03-17,20,759,249,181,142,472,179,1,12,12,8,5,1,1,0,0,0,0,0,3,11
10716,1966,Graduation,Single,47756.0,1,1,2013-04-13,75,159,34,193,3,7,116,4,4,1,3,8,0,0,0,0,0,0,0,3,11
10717,1965,Master,Married,90361.0,0,0,2013-06-04,41,767,163,126,71,250,45,0,12,2,14,3,0,0,0,0,0,0,1,3,11
10718,1983,Graduation,Single,29897.0,1,2,2013-08-22,37,154,9,78,7,22,11,9,1,1,2,10,1,0,0,0,0,0,0,3,11
10719,1954,Master,Married,57975.0,0,0,2014-06-02,79,117,45,137,17,21,40,3,4,1,5,4,0,0,0,0,0,0,0,3,11
10720,1981,Graduation,Widow,34487.0,1,1,2012-12-17,42,251,14,99,8,8,140,9,2,3,5,6,0,0,1,0,1,0,0,3,11
10721,1978,Graduation,Together,94819.0,1,0,2012-11-22,13,514,78,225,23,11,264,2,3,10,6,1,0,1,0,0,0,0,0,3,11
10722,1972,Master,Married,89980.0,0,0,2013-04-03,51,1208,89,341,81,167,49,0,17,3,7,6,0,0,0,0,0,1,0,3,11
10723,1950,Graduation,Widow,33256.0,0,0,2014-02-11,38,477,15,299,28,50,169,6,13,3,6,7,0,0,0,0,0,0,0,3,11
10724,1977,Basic,Divorced,96668.0,0,0,2013-06-11,30,928,153,166,227,138,832,0,12,6,20,3,0,0,0,0,1,0,0,3,11
10725,1966,Graduation,Single,132785.0,1,0,2012-02-08,0,606,50,284,163,52,207,1,7,6,6,4,1,0,0,1,0,0,0,3,11
10726,1973,Graduation,Single,89083.0,0,0,2013-02-07,29,119,416,42,2,95,225,1,2,8,10,1,0,0,0,0,1,0,0,3,11
10727,1959,Graduation,Widow,129801.0,0,0,2013-03-30,25,698,56,1141,179,169,49,2,8,4,23,0,0,0,0,0,0,0,0,3,11
10728,1984,Graduation,Single,53008.0,1,0,2014-03-03,29,172,129,478,8,39,81,5,5,1,10,5,0,0,0,0,0,0,0,3,11
10729,1971,Master,Married,45605.0,0,1,2013-08-12,46,25,15,30,7,15,34,5,3,2,3,9,0,0,0,0,0,0,1,3,11
10730,1976,PhD,Divorced,56260.0,0,0,2013-09-03,38,313,5,296,80,109,324,1,10,2,9,3,1,0,0,1,0,0,0,3,11
10731,1954,PhD,Single,94129.0,0,0,2012-10-14,49,456,102,146,20,328,31,3,3,3,6,5,1,0,0,0,0,0,0,3,11
10732,1978,Graduation,Married,69771.0,0,0,2013-10-16,7,1588,139,795,177,428,385,1,7,8,41,0,0,0,0,1,0,0,0,3,11
10733,1985,2n Cycle,Together,57140.0,0,0,2012-03-29,0,250,268,257,250,50,155,3,7,3,11,8,0,1,0,0,1,1,0,3,11
10734,1944,PhD,Together,78615.0,0,0,2012-06-25,55,563,220,373,20,87,85,0,6,10,6,3,0,1,0,0,0,1,0,3,11
10735,1974,PhD,Widow,45481.0,0,1,2012-07-15,43,66,2,96,25,13,13,3,3,1,2,9,0,0,0,0,0,0,0,3,11
10736,1982,Graduation,Widow,105631.0,0,0,2013-02-25,15,242,171,238,229,35,13,3,6,4,3,3,1,0,0,0,0,0,0,3,11
10737,1982,Graduation,Married,68700.0,0,0,2012-03-04,26,478,25,113,37,42,62,1,6,3,5,6,0,0,0,0,1,0,0,3,11
10738,2000,Graduation,Together,49615.0,1,0,2013-04-11,8,982,131,289,96,70,123,0,2,5,17,4,0,1,0,0,0,0,0,3,11
10739,1976,Master,Married,61072.0,0,0,2014-03-10,29,775,327,791,353,250,191,2,8,9,23,2,0,0,1,0,0,1,0,3,11
10740,1960,PhD,Together,77524.0,0,0,2012-12-23,21,579,154,501,783,480,6,1,7,11,22,4,0,0,0,1,1,1,0,3,11
10741,1974,Graduation,Married,107098.0,0,0,2012-01-05,37,868,98,267,0,426,175,0,22,0,11,5,0,0,0,0,0,1,0,3,11
10742,1957,PhD,Single,65817.0,0,1,2012-09-04,39,225,22,199,16,55,9,1,6,2,2,2,0,0,0,0,0,0,0,3,11
10743,1959,Graduation,Married,111173.0,0,0,2012-03-03,0,411,111,602,47,138,12,0,8,3,16,2,1,0,0,0,0,0,0,3,11
10744,1986,Graduation,Single,32673.0,1,1,2013-07-27,28,191,44,110,44,83,140,3,8,1,5,7,1,1,0,1,1,0,0,3,11
10745,1988,Master,Together,37580.0,0,0,2013-12-17,62,434,147,301,63,6,119,0,4,6,8,6,0,0,0,0,1,0,0,3,11
10746,1979,Graduation,Divorced,45650.0,0,0,2012-09-16,19,671,194,1299,81,177,147,4,6,18,13,7,0,0,0,1,0,1,0,3,11
10747,1984,PhD,Widow,86376.0,1,0,2012-09-26,50,1185,5,266,36,143,318,2,8,3,16,7,1,0,0,1,0,1,0,3,11
10748,1974,Master,Widow,35070.0,0,2,2012-10-16,42,50,24,53,2,5,10,3,1,2,2,6,0,0,0,0,0,0,0,3,11
10749,1964,Graduation,Widow,44750.0,0,0,2012-11-24,69,312,11,132,11,9,6,3,1,1,6,6,0,0,0,0,0,0,0,3,11
10750,1976,Master,Single,90280.0,0,1,2013-09-18,40,238,106,90,115,97,245,2,5,10,5,7,1,1,0,0,0,0,0,3,11
10751,1979,Graduation,Single,83715.0,0,0,2012-10-03,6,415,77,160,252,41,171,2,10,2,4,8,0,0,1,0,0,0,0,3,11
10752,1973,Master,Single,65319.0,1,0,2012-12-10,12,285,114,646,2,7,71,0,9,2,6,5,0,0,0,1,1,0,0,3,11
10753,1976,Graduation,Widow,61296.0,0,0,2014-03-12,5,1138,283,1228,430,86,427,2,25,15,14,6,0,0,0,0,0,0,0,3,11
10754,1970,Graduation,Together,37009.0,0,1,2013-11-17,78,49,24,55,2,21,35,3,1,0,2,8,0,0,1,1,0,0,0,3,11
10755,1989,Graduation,Together,68021.0,1,1,2014-04-15,10,120,195,575,54,40,271,2,5,6,10,3,0,0,1,0,0,0,0,3,11
10756,1974,Graduation,Together,89514.0,0,1,2012-11-17,29,704,67,496,40,5,141,3,7,5,15,4,0,0,0,0,0,0,0,3,11
10757,1956,Graduation,Widow,56585.0,1,0,2014-04-15,50,220,15,177,66,29,113,4,9,2,2,3,1,0,0,0,0,0,0,3,11
10758,1968,Graduation,Together,104065.0,0,0,2012-09-25,32,372,197,833,126,243,211,1,17,9,7,2,0,1,0,0,0,0,0,3,11
10759,1969,Master,Together,82125.0,0,0,2012-10-03,27,285,10,221,130,63,65,3,2,4,8,4,0,0,1,1,0,0,0,3,11
10760,1977,Graduation,Together,30074.0,0,1,2014-05-07,23,96,21,48,70,30,26,5,2,1,1,10,0,0,0,0,0,0,0,3,11
10761,1956,Graduation,Single,104667.0,0,0,2012-06-29,1,830,259,855,107,167,90,2,13,15,10,2,1,0,0,0,1,0,0,3,11
10762,1955,Graduation,Divorced,84851.0,0,0,2014-01-06,4,831,36,727,163,83,311,0,8,5,22,3,0,0,0,0,1,0,0,3,11
10763,1960,PhD,Married,54412.0,0,0,2014-01-15,0,1081,109,739,132,163,135,1,9,9,23,4,1,1,0,0,0,0,0,3,11
10764,1961,PhD,Together,33974.0,1,1,2014-04-13,61,431,216,233,41,123,17,2,9,6,5,2,0,0,0,1,0,1,0,3,11
10765,1984,Master,Widow,73419.0,0,0,2014-02-03,39,559,425,221,263,871,374,1,8,11,23,2,0,0,0,0,0,0,0,3,11
10766,1958,Master,Divorced,100088.0,0,0,2014-01-11,4,592,131,624,213,30,363,0,9,10,15,1,0,0,0,0,1,0,0,3,11
10767,1966,Master,Together,92072.0,0,0,2012-11-14,56,735,122,143,12,59,147,1,2,5,13,5,0,1,0,0,1,0,0,3,11
10768,1972,Graduation,Widow,93381.0,0,0,2013-05-15,25,840,16,548,3,86,20,2,18,4,4,5,0,0,0,0,0,0,0,3,11
10769,1962,Master,Together,56136.0,1,1,2013-06-04,76,38,39,78,4,78,20,6,2,1,3,9,1,1,0,0,0,1,0,3,11
10770,1984,Graduation,Divorced,50429.0,0,0,2012-09-20,55,380,173,278,168,40,227,1,14,3,6,3,0,0,0,0,0,1,0,3,11
10771,1975,Master,Together,37792.0,1,1,2012-12-17,55,45,19,90,6,30,44,2,3,0,2,8,1,0,0,0,0,0,0,3,11
10772,1967,Master,Divorced,40386.0,0,2,2014-02-04,13,69,16,38,53,5,16,1,2,3,6,14,0,0,0,0,0,0,0,3,11
10773,1962,Graduation,Single,44880.0,0,0,2012-01-14,56,101,47,170,20,0,55,7,4,1,10,7,0,0,1,0,0,0,0,3,11
10774,1967,Graduation,Married,90511.0,1,0,2012-03-10,39,476,159,167,12,60,141,1,3,4,14,0,1,0,1,0,0,0,0,3,11
10775,1945,Graduation,Single,37760.0,1,0,2013-01-04,37,246,1,114,45,137,25,2,2,2,12,5,0,0,0,0,0,0,0,3,11
10776,1970,Master,Single,50379.0,1,1,2013-11-25,61,65,2,46,12,3,33,4,0,0,0,12,0,0,0,0,0,0,0,3,11
10777,1957,Graduation,Divorced,78530.0,0,0,2014-03-16,27,791,87,228,61,63,70,4,2,8,8,3,0,0,0,0,0,0,0,3,11
10778,1962,Graduation,Widow,57046.0,0,2,2013-09-07,37,74,24,23,56,9,55,8,2,2,2,7,0,0,0,0,0,0,0,3,11
10779,1953,PhD,Widow,51663.0,0,0,2014-02-11,49,130,34,93,65,31,21,7,2,5,3,4,1,0,1,1,0,0,0,3,11
10780,1996,Master,Together,79838.0,1,0,2012-05-13,26,885,49,117,70,94,115,1,6,4,13,3,0,1,1,0,1,0,0,3,11
10781,1962,Master,Divorced,51449.0,1,0,2012-04-03,60,200,151,178,207,37,48,1,3,1,6,3,0,0,0,0,0,0,0,3,11
10782,1971,Master,Single,64602.0,1,0,2013-03-28,25,403,11,112,109,103,195,4,13,1,6,5,0,0,0,0,0,0,0,3,11
10783,1984,2n Cycle,Single,33811.0,0,1,2012-10-03,42,33,2,141,30,26,6,2,4,2,7,5,1,0,0,1,0,1,0,3,11
10784,1956,Graduation,Together,53254.0,1,0,2014-03-02,15,414,12,191,16,25,103,4,5,2,11,3,0,0,0,0,0,0,0,3,11
10785,1975,Graduation,Single,69268.0,1,0,2012-03-07,86,348,40,306,49,79,54,1,2,5,12,5,1,1,0,0,0,0,0,3,11
10786,1942,PhD,Together,,1,0,2012-11-24,42,75,66,189,53,34,44,1,7,2,2,4,0,0,0,0,0,0,0,3,11
10787,1982,Graduation,Widow,63395.0,0,0,2012-09-25,13,874,62,542,112,119,103,3,10,1,16,3,0,0,0,0,0,0,0,3,11
10788,1977,PhD,Single,33635.0,1,2,2013-06-17,71,123,76,111,17,52,12,4,5,1,3,12,0,1,0,0,0,0,0,3,11
10789,1972,Basic,Single,60191.0,1,1,2012-09-24,62,85,30,171,22,3,41,3,5,3,7,10,0,0,0,0,0,0,1,3,11
10790,1964,Graduation,Married,88399.0,0,0,2014-04-26,40,919,103,792,321,218,348,2,24,3,13,5,1,0,0,1,0,0,0,3,11
10791,1979,Graduation,Together,88538.0,1,1,2012-02-17,52,282,14,177,26,11,32,1,4,3,3,5,0,0,0,0,0,0,0,3,11
10792,1969,Basic,Widow,62506.0,1,0,2012-03-06,62,747,233,442,349,11,142,0,8,9,17,2,0,0,0,0,1,0,0,3,11
10793,1973,Graduation,Divorced,94790.0,0,0,2014-03-16,4,325,74,931,164,116,594,1,13,2,24,5,0,0,0,1,0,0,0,3,11
10794,1966,Graduation,Divorced,69099.0,0,0,2013-04-18,31,1280,148,302,316,692,52,0,17,5,20,2,0,0,0,0,0,1,0,3,11
10795,1974,Graduation,Divorced,59440.0,0,0,2014-01-25,3,499,253,336,71,89,85,3,5,9,8,5,0,1,0,0,1,0,0,3,11
10796,1970,Graduation,Single,93871.0,0,0,2013-02-17,21,1068,60,669,59,52,27,0,3,14,13,0,0,0,1,0,0,0,0,3,11
10797,1960,Graduation,Widow,123595.0,0,0,2014-04-15,42,714,209,437,105,47,200,3,5,11,11,4,1,1,0,1,0,0,0,3,11
10798,1970,Graduation,Together,39725.0,0,2,2013-03-02,38,90,17,151,12,16,36,3,2,4,5,11,0,0,0,0,0,0,0,3,11
10799,1965,Graduation,Together,50115.0,1,1,2013-10-31,99,160,13,20,40,11,5,1,2,1,2,10,0,0,0,0,0,1,0,3,11
10800,1970,Graduation,Divorced,43195.0,0,1,2014-06-15,58,209,47,97,13,8,16,7,1,7,4,7,1,0,0,0,0,0,0,3,11
10801,1974,Master,Single,90005.0,1,0,2013-11-15,0,317,7,92,16,19,179,1,3,3,7,5,1,0,0,0,0,0,0,3,11
10802,1959,PhD,Together,51390.0,1,0,2012-08-22,67,145,116,28,178,27,12,4,5,9,4,5,0,0,0,0,0,0,0,3,11
10803,1977,2n Cycle,Divorced,61291.0,1,1,2013-12-09,99,167,87,168,12,52,123,4,7,2,4,8,0,0,0,0,0,1,0,3,11
10804,1957,2n Cycle,Widow,81674.0,0,0,2012-12-12,0,844,11,314,63,42,223,2,5,10,10,3,0,1,0,1,1,1,0,3,11
10805,1961,Graduation,Divorced,77209.0,0,0,2013-08-30,43,504,571,427,169,27,37,2,5,19,7,5,0,1,1,0,1,0,0,3,11
10806,1980,Graduation,Single,29832.0,1,1,2013-08-13,36,98,18,33,6,18,27,6,1,2,3,7,0,0,0,0,0,0,0,3,11
10807,1965,Master,Married,143454.0,0,0,2012-06-07,26,628,36,600,253,77,565,1,11,4,14,6,0,0,0,0,1,0,0,3,11
10808,1990,Graduation,Widow,44767.0,1,1,2012-09-15,29,111,48,29,1,2,21,3,1,2,3,9,0,0,0,0,0,0,0,3,11
10809,1958,Graduation,Widow,48639.0,0,0,2012-06-08,70,107,43,367,29,5,27,7,3,2,7,2,0,0,0,0,0,0,0,3,11
10810,1959,Graduation,Divorced,115540.0,0,0,2012-03-02,20,1136,759,361,108,67,193,0,6,1,28,4,0,0,0,0,0,0,0,3,11
10811,1968,Graduation,Married,103270.0,0,0,2013-03-26,53,483,130,449,67,12,316,0,5,13,6,3,0,0,0,1,0,0,0,3,11
10812,1953,Graduation,Widow,77051.0,0,0,2012-06-29,29,481,79,111,24,40,101,2,3,1,5,6,0,0,0,0,0,0,0,3,11
10813,1996,Master,Together,27883.0,1,2,2013-09-13,53,150,20,31,74,31,77,3,2,2,4,8,0,0,0,0,0,0,0,3,11
10814,1970,PhD,Widow,85348.0,0,0,2012-07-31,0,707,138,1264,118,41,569,1,14,14,17,3,0,0,1,0,0,0,0,3,11
10815,1951,Graduation,Divorced,47406.0,0,0,2012-01-27,99,285,13,269,24,31,33,2,8,1,4,3,0,0,0,0,0,0,0,3,11
10816,1950,PhD,Single,35041.0,0,0,2012-05-12,94,764,662,326,24,124,225,3,12,5,16,4,1,0,0,0,0,0,0,3,11
10817,1964,PhD,Married,46977.0,0,1,2013-05-06,99,123,25,104,77,14,75,4,4,2,3,1,0,0,0,0,0,1,0,3,11
10818,1973,Graduation,Single,36000.0,0,1,2012-04-23,91,48,9,192,6,16,47,7,2,2,2,8,0,0,1,0,0,0,0,3,11
10819,1979,Master,Married,75363.0,0,1,2014-03-09,25,395,3,198,106,14,109,2,6,2,7,6,0,0,0,0,0,0,0,3,11
10820,1977,Graduation,Divorced,144281.0,0,0,2013-11-03,27,532,133,477,118,464,107,0,6,7,18,8,0,0,1,0,0,1,0,3,11
10821,1973,PhD,Widow,35408.0,1,1,2012-04-23,64,199,19,155,68,8,34,4,3,2,2,11,0,0,1,0,0,0,0,3,11
10822,1988,Graduation,Widow,,1,0,2014-02-11,46,677,158,1145,147,20,55,0,9,4,23,8,0,1,0,0,0,0,0,3,11
10823,1986,Graduation,Divorced,38913.0,1,1,2012-10-08,33,144,4,167,13,68,95,6,3,3,5,7,0,0,0,0,1,1,0,3,11
10824,1962,PhD,Widow,63351.0,0,0,2014-03-17,26,278,11,143,173,183,48,0,2,6,7,7,0,0,0,0,0,0,0,3,11
10825,1954,Master,Widow,80356.0,1,0,2014-06-07,0,347,261,270,115,47,138,0,5,3,20,0,0,1,0,0,0,0,0,3,11
10826,1974,Graduation,Widow,33495.0,1,1,2012-08-13,48,150,29,67,15,0,76,8,1,4,3,8,0,0,1,0,0,1,0,3,11
10827,1976,2n Cycle,Married,80304.0,1,0,2012-10-22,30,262,40,270,18,79,49,1,5,5,3,2,0,0,0,0,0,0,0,3,11
10828,1958,Master,Widow,56091.0,1,0,2012-05-08,42,133,18,89,62,23,27,4,2,2,2,2,1,0,0,0,1,0,0,3,11
10829,1992,PhD,Married,43183.0,0,0,2012-01-26,43,302,27,408,18,204,300,4,3,8,7,7,0,1,0,1,0,1,0,3,11
10830,1964,PhD,Together,29740.0,1,2,2013-04-08,27,132,6,187,8,6,3,5,3,2,6,5,0,0,0,0,0,0,0,3,11
10831,1989,PhD,Together,51307.0,1,2,2013-09-07,39,167,67,103,20,29,8,4,3,0,3,3,0,0,0,0,0,0,0,3,11
10832,1982,Graduation,Widow,70441.0,1,0,2013-05-12,21,768,2,390,82,3,144,2,7,3,11,7,0,0,0,0,1,1,0,3,11
10833,1972,Graduation,Married,32627.0,0,1,2014-06-03,76,114,54,71,13,29,62,3,2,4,1,4,0,0,0,0,0,0,0,3,11
10834,1970,Master,Widow,36727.0,1,1,2012-04-13,62,37,25,74,4,14,39,5,1,0,2,6,0,0,0,0,0,0,0,3,11
10835,1977,Graduation,Single,38101.0,0,1,2012-07-26,65,171,16,36,19,0,26,3,1,0,1,11,0,0,1,0,1,0,0,3,11
10836,1986,Master,Married,44024.0,0,1,2014-03-12,37,34,11,30,19,42,22,3,1,1,3,6,0,0,0,0,0,0,0,3,11
10837,1960,Graduation,Widow,39630.0,1,0,2012-07-13,52,92,37,108,15,32,4,1,3,2,5,7,0,0,0,0,1,0,0,3,11
10838,1983,Graduation,Married,54938.0,0,0,2012-11-22,20,837,38,417,97,14,121,1,7,6,13,6,0,0,0,1,1,0,0,3,11
10839,1978,Graduation,Together,40132.0,1,1,2013-01-23,41,60,2,84,16,12,37,3,4,2,5,3,0,0,0,0,0,0,0,3,11
10840,1959,Graduation,Together,88221.0,0,0,2012-07-10,36,747,633,833,158,39,237,2,21,2,20,2,0,0,0,1,0,1,0,3,11
10841,1981,Master,Divorced,42604.0,1,1,2013-04-27,43,95,85,123,71,21,31,6,4,4,3,7,0,0,0,0,0,0,0,3,11
10842,1969,Graduation,Together,29716.0,0,2,2013-12-14,55,53,6,63,38,45,17,5,3,2,7,4,0,0,0,0,0,0,0,3,11
10843,1976,Master,Divorced,69812.0,1,0,2014-01-03,32,653,93,248,35,243,167,4,14,8,2,3,1,1,1,0,0,0,0,3,11
10844,1959,Master,Married,111958.0,0,0,2013-02-17,2,504,44,373,438,48,72,0,4,10,11,3,0,0,0,1,1,0,0,3,11
10845,1955,Graduation,Married,57318.0,0,0,2014-06-13,39,148,13,95,3,23,25,5,4,1,3,3,0,0,0,0,0,0,0,3,11
10846,1971,PhD,Married,66834.0,0,0,2012-10-09,25,488,278,319,31,3,87,5,8,4,13,5,0,0,0,0,1,0,0,3,11
10847,1973,2n Cycle,Together,37278.0,0,1,2014-01-01,49,53,39,78,4,4,56,4,2,0,5,6,1,0,0,0,0,0,0,3,11
10848,1963,Graduation,Single,76160.0,0,0,2014-03-01,0,661,161,560,62,73,91,1,4,3,18,3,0,1,0,0,0,0,0,3,11
10849,1966,Graduation,Divorced,51257.0,0,0,2012-09-18,35,518,134,355,96,43,167,3,8,7,8,4,0,0,1,0,0,0,0,3,11
10850,1988,Graduation,Divorced,115787.0,0,0,2012-02-18,48,370,67,400,142,75,10,2,7,2,7,4,0,0,0,0,0,0,0,3,11
10851,1963,Basic,Married,87883.0,0,0,2013-12-08,37,881,185,806,173,74,78,2,17,2,18,3,0,1,0,1,0,0,0,3,11
10852,1950,Basic,Together,43523.0,0,0,2012-03-20,43,186,91,68,1,30,49,2,5,2,5,4,0,0,0,1,0,0,0,3,11
10853,1950,Master,Single,47125.0,1,0,2013-07-21,26,372,32,105,21,67,278,6,3,5,7,4,0,0,1,0,0,1,0,3,11
10854,1971,Graduation,Together,93689.0,0,0,2013-03-18,30,792,69,894,110,234,29,3,4,12,20,2,0,0,0,0,1,0,0,3,11
10855,1966,2n Cycle,Divorced,60321.0,1,0,2013-03-17,59,282,205,380,144,123,195,4,2,2,15,1,0,0,0,1,0,0,0,3,11
10856,1975,Graduation,Single,41873.0,1,2,2013-10-25,91,56,30,59,16,19,15,9,3,3,1,9,0,0,0,0,0,0,0,3,11
10857,1950,PhD,Together,57732.0,0,0,2013-07-25,40,295,41,41,20,42,23,3,0,4,4,8,0,0,0,0,0,0,0,3,11
10858,1973,2n Cycle,Together,77648.0,1,0,2013-06-28,14,724,150,300,21,150,290,1,14,11,10,5,0,0,0,0,0,0,0,3,11
10859,1958,Graduation,Together,50516.0,1,1,2013-01-30,68,235,13,220,12,28,42,4,5,2,5,11,0,0,0,0,0,0,0,3,11
10860,1974,2n Cycle,Widow,46375.0,0,1,2013-09-19,65,134,24,119,8,7,44,6,3,2,2,9,0,0,0,1,0,1,0,3,11
10861,1977,Graduation,Divorced,31524.0,1,2,2013-07-22,58,81,28,47,18,15,10,6,0,0,1,6,1,1,0,0,0,0,0,3,11
10862,1983,2n Cycle,Single,31718.0,1,1,2013-06-04,44,92,39,106,32,38,10,7,8,2,2,7,0,0,0,0,0,0,0,3,11
10863,1959,PhD,Single,37428.0,0,1,2013-10-25,29,444,78,110,29,1,43,5,4,3,6,9,0,0,0,0,0,0,0,3,11
10864,1963,Graduation,Together,82234.0,0,0,2012-04-18,42,482,89,571,519,85,228,2,2,4,23,3,0,0,0,0,0,0,0,3,11
10865,1950,Master,Single,41412.0,1,1,2012-01-13,71,298,296,95,129,37,226,2,3,5,12,6,1,0,1,0,0,0,0,3,11
10866,1929,Graduation,Widow,47603.0,0,1,2012-02-01,44,235,1,134,58,38,1,4,6,3,3,5,0,0,0,0,0,0,0,3,11
10867,1969,Graduation,Married,34560.0,1,1,2013-07-08,95,63,17,105,10,21,60,2,5,0,4,10,0,0,0,0,0,0,0,3,11
10868,1977,Graduation,Single,78684.0,0,0,2013-11-07,33,810,568,172,75,17,763,1,15,4,19,3,0,0,0,0,0,1,0,3,11
10869,1968,Master,Divorced,84492.0,0,0,2012-05-17,24,733,23,1043,38,210,162,1,20,8,8,6,0,0,0,0,0,0,0,3,11
10870,1979,2n Cycle,Married,48100.0,1,1,2012-02-22,31,87,0,53,7,48,15,2,3,3,1,6,0,0,0,0,0,1,0,3,11
10871,1970,PhD,Single,93659.0,0,0,2012-10-29,0,814,86,346,73,34,45,3,10,7,7,5,0,0,0,0,1,0,0,3,11
10872,1957,Graduation,Single,85251.0,0,0,2013-12-11,40,107,37,486,48,14,211,3,8,2,8,2,1,0,0,1,0,0,1,3,11
10873,1982,Graduation,Widow,67255.0,1,0,2013-02-03,46,359,44,463,84,307,551,1,9,11,13,3,1,0,0,0,0,0,0,3,11
10874,1983,Graduation,Together,35858.0,1,1,2013-08-23,99,134,195,142,12,2,12,6,3,4,4,2,0,0,1,0,0,0,0,3,11
10875,1941,Graduation,Divorced,52043.0,0,0,2014-05-25,53,383,76,541,128,79,23,6,9,2,8,7,0,1,0,0,0,1,0,3,11
10876,1975,Master,Married,68421.0,0,0,2013-04-09,51,629,53,307,114,71,36,0,4,3,13,5,0,0,0,0,0,0,0,3,11
10877,1979,Graduation,Single,70912.0,1,0,2012-10-20,19,482,68,279,46,19,127,0,3,5,12,8,0,0,0,1,0,1,0,3,11
10878,1965,Graduation,Together,57566.0,0,1,2012-01-30,62,203,31,128,80,22,4,6,2,1,2,5,0,0,0,0,0,0,0,3,11
10879,1968,Graduation,Divorced,32089.0,0,1,2014-01-07,59,140,38,102,2,6,80,4,1,0,2,7,0,0,0,0,0,0,0,3,11
10880,1975,2n Cycle,Divorced,77184.0,0,0,2013-11-05,17,553,22,127,40,16,32,5,9,7,3,5,1,0,0,0,0,0,0,3,11
10881,1966,Graduation,Together,39612.0,0,1,2012-10-30,87,57,31,44,3,12,41,4,5,2,4,9,0,0,0,0,1,0,0,3,11
10882,1952,PhD,Widow,37979.0,1,0,2013-07-19,49,222,27,109,44,218,128,3,5,3,2,5,0,0,0,1,0,0,0,3,11
10883,1972,Graduation,Single,75833.0,0,0,2012-07-25,62,420,79,430,70,41,34,0,5,1,13,6,1,0,0,0,0,0,0,3,11
10884,1960,PhD,Together,115970.0,0,0,2013-08-24,28,598,145,607,209,6,316,0,5,4,21,4,0,0,0,0,1,0,0,3,11
10885,1976,Master,Divorced,54760.0,1,0,2013-01-25,30,530,282,133,460,31,293,2,6,4,17,7,0,0,1,0,1,0,0,3,11
10886,1979,Graduation,Single,64884.0,0,1,2012-07-01,20,264,378,199,105,14,574,1,1,5,20,5,0,0,0,0,1,0,0,3,11
10887,1954,Graduation,Single,63735.0,0,0,2012-03-21,20,1337,568,449,135,110,550,0,9,17,19,3,1,0,1,0,0,0,0,3,11
10888,1970,Graduation,Married,69969.0,0,0,2012-01-19,60,383,190,57,93,103,87,2,2,3,8,2,0,0,0,0,0,0,0,3,11
10889,1968,2n Cycle,Widow,46861.0,0,1,2014-01-07,38,101,49,79,1,24,54,4,1,1,4,6,1,0,1,1,0,0,0,3,11
10890,1974,Master,Together,59211.0,1,0,2012-03-04,52,398,42,468,307,31,251,0,11,2,11,5,0,0,1,0,0,0,0,3,11
10891,1958,2n Cycle,Single,41658.0,1,0,2013-03-24,45,177,14,84,1,42,28,2,2,2,2,5,0,0,1,0,0,0,0,3,11
10892,1984,Graduation,Married,68052.0,1,0,2012-04-20,50,251,61,304,69,67,145,0,7,6,6,4,1,0,0,0,0,0,1,3,11
10893,1969,PhD,Married,81071.0,1,0,2013-09-10,32,709,232,154,207,53,25,0,9,5,8,5,0,0,0,1,1,1,0,3,11
10894,1975,PhD,Divorced,34585.0,1,1,2012-12-16,28,61,3,118,57,19,24,4,2,2,1,5,0,0,0,0,0,0,0,3,11
10895,1965,Graduation,Married,60287.0,1,0,2013-12-18,55,551,43,402,57,0,97,4,8,6,7,3,0,0,0,1,1,1,0,3,11
10896,1983,Graduation,Divorced,51524.0,1,0,2012-03-22,85,783,382,1025,40,135,114,2,24,8,7,8,0,0,1,1,0,1,0,3,11
10897,1964,Graduation,Married,75094.0,0,0,2013-01-03,34,453,76,384,139,87,255,0,14,4,8,2,0,0,0,0,0,0,0,3,11
10898,1956,Graduation,Together,92817.0,0,0,2012-12-29,48,811,484,303,21,428,274,2,11,3,20,5,0,0,0,0,0,1,1,3,11
10899,1967,Basic,Widow,46130.0,1,1,2013-02-09,64,127,56,41,22,6,94,6,1,1,2,6,0,0,0,1,1,0,0,3,11
10900,1998,Basic,Single,83264.0,0,0,2012-09-15,55,647,195,356,65,33,35,4,10,5,7,6,0,0,0,0,0,0,0,3,11
10901,1972,Master,Together,56905.0,1,0,2012-08-16,22,471,80,220,233,58,275,1,8,12,3,4,1,1,0,0,0,0,0,3,11
10902,1971,Graduation,Married,108558.0,1,0,2014-05-07,25,753,5,446,345,545,39,2,7,13,10,3,1,0,1,1,0,0,0,3,11
10903,1974,Graduation,Widow,55565.0,0,0,2013-10-04,57,1070,43,579,44,361,88,1,3,11,17,5,0,0,0,1,0,0,0,3,11
10904,1954,Graduation,Single,74925.0,0,0,2013-02-14,44,233,17,511,82,33,66,4,3,1,14,3,0,0,1,1,1,1,0,3,11
10905,1973,2n Cycle,Single,30290.0,0,2,2014-01-19,81,43,14,77,1,4,48,1,1,1,2,5,0,1,0,0,0,0,0,3,11
10906,1978,Graduation,Divorced,84782.0,0,0,2012-03-04,15,557,177,160,6,233,423,0,6,11,4,9,0,0,1,1,0,1,0,3,11
10907,1967,Graduation,Widow,78926.0,0,0,2013-05-31,29,590,221,886,202,348,421,1,28,10,6,2,0,1,1,0,0,1,0,3,11
10908,1967,Master,Divorced,97226.0,1,0,2013-09-04,32,417,135,562,145,9,28,0,3,6,11,6,0,0,0,0,0,0,0,3,11
10909,1978,Graduation,Single,73160.0,1,0,2012-02-04,96,360,296,467,116,352,176,1,7,11,14,3,1,0,1,1,1,0,0,3,11
10910,1963,Master,Divorced,31012.0,0,1,2013-09-28,49,71,77,130,1,1,21,7,3,3,2,6,0,0,0,1,0,0,0,3,11
10911,1946,PhD,Widow,46843.0,1,0,2013-10-02,61,141,62,84,321,8,52,7,2,4,9,8,0,0,0,1,0,0,0,3,11
10912,1948,PhD,Together,60793.0,0,0,2013-04-20,8,184,111,197,25,23,109,1,4,2,6,4,1,1,0,0,0,0,0,3,11
10913,1968,2n Cycle,Divorced,64185.0,0,1,2013-08-23,26,154,19,33,25,19,38,3,0,0,0,5,0,0,0,0,1,0,0,3,11
10914,1945,Graduation,Single,51270.0,1,1,2014-04-30,58,325,14,82,142,15,24,3,2,2,4,3,1,0,0,0,0,0,0,3,11
10915,1957,Graduation,Together,52467.0,1,1,2012-11-04,46,141,41,93,9,178,19,4,1,2,7,3,0,0,0,0,1,0,0,3,11
10916,1961,Graduation,Together,104740.0,0,0,2012-07-15,22,787,19,275,102,17,11,0,8,1,13,2,0,0,0,0,0,0,0,3,11
10917,1974,PhD,Single,92404.0,0,0,2013-01-03,20,993,126,513,105,446,1094,1,23,10,12,1,0,0,0,0,1,1,0,3,11
10918,1987,Graduation,Married,50184.0,1,0,2014-05-05,33,640,237,177,183,12,143,2,12,2,9,2,0,1,0,0,0,1,0,3,11
10919,1956,PhD,Together,32298.0,1,1,2013-03-21,20,81,46,68,23,41,19,4,1,2,1,3,0,0,0,0,1,0,0,3,11
10920,1974,Graduation,Together,94333.0,0,0,2014-04-15,26,722,5,340,222,33,211,0,4,10,12,3,0,1,1,0,1,0,0,3,11
10921,1944,PhD,Married,66310.0,0,0,2013-12-12,47,390,33,37,113,117,4,4,8,1,4,3,0,0,0,0,0,0,0,3,11
10922,1971,2n Cycle,Together,52498.0,1,1,2012-04-15,81,183,77,90,15,11,32,11,5,1,6,4,0,0,0,0,0,0,0,3,11
10923,1975,Graduation,Together,44411.0,1,1,2013-09-04,76,50,3,98,9,17,27,9,2,2,6,5,0,0,0,0,0,0,0,3,11
10924,1967,2n Cycle,Married,95323.0,0,0,2014-03-01,0,857,23,738,19,123,137,1,8,11,13,4,1,0,1,1,1,0,0,3,11
10925,1988,PhD,Together,75501.0,1,0,2013-04-10,21,715,88,327,49,210,210,1,5,6,18,5,1,0,0,0,0,0,0,3,11
10926,1967,Graduation,Divorced,78764.0,0,0,2012-10-01,67,272,134,234,112,33,125,0,6,6,2,1,0,1,0,0,0,1,0,3,11
10927,1962,Graduation,Single,50431.0,0,1,2013-12-25,71,272,7,196,1,37,95,3,13,5,3,4,0,0,0,0,0,0,0,3,11
10928,1975,PhD,Together,32226.0,0,1,2012-02-21,68,69,10,65,38,6,50,8,1,0,1,7,0,0,1,0,1,0,0,3,11
10929,1964,Master,Divorced,29602.0,1,1,2014-02-12,46,70,24,78,29,47,18,5,2,1,3,6,0,0,0,0,0,0,0,3,11
10930,1975,PhD,Married,69484.0,0,0,2012-03-13,54,235,121,237,139,46,172,2,6,3,11,6,0,1,0,0,0,1,0,3,11
10931,1989,Graduation,Widow,67457.0,0,0,2012-02-16,4,344,192,410,203,32,31,1,9,0,13,7,0,0,1,0,1,0,0,3,11
10932,1971,Graduation,Married,74583.0,0,0,2013-04-10,25,1047,230,469,88,312,243,1,11,13,15,4,1,0,0,0,0,0,0,3,11
10933,1972,PhD,Single,42386.0,1,2,2012-03-03,65,66,41,22,11,94,14,11,4,2,3,10,0,0,0,0,0,0,0,3,11
10934,1976,2n Cycle,Divorced,39890.0,1,1,2013-10-10,71,123,20,74,38,4,54,6,1,0,1,5,0,0,0,1,0,0,0,3,11
10935,1961,Graduation,Divorced,100598.0,0,0,2013-03-04,32,780,1609,785,118,253,509,2,40,9,17,5,1,0,0,0,1,0,0,3,11
10936,1955,Master,Single,51558.0,1,0,2013-10-27,60,390,26,49,7,6,26,7,1,2,7,6,0,0,0,0,0,0,0,3,11
10937,1976,Graduation,Single,97748.0,0,0,2013-12-04,31,1999,104,1190,75,183,235,2,16,6,39,3,1,0,0,0,1,0,0,3,11
10938,1939,Graduation,Widow,44971.0,0,1,2013-12-11,45,261,59,77,109,37,77,5,3,1,2,7,0,0,0,0,0,0,0,3,11
10939,1967,Master,Single,96907.0,0,0,2012-04-08,57,825,394,918,1094,260,249,1,36,8,14,4,1,0,0,0,0,0,0,3,11
10940,1978,Master,Married,74297.0,0,0,2014-02-02,78,205,121,653,32,396,123,1,6,4,14,7,1,0,0,0,0,0,0,3,11
10941,1957,PhD,Single,45482.0,1,1,2014-02-16,50,257,18,295,91,10,26,4,5,3,8,6,1,0,0,0,0,0,0,3,11
10942,1957,PhD,Married,90938.0,0,0,2013-04-02,2,579,147,971,60,85,11,0,8,2,21,1,1,0,0,1,0,1,0,3,11
10943,1982,Graduation,Widow,57378.0,1,0,2012-05-03,32,305,29,249,245,5,73,1,1,8,9,7,0,0,1,0,0,1,0,3,11
10944,1990,Graduation,Together,58503.0,1,1,2013-10-20,39,799,60,122,63,7,133,2,5,5,8,4,1,1,0,0,0,1,0,3,11
10945,1983,Master,Married,51904.0,0,0,2013-09-17,0,354,111,786,34,211,122,2,5,5,16,3,0,1,0,1,0,0,0,3,11
10946,1961,Master,Divorced,48947.0,0,2,2012-04-30,87,74,8,49,109,4,35,9,4,0,2,10,0,0,0,0,0,0,0,3,11
10947,1947,Graduation,Together,64353.0,1,0,2013-12-23,37,116,101,200,79,35,18,2,4,2,7,4,0,0,0,0,0,0,0,3,11
10948,1956,Basic,Divorced,57901.0,0,0,2013-09-05,33,244,87,63,24,98,47,2,7,2,7,6,0,0,0,0,0,0,0,3,11
10949,1967,Basic,Divorced,96431.0,0,0,2012-02-10,30,599,180,262,37,489,110,0,10,5,13,5,0,1,1,0,0,0,0,3,11
10950,1966,Graduation,Single,36589.0,1,2,2013-07-03,47,277,9,106,17,7,30,8,1,1,5,7,0,0,0,0,0,0,0,3,11
10951,1980,Graduation,Together,119192.0,1,0,2014-02-02,39,357,69,282,11,155,19,1,3,9,5,2,0,0,0,0,0,0,0,3,11
10952,1979,Graduation,Together,62108.0,1,1,2014-05-09,55,536,137,91,4,121,3,4,11,4,9,3,0,0,1,0,0,0,0,3,11
10953,1964,Basic,Married,94713.0,0,0,2014-01-27,56,522,160,868,246,91,307,1,13,16,11,2,0,1,0,0,0,0,0,3,11
10954,1960,Graduation,Widow,48023.0,1,0,2014-02-12,69,358,105,540,10,5,89,3,1,4,5,7,0,0,0,1,1,1,0,3,11
10955,1953,Graduation,Together,56020.0,1,0,2012-05-11,31,462,69,202,62,20,142,1,9,2,5,3,0,0,1,0,0,0,0,3,11
10956,1969,2n Cycle,Single,44912.0,1,1,2012-01-23,55,84,16,45,8,5,16,8,2,3,4,2,0,0,0,0,0,0,0,3,11
10957,1985,Graduation,Married,37144.0,1,1,2012-07-07,60,126,7,67,2,30,20,10,1,0,6,8,0,0,0,0,0,0,0,3,11
10958,1979,2n Cycle,Single,92734.0,1,0,2014-03-04,44,100,27,530,45,9,96,3,3,6,5,1,0,0,0,0,1,0,0,3,11
10959,1974,Master,Together,39862.0,0,1,2014-02-13,68,46,59,98,32,13,5,4,2,1,3,5,0,1,0,0,1,0,0,3,11
10960,1963,Graduation,Single,40112.0,0,1,2012-03-15,59,178,34,78,42,88,97,5,1,1,11,8,0,0,0,0,1,0,0,3,11
10961,1992,Master,Together,54195.0,1,0,2014-05-19,36,203,57,239,11,93,67,1,6,1,3,3,0,1,1,1,0,0,0,3,11
10962,1970,Master,Divorced,97857.0,1,0,2012-07-12,48,438,6,282,8,162,130,1,8,1,12,1,0,0,0,1,0,0,0,3,11
10963,1970,PhD,Widow,87620.0,0,0,2013-03-11,25,493,72,522,232,11,57,2,5,4,14,3,0,0,0,0,1,0,0,3,11
10964,1946,Master,Divorced,46044.0,1,1,2013-07-02,73,154,34,328,127,7,42,3,3,2,6,6,0,1,1,0,1,0,0,3,11
10965,1978,PhD,Widow,55651.0,1,0,2012-04-23,55,253,40,923,88,61,91,3,14,6,8,5,0,0,1,0,1,0,0,3,11
10966,1939,Master,Single,88730.0,0,1,2012-12-08,83,280,62,269,71,51,0,3,3,1,5,4,0,0,1,0,0,0,0,3,11
10967,1961,Master,Married,85380.0,0,0,2012-09-08,32,1717,124,691,155,13,271,0,18,6,19,1,0,0,1,0,1,0,0,3,11
10968,1975,2n Cycle,Together,28394.0,1,1,2012-11-18,89,27,19,38,40,15,4,2,2,0,2,13,0,0,0,0,0,0,0,3,11
10969,1965,Master,Married,78270.0,0,0,2012-10-31,21,683,127,598,878,434,265,1,16,16,21,5,0,1,0,0,0,0,0,3,11
10970,1980,2n Cycle,Married,64333.0,1,0,2013-02-10,45,254,123,107,274,93,171,2,1,8,7,4,0,0,0,0,0,0,0,3,11
10971,1960,Graduation,Widow,100398.0,0,0,2013-07-22,44,1003,408,583,106,163,246,0,11,5,18,3,0,1,0,0,0,1,0,3,11
10972,1977,Graduation,Single,100561.0,0,0,2012-04-15,5,328,0,457,186,155,22,0,7,5,6,0,1,0,0,0,0,0,1,3,11
10973,1960,Graduation,Divorced,59535.0,1,1,2013-10-11,43,228,54,259,22,22,35,5,4,5,5,3,1,1,0,0,1,0,0,3,11
10974,1974,Graduation,Single,57135.0,0,0,2012-04-15,23,538,13,213,217,66,212,1,3,9,12,3,0,1,0,0,0,0,0,3,11
10975,1962,2n Cycle,Divorced,40677.0,1,1,2013-06-30,56,161,52,108,23,55,35,2,9,1,7,9,0,0,0,0,0,0,0,3,11
10976,1995,Graduation,Together,54553.0,0,1,2012-06-26,26,159,28,262,32,65,84,2,3,4,10,9,1,0,0,0,1,0,0,3,11
10977,1967,Graduation,Single,57424.0,1,0,2014-03-12,40,619,14,375,26,7,122,4,2,8,11,6,1,0,0,0,0,0,0,3,11
10978,1973,PhD,Single,31628.0,0,1,2012-10-17,56,43,11,74,31,6,20,1,2,0,1,7,0,0,0,0,0,0,0,3,11
10979,1982,2n Cycle,Married,70961.0,0,0,2012-01-10,21,904,29,446,736,81,107,0,20,7,14,1,1,1,1,0,0,0,0,3,11
10980,1978,Graduation,Single,64334.0,1,0,2012-03-31,55,276,42,335,75,46,59,4,8,3,3,7,0,0,0,0,0,0,0,3,11
10981,1966,Basic,Together,59678.0,1,1,2012-12-16,36,337,31,208,31,46,358,3,8,1,7,3,0,0,0,0,0,0,0,3,11
10982,1972,Graduation,Single,46197.0,1,2,2014-05-13,39,105,0,49,12,28,34,6,3,2,1,7,0,0,0,0,0,0,0,3,11
10983,1978,Graduation,Single,65513.0,1,0,2012-09-19,11,964,235,306,60,14,57,1,1,0,21,2,0,0,0,0,1,0,0,3,11
10984,1961,Graduation,Together,105127.0,0,0,2013-03-24,0,1752,248,361,348,309,167,0,3,20,24,6,0,0,0,0,0,0,0,3,11
10985,1958,2n Cycle,Single,36561.0,1,0,2013-11-07,37,65,3,93,30,110,31,3,2,0,6,3,0,0,1,0,0,0,0,3,11
10986,1986,Graduation,Married,77247.0,0,1,2012-07-27,49,499,359,289,45,72,188,2,5,10,11,2,0,1,0,1,1,0,0,3,11
10987,1970,Graduation,Widow,93245.0,0,0,2013-09-04,23,1173,261,848,34,176,243,0,12,6,23,3,0,0,0,0,1,0,0,3,11
10988,1977,Graduation,Single,73686.0,0,0,2013-01-07,38,237,194,400,51,114,47,1,4,9,2,3,0,0,0,1,1,0,0,3,11
10989,1970,PhD,Married,41001.0,0,1,2014-03-12,49,48,27,68,3,15,17,2,0,0,0,14,0,0,0,0,0,0,0,3,11
10990,1978,Graduation,Married,31192.0,0,1,2013-09-05,99,190,35,66,14,7,89,5,8,1,1,8,0,0,1,0,0,0,0,3,11
10991,1964,Graduation,Married,28162.0,1,1,2012-10-08,61,78,11,46,1,1,41,5,2,1,3,5,0,0,1,0,0,0,0,3,11
10992,1976,Graduation,Together,32956.0,1,2,2013-02-11,45,116,31,54,21,34,5,5,2,0,3,10,0,0,0,0,1,0,0,3,11
10993,1973,Master,Widow,100765.0,0,0,2014-02-08,4,823,255,276,245,59,213,1,7,6,16,3,1,1,0,0,1,0,0,3,11
10994,1958,Graduation,Divorced,59696.0,0,0,2012-11-29,89,334,26,420,10,9,16,2,2,2,12,2,0,0,0,0,1,0,0,3,11
10995,1969,PhD,Widow,49442.0,1,1,2013-04-29,7,559,29,124,88,53,53,1,10,1,10,7,0,0,0,0,1,1,0,3,11
10996,1973,2n Cycle,Single,31230.0,1,1,2014-02-09,40,55,53,43,10,17,38,6,2,1,2,9,0,0,0,0,0,0,0,3,11
10997,1972,Master,Together,77879.0,0,0,2012-05-18,10,630,7,874,169,141,152,0,4,19,9,1,0,0,1,0,1,0,0,3,11
10998,1946,Master,Together,48414.0,1,0,2014-01-27,51,211,27,62,121,267,221,3,3,5,11,9,0,1,0,0,0,1,0,3,11
10999,1960,Graduation,Together,49500.0,0,0,2014-01-16,45,1606,156,393,481,22,85,4,7,21,12,8,1,0,0,0,1,0,0,3,11
11000,1965,PhD,Widow,67721.0,0,0,2013-05-02,29,359,371,204,51,7,79,0,8,2,9,5,1,0,0,0,1,0,0,3,11
11001,1968,Graduation,Single,55148.0,1,0,2012-07-29,29,290,268,259,111,211,158,3,7,5,10,2,0,0,0,0,0,0,0,3,11
11002,1958,Graduation,Widow,91566.0,0,0,2012-05-06,0,422,69,419,96,50,201,2,4,8,7,1,0,0,1,1,0,1,0,3,11
11003,1971,Graduation,Together,71072.0,0,0,2013-11-15,68,1183,353,627,251,257,127,0,14,3,27,2,0,0,1,0,0,1,0,3,11
11004,1971,PhD,Widow,,0,1,2012-12-04,63,44,6,117,8,16,6,6,3,1,2,10,0,0,0,0,0,0,0,3,11
11005,1988,PhD,Widow,80326.0,0,0,2013-04-28,50,234,125,353,96,60,22,1,2,4,13,7,0,0,1,0,0,0,0,3,11
11006,1955,PhD,Single,40080.0,0,1,2012-03-21,37,309,34,108,15,3,27,4,2,1,4,3,0,0,0,0,0,0,0,3,11
11007,1983,Graduation,Together,62371.0,0,0,2013-04-08,31,329,237,211,28,249,63,1,12,2,5,4,0,1,0,0,0,1,0,3,11
11008,1975,Graduation,Single,46644.0,0,1,2012-03-02,83,90,6,63,38,53,66,7,5,5,2,5,0,0,1,0,0,0,0,3,11
11009,1983,Graduation,Married,59784.0,1,1,2013-04-26,0,685,54,363,32,79,168,0,9,6,14,2,0,1,0,0,0,0,0,3,11
11010,1974,PhD,Married,33881.0,0,1,2014-01-27,74,84,49,78,20,38,11,4,2,2,7,6,0,0,0,0,0,0,0,3,11
11011,1967,Graduation,Single,47956.0,0,1,2014-05-27,52,106,11,22,0,12,18,2,0,0,1,9,0,0,0,0,0,0,0,3,11
11012,1978,Master,Widow,61139.0,1,1,2014-01-30,47,404,217,264,157,102,373,1,12,3,13,9,0,0,0,0,0,0,0,3,11
11013,1968,PhD,Divorced,64854.0,0,0,2013-06-10,88,350,3,148,87,3,17,0,3,4,4,1,1,0,1,0,0,1,0,3,11
11014,1983,Graduation,Together,70823.0,0,0,2013-10-30,27,847,144,427,202,143,27,2,12,12,6,5,0,0,0,0,0,1,0,3,11
11015,1979,Graduation,Widow,84036.0,0,0,2012-02-09,0,515,459,91,269,62,56,1,4,7,11,4,0,0,0,0,0,0,0,3,11
11016,1970,PhD,Single,41826.0,1,1,2013-09-06,33,57,4,67,8,11,5,7,0,0,0,10,0,0,0,0,1,0,0,3,11
11017,1949,PhD,Divorced,55442.0,1,0,2014-05-10,52,195,40,57,107,17,197,5,3,0,7,7,0,0,0,0,0,0,0,3,11
11018,1964,Graduation,Widow,,0,0,2012-05-16,64,1598,271,955,75,18,192,4,18,4,28,2,0,1,0,0,0,0,0,3,11
11019,1984,Graduation,Married,58248.0,0,0,2012-09-10,29,545,161,165,166,169,17,1,1,6,15,5,1,0,1,0,1,0,0,3,11
11020,1952,2n Cycle,Married,52430.0,0,1,2014-06-12,86,124,12,379,3,28,29,3,3,1,9,4,0,1,0,1,0,0,0,3,11
11021,1975,Graduation,Divorced,37535.0,1,1,2013-02-27,6,121,1,36,2,4,37,5,4,1,2,3,0,0,0,0,0,0,0,3,11
11022,1963,Graduation,Single,59864.0,1,0,2013-10-13,40,379,155,244,83,50,298,7,13,1,8,1,0,1,0,0,1,0,0,3,11
11023,1966,Master,Married,30955.0,1,1,2014-01-10,80,80,18,30,27,5,28,5,2,3,3,7,0,1,0,0,0,0,0,3,11
11024,1965,Graduation,Married,46571.0,1,2,2014-05-10,78,50,58,53,17,1,33,3,3,1,3,7,0,0,0,0,0,0,0,3,11
11025,1970,Graduation,Married,71354.0,1,0,2012-03-17,0,823,73,255,17,207,53,1,6,8,10,4,1,0,0,0,0,0,0,3,11
11026,1958,Master,Single,39959.0,1,0,2012-11-18,33,122,98,8,27,25,27,1,3,6,5,7,1,0,0,0,0,0,0,3,11
11027,1968,2n Cycle,Together,82768.0,0,0,2012-07-28,34,491,246,491,229,234,176,4,6,7,17,4,0,0,1,0,0,1,0,3,11
11028,1975,Graduation,Widow,59407.0,1,1,2014-01-02,43,139,30,50,18,109,9,4,2,4,4,7,0,0,1,0,0,0,0,3,11
11029,1972,PhD,Married,79420.0,1,0,2014-02-28,63,716,117,207,108,181,289,0,5,7,15,8,1,1,0,0,0,1,0,3,11
11030,1976,Graduation,Single,50551.0,1,2,2014-02-21,58,118,11,49,3,12,153,4,2,4,2,8,0,0,1,0,0,1,0,3,11
11031,1973,PhD,Together,38654.0,0,1,2012-04-15,26,121,0,119,5,3,15,6,2,0,4,6,1,0,1,0,1,0,0,3,11
11032,1991,Master,Married,27256.0,0,1,2013-08-26,68,94,42,14,3,4,30,6,2,0,5,6,1,0,0,0,0,0,0,3,11
11033,1956,Master,Divorced,35960.0,0,0,2013-04-10,63,137,66,239,9,97,40,4,2,2,6,2,0,0,0,0,0,0,0,3,11
11034,1977,Graduation,Divorced,,0,0,2013-10-14,12,371,47,130,122,11,112,1,2,2,11,5,0,0,0,0,0,0,0,3,11
11035,1975,Graduation,Married,33757.0,1,1,2012-06-16,38,90,19,155,15,32,27,5,3,0,3,6,0,0,0,0,0,0,0,3,11
11036,1963,Master,Single,54135.0,1,0,2012-04-26,22,675,7,270,345,160,106,6,10,7,10,2,0,0,0,0,1,0,0,3,11
11037,1987,PhD,Single,64189.0,0,0,2012-11-14,68,224,295,529,437,327,203,3,19,1,14,5,1,1,1,0,1,1,0,3,11
11038,1982,2n Cycle,Married,73516.0,1,0,2012-11-13,36,611,193,383,67,56,15,0,4,2,16,7,1,0,0,0,0,0,0,3,11
11039,1974,Graduation,Together,67307.0,0,0,2013-12-12,0,1236,141,323,260,171,569,0,8,8,20,6,0,1,0,0,0,1,0,3,11
11040,1971,Basic,Together,82272.0,0,0,2012-06-20,1,805,83,318,16,40,435,0,10,15,6,3,1,0,0,0,1,1,0,3,11
11041,1963,Graduation,Single,51396.0,1,1,2014-05-13,73,15,68,52,41,12,45,2,2,3,2,9,0,0,0,0,0,0,0,3,11
11042,1960,Graduation,Single,30647.0,0,1,2012-01-16,49,146,1,94,33,30,31,3,0,1,4,4,0,0,0,0,0,0,0,3,11
11043,1977,2n Cycle,Single,45220.0,0,1,2013-05-31,30,74,17,105,10,9,28,6,2,1,6,7,0,0,0,0,0,0,0,3,11
11044,1972,PhD,Divorced,81684.0,0,0,2013-04-22,19,530,194,899,126,35,320,1,13,7,9,2,1,0,0,1,0,0,0,3,11
11045,1987,Graduation,Married,72497.0,1,1,2012-11-21,59,317,65,283,2,93,8,3,9,3,5,6,0,1,0,0,0,1,0,3,11
11046,1956,PhD,Married,112087.0,1,0,2012-04-10,75,709,357,128,6,80,79,2,9,5,9,3,1,0,0,0,0,0,0,3,11
11047,1963,Graduation,Widow,44073.0,1,2,2012-03-13,56,107,61,115,30,10,35,7,1,0,1,5,0,0,0,0,0,0,0,3,11
11048,1954,Basic,Together,62369.0,1,0,2012-09-05,62,157,139,63,279,203,27,6,1,3,12,9,0,0,0,1,0,0,0,3,11
11049,1989,Master,Single,51628.0,0,0,2012-12-27,35,374,86,161,3,18,149,1,4,4,7,6,0,1,0,0,0,1,0,3,11
11050,1982,Master,Married,47480.0,1,1,2012-06-20,62,137,1,67,46,27,83,4,5,1,1,9,0,0,0,0,1,0,0,3,11
11051,1965,Graduation,Widow,75889.0,1,0,2014-01-02,7,643,273,317,207,51,62,1,4,2,16,5,0,0,0,0,1,0,0,3,11
11052,1973,Graduation,Divorced,68463.0,0,0,2014-05-25,69,533,117,288,103,0,116,2,3,11,6,2,1,0,1,0,0,0,0,3,11
11053,1983,Master,Widow,94771.0,0,0,2013-11-12,17,876,416,345,678,657,283,1,7,29,13,2,0,0,0,0,0,1,0,3,11
11054,1980,Graduation,Widow,71623.0,0,0,2014-01-14,13,597,4,426,300,154,81,5,6,3,11,7,0,0,0,0,0,0,0,3,11
11055,1959,Graduation,Together,40649.0,1,1,2012-11-16,41,144,0,193,19,15,7,6,5,1,7,9,0,0,0,1,0,0,0,3,11
11056,1955,PhD,Single,43925.0,0,0,2014-02-14,66,335,16,393,192,81,263,4,8,4,9,6,1,0,0,0,0,0,0,3,11
11057,1955,Master,Widow,68706.0,0,0,2012-06-01,12,400,372,262,74,1,346,0,12,3,7,3,0,0,0,0,0,0,0,3,11
11058,1966,Graduation,Single,45243.0,0,1,2013-06-25,91,100,8,24,16,33,11,8,1,1,1,11,0,0,1,0,0,0,0,3,11
11059,1980,PhD,Divorced,39439.0,0,2,2013-05-04,72,58,8,55,50,22,19,2,4,1,4,4,0,0,1,0,0,0,0,3,11
11060,1956,Basic,Single,65439.0,1,0,2013-03-06,70,240,15,82,22,186,18,3,3,3,2,5,1,1,0,0,0,0,0,3,11
11061,1973,Graduation,Single,37662.0,1,1,2014-01-18,48,35,8,33,26,6,7,5,0,0,5,5,0,1,1,1,1,1,0,3,11
11062,1985,Graduation,Single,49075.0,0,0,2012-10-30,24,260,53,307,172,101,169,2,3,2,12,6,0,0,0,0,0,0,0,3,11
11063,1979,Graduation,Widow,46100.0,0,1,2013-05-21,58,51,12,39,4,60,62,2,2,0,3,6,0,0,0,1,0,0,0,3,11
11064,1965,Graduation,Single,60359.0,0,0,2013-02-20,11,678,291,278,224,59,19,3,9,2,11,8,0,0,0,0,0,0,0,3,11
11065,1961,Master,Single,55681.0,1,0,2013-05-02,62,199,59,361,4,82,4,4,3,2,7,5,0,0,0,0,0,0,0,3,11
11066,1969,Graduation,Single,57105.0,1,0,2012-11-04,58,352,49,261,110,34,109,3,10,2,5,4,0,0,0,0,0,0,0,3,11
11067,1975,PhD,Single,52797.0,0,1,2013-09-28,42,119,26,122,19,14,50,7,2,2,5,11,0,0,0,0,0,0,0,3,11
11068,1967,PhD,Together,75527.0,0,0,2013-06-16,43,1455,84,552,132,66,212,2,12,14,10,0,0,0,0,0,0,0,0,3,11
11069,1973,Graduation,Together,60758.0,1,1,2012-04-26,43,479,17,247,20,6,89,2,5,4,6,7,0,0,1,1,0,0,0,3,11
11070,1958,Graduation,Divorced,53130.0,0,0,2013-02-02,76,198,9,129,28,39,112,2,4,1,9,6,0,0,0,0,0,0,0,3,11
11071,1967,Graduation,Widow,30543.0,1,1,2013-07-10,94,42,11,23,6,13,25,3,0,0,0,8,0,0,0,0,0,0,0,3,11
11072,1994,Graduation,Single,69442.0,0,0,2012-03-27,55,285,45,127,108,57,138,3,6,1,7,10,0,0,0,0,0,1,0,3,11
11073,1950,Graduation,Widow,71781.0,0,0,2012-03-11,50,206,6,169,75,4,8,2,4,1,3,10,0,0,1,0,0,0,0,3,11
11074,1973,Graduation,Widow,47141.0,1,1,2013-05-04,78,274,36,78,187,9,54,1,2,1,6,4,0,0,0,0,0,0,0,3,11
11075,1979,Graduation,Married,70345.0,1,0,2012-05-23,39,107,66,276,89,58,206,4,5,3,8,5,0,0,0,1,0,0,0,3,11
11076,1965,PhD,Together,21927.0,1,1,2013-05-28,52,98,11,62,27,17,15,2,1,1,2,13,0,0,0,0,0,0,0,3,11
11077,1973,Graduation,Single,64496.0,0,0,2012-02-16,24,370,34,103,54,95,67,3,5,2,3,3,0,1,0,0,0,0,0,3,11
11078,1982,Graduation,Together,35694.0,0,2,2014-02-08,60,28,59,103,1,40,67,6,3,2,7,5,0,1,1,0,1,0,0,3,11
11079,1987,Graduation,Married,55185.0,0,0,2013-07-06,60,703,61,203,99,131,155,1,12,4,10,5,0,0,1,1,0,0,0,3,11
11080,1983,Graduation,Divorced,80695.0,0,0,2013-07-24,15,449,151,261,18,13,449,2,1,4,11,0,0,0,0,0,0,0,0,3,11
11081,1952,Master,Widow,48715.0,1,0,2014-05-17,24,358,29,63,47,88,38,3,2,3,3,5,0,1,0,0,1,0,0,3,11
11082,1970,Graduation,Together,50187.0,0,0,2013-07-16,25,100,26,112,44,47,17,3,1,4,5,6,0,0,0,0,0,0,0,3,11
11083,1954,Master,Together,48222.0,0,0,2012-05-13,74,168,30,201,66,16,9,2,5,4,2,5,0,0,0,0,0,0,0,3,11
11084,1951,Graduation,Widow,35441.0,1,0,2014-03-20,60,294,112,82,2,0,42,0,5,3,8,3,0,0,0,0,0,0,0,3,11
11085,1974,Graduation,Married,30301.0,0,1,2013-02-27,90,128,15,52,12,20,13,9,1,1,7,10,0,0,0,1,1,0,0,3,11
11086,1967,Master,Married,46054.0,0,1,2013-08-26,46,96,43,112,3,5,29,6,4,1,4,9,0,0,1,1,0,0,0,3,11
11087,1970,Graduation,Divorced,24918.0,0,1,2014-03-15,31,187,37,112,83,18,44,6,4,2,1,10,0,0,0,0,0,1,0,3,11
11088,1982,Graduation,Married,55764.0,0,0,2013-03-01,72,587,137,384,136,124,197,2,4,2,21,3,0,0,1,0,0,0,0,3,11
11089,1993,PhD,Divorced,60006.0,0,0,2014-02-04,21,275,42,199,182,4,88,3,4,1,6,7,0,0,0,1,0,0,1,3,11
11090,1976,Master,Single,92122.0,1,0,2014-05-06,52,592,103,520,99,27,146,1,8,4,17,3,1,0,0,0,0,0,0,3,11
11091,1979,Graduation,Single,44314.0,1,1,2013-01-15,28,91,13,75,16,76,87,12,3,2,5,4,0,0,0,0,0,0,0,3,11
11092,1982,Master,Widow,58146.0,1,0,2012-01-24,41,375,48,151,161,67,44,2,8,2,3,5,0,0,0,0,0,0,0,3,11
11093,1974,Graduation,Divorced,84377.0,1,0,2013-11-01,34,606,274,383,86,80,158,0,10,6,14,6,1,0,0,1,0,1,0,3,11
11094,1960,Master,Together,32769.0,1,1,2013-12-23,26,162,48,14,32,4,4,7,4,6,4,7,0,0,0,0,0,0,0,3,11
11095,1978,Graduation,Divorced,79536.0,0,0,2012-02-08,79,267,40,232,34,14,85,1,6,1,4,4,0,1,0,0,1,0,0,3,11
11096,1962,Graduation,Married,68582.0,0,0,2014-05-08,8,1152,201,204,289,225,188,1,12,3,22,2,0,0,0,1,0,0,0,3,11
11097,1965,Graduation,Married,64450.0,1,0,2013-11-11,31,147,13,141,23,116,233,4,5,2,5,10,0,0,0,0,0,1,0,3,11
11098,1952,PhD,Together,47943.0,1,0,2012-06-23,37,216,86,148,34,9,76,3,4,1,7,6,0,0,0,0,0,0,0,3,11
11099,1967,Graduation,Together,73267.0,1,0,2013-10-15,0,474,461,555,6,48,329,0,8,5,13,3,0,0,0,0,0,0,0,3,11
11100,1957,Master,Widow,86175.0,0,0,2013-09-11,20,422,20,448,34,235,287,1,3,6,14,6,0,0,1,0,0,0,0,3,11
11101,1982,Master,Single,68707.0,1,0,2013-06-08,23,939,25,278,2,97,109,1,9,8,7,4,0,0,0,0,0,1,0,3,11
11102,1973,Graduation,Single,34420.0,0,1,2013-05-27,79,77,26,66,1,49,56,4,2,5,6,6,0,0,0,0,0,1,0,3,11
11103,1945,PhD,Divorced,58092.0,1,0,2012-04-12,58,227,35,194,77,58,70,4,3,2,3,8,0,1,0,0,0,0,0,3,11
11104,1967,Master,Single,80095.0,0,0,2014-04-24,0,955,6,308,179,26,701,1,13,2,19,1,1,1,0,0,0,0,0,3,11
11105,1980,Master,Divorced,43020.0,0,1,2012-09-23,43,89,12,24,7,4,44,2,5,3,3,6,0,0,0,0,0,0,0,3,11
11106,1946,Graduation,Single,98323.0,0,0,2012-09-16,75,441,118,620,98,56,19,0,8,5,9,1,0,0,1,1,1,1,0,3,11
11107,1986,PhD,Single,64213.0,1,0,2012-06-03,17,132,63,183,24,6,88,2,6,2,2,6,0,0,1,0,0,0,0,3,11
11108,1954,2n Cycle,Widow,47606.0,1,0,2012-06-29,70,372,61,136,51,41,107,2,3,6,3,6,0,0,0,0,0,0,0,3,11
11109,1964,Graduation,Divorced,92769.0,0,0,2012-02-23,13,492,76,348,91,152,40,1,5,3,10,3,0,1,0,0,0,0,0,3,11
11110,1964,PhD,Married,100470.0,0,0,2014-01-15,5,738,166,607,41,134,313,1,4,10,12,4,0,1,0,0,0,0,0,3,11
11111,1979,Graduation,Married,98175.0,1,0,2014-03-20,26,744,60,344,2,66,108,0,8,1,12,5,0,0,0,1,0,0,0,3,11
11112,1973,Master,Single,45854.0,0,1,2012-02-17,90,163,21,76,15,57,21,4,1,3,1,6,0,0,0,0,0,0,0,3,11
11113,1955,Master,Together,63209.0,0,0,2012-06-12,19,122,82,58,39,66,25,2,3,1,5,7,0,0,1,0,0,0,0,3,11
11114,1962,2n Cycle,Single,96442.0,1,0,2013-02-03,66,104,159,67,111,48,116,7,1,5,4,8,0,0,0,0,0,0,0,3,11
11115,1949,Master,Single,99783.0,1,0,2012-07-04,54,936,160,1504,306,21,657,1,7,8,38,4,1,0,0,0,0,1,0,3,11
11116,1968,Graduation,Widow,99160.0,0,0,2012-06-28,15,1450,90,1538,200,283,83,0,14,8,32,1,1,0,0,1,0,0,0,3,11
11117,1967,PhD,Together,43746.0,0,1,2013-09-22,79,138,35,120,19,67,30,3,3,4,3,9,0,1,0,0,0,0,0,3,11
11118,1980,Master,Divorced,53122.0,1,0,2014-03-02,56,139,139,181,347,214,288,3,3,6,13,6,0,0,0,0,0,0,0,3,11
11119,1956,Master,Widow,47582.0,1,0,2012-10-16,34,81,5,201,66,1,69,3,2,2,2,2,0,0,0,0,0,0,0,3,11
11120,1975,Graduation,Together,34341.0,1,1,2013-04-12,37,117,25,47,54,3,122,3,5,1,3,6,0,0,0,0,1,1,0,3,11
11121,1979,Graduation,Widow,102446.0,0,0,2012-12-30,24,634,18,566,9,464,98,0,21,3,8,3,0,0,0,1,0,1,0,3,11
11122,1955,Master,Widow,50220.0,1,0,2012-12-03,54,423,30,193,80,8,33,5,6,1,8,6,0,0,0,0,0,0,0,3,11
11123,1970,Graduation,Together,92523.0,0,0,2012-02-20,19,446,170,330,21,320,207,0,5,4,14,2,0,0,0,0,0,1,0,3,11
11124,1968,Master,Divorced,80792.0,0,0,2013-09-28,50,658,4,118,132,69,97,5,6,5,8,3,0,0,0,0,0,1,0,3,11
11125,1981,2n Cycle,Together,45160.0,1,1,2014-04-14,40,76,12,80,41,3,86,5,1,1,1,7,0,0,1,0,0,0,0,3,11
11126,1976,Graduation,Married,36791.0,1,1,2013-11-14,37,104,2,112,65,9,15,2,3,1,3,10,0,0,0,0,0,0,0,3,11
11127,1979,Graduation,Together,,0,1,2014-06-15,58,107,57,39,4,25,106,5,4,2,2,6,0,0,0,0,0,0,0,3,11
11128,1960,2n Cycle,Married,47686.0,1,2,2014-01-08,63,36,17,120,32,16,5,4,1,2,1,8,0,0,0,0,0,0,0,3,11
11129,1960,Graduation,Single,60705.0,0,0,2012-11-27,80,139,41,158,2,29,3,1,3,1,3,2,0,0,0,0,0,0,0,3,11
11130,1949,Master,Together,37713.0,1,1,2014-01-09,61,544,48,239,77,50,191,2,2,5,12,3,0,0,0,0,0,0,0,3,11
11131,1964,Graduation,Widow,35693.0,1,2,2012-07-13,73,173,28,357,35,46,82,4,6,5,7,11,0,0,0,0,0,0,0,3,11
11132,1968,Graduation,Single,93029.0,0,0,2012-12-25,20,868,160,539,263,162,261,1,15,6,18,5,1,1,0,0,1,0,0,3,11
11133,1983,Graduation,Together,44405.0,1,1,2013-09-27,50,95,5,10,23,28,9,4,1,0,1,4,1,0,0,0,0,0,0,3,11
11134,1964,Graduation,Together,62381.0,1,0,2012-09-16,38,168,64,104,2,101,22,2,2,4,3,2,0,0,0,0,0,0,0,3,11
11135,1971,2n Cycle,Together,68798.0,1,1,2013-11-12,42,340,318,286,208,138,106,3,4,2,15,5,0,0,1,0,0,0,0,3,11
11136,1988,PhD,Married,73071.0,0,0,2012-06-16,41,543,31,827,77,374,63,0,6,10,17,7,0,0,0,1,1,0,0,3,11
11137,1974,Graduation,Single,65839.0,1,0,2012-05-18,40,168,4,248,12,46,246,0,1,5,8,4,0,0,0,0,0,0,0,3,11
11138,1966,Graduation,Married,78652.0,0,0,2013-11-08,23,917,203,167,78,16,430,1,15,9,6,3,0,0,0,0,0,0,0,3,11
11139,1968,Master,Single,36065.0,1,2,2013-03-14,57,113,33,89,27,6,34,4,2,3,4,6,0,0,0,0,0,1,0,3,11
11140,1974,Graduation,Divorced,65247.0,0,1,2014-04-20,74,427,231,448,149,146,195,0,17,2,6,6,1,0,0,0,0,0,0,3,11
11141,1979,Graduation,Divorced,37737.0,0,1,2012-06-24,64,83,18,67,4,29,45,4,4,2,4,10,0,0,0,0,0,0,0,3,11
11142,1961,Master,Married,35664.0,1,0,2013-10-05,64,187,18,80,14,6,37,2,4,1,3,3,0,0,1,0,0,0,0,3,11
11143,1948,Graduation,Divorced,48026.0,1,0,2012-07-29,62,389,169,104,40,26,56,2,5,3,4,8,0,0,0,0,0,1,0,3,11
11144,1983,Graduation,Single,65735.0,1,0,2013-03-01,34,938,297,199,185,52,92,3,16,2,10,4,0,0,0,0,0,0,0,3,11
11145,2000,Graduation,Divorced,61443.0,1,0,2013-03-20,49,516,17,235,207,81,58,0,2,13,7,6,0,0,0,0,0,0,0,3,11
11146,1966,Graduation,Single,36170.0,0,1,2014-02-02,58,114,31,76,7,47,52,7,1,1,4,5,1,0,0,0,0,0,0,3,11
11147,1962,Graduation,Single,57331.0,1,0,2012-12-25,24,180,129,102,22,15,68,2,5,1,8,5,0,0,0,0,0,0,0,3,11
11148,1974,Graduation,Single,52384.0,1,0,2012-11-22,25,383,40,163,47,58,142,3,5,4,5,4,1,0,1,0,0,0,0,3,11
11149,1942,Graduation,Married,37549.0,1,0,2013-03-03,95,306,22,297,139,20,132,6,7,3,4,4,0,0,0,0,0,0,0,3,11
11150,1966,Basic,Single,83946.0,0,0,2014-05-30,53,831,582,410,107,86,187,1,8,12,17,5,1,0,0,0,1,1,0,3,11
11151,1946,Graduation,Divorced,60586.0,0,0,2012-12-11,45,211,18,314,70,78,56,4,3,4,5,5,1,1,0,0,0,0,0,3,11
11152,1965,Master,Widow,126131.0,0,0,2013-05-09,42,1154,983,503,234,110,378,1,5,11,39,3,0,0,1,0,0,0,0,3,11
11153,1954,Graduation,Single,105239.0,0,0,2012-03-06,32,342,11,497,79,254,89,0,12,1,10,2,0,0,1,0,0,0,0,3,11
11154,1980,Graduation,Together,28330.0,1,1,2013-06-27,96,97,20,75,8,25,3,2,2,0,1,11,0,0,0,0,0,0,0,3,11
11155,1967,Graduation,Together,85913.0,0,0,2012-03-09,25,647,219,513,163,455,20,0,12,4,16,2,0,0,0,1,0,0,0,3,11
11156,1961,Master,Widow,94740.0,0,0,2012-01-14,32,206,17,703,166,403,38,1,13,1,10,1,0,0,0,0,0,0,1,3,11
11157,1968,Graduation,Widow,93254.0,0,0,2012-08-23,10,1451,30,874,48,61,95,2,19,7,15,5,0,1,0,1,0,1,0,3,11
11158,1968,Graduation,Together,72403.0,1,1,2012-06-20,35,477,40,376,122,43,13,2,11,3,10,2,1,0,1,0,0,0,0,3,11
11159,1975,Master,Divorced,31632.0,1,1,2013-04-15,0,78,37,55,9,1,11,6,2,2,2,9,0,0,0,0,0,0,0,3,11
11160,1950,Graduation,Widow,91177.0,0,0,2012-07-06,33,940,46,633,40,230,59,0,7,2,23,4,1,0,0,0,0,1,0,3,11
11161,1955,2n Cycle,Single,41333.0,1,1,2012-07-10,80,92,3,29,88,27,59,5,2,2,4,5,0,0,0,0,0,0,0,3,11
11162,1951,Graduation,Single,61337.0,1,1,2014-03-10,89,369,25,176,74,130,110,2,3,5,7,4,0,0,0,0,0,1,0,3,11
11163,1962,Master,Widow,76605.0,0,0,2013-07-16,38,1413,79,162,266,134,152,2,10,5,20,1,0,0,0,1,0,0,0,3,11
11164,1957,PhD,Divorced,83997.0,0,0,2012-01-10,19,1056,111,263,568,170,95,0,17,1,16,2,1,0,1,0,0,0,0,3,11
11165,1963,Graduation,Divorced,30280.0,1,1,2013-11-16,33,470,22,84,74,34,16,1,5,4,6,1,0,0,0,0,0,0,0,3,11
11166,1964,Graduation,Widow,45922.0,1,1,2013-10-13,41,277,62,83,36,26,93,4,4,1,6,5,0,0,0,0,0,0,0,3,11
11167,1961,2n Cycle,Widow,34216.0,0,1,2014-03-14,22,97,16,36,18,14,32,3,1,1,2,8,0,0,0,0,1,0,0,3,11
11168,1951,Graduation,Divorced,42408.0,0,0,2013-04-30,46,312,24,202,61,24,69,3,10,3,4,4,0,1,0,0,0,0,0,3,11
11169,1968,Graduation,Divorced,93031.0,0,0,2014-04-29,1,513,20,686,51,227,178,1,4,13,11,2,0,1,0,0,1,1,0,3,11
11170,1977,Graduation,Together,64277.0,0,0,2014-04-26,24,1081,92,200,155,496,161,0,11,11,13,8,0,0,0,1,0,1,0,3,11
11171,1991,Graduation,Divorced,24185.0,0,2,2012-11-24,53,133,115,177,8,12,22,5,7,1,6,3,0,1,0,0,1,0,0,3,11
11172,1979,PhD,Together,67863.0,1,0,2012-03-12,45,412,86,254,85,350,275,0,7,4,7,8,0,0,0,1,1,0,0,3,11
11173,1978,Graduation,Together,31561.0,1,1,2014-04-28,21,120,24,63,25,80,12,4,2,4,6,7,0,0,0,0,0,0,0,3,11
11174,1964,2n Cycle,Widow,41876.0,0,1,2013-08-12,50,110,2,50,24,79,6,8,1,2,2,8,0,0,0,0,0,0,0,3,11
11175,1964,Graduation,Single,29407.0,1,1,2014-02-26,73,36,21,34,7,53,22,2,3,1,4,4,1,0,0,0,1,0,0,3,11
11176,1973,Master,Divorced,65391.0,1,0,2012-03-08,68,371,143,248,43,177,77,1,5,4,9,5,0,0,0,0,0,0,0,3,11
11177,1974,2n Cycle,Divorced,61421.0,0,0,2012-10-11,36,300,89,443,225,63,76,1,6,4,8,5,0,0,0,0,0,0,0,3,11
11178,1978,Graduation,Divorced,95625.0,1,0,2012-01-01,76,755,427,603,143,61,84,2,6,15,16,2,0,0,0,0,0,1,0,3,11
11179,1962,Master,Widow,92273.0,0,0,2012-11-28,43,947,94,644,388,110,88,0,9,3,30,4,0,0,0,0,0,0,1,3,11
11180,1966,Graduation,Widow,36109.0,1,1,2013-11-08,59,183,63,90,13,28,20,3,3,3,3,10,0,0,0,0,1,0,0,3,11
11181,1957,Graduation,Widow,66192.0,0,0,2012-05-31,55,205,188,790,1,96,181,2,8,3,13,0,0,0,0,1,0,0,0,3,11
11182,1950,Graduation,Widow,66978.0,0,0,2012-12-03,16,594,221,446,77,41,86,3,7,2,15,4,0,0,0,0,0,0,0,3,11
11183,1980,Graduation,Married,80080.0,1,0,2014-02-21,4,1479,34,713,419,71,582,3,30,9,17,4,0,0,1,0,0,1,0,3,11
11184,1970,Graduation,Single,89851.0,0,0,2012-10-01,48,1734,92,454,5,105,156,1,6,17,11,2,1,0,0,0,0,0,0,3,11
11185,1959,Graduation,Divorced,46044.0,1,0,2013-04-21,63,322,10,72,5,1,126,2,4,2,6,5,0,0,0,0,0,0,0,3,11
11186,1976,Graduation,Widow,73658.0,0,0,2013-01-27,60,192,24,250,16,360,263,0,4,7,5,3,0,1,0,0,0,1,0,3,11
11187,1953,2n Cycle,Together,49176.0,1,0,2012-07-04,74,229,63,83,39,25,158,2,1,1,3,6,0,0,0,0,0,0,0,3,11
11188,1968,2n Cycle,Widow,74203.0,0,0,2014-04-16,72,732,372,280,8,114,417,3,13,9,8,2,0,0,0,0,0,1,0,3,11
11189,1963,Master,Divorced,35944.0,0,1,2013-12-29,26,123,19,136,42,8,7,5,5,3,6,10,0,0,0,1,0,0,0,3,11
11190,1986,Graduation,Single,68004.0,0,0,2012-12-17,30,939,243,1112,54,43,622,1,12,22,12,8,0,0,0,0,1,1,0,3,11
11191,1986,2n Cycle,Together,69364.0,0,0,2014-02-04,31,482,111,407,71,8,157,1,10,6,8,1,1,0,0,0,0,0,0,3,11
11192,1962,Basic,Single,75711.0,1,1,2013-03-23,77,295,172,46,235,16,33,5,4,4,11,0,0,0,0,0,0,0,0,3,11
11193,1956,Master,Single,45489.0,0,0,2013-07-29,60,162,39,93,3,7,24,3,1,3,4,7,0,0,0,0,0,0,0,3,11
11194,1963,Master,Together,51241.0,1,1,2012-09-20,77,233,56,90,13,78,45,1,5,3,3,3,0,0,0,0,0,0,0,3,11
11195,1967,Graduation,Single,98007.0,0,0,2012-12-20,34,1206,240,1227,177,110,71,3,13,16,12,2,1,0,0,0,0,0,0,3,11
11196,1979,2n Cycle,Single,64696.0,0,0,2014-04-13,37,356,333,81,195,9,367,0,9,3,8,8,1,0,0,1,0,1,0,3,11
11197,1978,Graduation,Widow,34380.0,0,2,2012-07-17,72,13,3,15,5,7,10,2,3,1,4,5,0,0,0,0,0,0,0,3,11
11198,1971,PhD,Married,47681.0,0,0,2013-01-07,43,565,101,420,240,22,137,0,13,3,8,1,0,0,0,0,0,0,0,3,11
11199,1972,Graduation,Divorced,34309.0,1,2,2013-11-20,66,310,22,170,8,16,55,1,9,1,3,7,0,0,0,0,0,0,0,3,11
11200,1963,Graduation,Married,30657.0,1,1,2012-10-23,72,59,3,50,1,5,13,5,4,0,2,9,0,0,0,0,0,0,0,3,11
11201,1973,Basic,Together,26904.0,1,1,2013-11-24,67,278,84,100,7,2,28,5,9,4,3,12,0,0,0,0,0,0,0,3,11
11202,1954,PhD,Widow,44350.0,0,0,2012-12-18,73,67,4,44,29,22,50,5,1,0,3,3,0,1,0,0,0,0,0,3,11
11203,1976,Master,Divorced,30820.0,1,1,2013-04-04,59,200,13,87,48,7,44,3,6,2,6,6,0,0,1,0,0,0,0,3,11
11204,1967,Graduation,Together,101146.0,0,0,2014-06-11,31,792,52,386,305,104,253,1,7,12,13,2,0,1,0,0,0,1,0,3,11
11205,1961,Graduation,Divorced,101497.0,0,0,2013-10-30,5,283,65,351,16,16,47,0,7,9,4,7,0,0,0,0,1,0,0,3,11
11206,1975,Graduation,Widow,31716.0,0,1,2014-04-06,79,195,8,36,28,56,8,3,1,0,3,10,0,0,0,0,0,0,0,3,11
11207,1973,Master,Together,61704.0,0,0,2012-06-28,75,715,87,676,221,5,77,3,15,3,10,3,0,1,0,1,0,1,0,3,11
11208,1984,Graduation,Divorced,44824.0,0,1,2014-01-21,0,762,129,260,62,89,18,0,3,7,11,4,1,1,0,0,0,0,0,3,11
11209,1971,Graduation,Together,58881.0,1,0,2013-04-21,52,453,65,465,10,32,412,2,8,5,10,4,1,1,0,1,0,0,0,3,11
11210,1976,Graduation,Together,41157.0,0,2,2013-11-20,54,127,41,29,9,16,17,3,6,2,3,9,0,0,0,0,0,0,0,3,11
11211,1947,Graduation,Widow,61328.0,0,0,2012-10-19,47,181,16,65,4,7,33,0,5,0,4,8,0,1,0,0,0,0,0,3,11
11212,1971,Graduation,Married,32950.0,1,1,2013-10-20,71,119,68,103,51,2,22,3,5,5,3,8,0,0,0,0,0,0,0,3,11
11213,1965,Master,Married,80219.0,1,0,2014-06-11,37,367,498,430,663,6,272,1,8,2,22,8,0,0,0,1,0,1,0,3,11
11214,1987,Master,Married,48002.0,0,1,2013-03-23,46,420,327,275,352,166,225,1,12,10,4,3,0,0,0,1,1,0,0,3,11
11215,1983,Graduation,Married,29608.0,0,1,2013-01-16,50,64,12,42,1,2,10,3,2,2,1,11,0,0,0,0,0,0,0,3,11
11216,1982,Graduation,Divorced,74912.0,0,1,2013-04-19,71,323,11,129,36,44,104,5,3,5,5,2,0,0,1,0,0,0,0,3,11
11217,1983,Basic,Single,53081.0,1,1,2012-07-04,52,73,19,41,30,16,25,6,3,1,2,10,1,0,1,0,0,0,0,3,11
11218,1983,Graduation,Married,41941.0,0,1,2013-05-20,41,72,11,51,5,7,7,6,1,1,1,10,0,0,0,0,0,0,0,3,11
11219,1962,PhD,Together,89277.0,0,0,2012-06-25,35,519,219,624,68,463,40,0,17,8,10,1,0,0,1,0,0,0,0,3,11
11220,1967,Graduation,Widow,58019.0,0,0,2013-09-14,9,1084,55,300,265,11,492,0,6,3,25,4,0,0,0,1,0,0,0,3,11
11221,1970,Graduation,Single,60059.0,0,0,2014-06-15,33,366,114,315,82,21,205,1,10,2,13,6,0,0,0,0,0,0,0,3,11
11222,1957,Graduation,Divorced,53363.0,1,1,2013-11-17,88,252,40,271,39,54,178,3,2,4,9,5,0,0,0,0,0,0,0,3,11
11223,1976,Graduation,Together,35374.0,0,1,2014-06-18,57,145,15,146,19,9,18,7,4,2,4,13,0,0,0,1,0,1,0,3,11
11224,1953,Graduation,Widow,72142.0,0,0,2013-01-30,0,466,140,497,34,116,290,1,6,9,12,4,1,0,0,0,0,0,0,3,11
11225,1959,Graduation,Together,52686.0,0,0,2013-12-20,42,88,45,129,58,106,153,3,1,2,6,8,0,0,0,0,0,0,0,3,11
11226,1988,Graduation,Widow,66514.0,1,0,2013-05-20,55,325,8,35,49,39,91,0,3,4,4,5,0,0,0,0,0,0,1,3,11
11227,1971,Master,Single,78513.0,0,0,2013-03-08,40,518,54,228,21,158,35,0,5,8,11,9,1,0,1,0,0,0,0,3,11
11228,1955,Graduation,Divorced,53440.0,1,1,2013-07-22,67,312,122,136,18,20,14,0,5,6,2,1,1,0,0,0,0,0,0,3,11
11229,1950,Graduation,Single,115064.0,0,0,2013-08-22,14,725,206,507,197,46,344,0,17,2,16,4,0,0,0,0,0,0,0,3,11
11230,1971,Graduation,Divorced,90144.0,0,0,2012-02-14,18,387,810,583,93,12,308,1,9,13,15,3,1,0,0,0,1,0,0,3,11
11231,1965,Graduation,Married,37133.0,0,1,2013-09-23,71,63,7,54,25,34,123,1,2,2,5,1,0,0,0,0,0,0,0,3,11
11232,1958,Graduation,Divorced,111349.0,0,0,2013-04-18,63,653,555,95,129,89,196,0,1,3,25,3,0,0,0,0,1,0,0,3,11
11233,1976,Graduation,Single,31246.0,0,1,2012-04-27,49,97,29,93,3,19,70,2,6,1,4,8,0,0,0,0,0,0,0,3,11
11234,1972,Master,Together,158016.0,0,0,2012-06-10,28,1139,404,716,119,122,280,0,13,5,28,5,0,1,0,0,0,0,0,3,11
11235,1961,Graduation,Divorced,97015.0,0,0,2012-05-09,52,1117,58,362,62,18,216,1,10,3,13,2,1,0,0,0,0,0,0,3,11
11236,1962,Graduation,Divorced,97123.0,0,0,2014-01-10,30,1357,18,245,12,189,323,1,19,4,11,4,0,0,0,0,0,1,0,3,11
11237,1989,PhD,Divorced,72198.0,1,0,2012-12-20,52,351,32,448,79,10,151,0,6,4,8,3,0,0,0,0,0,1,0,3,11
11238,1976,Graduation,Widow,131005.0,0,0,2013-01-23,11,507,16,442,232,126,164,0,12,5,8,1,0,1,0,0,0,0,0,3,11
11239,1987,Master,Together,105458.0,0,0,2012-12-03,28,599,110,844,135,230,400,1,30,4,6,8,0,1,0,1,0,1,0,3,11
11240,1949,2n Cycle,Married,37722.0,0,0,2013-10-16,38,120,142,110,22,55,54,5,3,1,4,4,0,1,1,0,0,0,0,3,11
11241,1980,Graduation,Single,86063.0,1,0,2013-02-25,0,684,27,382,2,5,232,0,2,7,8,10,0,0,1,0,0,0,0,3,11
11242,1979,Graduation,Together,60716.0,1,0,2014-06-10,18,327,160,361,213,30,71,2,6,6,10,6,0,0,0,0,0,0,0,3,11
11243,1980,Master,Together,91950.0,0,0,2012-09-29,37,324,247,356,303,21,442,0,5,8,11,6,0,0,1,0,0,0,0,3,11
11244,1986,PhD,Divorced,50327.0,1,0,2014-05-06,50,127,269,229,137,7,247,2,4,3,5,3,0,0,0,0,1,0,0,3,11
11245,1981,Master,Married,72214.0,0,0,2013-07-10,54,452,54,192,36,98,116,1,3,5,11,7,1,0,0,0,1,0,0,3,11
11246,1977,PhD,Single,33358.0,1,1,2013-07-29,69,48,4,33,10,7,48,1,2,2,2,6,0,0,0,0,0,0,0,3,11
11247,1966,Graduation,Single,91821.0,0,0,2013-11-10,23,489,63,896,51,120,579,0,2,18,15,5,0,0,0,0,1,0,0,3,11
11248,1949,Master,Married,49128.0,0,1,2014-02-27,11,206,40,280,11,1,139,1,4,5,3,8,1,0,0,0,0,1,0,3,11
11249,1935,Graduation,Divorced,76420.0,0,0,2014-02-23,26,288,226,226,15,10,92,3,6,2,3,6,0,0,0,0,0,0,0,3,11
11250,1967,Graduation,Widow,133789.0,0,0,2014-03-14,52,809,60,337,232,48,67,2,3,6,13,2,0,1,1,0,1,1,0,3,11
11251,1958,2n Cycle,Widow,90841.0,0,0,2013-01-03,9,727,605,1211,441,769,153,1,12,11,35,1,1,1,0,0,1,0,0,3,11
11252,1973,PhD,Widow,91159.0,0,0,2013-12-02,26,1028,75,288,11,31,211,0,4,11,9,2,0,0,1,1,1,0,0,3,11
11253,1985,Graduation,Married,35265.0,0,1,2012-09-19,59,106,2,40,8,17,28,2,2,2,3,10,0,1,0,0,1,0,0,3,11
11254,1969,Graduation,Together,112282.0,0,0,2013-03-17,0,413,374,218,128,34,136,1,6,5,10,5,0,1,0,0,0,0,0,3,11
11255,1966,Graduation,Single,48689.0,0,0,2012-05-15,59,115,22,37,102,31,14,2,2,0,7,9,0,0,0,0,0,0,0,3,11
11256,1971,PhD,Single,34929.0,1,1,2013-01-22,91,136,47,237,39,8,34,0,5,2,4,4,0,0,0,0,0,0,0,3,11
11257,1960,2n Cycle,Widow,63242.0,1,0,2013-05-19,51,377,25,248,191,16,187,1,4,6,10,8,1,1,1,0,1,1,0,3,11
11258,1987,Master,Together,34121.0,1,1,2014-01-21,52,122,36,164,16,5,9,4,4,2,4,6,0,0,0,0,0,0,0,3,11
11259,1940,Master,Single,51609.0,0,0,2012-02-04,26,67,61,194,25,67,27,2,3,1,5,6,0,0,0,0,0,0,0,3,11
11260,1971,PhD,Divorced,65598.0,0,0,2013-06-22,21,1697,26,925,130,506,498,1,16,31,11,2,0,0,1,0,1,0,0,3,11
11261,1991,Graduation,Widow,74830.0,1,0,2014-02-10,49,332,63,159,111,223,118,0,3,2,14,10,0,0,0,0,0,0,0,3,11
11262,1970,Graduation,Divorced,95829.0,0,1,2013-11-29,37,364,64,259,80,6,267,1,1,3,6,4,0,0,0,1,0,0,0,3,11
11263,1959,Graduation,Divorced,60069.0,0,0,2013-03-05,42,295,44,214,30,138,350,4,13,1,7,4,0,0,0,0,0,1,0,3,11
11264,1963,Graduation,Widow,50904.0,1,1,2013-01-03,80,187,0,58,26,39,50,2,2,3,4,7,1,0,1,0,0,0,0,3,11
11265,1959,Graduation,Widow,43905.0,1,0,2013-07-02,46,643,186,161,57,95,289,5,14,6,7,5,1,0,0,1,0,1,0,3,11
11266,1971,2n Cycle,Widow,94356.0,0,0,2013-09-25,18,383,211,1012,92,21,370,1,4,13,12,1,0,0,0,1,0,0,0,3,11
11267,1951,Graduation,Divorced,43061.0,0,0,2012-12-26,55,67,167,100,82,104,13,1,1,2,7,4,0,1,0,0,0,0,0,3,11
11268,1973,Graduation,Together,62105.0,1,0,2013-05-05,66,325,233,191,93,27,43,3,7,2,4,3,1,0,0,1,0,0,0,3,11
11269,1971,2n Cycle,Married,75855.0,1,0,2012-01-04,34,167,106,213,55,2,27,0,4,5,4,5,0,0,0,0,0,0,0,3,11
11270,1954,Master,Divorced,53070.0,0,1,2012-10-12,32,149,52,62,31,15,249,5,2,1,4,9,0,1,0,0,1,1,0,3,11
11271,1973,Graduation,Divorced,49002.0,0,0,2013-12-10,50,962,274,419,47,4,69,1,13,4,9,7,1,1,0,1,0,0,0,3,11
11272,1972,Graduation,Divorced,49968.0,1,0,2013-01-08,30,558,190,211,226,125,134,1,10,1,15,5,0,1,0,1,0,0,0,3,11
11273,1970,Master,Married,28828.0,1,1,2013-03-02,70,71,59,119,6,13,13,7,2,1,3,16,0,0,0,0,0,0,0,3,11
11274,1968,Graduation,Widow,99295.0,0,0,2014-04-24,0,229,55,460,260,23,275,0,7,5,7,1,0,1,0,0,0,0,0,3,11
11275,1989,Graduation,Divorced,,0,0,2012-12-31,38,816,7,253,64,106,7,3,16,1,7,8,0,0,0,0,1,0,0,3,11
11276,1962,PhD,Divorced,118191.0,0,0,2013-01-27,22,1274,82,249,769,53,364,0,35,3,9,4,0,1,0,0,0,0,0,3,11
11277,1966,Graduation,Single,61597.0,0,0,2013-11-14,6,556,38,314,84,120,1125,1,11,10,18,4,0,0,1,0,1,0,0,3,11
11278,1957,PhD,Married,69093.0,1,1,2014-01-31,25,216,59,215,79,61,32,1,8,1,6,8,0,0,0,0,0,0,0,3,11
11279,1961,Graduation,Divorced,45827.0,0,2,2012-11-08,51,104,8,64,10,8,13,2,3,2,2,4,1,0,0,0,0,0,0,3,11
11280,1989,2n Cycle,Together,47719.0,1,0,2012-06-07,14,392,7,290,473,93,344,0,9,5,12,9,0,0,0,0,0,0,0,3,11
11281,1964,2n Cycle,Married,61176.0,1,0,2013-08-05,0,186,45,90,20,5,3,2,1,2,3,1,0,0,0,0,0,0,0,3,11
11282,1978,Graduation,Married,80922.0,0,0,2012-04-02,12,405,11,267,71,20,556,5,5,8,11,3,0,0,0,0,1,0,0,3,11
11283,1969,Graduation,Married,42422.0,0,1,2013-10-15,31,361,39,210,50,41,42,4,4,2,7,6,0,0,0,0,0,0,0,3,11
11284,1957,Graduation,Together,40022.0,0,0,2013-03-09,52,161,9,134,15,12,17,3,1,2,4,5,0,0,0,0,0,0,0,3,11
11285,1967,PhD,Married,58756.0,1,0,2014-06-03,25,156,103,124,19,118,46,3,7,0,5,5,0,0,0,0,0,0,0,3,11
11286,1979,Graduation,Married,42389.0,0,0,2012-09-27,37,336,50,217,164,271,108,0,5,4,14,3,1,0,0,0,0,1,0,3,11
11287,1975,PhD,Together,62167.0,0,0,2013-11-22,17,458,55,209,107,14,121,1,5,4,9,9,0,1,1,0,0,0,0,3,11
11288,1972,2n Cycle,Married,81612.0,0,0,2012-01-03,55,614,94,534,64,306,94,0,3,5,26,7,0,1,0,0,1,1,0,3,11
11289,1973,Graduation,Married,38140.0,1,1,2012-01-22,66,48,71,64,108,23,20,8,1,3,3,3,0,0,0,0,0,0,0,3,11
11290,1995,Graduation,Together,58827.0,1,0,2013-02-07,31,515,226,277,24,143,34,2,5,6,4,3,0,0,0,0,1,1,0,3,11
11291,1984,Graduation,Married,45397.0,0,1,2013-07-16,61,145,42,88,50,20,34,10,3,1,7,6,0,0,0,0,0,0,0,3,11
11292,1955,Graduation,Together,46180.0,0,1,2012-05-30,70,145,6,90,2,8,30,8,1,0,3,3,0,0,0,0,0,0,0,3,11
11293,1986,2n Cycle,Widow,84470.0,0,0,2013-07-08,39,785,193,1385,1002,5,480,3,11,17,31,1,0,1,1,0,0,0,0,3,11
11294,1966,Graduation,Single,77421.0,0,1,2013-08-21,41,493,165,323,59,124,53,2,6,4,5,7,1,0,0,0,0,0,0,3,11
11295,1985,PhD,Divorced,80694.0,1,0,2012-04-21,0,827,46,281,7,35,44,1,9,5,3,7,0,0,1,0,0,0,0,3,11
11296,1968,Graduation,Single,104208.0,0,0,2014-02-15,16,388,123,194,55,91,141,0,7,2,4,4,0,0,0,0,0,1,0,3,11
11297,1961,Graduation,Single,94909.0,0,0,2013-11-06,10,731,323,357,42,64,29,2,8,1,15,2,0,0,0,1,0,1,0,3,11
11298,1978,Graduation,Married,38686.0,0,1,2012-10-26,81,111,58,99,105,15,44,7,1,2,6,7,0,0,0,1,0,0,0,3,11
11299,1965,Master,Divorced,61988.0,1,0,2012-12-03,29,324,64,125,30,61,89,0,2,5,7,5,0,0,0,0,0,0,0,3,11
11300,1966,Master,Together,70622.0,0,0,2012-09-01,13,336,20,204,102,12,162,0,5,4,9,5,0,1,1,0,0,0,0,3,11
11301,1968,Graduation,Together,31391.0,1,1,2013-07-15,70,157,12,62,30,8,14,6,7,0,3,5,0,0,0,0,0,1,0,3,11
11302,1974,PhD,Together,35916.0,0,1,2013-09-07,24,252,30,129,33,16,12,2,2,2,1,11,0,0,0,0,0,0,0,3,11
11303,1972,Graduation,Divorced,68216.0,1,0,2012-08-29,36,569,14,369,18,149,49,0,6,7,9,7,0,0,0,0,0,0,0,3,11
11304,1941,Graduation,Divorced,69367.0,0,0,2013-05-06,8,217,73,226,7,7,14,2,5,2,5,2,0,0,0,0,1,0,0,3,11
11305,1955,Graduation,Single,51567.0,0,0,2012-06-08,36,122,75,54,0,50,5,2,6,1,2,3,0,0,0,0,0,0,0,3,11
11306,1958,Graduation,Together,46446.0,1,1,2013-01-05,47,175,13,77,10,2,55,3,1,3,5,9,0,0,0,0,0,0,0,3,11
11307,1976,Master,Married,47155.0,0,1,2012-12-22,90,163,12,63,54,16,51,3,2,2,5,9,0,0,0,0,0,0,0,3,11
11308,1960,Graduation,Widow,85929.0,0,0,2012-12-06,24,187,26,360,92,67,232,2,4,5,6,5,0,0,0,0,1,0,0,3,11
11309,1950,Master,Divorced,58568.0,0,0,2012-07-04,32,383,22,385,32,12,121,2,5,5,7,6,0,0,0,0,1,0,0,3,11
11310,1986,Basic,Single,61910.0,0,0,2012-01-22,35,458,105,666,121,23,165,4,19,3,7,6,0,0,0,0,1,0,0,3,11
11311,1952,Graduation,Widow,67740.0,0,0,2014-06-07,83,404,275,64,7,62,142,3,5,2,8,5,0,1,0,0,1,0,0,3,11
11312,1971,PhD,Married,43153.0,0,1,2012-12-29,12,76,33,71,88,79,3,9,2,0,3,8,0,1,0,0,0,0,0,3,11
11313,1973,Basic,Together,70931.0,0,0,2013-10-16,44,1182,108,729,46,50,321,0,6,18,14,6,0,0,0,0,0,0,0,3,11
11314,1964,Graduation,Widow,92955.0,1,0,2014-02-14,36,617,30,1072,9,95,493,0,7,8,18,1,0,0,0,1,0,0,0,3,11
11315,1970,Graduation,Married,52837.0,1,1,2012-02-03,55,135,103,76,32,3,40,5,2,1,1,8,0,1,0,0,0,0,0,3,11
11316,1972,Graduation,Together,36647.0,1,2,2012-12-24,51,42,10,56,1,15,16,5,1,1,2,9,0,0,0,0,0,0,0,3,11
11317,1967,Graduation,Divorced,98431.0,1,0,2012-12-12,59,463,80,230,15,115,171,2,5,7,12,6,0,0,0,0,0,0,0,3,11
11318,1972,2n Cycle,Single,42384.0,1,1,2013-07-25,73,108,19,63,5,2,15,6,1,1,4,13,0,0,0,1,0,1,0,3,11
11319,1956,Graduation,Together,42263.0,1,0,2014-04-01,29,271,57,218,8,25,10,2,1,1,10,3,0,0,0,1,0,1,0,3,11
11320,1976,Graduation,Together,71990.0,0,0,2013-09-01,38,476,0,437,86,232,103,4,3,1,12,8,0,0,0,0,0,0,0,3,11
11321,1983,Graduation,Single,49187.0,1,1,2013-06-20,65,549,92,492,28,59,80,1,3,5,15,4,0,0,0,0,0,0,0,3,11
11322,1945,Graduation,Together,79415.0,0,0,2012-07-23,39,1154,352,243,114,909,132,2,8,10,27,5,0,0,1,0,0,0,0,3,11
11323,1983,2n Cycle,Married,47122.0,1,1,2013-03-12,63,207,17,117,52,20,20,7,6,1,1,6,0,1,0,0,0,0,0,3,11
11324,1982,PhD,Divorced,69807.0,1,0,2013-10-29,9,104,42,509,13,34,124,1,3,3,11,5,0,0,1,0,0,0,0,3,11
11325,1958,Master,Married,48928.0,0,1,2013-04-28,99,205,31,275,6,127,34,4,4,5,5,5,0,0,0,0,0,0,0,3,11
11326,1961,Graduation,Divorced,71071.0,0,0,2013-07-01,53,376,91,158,66,79,64,1,3,3,6,6,0,0,0,0,0,0,0,3,11
11327,1982,2n Cycle,Divorced,37546.0,0,1,2012-09-30,97,91,32,50,48,22,16,6,6,2,1,6,0,0,0,0,0,0,1,3,11
11328,1974,Basic,Widow,65164.0,0,0,2013-02-24,44,397,30,520,159,11,183,1,11,1,15,1,0,0,0,0,0,0,0,3,11
11329,1965,Basic,Widow,102634.0,0,0,2012-12-15,27,77,4,212,19,149,59,1,3,4,3,3,0,0,0,0,0,0,0,3,11
11330,1969,Basic,Widow,32855.0,0,2,2013-03-21,43,371,130,94,11,31,64,6,5,4,1,7,0,0,1,0,0,0,0,3,11
11331,1968,Master,Single,65526.0,0,0,2012-06-26,59,689,10,483,115,83,46,1,9,2,11,5,0,0,0,1,0,0,0,3,11
11332,1962,Master,Married,35699.0,0,1,2013-08-06,90,94,8,46,22,49,5,1,1,3,5,7,0,0,0,0,0,0,0,3,11
11333,1957,Graduation,Widow,37869.0,1,0,2013-10-01,74,355,65,419,397,8,47,4,6,0,12,5,0,0,0,0,0,0,0,3,11
11334,1952,Graduation,Widow,43257.0,1,0,2013-11-14,99,109,133,197,17,34,54,1,2,4,7,5,0,0,0,0,0,0,0,3,11
11335,1968,Master,Together,71157.0,1,0,2012-07-31,54,461,17,51,29,19,75,1,3,6,2,4,0,0,1,1,0,0,0,3,11
11336,1966,Graduation,Together,97198.0,0,0,2013-01-12,14,537,113,839,32,6,51,0,13,6,8,3,1,0,0,0,0,0,0,3,11
11337,1978,PhD,Married,29162.0,0,1,2013-01-17,63,151,89,118,70,60,36,4,3,3,3,8,0,0,0,0,0,0,0,3,11
11338,1955,PhD,Together,38213.0,0,0,2014-03-03,69,206,55,191,21,115,7,3,2,2,6,7,0,0,0,0,0,0,0,3,11
11339,1991,PhD,Together,63558.0,0,1,2014-04-14,32,376,49,237,25,179,351,1,9,1,15,8,1,1,0,1,0,1,0,3,11
11340,1963,Graduation,Widow,122983.0,0,0,2013-03-06,27,913,150,1565,174,33,167,1,13,5,23,4,0,1,0,0,0,1,0,3,11
11341,1967,2n Cycle,Together,50094.0,1,0,2012-12-31,56,378,7,171,3,120,95,2,4,3,9,5,0,0,0,0,0,0,0,3,11
11342,1976,Graduation,Married,84419.0,1,0,2012-01-20,48,594,123,66,50,93,199,2,8,6,12,7,0,0,0,0,0,0,0,3,11
11343,1981,Master,Divorced,40771.0,1,1,2012-10-30,60,149,19,68,78,74,39,5,5,1,7,2,0,0,0,0,1,0,0,3,11
11344,1960,Graduation,Divorced,57139.0,0,1,2012-03-04,56,1083,101,307,30,27,79,2,17,1,5,2,0,0,0,0,0,0,0,3,11
11345,1962,Master,Widow,29091.0,0,1,2013-01-15,71,130,29,95,37,12,13,1,1,2,1,9,0,0,0,0,0,0,0,3,11
11346,1973,Master,Divorced,78405.0,0,0,2012-12-14,54,603,0,222,54,228,94,2,9,4,5,3,1,0,0,0,0,0,0,3,11
11347,1968,Basic,Together,60789.0,1,0,2012-08-12,27,314,93,416,46,248,110,4,16,1,5,8,0,0,0,0,0,0,0,3,11
11348,1965,Graduation,Divorced,77247.0,1,0,2014-05-28,0,699,7,807,43,89,248,5,8,12,12,5,0,0,0,1,0,1,0,3,11
11349,1973,Master,Widow,76476.0,0,0,2013-10-21,5,517,40,688,88,110,71,0,7,3,11,0,1,0,0,0,1,1,0,3,11
11350,1960,Graduation,Widow,39370.0,1,1,2013-08-01,68,134,45,29,2,34,8,8,3,0,1,4,0,0,0,0,0,0,1,3,11
11351,1965,Graduation,Single,55793.0,0,0,2013-09-02,35,109,123,96,1,3,13,4,1,1,4,3,0,1,0,0,0,0,0,3,11
11352,1972,Graduation,Together,63028.0,1,1,2012-11-06,43,328,5,312,6,47,36,2,2,3,8,7,0,0,0,0,0,0,0,3,11
11353,1981,Master,Married,70478.0,1,0,2012-08-15,36,270,25,485,38,118,10,2,6,2,16,5,0,0,1,0,0,0,0,3,11
11354,1961,2n Cycle,Together,49302.0,1,0,2014-02-04,53,201,90,211,31,7,66,3,3,0,6,6,0,0,0,0,0,0,0,3,11
11355,1962,Master,Single,79043.0,0,0,2013-01-13,38,1093,473,1397,330,54,375,1,11,10,33,2,0,0,1,0,0,0,0,3,11
11356,1964,Graduation,Widow,52388.0,1,1,2013-10-04,84,61,9,79,143,13,38,5,3,1,1,5,0,0,0,0,0,1,0,3,11
11357,1970,Graduation,Single,80172.0,1,0,2013-04-23,37,315,93,199,189,8,10,2,3,2,13,4,1,0,1,0,1,0,0,3,11
11358,1970,Graduation,Divorced,32636.0,1,2,2012-01-19,35,86,31,56,8,8,23,5,2,1,3,4,0,0,0,0,0,0,0,3,11
11359,1965,Graduation,Divorced,100836.0,1,0,2014-02-19,34,985,165,765,363,421,506,2,10,18,19,4,0,0,1,0,1,0,0,3,11
11360,1967,Master,Single,32755.0,0,1,2012-01-18,73,196,44,102,67,7,13,4,4,2,3,11,0,0,0,1,0,0,0,3,11
11361,1975,Graduation,Divorced,51288.0,0,0,2012-10-28,0,532,97,298,159,58,18,7,7,1,11,3,0,0,0,0,0,0,0,3,11
11362,1967,PhD,Widow,46728.0,1,1,2013-11-08,42,88,8,104,5,10,21,5,1,1,6,4,0,0,0,1,1,0,0,3,11
11363,1965,Graduation,Divorced,64007.0,0,0,2013-06-04,28,1356,264,540,153,338,263,0,16,7,31,4,0,0,0,0,0,0,0,3,11
11364,1971,Graduation,Divorced,78238.0,1,0,2014-01-11,27,79,62,407,221,1,19,5,5,2,8,5,0,1,0,0,0,0,0,3,11
11365,1985,Graduation,Divorced,36127.0,1,1,2014-04-25,60,196,19,65,4,36,4,5,5,1,2,5,0,0,0,1,0,0,0,3,11
11366,1968,Graduation,Widow,86272.0,0,0,2013-10-01,14,1981,765,1101,190,56,414,0,17,7,42,2,0,0,0,1,0,1,0,3,11
11367,1978,PhD,Divorced,97686.0,0,0,2012-08-22,48,533,127,574,352,276,193,2,9,2,18,0,0,1,1,0,0,1,0,3,11
11368,1964,Master,Married,101094.0,0,0,2012-01-04,29,266,423,250,241,53,183,0,4,6,16,2,0,0,0,0,1,0,0,3,11
11369,1964,2n Cycle,Together,55098.0,0,0,2013-10-17,0,256,321,496,73,28,169,2,4,2,19,12,0,1,0,1,0,0,0,3,11
11370,1970,Graduation,Together,103892.0,0,0,2012-10-13,44,633,191,306,135,196,128,3,12,6,8,5,0,1,0,1,0,1,0,3,11
11371,1952,Graduation,Widow,53193.0,1,1,2013-08-12,69,169,29,69,15,13,70,3,5,1,6,3,0,0,0,0,1,0,0,3,11
11372,1971,Graduation,Married,50561.0,0,0,2013-04-04,37,573,63,446,55,38,327,3,9,7,10,9,0,0,0,0,1,0,0,3,11
11373,1970,Master,Together,50263.0,1,1,2012-05-14,11,375,10,439,48,70,6,2,3,2,14,2,1,0,1,0,0,0,0,3,11
11374,1958,PhD,Divorced,68546.0,0,1,2012-11-24,71,184,29,214,39,72,13,1,6,2,4,5,1,0,0,0,0,0,0,3,11
11375,1964,2n Cycle,Single,125855.0,0,0,2014-06-05,5,416,92,443,178,75,443,1,15,5,7,4,0,0,0,0,0,0,0,3,11
11376,1995,Graduation,Married,43862.0,0,1,2012-10-16,50,102,11,64,13,1,3,1,1,1,1,3,0,0,0,0,0,0,0,3,11
11377,1961,Master,Divorced,40984.0,1,0,2013-12-05,39,188,77,80,80,13,149,6,3,3,5,5,0,0,0,0,0,0,0,3,11
11378,1963,Master,Married,41918.0,1,1,2013-09-19,26,103,6,23,22,32,41,3,1,6,2,9,0,0,0,0,0,0,0,3,11
11379,1969,Graduation,Married,77058.0,1,0,2013-01-20,38,125,91,373,55,54,86,0,5,1,7,2,0,0,0,0,0,0,0,3,11
11380,1975,Graduation,Widow,75153.0,0,0,2013-11-14,42,969,77,539,94,627,54,5,8,5,26,7,0,0,0,0,1,1,0,3,11
11381,1959,Graduation,Single,105299.0,0,0,2013-05-18,30,709,512,666,39,129,214,1,9,9,15,1,0,0,0,0,0,0,0,3,11
11382,1970,Graduation,Single,40864.0,1,1,2013-07-14,53,149,2,53,24,38,82,6,4,1,6,5,0,0,1,0,0,0,0,3,11
11383,1949,Graduation,Married,51252.0,1,0,2012-11-20,35,372,107,252,11,53,73,2,11,0,5,6,0,0,0,0,0,0,0,3,11
11384,1956,Master,Married,46043.0,0,0,2014-04-27,84,481,86,160,26,50,28,3,3,1,9,6,0,0,0,0,0,0,0,3,11
11385,1966,Graduation,Together,61573.0,0,0,2012-08-23,32,667,86,391,149,97,236,1,6,9,11,2,0,0,1,0,0,1,0,3,11
11386,1977,Master,Together,40671.0,0,1,2013-04-27,37,42,39,83,59,16,73,7,4,3,4,13,0,1,0,0,1,1,0,3,11
11387,1967,Graduation,Divorced,67464.0,0,0,2014-03-17,47,581,25,241,92,49,50,4,7,1,7,9,0,1,1,0,0,0,0,3,11
11388,1941,Graduation,Together,58134.0,0,0,2013-10-01,60,202,6,326,65,114,19,2,5,2,4,7,0,0,0,0,1,0,0,3,11
11389,1955,Master,Widow,68876.0,0,0,2013-06-10,41,394,528,769,24,110,338,0,14,4,16,2,0,1,0,1,0,0,0,3,11
11390,1957,Graduation,Together,59160.0,1,0,2012-03-13,51,205,56,161,13,8,93,6,7,5,6,2,0,0,0,0,0,1,0,3,11
11391,1961,Graduation,Together,78426.0,0,0,2012-11-28,38,115,42,66,47,36,69,2,1,1,4,10,0,0,0,0,0,0,0,3,11
11392,1956,PhD,Married,91423.0,0,0,2013-02-07,0,777,25,482,149,472,103,1,6,19,9,5,1,0,0,0,1,0,0,3,11
11393,1962,Graduation,Widow,88897.0,0,0,2014-02-05,16,887,49,586,38,126,72,2,6,7,16,1,1,0,1,1,1,1,0,3,11
11394,1951,Graduation,Divorced,55315.0,1,0,2014-02-08,15,228,4,34,19,6,10,2,1,0,4,8,0,0,0,0,0,0,0,3,11
11395,1972,Graduation,Single,135135.0,0,0,2013-02-02,34,1535,27,483,18,117,125,1,25,2,11,4,0,0,0,0,0,0,0,3,11
11396,1968,PhD,Widow,30965.0,0,1,2012-11-15,22,119,31,133,10,56,54,4,3,1,4,7,1,0,0,0,0,0,0,3,11
11397,1962,Master,Divorced,54157.0,1,0,2012-06-15,44,702,19,676,31,67,126,1,12,7,7,10,0,0,0,0,1,0,0,3,11
11398,1966,Graduation,Single,32384.0,1,2,2013-03-06,74,50,58,57,23,48,6,2,0,1,1,9,0,0,1,1,0,1,0,3,11
11399,1966,PhD,Widow,58264.0,1,1,2012-05-17,32,337,135,177,125,144,20,1,4,4,9,6,0,1,0,1,0,0,0,3,11
11400,1964,PhD,Together,64359.0,0,0,2012-05-29,36,291,145,178,26,91,23,2,6,7,5,7,0,1,0,0,0,0,0,3,11
11401,1961,2n Cycle,Divorced,117834.0,0,0,2014-04-26,37,950,4,428,279,70,325,0,11,5,17,2,0,0,1,0,1,0,0,3,11
11402,1965,Graduation,Single,74548.0,0,0,2013-04-29,63,308,36,177,24,9,115,5,3,4,9,7,0,1,1,0,0,0,0,3,11
11403,1976,Master,Single,71095.0,0,1,2012-12-10,60,184,197,242,11,57,154,2,2,5,10,10,0,0,0,0,0,0,0,3,11
11404,1949,Graduation,Divorced,83470.0,0,0,2013-01-14,40,738,76,86,295,344,240,0,2,13,14,4,0,0,0,0,0,1,0,3,11
11405,1984,Graduation,Single,107011.0,0,1,2012-12-21,45,228,6,173,24,28,84,0,5,2,2,9,0,0,0,0,0,0,0,3,11
11406,1954,Master,Widow,47738.0,0,0,2014-01-26,8,465,88,163,115,47,4,0,3,5,7,5,1,0,0,0,0,1,0,3,11
11407,1955,Graduation,Divorced,80285.0,0,0,2013-04-28,33,542,73,371,208,28,196,0,4,1,14,3,1,0,0,0,0,1,0,3,11
11408,1949,Graduation,Single,36461.0,0,0,2013-08-03,88,207,84,134,19,15,152,1,1,0,9,2,0,0,0,0,0,0,0,3,11
11409,1952,PhD,Widow,50240.0,1,1,2013-06-02,72,82,20,47,4,0,10,6,1,2,3,6,0,0,0,0,0,0,0,3,11
11410,1959,Graduation,Widow,63111.0,0,0,2013-05-22,73,185,4,55,13,41,200,4,2,6,7,1,0,1,1,0,0,0,0,3,11
11411,1961,2n Cycle,Single,84336.0,0,0,2013-01-23,37,137,31,238,3,113,35,6,4,1,8,6,0,0,0,0,0,0,0,3,11
11412,1944,2n Cycle,Together,39383.0,1,0,2013-11-22,50,216,32,130,50,82,108,2,4,2,4,3,0,1,0,0,1,0,0,3,11
11413,1963,Graduation,Widow,69608.0,0,0,2014-04-22,64,250,33,282,100,25,53,3,5,2,3,3,0,0,0,0,0,0,0,3,11
11414,1968,Master,Divorced,91271.0,0,0,2012-11-06,37,1071,605,693,658,165,90,1,12,19,19,1,0,0,0,0,0,0,0,3,11
11415,1972,PhD,Together,44648.0,0,1,2012-10-24,75,112,11,157,5,34,50,5,4,2,6,4,0,0,1,0,0,0,0,3,11
11416,1963,PhD,Single,27331.0,1,1,2013-11-16,33,137,34,117,28,12,76,3,3,3,3,7,0,0,0,0,1,0,0,3,11
11417,1967,Graduation,Divorced,50968.0,1,1,2012-04-11,40,217,37,115,87,10,19,5,4,3,6,6,0,0,0,0,0,0,0,3,11
11418,1950,Master,Divorced,60858.0,1,1,2013-02-12,23,409,39,78,79,56,109,1,8,2,4,9,0,0,0,0,0,0,0,3,11
11419,1957,PhD,Divorced,51597.0,1,1,2014-06-14,57,152,73,142,53,20,172,5,7,0,7,4,0,0,0,0,0,0,0,3,11
11420,1962,Basic,Divorced,43233.0,1,1,2013-09-19,53,151,83,29,10,93,45,6,2,1,2,7,1,0,0,1,0,0,0,3,11
11421,1945,Master,Married,55773.0,0,0,2012-07-16,33,811,32,412,84,92,298,0,12,1,19,9,0,0,0,1,0,1,0,3,11
11422,1972,Graduation,Together,57887.0,1,0,2013-01-03,23,527,39,631,4,148,124,1,2,8,10,2,0,0,0,0,0,0,0,3,11
11423,1977,2n Cycle,Single,59246.0,0,0,2014-04-30,19,179,49,358,6,22,47,0,5,3,7,5,0,0,0,0,0,0,0,3,11
11424,1988,Graduation,Together,44873.0,1,1,2013-04-19,38,212,183,248,43,38,111,1,5,2,9,3,0,0,0,0,0,0,0,3,11
11425,1983,2n Cycle,Divorced,77226.0,0,0,2014-01-31,62,440,67,336,155,2,36,3,12,2,4,4,0,0,0,0,0,0,0,3,11
11426,1968,Graduation,Together,114220.0,0,0,2013-12-31,62,904,366,601,332,53,299,4,18,11,10,0,0,0,0,1,0,1,0,3,11
11427,1971,Graduation,Divorced,78221.0,0,0,2013-11-30,62,668,207,741,192,51,25,1,1,5,25,0,0,0,0,0,0,0,0,3,11
11428,1972,2n Cycle,Single,40741.0,0,1,2013-08-06,47,255,23,83,67,1,2,3,4,3,4,5,0,1,0,0,0,0,0,3,11
11429,1963,Graduation,Single,61638.0,0,1,2012-04-29,11,555,118,539,128,212,344,2,12,9,13,7,0,0,1,0,0,1,0,3,11
11430,1944,2n Cycle,Married,55529.0,0,0,2012-09-20,71,423,221,250,14,7,62,2,6,5,11,6,0,0,0,0,0,0,0,3,11
11431,1973,Graduation,Divorced,33518.0,0,2,2012-02-01,86,170,9,103,63,8,90,6,1,6,4,5,0,0,0,0,1,0,0,3,11
11432,1976,Master,Together,75424.0,0,0,2013-01-26,37,137,59,817,59,58,151,3,14,6,8,0,0,0,0,1,0,0,0,3,11
11433,1956,PhD,Widow,111077.0,0,0,2012-06-02,27,302,82,809,507,362,220,0,16,1,18,2,0,0,0,0,0,1,0,3,11
11434,1967,Graduation,Widow,88858.0,0,0,2013-06-26,14,574,121,449,140,55,169,1,12,4,12,2,1,1,0,1,1,1,0,3,11
11435,1967,Master,Married,77919.0,0,0,2012-12-27,65,109,70,93,15,33,11,1,1,4,5,7,0,1,0,0,0,0,0,3,11
11436,1961,Graduation,Married,90837.0,0,0,2014-04-26,40,425,65,584,101,411,117,2,11,5,11,3,0,1,0,0,0,0,0,3,11
11437,1963,2n Cycle,Together,31575.0,0,2,2013-12-13,64,147,60,178,30,18,31,4,5,2,5,10,0,1,0,0,0,0,0,3,11
11438,1973,Basic,Together,66462.0,0,1,2012-07-21,27,216,47,125,89,91,170,3,8,4,4,4,0,0,0,0,0,0,0,3,11
11439,1960,Master,Widow,58992.0,1,0,2012-12-19,30,559,140,212,319,63,41,1,9,3,10,5,1,0,0,0,0,0,0,3,11
11440,1978,2n Cycle,Married,75171.0,1,0,2013-01-10,35,272,119,196,365,49,229,1,9,8,5,8,0,0,1,1,0,0,0,3,11
11441,1961,PhD,Together,114198.0,1,0,2012-01-29,50,1503,466,1122,83,147,1496,0,15,8,52,4,0,0,0,0,0,0,0,3,11
11442,1971,Basic,Married,,0,0,2013-10-15,48,945,86,684,29,183,106,0,11,8,13,5,0,0,0,1,0,0,0,3,11
11443,1973,Master,Widow,87738.0,0,0,2012-03-05,19,809,552,236,114,73,131,0,7,4,11,3,0,0,0,1,0,1,0,3,11
11444,1961,Master,Divorced,86966.0,0,0,2014-01-07,0,620,66,301,69,43,69,0,10,1,14,2,1,0,0,0,0,0,0,3,11
11445,1975,Basic,Single,29354.0,0,1,2013-02-18,87,105,49,52,13,106,101,3,1,5,3,10,0,0,0,0,0,0,0,3,11
11446,1949,Graduation,Widow,49330.0,0,1,2013-02-12,79,95,122,122,31,47,96,4,3,2,3,4,0,1,1,1,0,1,0,3,11
11447,1980,Graduation,Together,49643.0,1,1,2012-01-26,60,90,9,10,19,29,63,3,1,1,2,6,0,0,0,0,0,0,0,3,11
11448,1982,2n Cycle,Together,39847.0,1,2,2013-07-19,48,249,37,101,16,3,49,3,2,1,7,7,0,0,0,0,0,0,0,3,11
11449,1960,Master,Divorced,68758.0,0,0,2013-11-11,21,1420,541,515,43,50,382,0,12,9,23,1,0,0,1,0,0,1,0,3,11
11450,1951,Graduation,Widow,38095.0,0,0,2013-01-06,72,351,139,325,22,22,94,0,3,4,7,3,0,1,0,0,0,1,0,3,11
11451,1964,Graduation,Divorced,53013.0,0,1,2012-08-08,69,125,17,59,1,8,34,5,1,2,2,10,0,0,0,1,0,1,0,3,11
11452,1958,PhD,Married,51069.0,1,0,2014-06-17,42,366,53,41,29,70,50,4,5,1,8,4,1,0,1,0,1,0,0,3,11
11453,1960,Graduation,Together,45685.0,0,1,2013-03-14,99,310,72,49,78,29,68,3,7,2,9,3,0,0,0,1,0,0,0,3,11
11454,1967,PhD,Widow,61534.0,1,0,2013-08-17,4,385,200,310,393,217,43,1,9,5,13,5,0,0,0,1,0,1,0,3,11
11455,1979,Graduation,Married,66977.0,0,0,2013-12-14,14,1345,439,1135,9,407,95,2,12,13,32,3,0,0,1,0,0,0,0,3,11
11456,1967,Graduation,Single,86402.0,0,0,2013-06-14,25,704,194,242,34,69,80,3,4,9,7,4,1,0,0,1,1,0,0,3,11
11457,1967,2n Cycle,Divorced,60086.0,1,0,2013-05-12,40,420,410,812,63,198,532,2,7,7,25,5,1,0,0,0,0,0,0,3,11
11458,1947,Graduation,Widow,68356.0,1,0,2013-09-08,76,266,60,209,38,218,80,0,6,0,10,5,1,0,1,1,0,1,1,3,11
11459,1983,2n Cycle,Divorced,65675.0,1,0,2014-03-05,56,419,165,189,127,80,72,2,6,1,10,4,0,0,0,0,0,0,0,3,11
11460,1978,PhD,Widow,,1,1,2013-09-08,60,166,23,92,14,28,60,7,4,1,3,3,0,0,0,1,0,0,0,3,11
11461,1973,2n Cycle,Married,40002.0,0,1,2014-02-01,28,116,12,178,143,7,79,3,6,2,7,10,0,0,0,1,0,1,0,3,11
11462,1977,Master,Together,106746.0,0,0,2012-09-09,49,917,266,1744,542,416,176,2,12,12,41,2,0,0,1,1,0,0,0,3,11
11463,1985,Graduation,Married,75054.0,1,0,2012-06-04,13,486,102,938,23,36,220,1,10,7,12,6,0,1,1,1,0,0,0,3,11
11464,1966,Graduation,Widow,43045.0,1,1,2012-03-31,49,133,1,59,42,16,33,2,3,1,1,9,0,1,0,0,1,1,0,3,11
11465,1966,2n Cycle,Divorced,40738.0,0,1,2012-01-21,56,86,14,75,2,61,21,4,1,3,2,7,0,0,0,0,0,0,0,3,11
11466,1986,Master,Widow,62042.0,0,1,2013-02-05,20,639,8,531,187,64,3,2,1,4,16,2,0,0,0,0,0,0,0,3,11
11467,1972,Graduation,Divorced,95342.0,1,0,2014-02-16,19,628,56,737,355,48,349,2,5,9,21,3,0,0,0,1,0,0,0,3,11
11468,1968,2n Cycle,Divorced,31696.0,0,1,2012-02-28,77,81,6,67,97,69,10,5,2,3,4,5,0,0,0,0,0,0,0,3,11
11469,1954,Graduation,Divorced,90078.0,0,0,2013-08-13,59,1403,45,461,77,10,262,1,14,7,14,4,0,0,0,0,0,1,0,3,11
11470,1949,Graduation,Single,52155.0,1,1,2013-12-21,50,214,20,158,60,16,163,4,5,5,2,4,1,0,1,0,0,0,0,3,11
11471,1958,Graduation,Widow,97543.0,0,0,2014-04-07,0,644,564,210,107,35,118,0,13,13,2,5,0,0,0,0,0,0,0,3,11
11472,1963,2n Cycle,Widow,82592.0,0,0,2013-12-30,34,892,129,277,155,61,272,1,10,11,9,4,0,0,0,0,0,0,0,3,11
11473,1970,Graduation,Divorced,69223.0,1,1,2012-03-15,22,540,87,253,163,116,52,0,6,3,7,8,0,0,1,0,0,1,0,3,11
11474,1982,Master,Together,36738.0,0,1,2012-05-16,65,158,72,245,37,6,20,2,4,5,1,8,0,0,0,0,0,0,0,3,11
11475,1972,Graduation,Divorced,27693.0,0,1,2014-06-07,64,83,21,48,12,62,29,3,3,2,3,12,0,0,0,0,0,0,0,3,11
11476,1978,Graduation,Widow,65124.0,0,0,2012-03-25,0,498,204,164,110,2,195,1,8,5,12,5,0,0,0,0,0,0,0,3,11
11477,1955,Graduation,Single,41726.0,0,0,2014-06-05,43,152,4,186,8,4,92,4,0,3,6,3,0,0,0,0,0,0,0,3,11
11478,1974,2n Cycle,Divorced,45948.0,0,1,2014-04-29,51,565,72,296,339,113,125,3,12,5,10,4,1,0,0,0,0,0,0,3,11
11479,1972,Graduation,Single,66804.0,1,0,2012-08-29,35,638,379,333,208,53,322,2,14,9,11,2,0,0,0,0,0,1,0,3,11
11480,1974,2n Cycle,Single,71662.0,1,0,2013-12-27,13,915,84,764,68,14,287,1,2,4,28,3,1,0,0,0,0,1,0,3,11
11481,1968,Graduation,Widow,99998.0,0,0,2012-02-22,42,1105,176,652,101,5,14,2,2,7,27,4,0,0,0,0,0,0,0,3,11
11482,1977,Basic,Together,42564.0,1,1,2012-04-24,21,156,0,64,28,63,37,9,4,3,5,8,0,0,0,0,0,0,0,3,11
11483,1969,Graduation,Married,44162.0,0,0,2012-11-30,43,494,134,343,44,38,31,2,2,8,14,5,0,1,0,0,0,0,0,3,11
11484,1969,PhD,Divorced,28945.0,0,1,2012-07-24,46,135,34,109,52,3,9,3,2,2,6,10,1,0,1,0,0,0,0,3,11
11485,1975,Graduation,Single,133555.0,0,0,2013-01-25,37,802,456,500,27,94,261,0,15,7,19,5,1,0,1,0,0,1,0,3,11
11486,1955,Graduation,Married,42174.0,0,1,2012-08-31,46,111,43,84,255,15,125,4,4,4,3,2,1,0,0,0,0,0,0,3,11
11487,1991,2n Cycle,Together,73446.0,1,1,2012-08-29,48,125,61,765,111,18,131,5,16,4,6,6,0,1,1,0,0,0,0,3,11
11488,1953,Graduation,Divorced,45325.0,0,0,2012-11-15,81,326,48,50,87,104,121,2,6,3,8,4,0,0,0,0,0,1,0,3,11
11489,1979,2n Cycle,Divorced,66044.0,0,0,2012-02-18,53,417,50,214,17,126,204,2,8,5,9,8,0,0,0,1,0,0,0,3,11
11490,1971,PhD,Single,79294.0,0,0,2013-09-15,42,1017,57,302,147,6,203,1,12,7,8,4,0,1,0,1,0,0,0,3,11
11491,1941,Master,Divorced,58181.0,1,1,2014-02-19,64,413,36,444,8,36,248,5,12,2,9,3,0,0,1,1,0,0,0,3,11
11492,1981,Graduation,Widow,39054.0,1,1,2012-12-26,20,242,65,182,136,7,152,3,6,7,6,4,0,0,0,0,0,0,0,3,11
11493,1966,Basic,Together,34741.0,0,1,2012-07-09,59,48,30,34,21,1,44,8,1,1,1,7,0,0,0,0,0,0,0,3,11
11494,1960,Master,Together,52686.0,0,0,2014-03-23,43,355,54,222,56,14,11,1,5,3,5,8,0,1,0,0,0,0,0,3,11
11495,1963,2n Cycle,Divorced,40091.0,1,1,2014-02-24,70,75,3,76,0,9,32,5,0,0,0,6,0,0,1,0,0,1,0,3,11
11496,1954,Graduation,Together,40801.0,0,0,2013-02-19,50,272,75,111,30,53,55,2,2,6,3,6,0,0,1,0,0,0,0,3,11
11497,1981,Graduation,Divorced,41392.0,0,2,2012-08-20,73,175,92,68,48,5,5,3,4,1,2,9,0,0,1,0,0,1,0,3,11
11498,1988,Master,Single,,1,0,2013-11-04,16,740,151,295,17,103,134,1,8,7,8,9,0,0,1,0,0,1,0,3,11
11499,1975,Master,Widow,49780.0,0,1,2014-02-03,99,95,61,83,8,4,49,4,2,1,14,4,0,0,0,0,0,0,0,3,11
11500,1977,Graduation,Married,43871.0,0,1,2012-01-29,70,133,3,136,24,30,16,4,5,1,7,6,0,0,0,0,0,0,0,3,11
11501,1959,Graduation,Widow,51117.0,0,1,2012-09-11,31,181,37,183,33,5,37,3,2,2,2,2,0,0,0,0,0,1,0,3,11
11502,1980,Graduation,Widow,44108.0,0,0,2014-02-15,67,377,92,252,11,211,106,2,9,2,9,5,0,0,0,0,0,0,0,3,11
11503,1978,PhD,Divorced,49895.0,0,0,2012-03-31,13,372,29,502,71,83,84,3,6,3,13,6,0,1,0,0,0,0,0,3,11
11504,1950,Graduation,Widow,67209.0,0,0,2012-08-10,52,102,62,96,8,62,9,1,3,2,2,3,0,0,0,0,0,0,0,3,11
11505,1981,Graduation,Married,32448.0,1,1,2014-01-10,60,70,22,32,28,16,12,2,2,3,2,8,0,1,1,0,0,0,0,3,11
11506,1977,Graduation,Widow,33041.0,1,1,2014-01-03,48,76,9,31,24,30,13,6,2,1,4,7,0,0,0,0,0,0,1,3,11
11507,1979,Graduation,Widow,62882.0,1,1,2012-09-06,35,704,67,460,12,178,117,2,7,10,3,3,0,0,0,0,0,0,0,3,11
11508,1968,Graduation,Widow,72777.0,0,0,2014-02-21,29,613,59,784,54,13,563,0,3,12,15,3,0,0,1,0,0,0,0,3,11
11509,1957,Graduation,Divorced,29732.0,1,1,2012-10-04,34,146,71,58,37,14,26,2,4,3,3,7,1,1,1,0,1,1,0,3,11
11510,1965,Master,Together,89096.0,0,0,2012-07-05,34,414,52,141,175,55,108,0,9,2,6,6,0,0,0,0,0,1,0,3,11
11511,1979,Basic,Widow,75302.0,1,0,2013-01-02,28,414,118,196,108,18,228,3,4,3,10,4,0,0,0,0,0,0,0,3,11
11512,1968,Graduation,Married,32766.0,0,1,2013-06-19,99,56,23,63,1,203,14,6,2,1,3,6,0,0,0,0,0,0,0,3,11
11513,1967,2n Cycle,Divorced,32504.0,0,1,2013-06-29,90,51,5,5,8,17,12,3,1,2,2,6,0,1,0,0,0,0,0,3,11
11514,1955,PhD,Married,57726.0,0,0,2012-08-22,35,413,210,96,89,138,43,3,10,1,9,6,0,0,0,0,0,0,0,3,11
11515,1987,Basic,Widow,62051.0,0,1,2013-07-26,34,298,102,71,23,21,61,0,3,1,7,3,0,0,0,0,1,1,0,3,11
11516,1952,Graduation,Together,86842.0,0,0,2012-01-16,12,687,352,697,91,552,237,1,31,10,5,3,0,0,1,0,0,0,0,3,11
11517,1962,Master,Divorced,58594.0,0,0,2012-03-09,46,173,57,160,7,10,34,3,2,1,5,7,0,0,0,0,0,0,0,3,11
11518,1961,PhD,Married,87479.0,0,0,2012-08-12,46,813,465,448,191,33,880,0,14,1,29,5,0,0,1,0,1,0,0,3,11
11519,1965,Basic,Married,85128.0,0,0,2014-05-07,25,3809,550,1141,695,49,185,1,11,20,63,3,0,0,0,0,0,0,0,3,11
11520,1973,Graduation,Married,71413.0,1,1,2013-09-25,27,114,20,146,21,7,177,1,6,2,5,5,0,0,0,0,1,0,0,3,11
11521,1958,Graduation,Single,43433.0,1,1,2012-02-16,71,129,121,49,9,39,18,3,2,2,3,5,0,0,0,0,0,0,0,3,11
11522,1949,2n Cycle,Widow,50493.0,1,1,2012-03-03,9,130,9,75,21,1,76,3,4,4,6,6,0,0,0,0,0,0,0,3,11
11523,1976,Graduation,Together,38618.0,1,1,2014-01-22,49,68,67,51,18,47,78,3,1,0,2,7,0,0,0,0,0,0,0,3,11
11524,1963,2n Cycle,Together,32500.0,1,1,2013-03-31,88,106,1,75,5,20,51,4,4,2,6,6,0,1,0,0,0,0,0,3,11
11525,1972,Graduation,Together,75768.0,0,0,2013-10-05,59,971,30,726,112,85,72,2,7,7,17,3,0,0,0,0,1,0,0,3,11
11526,1976,Graduation,Married,75809.0,0,1,2012-10-06,66,221,420,93,9,11,59,1,12,1,4,2,0,0,0,0,0,0,0,3,11
11527,1988,Graduation,Together,71049.0,0,0,2012-09-17,10,309,269,340,8,199,421,2,10,7,13,4,1,0,0,0,0,0,0,3,11
11528,1975,Master,Together,98580.0,0,0,2012-05-22,0,552,80,163,79,76,146,1,6,1,15,6,1,0,0,0,0,0,0,3,11
11529,1977,PhD,Divorced,68756.0,0,0,2013-06-21,27,353,246,389,150,369,337,3,16,1,11,4,1,0,0,1,0,0,0,3,11
11530,1975,2n Cycle,Divorced,65603.0,1,0,2013-05-30,38,106,13,580,73,36,177,2,6,4,8,7,0,0,0,0,1,0,0,3,11
11531,1980,PhD,Divorced,103450.0,1,0,2013-05-09,11,378,79,328,249,26,54,1,3,5,17,2,0,1,0,0,0,0,0,3,11
11532,1968,PhD,Together,45815.0,0,1,2014-04-19,21,156,39,112,20,128,58,5,2,2,4,7,0,0,0,0,0,0,0,3,11
11533,1978,PhD,Widow,45597.0,0,1,2013-08-23,78,47,5,128,16,29,49,5,7,3,5,6,0,0,0,0,0,0,0,3,11
11534,1956,Graduation,Divorced,88204.0,0,0,2014-04-19,44,416,402,1236,248,743,877,0,13,24,24,3,0,0,1,1,1,0,0,3,11
11535,1980,PhD,Widow,85780.0,1,0,2013-10-25,25,630,63,941,177,15,4,0,6,8,15,3,0,1,0,1,0,0,0,3,11
11536,1980,Basic,Divorced,39777.0,1,1,2012-04-28,73,108,9,36,17,24,13,8,0,0,3,4,0,0,0,1,0,0,0,3,11
11537,1971,Basic,Married,43123.0,0,1,2013-04-08,78,148,16,59,7,15,26,6,2,3,1,7,1,0,1,0,0,0,0,3,11
11538,1961,Graduation,Together,55018.0,1,0,2014-05-24,0,259,15,163,105,42,65,1,2,2,3,7,0,0,0,0,0,0,0,3,11
11539,1967,Graduation,Divorced,68292.0,0,0,2013-10-06,52,593,239,352,437,68,365,5,12,9,11,6,0,1,0,1,0,0,0,3,11
11540,1953,PhD,Married,44885.0,0,0,2012-04-14,50,350,17,210,72,10,74,4,3,4,5,4,0,0,0,0,0,0,0,3,11
11541,1979,Master,Widow,74788.0,1,1,2012-06-27,0,356,109,404,107,162,92,5,7,4,8,4,0,0,1,1,1,1,0,3,11
11542,1973,Graduation,Together,114829.0,0,0,2012-03-10,60,558,53,145,36,152,121,2,7,7,7,8,0,0,1,0,1,0,0,3,11
11543,1975,Basic,Divorced,83500.0,0,0,2013-09-15,29,507,29,947,5,115,262,2,3,5,21,3,0,0,0,1,1,1,0,3,11
11544,1988,Graduation,Together,65930.0,1,0,2013-01-28,2,757,47,442,231,233,178,3,12,5,12,3,0,0,0,0,0,0,0,3,11
11545,1974,Graduation,Married,59451.0,1,0,2013-01-19,46,382,63,338,95,206,68,2,5,0,14,5,0,1,0,0,0,0,0,3,11
11546,1986,Master,Together,58956.0,1,0,2014-05-28,41,321,176,209,233,7,44,6,5,5,9,7,0,0,0,0,1,0,0,3,11
11547,1980,PhD,Widow,51753.0,0,1,2014-04-26,69,70,39,93,16,3,5,7,2,4,2,5,0,0,0,0,0,0,0,3,11
11548,1971,2n Cycle,Single,56815.0,0,0,2012-03-26,0,398,40,216,62,99,116,1,7,1,7,9,0,0,0,0,0,0,0,3,11
11549,1973,Graduation,Single,59120.0,0,0,2014-02-08,31,216,84,174,146,17,38,2,6,1,6,7,1,0,1,0,0,0,0,3,11
11550,1977,Graduation,Single,65517.0,0,0,2014-04-21,6,301,60,448,24,79,517,3,5,4,15,1,1,1,0,1,0,1,0,3,11
11551,1982,2n Cycle,Single,55861.0,0,0,2012-01-02,34,662,288,633,254,41,153,3,10,11,8,2,0,0,0,0,0,0,0,3,11
11552,1985,Graduation,Divorced,46187.0,1,0,2014-04-02,0,392,183,122,13,286,69,9,6,3,8,3,0,0,0,1,0,0,0,3,11
11553,1963,Graduation,Together,73755.0,0,1,2013-11-15,13,610,33,481,27,22,330,1,13,3,12,7,0,0,0,0,0,0,0,3,11
11554,1970,Master,Married,113787.0,1,0,2012-09-11,71,139,63,197,36,8,6,1,5,2,5,4,0,0,0,0,0,0,0,3,11
11555,1975,Basic,Widow,35313.0,1,1,2013-06-26,83,226,1,84,15,6,16,8,1,3,4,8,0,0,0,0,0,0,0,3,11
11556,1949,Basic,Together,37259.0,0,0,2012-02-07,73,291,122,55,5,6,104,5,1,5,8,3,0,0,0,0,0,0,0,3,11
11557,1988,Basic,Widow,77819.0,0,0,2013-10-04,70,715,21,133,24,30,33,0,2,1,11,5,0,0,0,0,0,0,0,3,11
11558,1977,Graduation,Divorced,32858.0,1,1,2012-11-06,16,70,57,36,47,5,86,11,2,1,2,10,0,0,0,0,0,0,0,3,11
11559,1953,2n Cycle,Widow,67432.0,1,0,2012-08-20,50,241,8,96,39,56,73,3,2,4,4,11,0,1,0,0,0,0,0,3,11
11560,1950,Graduation,Divorced,49148.0,0,1,2013-12-15,57,94,8,90,10,29,47,2,5,2,5,7,0,0,0,0,0,0,0,3,11
11561,1972,Graduation,Together,33489.0,0,2,2013-12-19,49,210,21,80,10,61,17,6,1,2,7,1,0,0,0,0,0,0,0,3,11
11562,1952,Graduation,Married,50182.0,1,1,2012-11-15,11,373,72,63,66,1,105,1,4,5,3,2,1,0,0,0,0,0,0,3,11
11563,1953,Graduation,Married,60509.0,1,0,2012-05-06,71,120,78,181,21,60,91,1,2,4,10,4,0,0,1,0,0,0,0,3,11
11564,1973,Graduation,Together,36310.0,0,1,2013-10-28,71,73,9,64,7,32,9,9,1,1,3,8,0,0,0,0,0,0,0,3,11
11565,1980,2n Cycle,Widow,58853.0,1,1,2014-03-19,24,227,35,86,2,129,178,1,8,4,8,8,0,0,0,1,0,1,0,3,11
11566,1970,Basic,Married,86491.0,0,0,2014-02-27,46,712,657,272,11,60,358,0,8,13,11,1,1,0,0,0,0,0,0,3,11
11567,1965,Graduation,Widow,69786.0,0,0,2013-01-25,30,1087,758,773,29,218,643,3,12,8,32,3,0,0,0,0,0,0,0,3,11
11568,1974,Graduation,Single,70372.0,0,1,2013-04-11,51,698,134,273,21,49,68,2,7,6,8,3,0,0,0,0,0,0,0,3,11
11569,1976,Graduation,Widow,45470.0,0,1,2012-04-05,17,240,3,130,116,85,105,1,2,3,7,6,0,0,0,0,0,0,0,3,11
11570,1987,PhD,Widow,59475.0,0,0,2012-10-21,43,442,56,346,177,3,229,3,7,8,3,4,1,0,0,0,0,1,0,3,11
11571,1979,2n Cycle,Divorced,,1,1,2013-09-22,63,119,11,27,13,83,22,4,3,5,7,8,0,0,0,0,0,0,0,3,11
11572,1968,Master,Together,40374.0,0,1,2013-11-19,52,158,7,45,68,27,84,6,3,2,5,8,0,0,0,0,0,0,0,3,11
11573,1942,Graduation,Married,58516.0,1,0,2012-12-14,0,199,45,193,164,62,118,3,2,4,10,4,0,0,1,1,0,0,0,3,11
11574,1965,Basic,Single,88837.0,0,0,2014-04-09,31,264,144,61,19,40,83,0,3,2,6,3,0,0,0,0,0,0,0,3,11
11575,1981,PhD,Single,82133.0,0,0,2012-08-17,43,768,115,198,121,82,130,2,3,6,13,8,1,0,1,0,0,0,0,3,11
11576,1970,Master,Together,45720.0,1,1,2013-09-23,37,40,38,49,40,19,6,7,3,4,2,6,0,0,1,0,1,0,0,3,11
11577,1963,Graduation,Married,56853.0,0,1,2013-08-25,64,153,2,154,13,6,34,2,2,0,2,5,0,0,0,0,0,1,0,3,11
11578,1943,Master,Single,62599.0,1,1,2013-06-19,57,257,8,105,44,21,142,5,3,2,3,5,0,0,0,1,0,0,0,3,11
11579,1952,Graduation,Single,60420.0,1,0,2012-10-27,61,356,9,103,66,25,166,4,5,1,7,3,0,0,1,1,0,0,0,3,11
11580,1959,Graduation,Married,47625.0,0,0,2013-10-01,43,135,17,142,9,1,28,1,4,3,4,11,0,0,0,0,0,0,0,3,11
11581,1979,PhD,Married,49680.0,0,0,2012-07-14,0,669,108,498,61,111,57,4,5,11,8,5,0,0,0,0,0,0,0,3,11
11582,1982,Graduation,Single,70701.0,1,0,2014-01-16,0,561,113,195,263,215,190,3,7,5,14,2,0,0,0,0,0,0,0,3,11
11583,1967,PhD,Single,72501.0,0,0,2013-06-26,53,673,149,170,110,30,38,4,3,9,8,2,1,0,0,0,0,0,0,3,11
11584,1973,Master,Single,47261.0,0,1,2013-01-04,33,102,16,28,14,11,30,7,5,2,4,7,0,0,0,0,0,0,0,3,11
11585,1952,Graduation,Divorced,43120.0,1,1,2012-11-11,34,124,91,120,29,47,16,3,2,0,3,2,0,0,0,0,0,0,0,3,11
11586,1973,Graduation,Divorced,54223.0,1,0,2012-04-22,56,583,82,616,237,98,82,2,3,5,22,4,0,0,0,0,1,0,0,3,11
11587,1977,Master,Widow,41661.0,0,1,2012-02-17,10,52,22,64,1,5,14,1,3,1,2,12,0,0,0,0,0,0,0,3,11
11588,1976,Graduation,Widow,64081.0,0,0,2012-10-09,2,379,116,729,165,124,212,2,11,5,15,4,0,0,1,0,0,0,0,3,11
11589,1964,Graduation,Married,61723.0,0,0,2012-07-23,45,583,90,534,214,95,267,1,10,9,8,3,1,1,1,0,0,0,0,3,11
11590,1979,Graduation,Together,97012.0,0,0,2013-09-10,29,961,75,640,18,18,119,1,15,4,11,7,1,0,0,0,0,0,0,3,11
11591,1964,Graduation,Widow,62136.0,0,0,2013-02-09,0,279,174,173,66,78,223,0,5,8,4,4,0,1,0,0,1,1,0,3,11
11592,1954,Graduation,Widow,43043.0,1,0,2012-05-18,42,242,69,165,61,6,43,5,1,5,3,6,0,0,0,0,0,0,0,3,11
11593,1976,Master,Married,85176.0,0,0,2013-05-31,41,529,175,548,32,104,63,2,5,2,13,8,0,0,0,1,0,0,0,3,11
11594,1953,Master,Together,74905.0,0,0,2013-07-25,27,127,62,91,42,45,5,5,4,0,3,7,0,0,0,0,0,0,0,3,11
11595,1969,Graduation,Widow,29798.0,1,1,2013-03-13,26,79,12,112,34,49,51,6,4,3,1,7,0,0,0,0,0,1,0,3,11
11596,1956,Graduation,Married,84262.0,0,0,2013-08-10,0,110,196,812,93,305,450,0,5,15,10,1,0,1,0,0,0,0,0,3,11
11597,1976,Basic,Single,90770.0,0,0,2014-04-06,46,673,26,527,131,43,87,1,15,3,7,2,0,0,1,0,0,0,0,3,11
11598,1956,Master,Widow,74254.0,1,0,2013-06-22,74,247,115,312,8,52,124,2,2,2,6,3,0,0,0,0,0,0,0,3,11
11599,1972,Graduation,Married,58898.0,0,0,2012-11-03,54,286,13,163,2,5,30,3,4,3,3,4,0,0,0,1,0,0,0,3,11
11600,1950,PhD,Widow,47270.0,0,0,2013-07-17,79,201,143,125,11,217,10,1,7,3,7,5,0,0,0,1,1,0,0,3,11
11601,1963,2n Cycle,Divorced,122677.0,0,0,2014-02-19,56,969,241,1780,129,99,298,0,33,10,13,2,0,1,0,0,0,0,0,3,11
11602,1949,2n Cycle,Widow,35256.0,0,1,2013-07-31,24,62,24,123,37,150,88,6,4,3,3,7,0,0,0,0,0,0,0,3,11
11603,1949,Graduation,Married,60080.0,1,1,2013-03-06,74,388,12,78,71,70,101,5,5,3,7,6,0,0,0,0,0,0,0,3,11
11604,1968,PhD,Married,48374.0,0,1,2012-04-14,40,307,151,202,48,186,132,1,5,1,10,2,1,0,0,1,0,0,0,3,11
11605,1980,PhD,Divorced,62812.0,1,0,2013-09-05,79,317,134,243,26,12,171,4,4,7,11,2,0,0,0,0,1,0,0,3,11
11606,1961,Master,Together,37312.0,1,0,2013-12-06,99,152,21,139,36,7,198,1,8,2,7,4,0,0,0,0,0,0,0,3,11
11607,1980,2n Cycle,Divorced,52631.0,0,0,2013-05-01,33,535,234,561,51,22,11,3,12,2,11,7,0,0,0,0,0,0,0,3,11
11608,1972,Graduation,Married,76879.0,0,1,2013-07-22,31,389,122,87,85,75,88,4,11,2,10,2,0,0,0,0,0,0,0,3,11
11609,1974,Graduation,Single,64354.0,1,0,2012-04-07,29,649,47,492,26,233,86,2,12,4,6,2,0,0,0,0,0,1,0,3,11
11610,1974,Master,Married,60981.0,0,0,2014-05-20,39,946,128,1061,217,168,67,2,17,2,18,7,0,0,1,1,0,1,0,3,11
11611,1973,2n Cycle,Divorced,32715.0,1,1,2013-01-15,63,155,13,27,56,14,8,6,1,1,3,7,0,0,0,1,0,0,0,3,11
11612,1974,2n Cycle,Divorced,36359.0,1,2,2014-03-05,99,57,10,47,17,25,12,5,1,1,3,10,0,0,0,0,0,0,0,3,11
11613,1979,Graduation,Single,69035.0,0,0,2013-08-30,41,197,82,217,10,98,85,2,4,3,13,7,0,0,0,0,0,0,0,3,11
11614,1948,2n Cycle,Single,63296.0,0,0,2013-10-10,42,427,66,88,3,157,92,3,2,5,7,8,0,0,0,0,0,0,0,3,11
11615,1960,Graduation,Married,53238.0,0,0,2012-09-05,28,954,31,469,229,81,95,2,9,7,11,3,1,0,0,1,1,0,0,3,11
11616,1975,Basic,Together,76207.0,0,0,2012-08-24,9,699,130,722,10,609,482,1,9,19,10,0,1,0,0,1,0,0,0,3,11
11617,1965,Master,Divorced,39229.0,1,1,2012-10-24,21,119,49,27,14,6,13,6,1,2,7,7,0,0,0,0,0,0,0,3,11
11618,1959,Graduation,Together,50982.0,1,0,2012-08-30,48,153,156,206,47,51,238,2,8,3,8,7,0,0,0,0,0,0,0,3,11
11619,1963,Graduation,Widow,97562.0,1,0,2013-09-23,79,865,73,305,408,76,62,0,15,7,6,3,0,0,0,0,0,0,0,3,11
11620,1968,Graduation,Married,94947.0,0,0,2012-05-18,47,556,201,281,32,127,243,2,6,3,9,3,0,0,0,0,0,1,0,3,11
11621,1959,Graduation,Together,35752.0,0,1,2013-10-22,47,133,5,66,18,12,7,7,2,1,1,6,0,0,0,0,0,0,0,3,11
11622,1957,Graduation,Together,46800.0,1,1,2012-05-12,59,132,29,85,94,5,48,4,6,2,6,4,0,0,0,0,0,0,0,3,11
11623,1965,2n Cycle,Married,85688.0,0,0,2013-04-27,83,2251,146,552,334,265,498,0,9,5,49,3,0,0,0,0,0,1,0,3,11
11624,1973,Graduation,Widow,81788.0,0,0,2012-09-20,42,410,153,232,53,187,74,0,11,4,5,3,0,0,0,0,0,0,0,3,11
11625,1978,Basic,Together,32825.0,1,1,2013-10-24,38,143,34,79,19,25,57,4,5,4,5,5,1,0,0,1,0,0,0,3,11
11626,1978,Graduation,Widow,64189.0,0,1,2012-09-15,39,431,65,252,108,47,34,2,8,5,10,6,0,0,1,0,0,0,0,3,11
11627,1969,PhD,Divorced,93361.0,0,0,2014-01-27,42,747,39,251,121,38,78,1,10,3,8,6,0,1,0,1,0,0,0,3,11
11628,1971,Master,Single,122963.0,0,0,2014-02-26,37,586,188,599,53,155,158,1,3,9,16,1,0,0,1,0,0,0,0,3,11
11629,1981,Graduation,Widow,61211.0,1,0,2013-04-02,69,618,257,479,34,259,99,2,4,4,19,6,1,0,1,0,0,0,0,3,11
11630,1969,Graduation,Married,78740.0,0,0,2012-01-22,40,473,49,328,12,42,39,3,6,2,8,6,1,1,1,1,0,0,0,3,11
11631,1958,Master,Widow,66529.0,1,0,2013-09-17,0,184,44,79,6,54,78,4,3,0,2,2,0,0,0,0,0,0,0,3,11
11632,1967,Graduation,Widow,37519.0,1,1,2013-09-06,68,87,7,85,58,14,46,6,1,0,2,8,0,0,0,0,0,0,0,3,11
11633,1969,Graduation,Divorced,36432.0,0,1,2012-01-12,66,150,25,20,40,49,55,13,1,0,2,7,0,0,0,0,0,0,0,3,11
11634,1965,Master,Single,48688.0,0,0,2013-05-21,59,525,65,326,100,110,32,2,5,3,15,4,0,0,0,0,0,1,0,3,11
11635,1973,Graduation,Together,61758.0,1,1,2012-01-27,19,918,70,188,52,49,38,0,5,1,11,3,1,0,0,0,0,0,0,3,11
11636,1989,Graduation,Married,77110.0,1,0,2012-08-10,81,448,25,142,229,549,75,3,14,5,12,5,0,0,0,0,0,0,0,3,11
11637,1948,Graduation,Divorced,54459.0,0,1,2013-06-26,28,294,129,263,14,94,21,1,7,0,5,4,0,0,0,1,0,0,0,3,11
11638,1982,Master,Single,68132.0,0,1,2013-02-21,16,367,91,144,41,27,72,4,5,7,7,7,0,0,0,1,1,0,0,3,11
11639,1971,Basic,Single,30342.0,1,1,2013-07-26,52,57,5,58,44,5,26,3,2,2,1,6,0,0,0,0,0,0,0,3,11
11640,1982,Graduation,Widow,31315.0,1,1,2013-01-09,87,56,37,61,4,25,2,8,0,0,1,11,0,0,1,1,0,0,0,3,11
11641,1966,PhD,Married,138172.0,0,0,2012-09-21,58,465,10,335,196,110,30,0,15,3,6,2,0,0,0,1,0,1,0,3,11
11642,1970,Graduation,Together,62729.0,1,1,2012-03-03,52,345,51,689,109,269,94,0,5,1,24,4,0,1,0,0,0,1,0,3,11
11643,1973,2n Cycle,Single,77081.0,0,0,2013-07-09,47,570,27,558,238,470,258,2,9,2,20,2,0,1,0,0,0,0,0,3,11
11644,1971,2n Cycle,Widow,119825.0,0,0,2013-05-02,0,1197,186,255,32,131,157,1,13,8,9,3,0,0,0,0,0,0,0,3,11
11645,1974,Graduation,Single,68769.0,1,0,2012-04-01,0,136,118,42,39,32,62,2,2,1,4,5,0,0,0,0,0,0,0,3,11
11646,1974,Graduation,Single,72968.0,0,0,2012-04-13,29,835,154,668,125,192,537,6,7,14,18,10,0,0,0,0,0,1,0,3,11
11647,1991,PhD,Widow,36965.0,0,2,2013-11-23,77,47,6,53,14,47,32,7,1,2,4,6,0,0,0,0,0,0,0,3,11
11648,1937,PhD,Divorced,48789.0,1,0,2014-01-14,72,609,155,114,165,168,141,3,8,6,7,8,0,1,0,0,0,0,0,3,11
11649,1949,PhD,Divorced,50266.0,0,0,2012-11-13,32,195,35,85,35,1,6,1,2,1,1,4,0,0,0,0,0,0,0,3,11
11650,1972,Graduation,Divorced,49296.0,0,0,2014-05-31,16,227,15,391,16,65,130,0,8,1,5,7,0,1,0,1,0,1,0,3,11
11651,1979,Graduation,Single,63867.0,0,0,2013-05-29,63,210,50,105,59,21,53,3,2,2,9,3,0,0,0,0,0,0,0,3,11
11652,1992,Graduation,Single,68965.0,0,0,2013-05-07,42,607,184,294,62,88,86,2,3,9,10,8,1,0,0,0,1,1,0,3,11
11653,1961,Master,Single,130308.0,0,0,2014-05-31,0,602,111,172,115,138,111,0,8,2,10,1,0,0,0,0,0,0,0,3,11
11654,1958,PhD,Single,52902.0,0,0,2013-07-07,27,118,19,195,23,36,22,5,3,2,2,6,0,1,0,0,0,1,0,3,11
11655,1973,Graduation,Divorced,40754.0,1,1,2013-04-09,48,244,54,167,7,19,192,2,5,2,5,1,1,0,0,0,1,0,0,3,11
11656,1979,2n Cycle,Single,63790.0,1,0,2012-04-21,11,862,174,248,29,66,166,4,9,14,7,6,0,1,0,0,0,0,0,3,11
11657,1952,2n Cycle,Together,89940.0,1,0,2013-04-19,30,513,108,43,27,16,105,4,4,1,7,5,1,0,0,0,0,0,0,3,11
11658,1984,Master,Divorced,77297.0,1,0,2012-10-21,17,1596,84,148,268,25,168,0,9,9,20,4,0,1,0,0,0,0,0,3,11
11659,1960,PhD,Together,76526.0,0,0,2012-04-02,47,175,262,674,68,34,251,2,14,2,10,2,1,0,1,0,0,0,0,3,11
11660,1976,PhD,Widow,101294.0,0,0,2013-04-24,27,877,210,569,125,101,184,0,2,7,26,5,0,0,1,1,1,0,0,3,11
11661,1954,PhD,Widow,32759.0,1,1,2012-02-09,94,54,52,47,5,5,8,4,0,2,2,7,0,0,0,0,0,0,0,3,11
11662,1954,Graduation,Divorced,28986.0,1,1,2014-04-15,48,67,86,41,18,12,22,8,0,2,3,7,0,0,0,0,0,0,0,3,11
11663,1953,Master,Divorced,83943.0,1,0,2014-04-10,23,533,89,209,153,99,477,2,7,12,7,2,0,1,0,0,0,0,0,3,11
11664,1943,PhD,Married,52961.0,1,1,2013-10-13,59,310,64,105,127,61,72,1,3,3,7,5,0,0,0,0,0,0,0,3,11
11665,1954,PhD,Widow,35759.0,1,0,2014-02-18,38,238,82,198,237,63,94,2,5,10,3,7,0,1,0,0,0,0,0,3,11
11666,1944,Master,Divorced,41323.0,0,0,2014-01-13,16,417,5,27,188,188,78,5,5,3,10,7,0,0,0,0,0,1,0,3,11
11667,1978,Graduation,Widow,65135.0,1,0,2013-12-30,30,443,53,63,10,54,213,2,9,1,13,4,0,0,1,0,0,1,0,3,11
11668,1979,Master,Divorced,82945.0,0,0,2012-04-22,11,1097,52,516,659,142,312,1,4,19,21,3,1,0,1,0,1,0,0,3,11
11669,1941,Graduation,Divorced,56273.0,0,1,2014-06-13,49,222,38,244,70,8,28,2,3,1,2,3,0,0,0,0,0,0,0,3,11
11670,1968,2n Cycle,Married,50981.0,0,1,2012-07-30,24,244,19,494,49,120,90,2,11,4,7,6,0,0,0,1,1,1,0,3,11
11671,1972,Basic,Together,43834.0,1,1,2012-03-28,67,109,8,13,0,18,65,5,3,1,2,6,0,0,0,0,0,0,0,3,11
11672,1981,PhD,Together,29989.0,1,2,2014-03-01,50,109,40,39,15,9,15,8,4,2,7,9,0,1,0,0,0,0,0,3,11
11673,1971,Graduation,Single,125005.0,0,0,2013-11-20,0,1216,256,1036,438,552,186,2,11,27,23,9,0,0,0,0,0,0,0,3,11
11674,1986,Graduation,Single,26962.0,1,1,2013-06-23,44,208,44,39,3,6,15,7,1,1,4,5,0,0,0,0,0,0,0,3,11
11675,1946,2n Cycle,Single,41793.0,0,0,2012-04-10,25,254,5,296,4,45,58,3,7,2,6,4,0,1,0,1,1,0,0,3,11
11676,1984,Graduation,Single,41308.0,0,1,2012-10-13,99,83,8,99,36,23,5,4,2,1,2,4,0,0,0,0,0,0,0,3,11
11677,1975,Master,Together,90671.0,0,1,2013-07-25,39,625,388,1199,98,85,518,2,24,10,12,6,0,0,1,0,0,0,0,3,11
11678,1960,Graduation,Single,55382.0,1,1,2013-09-25,66,259,106,241,332,2,79,2,17,1,2,4,0,1,0,0,0,0,0,3,11
11679,1983,2n Cycle,Divorced,42528.0,1,1,2013-10-08,55,80,45,57,22,0,9,2,3,4,4,6,0,0,0,0,0,0,0,3,11
11680,1970,Graduation,Divorced,38134.0,0,1,2012-08-12,98,64,43,47,5,21,73,7,3,1,6,9,0,0,0,0,0,0,0,3,11
11681,1956,PhD,Together,42350.0,1,0,2013-09-16,24,260,73,48,30,130,30,2,3,1,8,7,0,0,0,0,1,0,0,3,11
11682,1965,Graduation,Widow,34452.0,0,1,2012-04-09,40,137,42,72,16,1,28,5,2,6,7,7,0,0,0,0,1,0,0,3,11
11683,1988,Basic,Married,51009.0,0,0,2012-08-26,62,406,12,94,330,32,7,4,6,2,7,8,0,0,0,0,0,1,0,3,11
11684,1973,PhD,Married,69691.0,0,0,2012-01-16,16,819,25,618,141,96,545,1,17,5,9,1,0,0,1,0,1,1,0,3,11
11685,1997,PhD,Together,70438.0,0,0,2014-03-05,21,1137,11,387,81,166,215,2,9,5,13,1,1,0,0,0,0,0,0,3,11
11686,1989,Graduation,Single,30355.0,0,1,2012-11-27,45,63,22,27,34,9,15,5,2,2,6,4,0,0,0,0,0,0,0,3,11
11687,1957,Master,Widow,40508.0,0,1,2013-05-24,99,22,14,115,13,13,6,5,1,2,3,9,0,0,0,0,0,0,0,3,11
11688,1955,Graduation,Single,29289.0,0,2,2012-01-10,99,61,20,77,27,15,33,7,3,1,3,6,0,0,0,0,0,0,0,3,11
11689,1977,Graduation,Single,68969.0,0,0,2014-04-02,47,453,136,223,46,56,60,2,1,7,8,5,0,0,0,0,0,0,0,3,11
11690,1978,Graduation,Together,34462.0,1,1,2012-12-25,62,349,26,105,5,18,95,3,5,3,3,3,0,0,0,0,0,0,0,3,11
11691,1956,PhD,Married,68894.0,1,0,2013-02-04,69,291,76,299,48,51,143,4,5,1,8,3,0,0,1,0,0,0,0,3,11
11692,1971,Master,Together,69348.0,0,0,2012-11-18,46,802,220,264,194,9,157,2,7,6,16,7,0,0,0,0,0,0,0,3,11
11693,1976,Graduation,Divorced,48654.0,1,1,2012-11-04,61,113,29,72,0,37,2,4,1,4,3,7,0,0,0,0,0,0,0,3,11
11694,1970,2n Cycle,Widow,32670.0,1,1,2012-10-03,48,79,14,50,33,17,58,7,2,1,5,11,0,0,0,0,0,0,0,3,11
11695,1972,Graduation,Married,38429.0,0,1,2014-03-19,44,28,33,18,8,26,49,1,3,1,2,5,0,0,0,0,0,0,0,3,11
11696,1971,PhD,Together,73965.0,0,0,2012-03-12,38,1248,110,676,253,120,150,1,16,6,17,7,0,0,1,0,0,1,0,3,11
11697,1976,Master,Married,34983.0,0,1,2014-01-04,61,120,9,83,7,56,63,5,1,2,1,17,0,0,0,0,0,0,0,3,11
11698,1951,Basic,Divorced,49344.0,0,0,2012-08-17,84,349,134,245,1,109,171,6,6,1,6,1,0,0,0,0,0,0,0,3,11
11699,1979,Graduation,Together,32865.0,1,2,2012-03-18,52,63,14,101,10,30,40,6,9,3,4,8,0,0,0,0,0,1,0,3,11
11700,1950,Master,Widow,40778.0,1,0,2014-02-24,31,228,140,169,37,2,12,4,4,5,6,4,0,0,0,0,0,0,0,3,11
11701,1957,Master,Divorced,39195.0,0,0,2013-01-29,19,120,219,227,48,4,43,2,10,2,5,4,0,1,0,0,0,0,0,3,11
11702,1976,Master,Widow,40709.0,0,0,2014-03-24,21,522,208,567,82,89,146,2,4,5,16,2,0,1,0,0,0,1,0,3,11
11703,1960,2n Cycle,Married,30763.0,1,1,2012-03-09,26,64,4,59,2,1,31,1,2,2,2,6,0,0,0,0,0,0,0,3,11
11704,1979,Graduation,Widow,73691.0,1,0,2012-03-06,63,571,91,445,18,96,301,0,5,16,2,3,0,0,0,1,0,0,0,3,11
11705,1946,Master,Together,37771.0,1,0,2014-02-22,42,234,99,139,92,46,6,5,2,3,3,5,0,0,1,1,0,0,0,3,11
11706,1981,Basic,Single,68456.0,0,0,2012-08-15,11,244,58,456,22,145,346,1,2,4,14,0,0,0,0,0,0,0,0,3,11
11707,1981,Graduation,Together,92997.0,1,0,2013-03-06,48,211,89,43,41,48,89,2,3,3,8,8,0,0,0,0,0,0,0,3,11
11708,1953,Master,Divorced,45784.0,1,0,2012-05-27,94,223,6,248,84,19,9,2,5,4,5,8,0,0,0,0,0,0,0,3,11
11709,1962,Graduation,Widow,69311.0,1,0,2012-08-23,28,425,172,759,54,125,458,2,7,1,21,5,1,0,1,0,0,0,0,3,11
11710,1987,Graduation,Single,43209.0,0,1,2013-06-03,33,157,11,172,57,115,17,7,4,3,2,9,0,1,0,0,0,0,0,3,11
11711,1978,Graduation,Together,74210.0,1,0,2012-03-04,29,558,181,122,48,218,188,1,8,7,10,7,0,0,0,1,0,0,0,3,11
11712,1942,Graduation,Single,38351.0,0,0,2013-11-24,11,496,38,397,14,202,160,0,7,4,9,2,1,0,0,0,1,1,0,3,11
11713,1960,PhD,Single,49652.0,1,0,2012-09-20,63,328,23,114,26,22,97,1,4,2,6,6,0,0,1,1,0,0,0,3,11
11714,1979,2n Cycle,Divorced,47028.0,0,0,2014-03-29,50,448,30,290,188,553,143,1,11,4,13,6,1,1,1,0,0,0,0,3,11
11715,1969,Graduation,Married,61982.0,1,1,2012-11-24,48,72,28,75,4,30,27,4,1,4,4,9,0,0,0,0,0,0,0,3,11
11716,1976,Graduation,Married,47248.0,1,0,2013-10-11,13,183,157,117,2,425,61,3,9,3,6,5,0,0,0,0,0,0,0,3,11
11717,1959,Graduation,Divorced,30816.0,1,1,2014-05-23,99,80,21,61,7,4,44,1,3,0,1,7,0,0,0,0,0,0,0,3,11
11718,1968,Master,Married,30860.0,1,1,2013-08-11,30,27,16,51,5,10,18,6,2,1,1,7,0,0,0,0,0,0,0,3,11
11719,1943,Graduation,Together,38548.0,0,0,2014-06-10,35,341,61,310,52,69,178,1,5,2,7,4,0,1,0,0,1,0,0,3,11
11720,1969,Master,Widow,117958.0,0,0,2013-10-06,28,587,201,401,173,35,91,2,9,2,8,4,0,1,0,0,0,0,0,3,11
11721,1983,Graduation,Single,105518.0,0,0,2013-02-20,56,359,119,250,51,27,42,5,6,6,3,5,1,0,1,0,0,0,1,3,11
11722,1973,PhD,Married,34551.0,0,2,2014-06-04,54,80,21,18,10,11,39,8,5,0,4,4,0,0,0,0,0,0,0,3,11
11723,1981,Master,Together,29181.0,0,1,2014-04-02,58,90,15,76,14,9,55,6,0,0,2,6,0,1,0,0,0,0,0,3,11
11724,1974,Master,Widow,41554.0,0,1,2014-04-19,51,663,531,424,287,64,279,2,23,3,11,4,1,0,1,0,1,0,0,3,11
11725,1970,Master,Divorced,85712.0,0,0,2013-12-19,98,1345,180,647,1229,46,762,0,22,16,28,2,1,0,0,1,0,0,0,3,11
11726,1983,2n Cycle,Divorced,61015.0,1,0,2012-03-28,25,184,28,257,63,32,49,0,2,2,2,4,0,0,1,0,0,0,0,3,11
11727,1950,Graduation,Together,45649.0,1,0,2013-11-23,40,125,181,172,30,29,6,1,3,3,4,2,0,0,0,1,1,0,0,3,11
11728,1976,PhD,Widow,94074.0,0,0,2012-07-24,25,503,368,265,113,6,28,1,4,8,15,2,0,0,0,0,0,0,0,3,11
11729,1971,Graduation,Married,70346.0,0,0,2012-08-29,52,483,33,868,154,53,84,3,6,4,19,8,0,0,1,1,0,0,0,3,11
11730,1957,Basic,Married,55471.0,0,0,2013-12-02,99,231,61,94,60,132,114,1,3,2,2,4,1,0,1,0,0,0,0,3,11
11731,1957,PhD,Single,84486.0,0,0,2013-10-30,25,976,32,342,41,71,29,0,16,2,8,4,0,0,0,1,1,0,0,3,11
11732,1975,Master,Widow,30486.0,0,1,2012-03-08,70,123,13,72,34,36,10,8,1,2,2,8,1,1,1,0,0,0,0,3,11
11733,1972,2n Cycle,Widow,74259.0,0,1,2014-06-10,0,192,332,166,22,80,168,0,3,4,12,7,0,0,0,0,0,1,0,3,11
11734,1952,Graduation,Together,52130.0,0,0,2013-09-11,53,661,4,186,185,55,54,0,4,4,10,10,1,0,0,1,0,0,0,3,11
11735,1966,Graduation,Widow,45388.0,0,1,2014-01-25,57,38,34,63,48,30,133,2,3,0,5,6,0,0,0,1,1,0,0,3,11
11736,1953,Graduation,Together,60902.0,1,0,2014-03-24,74,265,118,304,50,22,42,4,3,2,8,4,0,0,0,0,0,0,0,3,11
11737,1980,Graduation,Widow,67725.0,0,0,2013-05-02,16,180,73,288,38,97,14,0,2,2,9,1,0,0,1,0,0,0,0,3,11
11738,1963,PhD,Married,28524.0,0,1,2012-10-26,31,97,76,39,26,21,14,2,3,1,2,10,0,0,0,0,0,0,0,3,11
11739,1972,Graduation,Single,32671.0,0,1,2012-01-01,63,183,28,373,12,10,13,3,6,3,3,10,1,0,1,1,1,0,0,3,11
11740,1971,Graduation,Married,52622.0,0,0,2013-10-10,3,898,158,124,427,58,239,0,8,9,11,5,0,0,0,0,1,1,0,3,11
11741,1972,Graduation,Single,75599.0,0,0,2012-12-05,20,112,27,367,29,24,12,2,3,5,5,2,0,1,1,1,0,0,0,3,11
11742,1973,Graduation,Single,96551.0,0,0,2013-01-12,29,863,107,339,83,236,59,1,10,7,11,5,1,1,1,0,0,0,0,3,11
11743,1961,Graduation,Divorced,64785.0,1,0,2013-08-11,0,136,1,87,68,65,36,4,2,0,1,6,0,0,0,0,0,1,0,3,11
11744,1966,PhD,Divorced,41136.0,0,1,2013-01-09,52,125,63,178,1,79,91,2,4,2,9,6,1,0,0,0,0,0,0,3,11
11745,1974,Graduation,Together,39619.0,1,1,2012-05-04,92,136,7,58,65,31,11,3,3,2,2,6,0,0,0,0,0,0,0,3,11
11746,1964,2n Cycle,Widow,48305.0,0,1,2014-02-22,22,87,42,61,1,1,17,2,2,3,2,9,1,1,0,0,1,0,0,3,11
11747,1973,Graduation,Married,41743.0,1,1,2012-12-31,42,98,7,135,17,7,21,5,1,2,6,9,0,0,0,0,0,1,0,3,11
11748,1969,Graduation,Married,65891.0,0,1,2013-10-09,50,196,22,144,6,12,47,0,1,3,7,3,1,0,0,0,0,1,0,3,11
11749,1974,Graduation,Married,87398.0,0,0,2013-10-01,55,442,26,221,8,25,40,2,6,3,9,5,1,1,0,0,0,0,0,3,11
11750,1969,Graduation,Single,38886.0,0,1,2012-08-12,59,121,36,32,34,53,8,7,3,1,3,11,0,0,0,0,0,0,0,3,11
11751,1969,Basic,Widow,84685.0,0,0,2014-03-13,23,1424,183,220,404,231,158,2,13,19,12,5,0,0,0,1,0,0,0,3,11
11752,1952,Master,Married,43978.0,0,0,2014-06-08,88,44,19,114,63,48,9,8,4,1,3,7,0,0,0,0,0,0,0,3,11
11753,1944,Graduation,Divorced,59850.0,1,1,2013-09-23,56,168,34,191,24,103,18,5,3,1,9,2,0,1,0,0,0,0,0,3,11
11754,1978,Basic,Divorced,83246.0,0,0,2014-02-04,14,783,339,286,131,0,149,3,11,4,15,6,0,0,0,1,1,0,0,3,11
11755,1967,PhD,Together,37617.0,1,1,2013-07-03,60,78,10,29,34,4,7,4,2,1,7,9,0,0,0,0,0,0,0,3,11
11756,1966,Master,Married,,0,0,2012-10-04,25,756,495,499,59,190,73,3,11,3,21,3,0,0,0,0,0,1,0,3,11
11757,1953,Graduation,Divorced,35066.0,1,0,2012-07-22,42,274,97,42,105,16,102,5,3,2,6,8,0,0,0,0,0,0,0,3,11
11758,1940,Graduation,Divorced,51426.0,0,0,2014-04-28,15,377,1,370,143,32,267,0,7,1,11,6,1,0,0,1,0,0,0,3,11
11759,1944,Graduation,Divorced,51585.0,1,0,2013-08-26,51,175,52,140,35,17,149,1,3,3,5,2,0,1,0,0,0,0,0,3,11
11760,1977,Graduation,Divorced,56204.0,0,1,2013-03-12,50,364,285,94,5,106,224,1,2,12,3,7,0,0,0,0,0,0,0,3,11
11761,1965,Basic,Single,144978.0,0,0,2014-01-24,44,1038,434,516,36,472,134,2,6,23,9,3,0,0,0,0,0,0,0,3,11
11762,1972,Graduation,Together,88816.0,1,0,2013-05-20,28,287,233,258,168,151,50,3,5,6,3,3,1,1,0,0,0,0,0,3,11
11763,1968,Graduation,Married,82952.0,1,0,2013-01-29,28,910,2,139,10,275,412,0,10,5,9,5,1,0,0,0,0,0,0,3,11
11764,1964,PhD,Single,90469.0,0,0,2012-02-23,15,724,182,547,14,76,54,2,15,4,14,4,0,0,0,0,0,0,0,3,11
11765,1960,PhD,Divorced,60295.0,0,0,2014-03-11,49,424,262,554,115,45,401,2,15,5,7,2,0,0,0,1,0,0,0,3,11
11766,1948,PhD,Married,44669.0,0,1,2012-03-04,25,207,8,430,41,95,74,6,10,3,8,5,0,0,0,0,0,0,0,3,11
11767,1975,Graduation,Together,109558.0,0,0,2012-10-31,16,708,139,561,595,207,136,2,11,17,10,3,1,0,0,1,0,0,0,3,11
11768,1959,Graduation,Single,79362.0,0,0,2013-06-26,10,672,207,295,40,98,118,1,10,3,11,4,0,0,0,0,0,0,0,3,11
11769,1954,Graduation,Together,44056.0,1,0,2013-07-23,49,373,37,160,39,18,27,6,3,2,2,4,0,0,1,1,0,0,0,3,11
11770,1979,Master,Widow,49377.0,0,1,2013-08-07,86,173,15,214,41,24,26,8,5,3,3,4,1,1,0,1,0,0,0,3,11
11771,1961,Graduation,Single,49682.0,1,2,2014-01-27,31,64,16,59,8,19,38,5,6,1,5,7,1,1,0,0,1,0,0,3,11
11772,1960,2n Cycle,Single,42139.0,0,1,2013-04-05,64,113,7,87,51,23,17,8,1,4,7,9,1,0,0,0,1,1,0,3,11
11773,1951,Graduation,Together,47476.0,1,0,2014-03-09,58,215,38,98,1,37,187,2,5,3,5,8,0,0,0,1,0,1,0,3,11
11774,1966,2n Cycle,Widow,36223.0,0,2,2013-06-08,36,112,11,100,31,18,1,4,1,2,1,6,0,0,1,0,0,0,0,3,11
11775,1965,2n Cycle,Divorced,32355.0,0,1,2013-02-25,53,45,25,44,19,7,11,7,1,0,2,6,0,0,0,0,0,0,0,3,11
11776,1960,PhD,Single,31144.0,0,1,2012-12-13,38,256,14,111,85,1,12,3,2,1,5,4,0,0,1,0,0,0,0,3,11
11777,1972,Master,Together,52747.0,1,0,2013-02-18,40,238,30,366,3,26,193,1,10,1,9,5,0,0,0,0,1,0,0,3,11
11778,1988,Graduation,Married,,0,0,2013-03-02,35,607,316,550,43,62,119,2,18,8,7,8,0,0,0,1,0,0,0,3,11
11779,1961,Graduation,Widow,52849.0,0,0,2014-04-30,71,435,48,256,7,24,138,1,7,4,7,7,0,0,0,0,0,1,0,3,11
11780,1958,Master,Married,65830.0,0,0,2012-05-29,11,628,154,271,167,85,193,2,3,3,17,0,1,0,0,0,0,0,0,3,11
11781,1976,Graduation,Single,39705.0,0,1,2013-02-23,54,237,9,121,41,32,4,5,2,3,9,8,0,0,0,0,0,0,0,3,11
11782,1986,Master,Single,68122.0,0,0,2012-04-22,29,672,86,397,55,70,398,2,1,18,6,4,0,0,0,0,1,0,0,3,11
11783,1962,Graduation,Single,126465.0,0,0,2012-01-04,57,582,133,552,346,377,67,1,9,3,21,3,0,0,1,0,0,0,0,3,11
11784,1980,Graduation,Divorced,56867.0,1,0,2013-02-13,27,743,30,113,13,38,599,5,13,6,8,2,0,0,0,0,0,0,0,3,11
11785,1951,Graduation,Married,55172.0,0,0,2013-03-12,32,240,18,136,109,23,30,6,3,1,5,7,0,0,0,0,0,0,0,3,11
11786,1972,2n Cycle,Together,69195.0,1,0,2012-09-20,20,349,111,267,263,43,113,1,4,2,12,7,1,0,0,0,0,0,0,3,11
11787,1976,Master,Married,36119.0,0,2,2013-06-27,40,90,18,67,16,7,20,5,1,0,3,8,0,0,0,0,0,0,0,3,11
11788,1962,Master,Together,60347.0,0,1,2012-01-15,39,212,118,250,157,94,45,4,7,1,12,7,0,0,0,0,0,0,0,3,11
11789,1963,Master,Together,105094.0,0,0,2013-10-31,9,412,164,440,87,24,333,0,4,6,20,4,0,0,0,0,0,1,0,3,11
11790,1976,Master,Widow,40572.0,0,1,2013-01-09,58,214,21,62,43,11,142,7,4,3,3,5,0,0,0,0,0,0,0,3,11
11791,1976,Graduation,Together,61760.0,0,0,2012-03-12,9,593,60,292,7,10,58,3,3,2,12,6,0,0,0,0,0,0,0,3,11
11792,1977,2n Cycle,Single,83789.0,0,0,2014-04-16,40,844,113,605,24,137,192,1,13,6,10,1,0,0,0,1,1,1,0,3,11
11793,1974,Graduation,Married,28906.0,1,2,2013-06-01,58,123,56,47,25,77,45,6,7,1,1,6,0,0,0,0,0,0,0,3,11
11794,1948,PhD,Divorced,44259.0,1,1,2013-02-28,87,113,15,396,38,37,28,2,4,1,6,1,1,0,0,0,0,0,0,3,11
11795,1973,Master,Single,57397.0,0,0,2013-07-03,48,133,79,190,3,94,528,1,7,1,10,6,0,0,1,0,0,0,0,3,11
11796,1978,2n Cycle,Widow,30350.0,0,1,2013-05-11,66,84,100,29,2,34,28,5,4,2,3,12,0,0,0,0,0,0,0,3,11
11797,1987,PhD,Divorced,70978.0,0,1,2013-09-03,82,1262,36,212,11,45,50,1,8,6,11,4,0,1,0,0,0,0,0,3,11
11798,1971,PhD,Divorced,48275.0,1,1,2013-10-16,67,137,14,15,4,28,19,5,1,2,3,2,0,0,0,0,0,0,0,3,11
11799,1967,Graduation,Widow,31689.0,0,1,2012-09-02,53,27,15,133,63,24,4,6,3,1,3,11,0,0,0,0,0,0,0,3,11
11800,1968,Graduation,Married,40216.0,0,1,2013-08-04,38,141,14,91,11,14,10,9,3,0,4,6,0,0,0,1,1,0,0,3,11
11801,1976,PhD,Single,30900.0,1,1,2013-11-20,89,106,43,77,8,13,142,2,1,2,5,3,0,0,0,0,0,0,0,3,11
11802,1964,Master,Together,84675.0,0,0,2012-05-04,5,769,67,619,61,123,191,1,7,13,12,1,1,1,0,0,0,0,0,3,11
11803,1959,Graduation,Together,33100.0,1,1,2013-12-11,32,173,94,170,41,42,36,6,4,0,2,9,0,0,0,1,0,0,0,3,11
11804,1970,Graduation,Together,42861.0,0,1,2012-11-08,33,84,4,138,29,1,8,3,1,5,6,9,0,0,0,0,0,0,0,3,11
11805,1985,PhD,Widow,33176.0,0,1,2012-05-03,41,106,2,35,18,1,95,8,4,0,4,6,0,0,1,0,0,0,0,3,11
11806,1965,Graduation,Widow,110183.0,1,0,2013-10-01,28,493,41,498,300,62,386,3,4,5,22,2,0,0,0,1,1,1,0,3,11
11807,1961,Graduation,Single,61883.0,0,1,2013-11-25,32,101,118,107,26,129,217,1,5,5,6,1,0,0,0,0,0,0,0,3,11
11808,1988,Master,Widow,57081.0,0,0,2013-05-14,49,238,105,201,8,47,177,2,3,1,8,4,0,0,1,0,0,0,0,3,11
11809,1966,Graduation,Together,70046.0,0,0,2013-07-08,4,457,16,470,80,37,493,0,8,6,10,2,0,0,0,0,1,0,0,3,11
11810,1979,2n Cycle,Divorced,68376.0,0,0,2013-02-11,18,949,38,397,169,143,75,5,12,3,11,5,0,1,0,0,0,1,0,3,11
11811,1977,Master,Married,77745.0,1,0,2013-01-27,41,447,362,272,18,21,15,4,12,1,7,10,1,0,1,0,0,1,0,3,11
11812,1970,Graduation,Married,40135.0,1,1,2012-10-20,36,111,21,43,34,17,7,9,7,2,1,6,0,0,0,0,1,0,0,3,11
11813,1968,Graduation,Married,101713.0,0,0,2013-12-02,8,686,346,380,311,67,42,1,5,8,15,1,0,1,0,0,1,0,0,3,11
11814,1953,Graduation,Single,69214.0,1,0,2013-03-16,18,209,11,370,20,155,354,1,9,7,5,2,0,0,1,0,0,0,0,3,11
11815,1961,2n Cycle,Divorced,35733.0,0,1,2012-04-24,56,135,85,127,5,70,30,3,1,0,2,9,0,0,0,0,0,0,0,3,11
11816,1972,Graduation,Married,35658.0,1,1,2012-08-04,56,106,16,73,1,1,7,9,1,1,2,13,1,0,0,1,1,0,0,3,11
11817,1980,PhD,Married,71402.0,1,0,2012-11-17,35,485,77,270,52,16,53,0,8,9,4,4,0,0,0,0,0,0,0,3,11
11818,1983,Master,Widow,54970.0,1,1,2013-11-02,64,994,80,420,505,19,274,4,6,10,20,2,0,0,0,0,0,0,0,3,11
11819,1986,Graduation,Together,47983.0,0,1,2014-03-14,64,61,20,137,3,7,79,6,3,1,1,7,0,1,0,0,0,0,0,3,11
11820,1951,Graduation,Divorced,55900.0,0,1,2012-05-29,52,222,43,162,67,21,45,3,4,3,3,8,0,1,0,0,0,0,0,3,11
11821,1961,Graduation,Married,68421.0,1,0,2012-05-08,67,654,157,378,142,130,49,1,8,2,6,5,0,0,0,0,0,0,0,3,11
11822,1968,Master,Single,43597.0,0,1,2013-04-13,79,144,5,122,35,76,29,4,2,1,3,4,1,0,0,0,0,0,0,3,11
11823,1966,Basic,Together,53632.0,1,2,2014-04-15,41,49,3,66,13,26,69,4,2,4,5,5,0,0,0,0,0,0,0,3,11
11824,1975,Basic,Divorced,39322.0,1,2,2012-09-16,76,95,17,116,43,10,23,5,1,3,2,5,0,0,1,0,0,0,0,3,11
11825,1968,Graduation,Divorced,87988.0,0,0,2013-07-20,67,918,122,1115,37,434,76,1,8,7,25,0,0,1,1,0,0,0,0,3,11
11826,1964,Master,Married,51384.0,0,2,2013-10-12,97,54,32,85,2,4,3,7,0,0,0,9,0,0,1,1,0,1,0,3,11
11827,1961,PhD,Together,78878.0,1,0,2012-01-07,59,620,152,149,23,63,149,1,5,3,7,3,1,0,0,0,0,1,0,3,11
11828,1942,2n Cycle,Single,48767.0,1,0,2012-11-24,60,162,7,92,82,4,60,4,1,2,10,3,0,0,0,0,0,0,0,3,11
11829,1971,PhD,Married,65067.0,1,0,2012-05-19,44,119,28,411,34,36,163,1,4,4,9,4,0,0,0,0,0,0,0,3,11
11830,1977,Graduation,Married,67590.0,0,1,2014-06-08,70,231,287,365,16,24,5,1,6,1,7,2,0,0,0,0,0,0,0,3,11
11831,1952,Graduation,Widow,55902.0,0,0,2012-02-16,22,377,76,111,108,44,29,0,7,2,4,6,0,0,0,0,0,0,0,3,11
11832,1984,2n Cycle,Married,49554.0,0,0,2012-04-27,65,284,111,479,58,18,68,2,3,6,9,5,0,0,0,0,0,0,0,3,11
11833,1978,Master,Divorced,66110.0,0,0,2013-11-25,30,488,201,386,134,98,180,1,4,7,10,0,0,0,0,1,0,1,0,3,11
11834,1976,Graduation,Single,75364.0,1,0,2012-05-22,7,612,157,908,41,136,83,0,7,9,9,3,0,0,1,0,0,0,0,3,11
11835,1966,2n Cycle,Widow,74207.0,1,0,2012-08-16,1,371,30,282,42,358,146,1,7,1,14,1,0,0,0,0,0,0,0,3,11
11836,1969,Master,Single,79126.0,0,0,2013-05-13,0,1217,209,333,47,273,157,2,9,4,24,3,0,1,0,1,0,1,0,3,11
11837,1989,Graduation,Married,73798.0,1,0,2013-05-27,50,381,299,967,19,6,97,3,5,9,17,3,0,0,1,0,1,0,0,3,11
11838,1972,Graduation,Divorced,36738.0,1,2,2014-06-17,99,135,6,76,45,7,3,4,3,1,6,10,0,0,0,0,0,0,0,3,11
11839,1974,Graduation,Divorced,39522.0,0,1,2014-02-04,47,109,33,19,77,21,0,3,1,1,1,5,0,0,0,0,1,0,0,3,11
11840,1976,PhD,Together,70453.0,0,0,2014-01-23,9,1079,170,599,52,117,173,0,13,4,18,3,0,0,0,0,0,0,0,3,11
11841,1974,PhD,Together,34649.0,1,2,2014-03-22,84,39,5,67,6,6,5,1,1,1,3,9,0,0,0,0,1,0,0,3,11
11842,1969,Basic,Single,101216.0,0,0,2013-05-17,30,1052,312,597,44,82,243,1,9,11,17,1,0,0,0,0,0,0,0,3,11
11843,1958,Graduation,Single,,0,0,2014-01-26,79,689,160,885,82,128,71,3,5,7,20,3,0,1,1,0,1,0,0,3,11
11844,1959,Graduation,Together,77859.0,0,0,2013-09-28,6,917,20,78,381,256,161,1,7,8,11,2,0,0,1,1,0,0,0,3,11
11845,1987,Graduation,Divorced,39249.0,0,1,2013-03-28,72,65,15,38,9,4,137,6,0,0,1,6,0,0,0,0,0,0,0,3,11
11846,1993,Graduation,Widow,100903.0,1,1,2014-04-23,77,750,178,364,56,20,158,4,11,8,10,2,0,1,0,1,1,0,0,3,11
11847,1971,Master,Married,37866.0,0,1,2012-05-08,34,130,120,92,85,15,81,0,6,2,4,14,0,0,0,1,1,1,0,3,11
11848,1977,Master,Divorced,56585.0,1,0,2012-12-11,30,580,15,852,16,58,144,2,11,2,10,5,1,0,1,0,0,0,0,3,11
11849,1968,2n Cycle,Single,36702.0,1,1,2012-11-08,50,71,7,10,13,2,22,5,2,2,4,5,0,0,0,0,0,0,0,3,11
11850,1982,PhD,Married,66209.0,0,1,2013-05-03,54,383,179,316,171,271,104,4,3,12,8,6,0,0,0,1,0,0,0,3,11
11851,1961,Graduation,Together,50451.0,0,1,2012-10-28,79,933,109,173,87,326,19,3,6,0,19,7,0,1,0,0,0,0,0,3,11
11852,1972,Graduation,Widow,37762.0,1,1,2013-01-16,43,163,42,81,5,40,24,8,4,1,1,5,0,0,0,0,0,0,0,3,11
11853,1975,PhD,Married,28471.0,1,1,2014-06-10,99,60,28,51,39,0,2,7,2,0,5,3,0,0,1,0,0,0,0,3,11
11854,1941,PhD,Married,42893.0,1,0,2013-11-07,53,189,17,221,29,132,101,6,4,1,6,5,0,0,0,0,0,0,0,3,11
11855,1956,Graduation,Divorced,50470.0,1,0,2013-12-27,39,146,99,48,15,1,72,3,3,2,2,3,0,1,0,1,1,0,0,3,11
11856,1978,2n Cycle,Single,62887.0,0,0,2012-11-12,69,392,343,621,154,77,250,4,21,7,5,8,0,1,0,0,1,0,0,3,11
11857,1958,2n Cycle,Together,58041.0,0,0,2012-10-17,41,209,287,221,1,40,42,4,5,3,6,4,0,0,0,0,0,0,0,3,11
11858,1979,Master,Divorced,62739.0,1,0,2013-04-08,29,429,6,486,185,25,53,1,5,9,6,4,0,0,0,0,0,0,0,3,11
11859,1973,Graduation,Single,65798.0,0,0,2013-01-06,26,262,40,294,114,66,54,2,6,2,8,5,0,1,0,0,1,0,0,3,11
11860,1966,Graduation,Together,45398.0,1,1,2013-08-09,99,67,37,92,17,14,1,8,1,1,3,9,0,0,0,0,0,0,0,3,11
11861,1948,Master,Divorced,50978.0,1,0,2012-09-01,30,545,178,95,18,78,176,6,1,6,10,7,0,0,0,0,0,0,0,3,11
11862,1951,Graduation,Widow,56321.0,0,0,2012-05-07,76,131,100,183,114,50,67,2,2,9,4,4,0,0,1,1,0,0,0,3,11
11863,1970,Graduation,Single,34099.0,0,1,2012-12-29,40,69,3,46,12,11,85,4,1,0,1,7,0,0,0,0,0,0,0,3,11
11864,1971,Master,Divorced,42606.0,1,1,2014-01-08,44,45,18,54,26,18,20,3,3,2,2,7,0,0,0,0,0,0,0,3,11
11865,1958,Graduation,Married,56058.0,0,0,2012-03-13,50,85,59,55,82,13,10,4,2,1,3,7,0,0,0,0,0,0,0,3,11
11866,1951,Graduation,Married,61831.0,0,1,2012-03-16,62,168,92,62,44,9,10,5,6,2,5,7,0,0,1,0,0,0,0,3,11
11867,1950,Graduation,Married,103804.0,0,0,2014-01-21,0,965,205,537,186,78,11,0,14,5,14,2,0,0,0,0,0,0,0,3,11
11868,1962,Graduation,Together,42748.0,0,2,2012-12-08,46,158,8,167,19,15,39,6,3,4,4,16,0,0,0,0,0,0,0,3,11
11869,1951,Graduation,Together,50986.0,1,0,2013-04-24,74,355,55,51,19,5,16,0,2,0,3,9,0,0,0,0,0,0,0,3,11
11870,1971,Master,Widow,68263.0,1,0,2013-11-20,60,401,236,363,478,297,313,0,14,3,16,3,0,1,1,0,0,1,0,3,11
11871,1984,Graduation,Widow,80406.0,0,0,2013-06-28,31,377,136,274,14,65,9,3,7,2,3,5,0,0,1,0,0,0,0,3,11
11872,1956,Graduation,Divorced,45642.0,0,0,2014-05-24,26,104,36,204,44,88,91,2,6,3,2,6,1,0,0,0,0,0,0,3,11
11873,1946,Graduation,Widow,45859.0,1,1,2012-06-26,56,167,36,59,24,11,115,3,1,0,1,7,0,0,0,0,1,0,0,3,11
11874,1942,Graduation,Widow,53922.0,1,1,2014-01-14,70,282,156,136,252,19,58,1,1,3,8,3,0,0,0,0,0,0,0,3,11
11875,1978,Graduation,Single,41291.0,1,1,2013-02-10,61,316,11,215,31,15,34,4,5,3,8,5,0,0,0,0,0,1,0,3,11
11876,1981,Graduation,Together,55123.0,0,0,2012-04-23,68,252,53,76,7,112,88,1,6,2,5,6,0,0,0,0,0,1,0,3,11
11877,1960,Master,Single,64035.0,0,0,2013-02-20,32,306,79,255,16,113,239,3,4,7,6,3,0,0,0,0,0,0,0,3,11
11878,1971,2n Cycle,Married,37292.0,0,2,2013-03-26,29,192,17,120,1,4,119,5,2,3,2,7,0,0,0,1,0,0,0,3,11
11879,1957,Graduation,Divorced,24399.0,0,2,2012-03-27,44,46,20,65,3,7,21,10,2,0,1,8,0,0,0,0,0,0,0,3,11
11880,1970,Graduation,Widow,36367.0,0,1,2013-03-11,58,90,16,174,6,2,60,1,3,1,6,6,0,0,0,0,1,0,0,3,11
11881,1970,Master,Widow,36823.0,1,2,2012-01-28,42,70,35,177,60,30,73,2,7,1,2,6,1,1,0,0,0,0,0,3,11
11882,1980,Master,Together,62949.0,1,1,2013-08-22,26,402,51,391,18,132,191,0,8,1,16,3,0,0,1,0,1,0,0,3,11
11883,1964,Graduation,Single,50439.0,0,1,2013-07-10,79,150,35,88,13,46,14,6,4,2,2,7,0,1,0,0,0,1,0,3,11
11884,1967,2n Cycle,Widow,50970.0,0,0,2012-04-20,20,738,809,513,38,12,135,4,16,2,18,8,0,1,0,0,0,0,0,3,11
11885,1986,Graduation,Divorced,55117.0,0,1,2013-05-29,8,871,400,668,180,24,269,3,14,9,11,5,0,0,1,0,0,0,0,3,11
11886,1969,2n Cycle,Married,53376.0,0,0,2012-08-27,45,730,28,746,42,107,203,0,5,8,15,4,0,0,0,0,0,0,0,3,11
11887,1959,2n Cycle,Married,81747.0,0,0,2013-08-04,42,769,36,140,428,101,77,0,2,1,24,1,0,0,1,0,0,1,0,3,11
11888,1955,2n Cycle,Widow,48044.0,0,1,2012-07-31,29,147,18,172,7,6,87,5,4,2,3,2,0,0,0,0,0,0,0,3,11
11889,1981,Graduation,Widow,58697.0,1,0,2014-03-17,53,508,166,291,562,75,65,4,6,3,17,2,0,1,0,0,0,0,1,3,11
11890,1969,Graduation,Divorced,81119.0,1,1,2013-04-05,13,336,50,154,53,38,52,2,6,3,5,6,0,0,0,0,0,0,0,3,11
11891,1963,Graduation,Single,45137.0,0,1,2014-06-17,42,100,47,56,6,3,43,4,4,2,6,10,0,0,0,0,0,0,0,3,11
11892,1975,Master,Widow,38596.0,1,1,2012-03-12,33,111,19,98,10,20,31,3,5,1,2,4,1,0,0,0,1,1,1,3,11
11893,1965,Graduation,Single,83570.0,0,0,2014-01-25,17,488,49,320,113,84,516,0,15,6,8,1,0,0,0,1,1,1,0,3,11
11894,1987,Graduation,Divorced,79808.0,1,0,2012-02-20,50,782,185,65,100,29,118,1,3,10,10,7,0,0,0,0,0,0,0,3,11
11895,1974,Graduation,Together,89645.0,0,0,2012-01-21,33,1967,639,1940,97,21,371,2,24,23,32,0,0,1,0,1,0,0,0,3,11
11896,1971,Graduation,Together,32263.0,0,1,2012-06-01,40,78,18,81,15,1,73,3,2,2,1,8,0,0,0,0,0,0,0,3,11
11897,1977,Master,Married,46115.0,1,0,2012-10-03,42,414,20,258,27,18,237,1,6,6,5,4,0,1,0,0,0,0,0,3,11
11898,1974,Basic,Single,82397.0,0,0,2014-03-18,36,1194,277,1107,98,65,53,1,4,21,18,1,0,0,0,0,1,0,0,3,11
11899,1972,Graduation,Together,104662.0,0,0,2013-11-30,49,654,124,385,626,139,154,1,11,12,12,3,0,0,0,0,0,0,0,3,11
11900,1980,Graduation,Divorced,59913.0,1,2,2012-03-08,65,182,39,157,59,35,13,4,7,2,4,4,0,1,1,0,0,0,0,3,11
11901,1963,Master,Widow,91116.0,1,0,2014-03-22,44,1561,66,310,33,4,48,2,13,5,14,2,1,0,0,0,0,0,0,3,11
11902,1969,Graduation,Widow,44620.0,1,0,2012-07-31,53,162,16,226,111,19,31,1,3,4,7,6,0,0,0,0,0,0,0,3,11
11903,1975,Graduation,Single,71010.0,0,0,2014-03-31,10,388,160,142,2,131,142,2,8,2,7,5,1,0,1,1,0,0,0,3,11
11904,1986,Graduation,Divorced,42435.0,1,1,2012-07-01,61,48,39,34,13,1,16,5,3,1,4,7,0,0,0,0,0,0,0,3,11
11905,1974,Graduation,Single,45671.0,0,0,2013-08-26,64,178,142,131,19,53,50,2,2,3,10,4,0,0,0,1,0,0,0,3,11
11906,1992,Graduation,Divorced,72563.0,1,1,2013-07-18,65,584,60,563,45,43,35,2,12,6,7,4,1,0,0,0,0,1,0,3,11
11907,1966,PhD,Married,105991.0,0,0,2014-02-01,0,522,47,345,118,82,17,3,10,0,10,3,0,1,0,0,0,1,0,3,11
11908,1940,2n Cycle,Married,56741.0,0,1,2013-07-12,65,345,27,187,35,176,229,5,5,4,11,7,0,0,1,0,0,0,0,3,11
11909,1940,2n Cycle,Married,49765.0,1,0,2012-05-24,41,206,10,264,117,5,26,4,4,5,1,5,0,1,0,0,0,0,0,3,11
11910,1981,Master,Together,100766.0,0,0,2014-06-15,36,479,473,604,10,16,150,1,10,5,14,4,0,0,0,0,1,0,0,3,11
11911,1964,Graduation,Divorced,93130.0,0,0,2012-12-19,0,948,31,135,27,31,207,2,10,2,13,4,0,0,0,0,0,0,0,3,11
11912,1961,2n Cycle,Single,44506.0,0,0,2014-04-29,42,554,16,138,30,6,42,1,4,3,4,7,0,0,0,0,0,0,0,3,11
11913,1981,Master,Widow,55018.0,1,2,2012-03-16,22,166,4,16,7,7,7,5,2,2,5,11,0,0,1,1,0,0,0,3,11
11914,1967,PhD,Married,83887.0,0,0,2014-03-26,18,276,36,537,107,51,300,1,3,3,12,2,0,0,0,1,0,0,0,3,11
11915,1957,Graduation,Single,105105.0,0,0,2012-09-18,41,800,406,746,356,72,604,0,26,9,9,3,0,0,0,0,0,0,0,3,11
11916,1967,Master,Together,23426.0,0,1,2014-05-18,67,123,58,49,10,18,62,5,1,2,5,5,0,0,0,0,1,0,0,3,11
11917,1977,Master,Together,49052.0,1,1,2013-11-29,99,132,40,58,10,2,14,4,1,1,2,10,0,0,0,0,0,0,0,3,11
11918,1966,PhD,Single,50975.0,0,2,2014-05-26,46,58,59,105,34,47,54,1,3,4,2,5,1,0,0,1,0,0,0,3,11
11919,1971,Graduation,Together,52311.0,1,1,2012-06-16,32,235,6,231,8,78,63,4,4,4,6,6,0,0,0,1,0,0,0,3,11
11920,1984,Graduation,Together,72685.0,0,0,2013-10-25,68,481,45,236,76,147,344,2,3,7,10,5,0,0,0,0,0,0,0,3,11
11921,1984,PhD,Single,72682.0,1,0,2013-10-30,0,299,0,379,127,19,19,2,4,5,8,4,0,0,0,0,1,0,0,3,11
11922,1977,Graduation,Together,57159.0,1,0,2014-03-21,42,1230,218,507,204,137,230,1,2,11,23,3,1,0,0,0,0,0,0,3,11
11923,1979,Graduation,Divorced,72516.0,1,0,2013-11-22,49,555,26,206,68,28,39,1,11,1,12,9,0,1,0,0,0,1,0,3,11
11924,1979,Graduation,Together,55294.0,1,1,2012-03-22,0,582,236,663,191,192,214,5,1,20,12,10,0,1,0,1,0,0,0,3,11
11925,1968,Master,Single,79683.0,1,0,2014-03-02,4,929,142,224,394,10,70,0,17,3,5,3,0,0,0,1,0,0,0,3,11
11926,1977,Graduation,Married,81433.0,1,0,2012-09-01,7,339,302,427,336,83,76,2,7,3,13,11,0,1,0,0,0,0,0,3,11
11927,1967,Graduation,Widow,46179.0,1,1,2014-05-20,76,100,15,43,20,137,55,6,2,6,5,4,0,0,0,0,0,1,0,3,11
11928,1965,2n Cycle,Married,78143.0,0,0,2013-11-25,13,1712,219,305,266,79,357,1,22,6,15,1,0,0,0,0,0,0,0,3,11
11929,1980,Graduation,Divorced,56130.0,0,0,2013-11-03,32,224,34,405,120,30,24,1,5,1,4,5,0,0,1,1,0,0,0,3,11
11930,1968,Graduation,Divorced,,0,1,2013-07-31,22,125,67,81,40,84,24,3,4,5,3,7,0,0,0,0,0,0,0,3,11
11931,1965,Graduation,Married,43997.0,1,2,2013-08-30,40,325,17,130,17,48,27,5,2,2,5,10,1,0,0,0,1,0,0,3,11
11932,1976,Master,Married,31112.0,0,1,2013-05-24,40,77,6,97,43,19,12,3,4,1,4,4,0,0,1,0,0,1,0,3,11
11933,1954,Graduation,Married,55845.0,1,0,2013-12-06,47,312,125,97,69,23,2,1,2,3,9,7,0,0,0,0,0,1,0,3,11
11934,1962,Graduation,Widow,44122.0,1,1,2014-04-09,51,68,7,81,3,33,36,6,2,4,3,6,0,1,0,0,0,0,0,3,11
11935,1975,Graduation,Single,88426.0,0,0,2012-06-19,60,804,232,387,207,32,4,2,14,7,13,2,1,0,0,1,0,0,0,3,11
11936,1963,Master,Married,79551.0,1,0,2014-01-19,53,1146,33,729,43,120,134,3,12,6,12,3,0,1,0,1,0,0,0,3,11
11937,1982,PhD,Widow,35756.0,0,2,2013-10-26,18,70,39,70,3,8,2,11,2,1,2,3,0,0,0,0,0,0,0,3,11
11938,1980,Graduation,Widow,62278.0,0,0,2013-06-09,60,142,155,144,28,115,220,0,3,2,9,5,1,0,0,1,0,0,0,3,11
11939,1974,Master,Single,74022.0,0,0,2014-03-29,47,1648,110,1397,126,141,83,0,7,38,14,1,0,0,0,0,1,1,0,3,11
11940,1960,PhD,Single,79664.0,1,0,2014-04-22,39,448,505,202,60,25,217,4,11,9,9,5,0,0,0,0,0,0,0,3,11
11941,1982,Master,Widow,55761.0,1,0,2013-02-11,59,448,188,819,165,685,268,0,7,9,28,4,0,0,0,0,1,0,0,3,11
11942,1982,Graduation,Single,69710.0,0,0,2012-03-02,64,686,41,149,10,49,34,0,8,1,6,6,0,0,1,0,0,0,0,3,11
11943,1969,Basic,Married,88725.0,0,0,2012-01-20,17,681,4,494,252,441,123,0,3,3,24,4,0,0,1,0,0,1,0,3,11
11944,1953,PhD,Divorced,42127.0,0,0,2013-07-06,25,280,35,123,18,13,15,1,3,1,5,3,0,1,0,0,0,1,0,3,11
11945,1956,Master,Together,46036.0,0,1,2012-10-30,64,341,20,65,7,95,126,4,4,4,3,9,0,0,0,0,0,0,0,3,11
11946,1968,Graduation,Divorced,118674.0,0,0,2012-07-20,10,324,229,149,47,132,87,0,5,6,12,2,1,0,1,0,0,0,0,3,11
11947,1982,Graduation,Married,54140.0,0,0,2012-03-27,57,425,15,174,40,100,50,3,3,2,8,4,0,0,0,0,0,0,0,3,11
11948,1966,PhD,Together,73551.0,0,0,2012-08-27,5,590,35,553,325,247,399,0,11,10,13,3,0,0,1,0,0,1,0,3,11
11949,1953,PhD,Together,55274.0,1,1,2013-07-17,73,332,1,132,25,2,113,1,6,1,7,3,0,0,0,0,0,0,0,3,11
11950,1945,Graduation,Together,50502.0,1,0,2013-12-16,35,178,57,105,66,39,91,2,2,1,2,11,0,0,1,0,0,0,0,3,11
11951,1956,Master,Single,179580.0,0,0,2014-01-21,23,448,153,261,157,103,232,1,5,6,12,1,0,0,0,0,0,0,0,3,11
11952,1973,Graduation,Single,40230.0,1,1,2013-08-17,51,75,68,92,76,21,36,3,2,1,3,6,1,0,0,0,0,0,0,3,11
11953,1947,Master,Widow,48188.0,1,1,2012-03-23,20,261,6,51,8,17,55,6,1,0,6,5,0,0,0,0,0,0,0,3,11
11954,1962,Graduation,Divorced,69079.0,0,0,2013-09-22,75,280,45,170,13,41,205,7,2,3,6,7,0,0,0,0,0,0,0,3,11
11955,1947,Graduation,Single,35983.0,1,0,2013-01-19,80,655,9,308,103,98,191,3,12,6,4,4,0,0,0,0,1,1,0,3,11
11956,1976,Graduation,Together,38724.0,1,1,2012-04-26,54,323,3,51,34,22,60,4,6,3,3,11,0,0,0,0,0,0,0,3,11
11957,1976,Graduation,Together,134115.0,0,0,2013-08-28,11,178,2,583,75,3,231,2,3,5,11,1,0,0,0,0,0,1,0,3,11
11958,1955,Master,Together,50805.0,1,0,2014-05-10,46,172,65,94,36,63,75,1,1,2,7,5,0,0,0,0,0,0,0,3,11
11959,1960,Graduation,Divorced,26868.0,1,1,2014-03-27,46,56,54,48,129,3,39,9,3,2,4,8,0,0,0,0,0,0,0,3,11
11960,1970,Graduation,Widow,35107.0,1,1,2013-12-04,57,189,15,28,35,3,3,5,1,2,2,5,1,0,1,0,1,0,0,3,11
11961,1966,Graduation,Divorced,86946.0,0,0,2012-07-17,31,304,61,193,58,20,39,2,6,1,7,4,0,0,0,0,0,0,0,3,11
11962,1977,Graduation,Widow,40968.0,1,1,2013-03-22,38,74,27,144,10,8,61,6,4,1,3,6,0,0,0,0,0,0,0,3,11
11963,1958,Graduation,Married,76099.0,0,0,2013-04-20,52,609,202,691,24,133,234,0,9,8,13,0,1,1,1,0,0,1,0,3,11
11964,1977,Master,Married,33133.0,1,2,2013-01-05,53,125,31,102,135,17,170,4,5,2,2,7,0,0,0,0,0,0,0,3,11
11965,1965,Graduation,Divorced,80469.0,0,0,2012-01-16,70,955,93,458,36,13,171,1,16,1,10,5,0,0,0,0,0,0,0,3,11
11966,1970,PhD,Widow,40847.0,1,1,2013-05-28,60,121,5,127,51,13,118,4,2,6,7,2,0,0,0,0,0,0,0,3,11
11967,1948,Graduation,Single,67958.0,1,1,2012-12-17,43,204,59,68,30,1,21,3,2,4,3,4,0,0,0,0,0,0,0,3,11
11968,1975,Graduation,Single,80228.0,0,0,2012-11-06,31,242,108,213,2,19,194,2,5,2,4,5,1,0,0,0,0,0,0,3,11
11969,1977,Graduation,Single,41629.0,0,1,2012-11-06,49,203,13,73,24,21,35,7,8,1,2,6,0,0,0,0,0,0,0,3,11
11970,1970,Graduation,Married,49802.0,0,0,2013-10-30,35,459,35,796,280,123,43,0,4,17,7,6,0,0,0,0,0,0,0,3,11
11971,1940,Graduation,Widow,39871.0,0,0,2012-06-08,56,130,49,109,12,3,128,1,2,5,3,4,0,0,1,0,0,0,0,3,11
11972,1976,Graduation,Married,42277.0,1,1,2013-05-08,33,89,7,128,31,12,15,6,2,2,2,9,0,0,0,0,0,0,0,3,11
11973,1992,Master,Divorced,49665.0,1,0,2012-05-08,15,184,53,154,130,41,119,2,7,8,3,2,0,0,0,1,1,0,0,3,11
11974,1963,Graduation,Single,86030.0,0,0,2014-04-21,45,870,221,288,273,30,91,1,7,13,8,3,0,1,0,0,0,0,0,3,11
11975,1969,PhD,Widow,95645.0,0,0,2012-11-28,39,1008,234,856,131,90,293,1,2,11,31,3,0,1,0,0,0,0,0,3,11
11976,1979,Graduation,Divorced,51773.0,0,0,2014-03-31,3,221,156,381,106,58,53,4,3,4,7,3,0,1,1,0,1,0,0,3,11
11977,1949,2n Cycle,Widow,42368.0,1,0,2012-02-25,63,175,25,105,10,145,104,2,7,2,3,8,0,1,0,0,1,0,0,3,11
11978,1975,Graduation,Divorced,37291.0,1,1,2013-10-16,76,64,15,49,26,8,21,10,2,3,6,8,0,0,0,0,0,0,0,3,11
11979,1969,Graduation,Divorced,99538.0,0,0,2014-03-26,33,710,6,311,108,59,291,0,15,2,8,3,0,0,0,0,0,0,0,3,11
11980,1954,Graduation,Single,64299.0,1,0,2012-05-18,15,159,52,886,71,35,7,1,13,4,11,4,0,0,0,0,0,0,0,3,11
11981,1966,Basic,Married,73391.0,1,0,2014-05-08,8,360,99,53,406,174,90,0,8,2,10,6,1,1,0,1,0,0,0,3,11
11982,1953,PhD,Widow,52772.0,0,0,2014-04-29,50,156,86,82,23,43,33,2,6,1,3,2,0,0,0,0,0,0,0,3,11
11983,1987,Graduation,Together,55989.0,0,1,2014-02-15,79,230,69,331,45,117,229,3,10,8,6,6,0,0,0,1,0,0,0,3,11
11984,1981,Graduation,Together,30674.0,1,1,2013-10-11,46,75,16,25,17,16,4,8,0,0,0,9,0,0,0,0,0,0,0,3,11
11985,1952,Master,Divorced,46949.0,1,0,2012-01-04,65,204,1,81,20,14,102,2,3,0,2,2,0,0,0,1,0,0,0,3,11
11986,1987,Master,Married,70554.0,1,0,2012-04-13,23,843,154,636,79,104,113,1,12,6,11,6,0,0,0,0,0,0,0,3,11
11987,1984,Graduation,Married,40646.0,0,1,2012-11-06,95,120,11,24,77,8,25,7,3,3,3,8,0,0,0,0,0,0,0,3,11
11988,1948,Graduation,Widow,34167.0,1,0,2013-12-03,52,316,116,294,393,117,36,4,1,6,9,3,0,0,0,0,0,0,0,3,11
11989,1961,Graduation,Widow,76913.0,0,0,2013-01-27,1,719,143,444,308,122,97,1,20,2,9,1,0,0,0,0,1,0,0,3,11
11990,1969,Graduation,Widow,114516.0,0,0,2012-02-11,10,835,332,466,5,59,178,0,7,3,22,5,0,0,0,0,0,0,0,3,11
11991,1969,Graduation,Married,38607.0,0,1,2012-10-23,38,52,58,187,19,2,38,7,1,2,12,8,0,0,0,0,0,0,0,3,11
11992,1976,Graduation,Together,48959.0,1,0,2014-01-23,40,67,77,153,7,66,46,3,2,4,7,2,0,0,1,0,0,0,0,3,11
11993,1962,Graduation,Single,144167.0,0,0,2013-12-21,12,805,285,426,184,117,238,4,12,7,15,4,0,1,0,0,1,0,0,3,11
11994,1973,Master,Together,64625.0,0,0,2014-01-10,27,340,138,338,38,74,202,1,11,7,6,5,0,0,0,0,0,1,0,3,11
11995,1992,Graduation,Married,41036.0,1,1,2013-08-30,99,180,28,130,47,30,78,4,3,4,6,5,0,0,0,1,0,1,0,3,11
11996,1979,Graduation,Married,70407.0,1,0,2012-06-12,25,877,178,380,35,141,49,1,11,6,10,5,1,0,0,0,0,0,0,3,11
11997,1973,Basic,Divorced,60393.0,0,0,2012-06-24,41,229,84,300,27,25,81,3,3,1,7,7,0,0,0,0,0,0,0,3,11
11998,1957,Graduation,Widow,44958.0,1,0,2014-06-09,45,387,24,227,129,28,198,6,6,6,4,10,0,0,0,1,0,0,0,3,11
11999,1971,Graduation,Divorced,58086.0,1,2,2012-03-18,56,136,11,72,1,18,15,4,1,3,3,8,0,0,0,0,0,0,0,3,11
12000,1947,Graduation,Married,63554.0,0,0,2013-12-05,66,125,1,154,45,100,14,0,4,3,2,6,0,0,0,1,0,0,0,3,11
12001,1977,Graduation,Single,76614.0,0,0,2013-06-23,0,456,185,411,25,2,160,2,5,4,5,11,0,0,0,0,0,0,0,3,11
12002,1941,Graduation,Single,58352.0,0,0,2012-02-08,55,147,42,125,119,90,50,3,1,3,7,11,0,1,0,1,0,0,0,3,11
12003,1962,Graduation,Married,31091.0,1,2,2014-01-29,49,178,83,102,45,8,86,5,6,3,3,6,0,0,0,0,0,0,0,3,11
12004,1967,Graduation,Married,116200.0,0,0,2014-03-25,31,421,40,832,691,111,68,2,19,7,10,3,0,0,0,0,0,0,0,3,11
12005,1955,PhD,Single,43931.0,0,0,2013-07-24,47,208,35,276,25,109,18,4,8,5,5,7,0,0,0,0,1,0,0,3,11
12006,2000,2n Cycle,Together,68789.0,1,0,2014-06-09,33,778,41,336,197,99,169,2,15,4,9,7,1,0,0,0,1,1,0,3,11
12007,1969,Graduation,Together,64841.0,0,0,2012-08-08,34,1330,598,468,284,190,8,1,9,14,19,5,0,0,1,1,0,1,0,3,11
12008,1977,PhD,Together,59838.0,0,0,2014-05-09,15,628,479,368,296,468,320,0,3,8,25,3,0,0,0,0,0,0,0,3,11
12009,1970,Master,Married,40498.0,1,1,2013-05-16,99,86,6,158,112,94,24,6,1,4,7,6,0,0,0,1,0,0,0,3,11
12010,1965,Graduation,Widow,76553.0,0,0,2013-08-20,6,636,164,364,429,180,620,4,11,11,14,3,1,1,0,0,0,0,0,3,11
12011,1972,Graduation,Married,43665.0,0,0,2013-04-22,69,304,77,428,93,312,11,2,5,4,15,5,0,0,0,1,0,0,0,3,11
12012,1955,Graduation,Single,100277.0,0,0,2014-03-11,0,1209,779,573,89,338,55,0,23,11,17,3,0,0,1,0,0,0,0,3,11
12013,1978,PhD,Widow,99326.0,1,0,2013-12-09,32,374,220,114,39,59,305,2,6,3,6,2,0,0,0,0,0,0,0,3,11
12014,1959,2n Cycle,Together,85824.0,1,1,2013-12-30,44,608,59,162,93,25,218,1,9,5,8,4,0,0,0,0,0,0,0,3,11
12015,1970,2n Cycle,Together,36094.0,1,2,2013-01-18,37,204,57,36,129,10,102,6,8,2,5,6,0,0,0,1,0,1,0,3,11
12016,1988,Master,Single,65115.0,0,1,2014-04-21,15,796,7,553,17,722,35,3,19,2,15,4,0,0,1,0,1,0,0,3,11
12017,1971,Graduation,Married,107485.0,0,0,2013-10-10,21,517,344,768,74,50,141,1,9,11,4,3,0,1,1,0,0,1,0,3,11
12018,1974,Graduation,Divorced,47561.0,0,1,2012-11-09,77,86,11,66,26,23,24,6,1,2,1,3,1,0,0,0,0,0,0,3,11
12019,1973,Graduation,Married,60684.0,0,0,2012-08-21,39,817,147,205,254,243,339,2,4,10,13,5,0,0,0,0,0,0,0,3,11
12020,1979,Graduation,Divorced,38261.0,1,1,2013-12-20,99,62,127,131,5,26,29,3,2,1,7,6,1,1,0,0,0,0,0,3,11
12021,1969,Basic,Divorced,95577.0,0,0,2012-01-22,40,754,207,1003,42,21,115,1,6,7,23,1,0,1,0,0,0,0,0,3,11
12022,1968,Graduation,Together,100543.0,0,0,2014-03-13,17,526,20,872,120,112,32,1,6,7,5,3,0,0,0,0,1,0,0,3,11
12023,1981,PhD,Together,63293.0,0,0,2013-11-23,0,769,114,294,5,60,63,5,3,5,13,3,0,0,0,0,0,1,0,3,11
12024,1971,Graduation,Married,63457.0,0,0,2013-05-29,3,378,11,346,23,255,128,2,5,1,16,6,1,0,0,0,0,1,0,3,11
12025,1972,Master,Married,85657.0,1,0,2014-06-06,32,490,46,168,46,49,94,4,2,3,12,1,0,0,0,0,1,0,0,3,11
12026,1944,PhD,Widow,66231.0,0,0,2012-08-28,17,211,103,132,77,45,83,3,5,5,3,6,0,0,0,0,1,0,0,3,11
12027,1980,Graduation,Married,71512.0,0,0,2014-06-06,33,534,27,229,97,132,252,2,9,2,10,4,0,0,0,0,1,1,0,3,11
12028,1962,Master,Married,53592.0,0,1,2012-04-30,62,78,37,95,15,7,11,3,1,1,2,8,0,0,0,0,0,0,0,3,11
12029,1982,Graduation,Married,35174.0,0,1,2013-11-06,51,78,78,138,18,36,47,7,2,3,4,7,0,0,0,0,0,0,0,3,11
12030,1978,PhD,Single,,0,0,2012-06-29,22,846,225,1002,302,29,698,0,5,17,26,1,0,0,0,0,1,1,0,3,11
12031,1981,Graduation,Divorced,42355.0,0,1,2013-08-24,99,251,9,53,5,40,46,3,3,3,5,9,0,0,0,0,0,1,0,3,11
12032,1977,PhD,Together,125035.0,0,0,2012-11-11,39,437,156,55,326,34,27,3,14,1,5,4,0,0,0,0,0,1,0,3,11
12033,1968,PhD,Widow,51208.0,1,0,2012-12-02,34,433,360,364,44,14,318,3,9,6,11,4,0,1,0,0,0,1,0,3,11
12034,1971,Graduation,Divorced,78409.0,0,0,2012-08-21,6,441,288,279,125,61,764,2,13,11,11,5,0,0,1,0,0,0,0,3,11
12035,1975,PhD,Widow,41320.0,0,2,2014-04-12,57,73,13,47,6,6,29,8,1,3,0,7,0,0,1,0,0,1,0,3,11
12036,1955,2n Cycle,Together,56300.0,1,1,2013-05-20,41,348,98,238,62,20,34,5,5,4,2,4,0,0,0,0,0,0,0,3,11
12037,1962,Graduation,Single,132932.0,0,0,2013-03-08,67,632,290,646,103,169,170,1,17,3,14,3,0,0,0,1,0,0,0,3,11
12038,1975,Graduation,Together,33245.0,0,1,2012-08-30,70,152,38,278,67,78,137,6,7,1,7,4,1,0,0,0,0,0,0,3,11
12039,1976,Graduation,Together,45539.0,1,1,2013-10-16,89,230,37,120,18,39,43,5,5,3,4,4,0,0,0,0,0,0,0,3,11
12040,1988,PhD,Widow,82013.0,0,0,2012-08-09,42,788,12,313,105,217,73,6,4,10,7,9,0,0,1,0,0,0,0,3,11
12041,1976,Master,Together,43751.0,0,1,2013-05-25,85,70,40,123,1,30,45,9,4,3,6,8,0,0,0,0,0,0,0,3,11
12042,1962,Master,Single,31355.0,1,2,2012-11-23,35,92,9,150,10,6,30,3,5,1,4,6,0,0,1,0,0,0,0,3,11
12043,1953,Graduation,Divorced,68910.0,1,1,2014-03-18,57,106,36,46,129,42,64,1,1,3,5,5,0,0,0,0,0,0,0,3,11
12044,1959,Basic,Together,66494.0,0,0,2012-10-02,32,142,5,111,3,23,37,6,1,1,3,6,0,0,0,1,0,0,0,3,11
12045,1957,Graduation,Widow,101466.0,0,0,2013-09-12,18,254,155,356,298,271,30,1,11,5,10,2,0,0,0,0,0,1,0,3,11
12046,1982,Master,Together,67712.0,1,1,2012-06-12,38,504,113,235,51,67,160,0,3,2,10,4,0,0,0,0,0,0,0,3,11
12047,1960,Master,Widow,39758.0,1,1,2012-10-03,36,58,4,50,3,8,2,10,3,1,8,6,0,0,0,0,0,0,0,3,11
12048,1955,Graduation,Divorced,88594.0,0,0,2013-04-11,0,445,111,445,70,156,319,1,2,3,19,5,0,0,0,0,0,0,0,3,11
12049,1977,Graduation,Widow,73888.0,0,0,2014-04-04,59,350,141,140,71,53,291,0,11,6,7,4,0,0,0,0,0,0,0,3,11
12050,1965,Basic,Single,52325.0,0,0,2012-12-31,15,247,15,226,18,60,5,5,3,1,7,4,0,0,1,0,0,0,0,3,11
12051,1948,Graduation,Divorced,75952.0,0,0,2012-06-08,65,457,595,278,31,37,79,0,3,17,9,4,1,0,0,1,1,0,0,3,11
12052,1974,Master,Divorced,52703.0,1,1,2014-03-13,20,564,87,30,119,86,124,1,5,7,4,5,0,0,0,0,0,0,0,3,11
12053,1956,Graduation,Married,44739.0,1,0,2012-07-10,64,630,201,275,26,1,61,0,9,6,6,1,0,0,0,0,0,0,0,3,11
12054,1970,Master,Married,67953.0,1,0,2012-07-18,51,684,186,234,15,251,109,1,5,3,19,6,0,0,0,1,0,0,0,3,11
12055,1972,Graduation,Widow,64651.0,0,0,2012-11-19,13,83,188,166,131,263,98,3,9,4,6,4,1,1,0,0,0,0,0,3,11
12056,1943,PhD,Single,54289.0,0,0,2014-01-05,62,242,28,152,29,61,93,2,4,3,8,8,0,0,0,0,0,0,0,3,11
12057,1983,Graduation,Married,71848.0,0,1,2012-11-26,41,752,15,120,30,2,219,3,3,6,9,1,0,0,0,0,0,0,0,3,11
12058,1964,Graduation,Divorced,79388.0,0,0,2014-05-11,41,859,59,306,18,10,168,1,2,3,19,3,0,0,0,0,0,1,0,3,11
12059,1976,Master,Together,120656.0,0,0,2014-01-11,54,868,8,204,75,33,231,0,2,15,10,7,0,0,0,0,1,0,0,3,11
12060,1948,PhD,Together,49289.0,0,0,2014-01-18,69,458,76,181,34,18,143,2,5,4,5,5,0,0,0,0,0,0,0,3,11
12061,1978,Master,Widow,59603.0,1,0,2013-01-28,18,531,136,66,193,10,43,2,9,2,8,1,1,1,0,0,0,0,0,3,11
12062,1969,Graduation,Single,41849.0,1,2,2014-01-17,55,89,20,56,1,3,16,4,3,1,1,4,0,1,1,0,0,0,0,3,11
12063,1968,Graduation,Single,62334.0,0,0,2014-02-24,9,1274,14,332,93,29,127,2,9,6,16,1,0,0,0,0,0,1,0,3,11
12064,1980,2n Cycle,Single,55494.0,0,0,2012-12-24,25,293,95,237,48,302,227,2,6,6,9,2,0,0,0,1,1,0,0,3,11
12065,1960,PhD,Together,63273.0,0,1,2012-10-25,62,38,11,64,4,77,99,3,1,2,3,3,0,0,0,0,0,1,0,3,11
12066,1965,Master,Divorced,26846.0,1,1,2012-04-07,71,82,90,46,29,11,18,1,1,1,5,9,0,1,0,0,0,0,0,3,11
12067,1942,Graduation,Single,65024.0,1,0,2012-12-14,64,324,47,215,94,31,152,5,6,1,9,8,0,0,0,1,0,0,0,3,11
12068,1982,PhD,Together,87936.0,1,0,2013-03-05,44,546,91,294,72,196,165,0,11,5,7,5,1,0,0,1,1,0,0,3,11
12069,1967,Master,Divorced,35293.0,1,1,2013-11-17,67,290,91,168,12,57,35,4,2,3,13,5,0,0,0,0,0,0,0,3,11
12070,1950,Graduation,Single,55125.0,0,0,2013-05-14,41,461,18,160,189,81,89,4,3,9,10,6,0,0,0,0,0,0,0,3,11
12071,1977,Graduation,Together,81305.0,1,0,2012-08-10,67,768,284,683,233,7,19,1,9,13,12,6,1,0,0,0,1,1,0,3,11
12072,1990,Graduation,Divorced,,1,0,2012-09-25,52,901,258,701,616,653,204,2,19,26,4,10,1,0,1,0,0,0,0,3,11
12073,1964,Basic,Single,61855.0,1,0,2012-04-21,51,380,90,136,37,123,63,2,5,3,5,4,0,0,1,1,0,1,0,3,11
12074,1984,2n Cycle,Married,56835.0,1,0,2012-07-15,62,255,179,516,61,137,75,3,8,17,3,11,0,0,0,0,0,0,0,3,11
12075,1989,Graduation,Together,34538.0,0,1,2012-05-04,46,147,2,142,73,2,40,2,2,1,4,6,0,0,0,1,0,0,0,3,11
12076,1942,Master,Divorced,44317.0,0,0,2013-11-25,54,258,105,85,0,20,34,6,5,4,2,3,0,1,0,0,1,0,0,3,11
12077,1964,PhD,Together,96384.0,0,0,2012-07-28,47,439,106,669,212,153,400,0,8,14,10,3,1,0,0,1,0,0,0,3,11
12078,1978,Basic,Divorced,81939.0,0,0,2012-02-15,11,228,394,91,118,8,60,1,5,3,7,2,1,1,0,0,1,0,0,3,11
12079,1984,PhD,Together,86746.0,0,0,2013-06-24,76,811,147,640,98,258,256,1,12,7,13,5,0,0,0,1,1,1,0,3,11
12080,1992,Graduation,Widow,50407.0,1,0,2013-05-14,25,130,129,373,57,129,80,1,8,5,1,7,1,0,0,0,0,1,0,3,11
12081,1967,2n Cycle,Divorced,72477.0,0,0,2012-02-06,18,434,177,489,70,32,261,1,10,2,11,5,0,0,0,0,0,0,0,3,11
12082,1956,2n Cycle,Together,41120.0,0,1,2013-09-12,58,109,29,64,43,11,72,1,1,1,4,9,0,0,0,0,0,0,0,3,11
12083,1972,PhD,Together,130143.0,0,0,2013-08-20,44,375,79,555,262,141,392,1,13,4,16,8,0,0,1,0,0,0,0,3,11
12084,1965,Graduation,Together,,0,1,2014-05-16,76,52,49,23,1,6,3,5,2,1,2,7,0,0,0,0,0,0,0,3,11
12085,1981,Master,Single,60160.0,1,0,2013-11-19,70,329,28,167,60,30,47,3,1,5,5,3,0,0,0,0,0,0,0,3,11
12086,1977,Graduation,Together,75764.0,0,0,2013-12-20,36,317,151,148,16,63,48,3,6,3,5,0,1,0,0,0,1,0,0,3,11
12087,1968,Master,Widow,61960.0,1,1,2013-11-03,45,285,50,182,29,206,71,0,4,3,11,2,0,0,0,0,0,0,0,3,11
12088,1974,2n Cycle,Married,35231.0,0,1,2013-08-07,24,180,11,32,34,54,16,7,2,0,4,9,0,0,0,0,0,0,0,3,11
12089,1983,Graduation,Married,53661.0,0,0,2013-07-23,14,308,95,425,59,210,152,1,6,3,16,2,1,0,0,0,0,0,0,3,11
12090,1966,Graduation,Married,86149.0,0,0,2013-07-15,35,675,67,428,115,63,376,3,11,5,8,9,0,0,0,1,0,0,0,3,11
12091,1953,Graduation,Divorced,31293.0,1,0,2013-01-30,59,138,63,374,39,114,97,4,11,3,5,3,0,0,0,0,1,0,0,3,11
12092,1963,Basic,Widow,44574.0,1,1,2012-03-26,56,248,38,88,1,22,24,6,2,1,6,4,0,0,0,0,0,0,0,3,11
12093,1972,Master,Together,82028.0,0,0,2014-06-02,39,409,70,924,300,467,224,1,7,18,13,4,0,0,1,0,0,0,0,3,11
12094,1942,Graduation,Widow,47903.0,0,0,2014-05-28,50,326,6,34,127,9,170,5,3,2,5,5,0,0,0,0,0,0,0,3,11
12095,1975,2n Cycle,Single,91181.0,0,1,2012-03-22,32,739,123,324,270,17,274,1,6,5,14,6,0,0,0,0,0,0,0,3,11
12096,1963,2n Cycle,Together,78021.0,0,0,2013-12-05,80,996,52,1132,247,159,109,1,4,9,24,3,0,0,0,0,0,0,0,3,11
12097,1976,2n Cycle,Divorced,56734.0,0,0,2013-11-12,32,589,224,262,141,24,86,2,6,4,11,8,1,0,0,0,0,0,0,3,11
12098,1971,PhD,Married,87683.0,0,0,2012-08-11,50,1954,63,533,97,191,242,0,15,6,28,3,1,0,0,0,0,0,0,3,11
12099,1978,Master,Widow,70609.0,1,0,2012-12-09,9,128,30,98,151,41,24,3,2,3,3,4,0,0,0,0,0,0,0,3,11
12100,1975,Graduation,Widow,34786.0,1,1,2013-11-23,60,92,8,125,10,5,12,6,1,0,1,5,0,0,0,0,0,0,0,3,11
12101,1959,Graduation,Widow,65696.0,0,0,2014-01-13,13,569,444,291,19,139,229,0,10,4,11,2,0,0,0,0,1,0,0,3,11
12102,1955,PhD,Widow,43733.0,1,0,2012-12-25,95,275,54,333,108,40,150,4,5,2,9,2,0,0,0,0,0,0,0,3,11
12103,1965,Graduation,Widow,67189.0,1,0,2013-07-20,39,544,81,216,139,19,126,4,9,2,8,3,0,0,0,0,0,0,0,3,11
12104,1985,Graduation,Single,38573.0,0,1,2013-02-14,57,63,34,35,8,9,13,6,2,1,2,4,0,0,0,0,0,0,0,3,11
12105,1985,Graduation,Married,41588.0,0,1,2012-05-05,39,166,45,127,20,31,89,5,3,5,5,10,0,0,0,0,0,0,0,3,11
12106,1967,Graduation,Single,36064.0,1,1,2012-05-25,38,32,26,56,23,32,10,3,3,2,5,9,0,0,0,0,0,0,0,3,11
12107,1963,Graduation,Single,45574.0,0,0,2014-01-25,50,183,45,121,20,24,9,3,3,5,7,9,0,0,0,1,0,0,0,3,11
12108,1975,2n Cycle,Divorced,90913.0,1,0,2012-01-16,45,267,88,311,103,198,86,1,3,1,10,2,0,0,1,0,1,0,0,3,11
12109,1965,Graduation,Widow,86676.0,0,0,2012-03-09,51,594,312,614,64,65,35,0,6,13,6,6,0,0,0,1,0,0,0,3,11
12110,1972,PhD,Widow,34775.0,1,2,2012-09-23,45,56,5,35,29,10,20,4,4,2,2,12,0,0,0,0,0,0,0,3,11
12111,1968,Master,Widow,47314.0,1,1,2013-12-30,44,91,26,78,75,10,79,4,2,3,3,7,0,0,0,1,1,0,0,3,11
12112,1965,Master,Widow,77893.0,0,0,2013-09-25,56,1189,195,809,217,2,48,1,16,3,22,2,1,1,0,0,0,0,0,3,11
12113,1993,Graduation,Single,33739.0,0,1,2013-05-25,93,234,9,107,15,22,30,3,5,1,4,2,0,1,1,0,0,0,0,3,11
12114,1969,Master,Divorced,90185.0,0,0,2013-07-14,26,314,223,414,289,309,63,0,17,3,11,0,0,0,1,0,0,1,0,3,11
12115,1950,2n Cycle,Together,52003.0,0,0,2012-05-15,62,305,29,142,113,8,14,2,7,4,4,9,1,0,0,0,0,0,0,3,11
12116,1964,Master,Divorced,68464.0,1,0,2012-05-23,74,262,173,452,126,75,49,5,10,3,10,5,1,1,0,0,0,1,0,3,11
12117,1953,Graduation,Single,136749.0,0,0,2013-06-19,86,2300,40,360,328,66,514,1,19,7,28,4,1,1,0,1,0,0,0,3,11
12118,1977,Master,Married,96261.0,0,0,2012-11-16,37,333,64,75,149,5,21,2,2,5,5,5,0,0,0,0,0,0,0,3,11
12119,1980,Master,Divorced,40398.0,1,0,2013-05-14,54,238,156,295,78,4,29,2,4,2,8,4,0,1,0,0,0,1,0,3,11
12120,1990,Graduation,Divorced,69383.0,1,0,2013-08-01,40,328,49,341,106,190,139,0,2,5,7,2,1,0,0,0,0,0,0,3,11
12121,1954,Master,Divorced,90684.0,0,0,2012-10-11,0,376,249,249,198,91,95,1,10,4,12,5,1,0,0,0,0,0,0,3,11
12122,1969,Graduation,Together,65567.0,1,0,2014-02-06,45,266,310,199,67,135,65,1,9,2,11,11,0,0,1,1,1,0,0,3,11
12123,1964,Graduation,Together,94538.0,0,0,2014-01-01,58,1179,59,505,29,8,31,3,19,4,5,3,0,1,0,1,0,0,0,3,11
12124,1976,Graduation,Married,64628.0,0,0,2012-04-06,21,488,85,177,1,42,103,1,6,4,9,8,0,0,0,0,0,0,0,3,11
12125,1966,Graduation,Married,64320.0,1,0,2012-04-23,0,386,43,209,65,387,89,2,6,5,7,6,0,0,0,0,0,0,0,3,11
12126,1968,Graduation,Divorced,73479.0,1,0,2012-07-07,50,759,29,413,44,48,167,6,4,4,11,3,0,0,1,0,1,0,0,3,11
12127,1968,2n Cycle,Widow,58322.0,1,0,2012-05-05,0,323,332,316,56,4,20,2,8,3,11,3,0,0,1,0,0,0,0,3,11
12128,1963,Graduation,Together,74461.0,0,0,2013-05-09,0,662,24,661,149,14,90,2,3,16,4,3,0,0,0,0,0,0,0,3,11
12129,1969,Graduation,Single,164773.0,0,0,2012-08-05,0,834,56,596,138,2,159,2,8,6,13,4,0,0,0,0,0,0,0,3,11
12130,1960,Master,Together,77994.0,0,0,2013-08-07,0,872,113,595,70,9,236,1,15,3,14,3,1,0,1,0,0,1,0,3,11
12131,1965,PhD,Widow,38769.0,0,1,2014-02-18,81,24,50,31,1,1,38,6,3,2,2,6,0,0,0,0,0,0,0,3,11
12132,1955,PhD,Widow,38556.0,0,0,2012-05-05,55,178,107,162,5,106,180,0,5,3,9,4,1,0,0,0,1,0,0,3,11
12133,1956,2n Cycle,Widow,53225.0,0,0,2012-05-29,97,146,25,250,11,59,30,1,6,2,5,4,0,1,0,1,1,0,0,3,11
12134,1962,Master,Married,31530.0,0,1,2012-06-09,74,263,41,60,45,0,42,7,4,1,7,5,0,0,0,1,0,0,1,3,11
12135,1958,Master,Widow,34782.0,0,1,2013-12-26,99,111,76,75,11,46,32,4,2,1,3,10,0,0,0,0,0,0,0,3,11
12136,1983,Graduation,Married,80110.0,1,0,2014-05-29,23,523,211,392,510,52,106,1,23,2,5,2,1,0,1,0,0,0,0,3,11
12137,1974,PhD,Together,41762.0,1,1,2013-11-27,65,101,2,22,7,33,25,5,1,0,1,3,0,0,0,0,0,0,0,3,11
12138,1969,Master,Together,42575.0,0,1,2013-09-08,29,76,5,50,9,101,2,10,4,2,6,5,0,0,0,0,0,0,0,3,11
12139,1950,Graduation,Divorced,36489.0,0,0,2013-07-02,45,111,21,40,88,96,29,3,2,2,1,6,0,0,0,0,0,0,0,3,11
12140,1958,Graduation,Together,75085.0,1,1,2012-06-30,83,131,27,96,107,19,94,5,4,2,4,3,1,1,0,0,0,0,0,3,11
12141,1962,Graduation,Single,51214.0,0,0,2013-02-26,37,624,133,695,65,94,241,2,15,3,8,4,1,1,0,0,1,0,0,3,11
12142,1968,Graduation,Widow,51588.0,1,1,2014-03-30,52,115,2,269,15,6,85,6,1,3,5,7,1,0,0,0,0,0,0,3,11
12143,1949,Graduation,Married,63787.0,0,0,2012-11-16,51,149,58,101,28,27,38,2,1,3,5,5,0,0,0,0,0,0,0,3,11
12144,1963,Master,Widow,72956.0,1,0,2012-01-26,41,230,92,284,126,15,219,6,2,5,9,4,0,0,0,0,0,0,0,3,11
12145,1957,Master,Single,43827.0,0,0,2012-07-13,55,236,14,198,59,17,78,3,7,2,7,1,0,0,0,0,0,0,0,3,11
12146,1967,Graduation,Single,92770.0,0,0,2013-03-30,57,818,179,763,440,148,24,2,10,9,18,5,0,1,1,0,0,1,0,3,11
12147,1964,Graduation,Single,47326.0,0,0,2013-09-17,36,156,28,95,9,14,16,3,3,0,3,6,0,0,0,0,0,0,0,3,11
12148,1973,Graduation,Married,38221.0,1,1,2013-01-24,53,32,10,34,20,48,7,4,1,2,2,3,1,1,0,0,0,0,0,3,11
12149,1978,PhD,Married,,0,0,2013-02-19,30,623,426,858,134,58,190,1,23,3,14,1,0,1,0,0,0,0,0,3,11
12150,1966,Graduation,Married,25276.0,0,1,2013-09-17,38,71,3,42,10,5,3,8,2,2,4,8,0,0,0,0,0,0,0,3,11
12151,1963,2n Cycle,Together,112637.0,1,0,2012-09-03,18,532,22,609,347,75,18,0,6,2,15,4,0,1,0,0,0,0,0,3,11
12152,1974,Graduation,Married,37389.0,1,1,2013-12-18,74,146,58,28,13,48,4,7,3,2,2,12,0,0,0,0,0,0,0,3,11
12153,1972,Master,Single,34489.0,0,1,2012-10-19,39,147,65,72,11,19,15,10,3,3,4,9,0,0,1,0,0,0,0,3,11
12154,1965,Graduation,Single,33971.0,1,1,2012-04-09,99,131,20,51,4,37,23,5,3,2,3,10,0,0,0,0,0,0,0,3,11
12155,1963,Master,Divorced,55865.0,1,0,2012-05-05,88,193,114,108,21,46,58,5,4,1,3,1,0,0,0,1,0,0,0,3,11
12156,1965,Graduation,Divorced,75268.0,0,0,2012-11-22,31,727,126,808,90,513,354,3,20,5,19,4,0,0,1,0,0,0,0,3,11
12157,1972,Master,Widow,41403.0,0,0,2012-02-10,50,259,99,801,28,69,26,1,3,5,11,4,0,0,0,0,0,0,0,3,11
12158,1992,2n Cycle,Married,70514.0,0,0,2012-06-19,54,312,33,286,234,18,16,4,3,5,12,5,0,0,0,0,0,0,0,3,11
12159,1961,2n Cycle,Divorced,99846.0,0,0,2013-01-29,40,646,486,459,180,101,54,0,8,9,17,3,0,0,0,0,0,0,0,3,11
12160,1991,2n Cycle,Together,62456.0,1,0,2014-04-27,40,285,46,539,151,72,237,2,9,2,9,4,1,0,1,0,0,1,0,3,11
12161,1978,Graduation,Widow,51666.0,0,0,2014-05-28,98,889,391,532,241,113,43,0,16,1,15,8,1,0,0,1,0,1,0,3,11
12162,1987,Graduation,Widow,66167.0,0,0,2013-11-18,22,474,126,235,68,4,644,2,9,8,7,2,1,0,1,0,0,1,0,3,11
12163,1966,Basic,Married,48496.0,0,1,2014-04-29,29,439,14,587,152,326,307,3,10,8,12,4,0,0,0,1,0,1,0,3,11
12164,1963,2n Cycle,Single,42343.0,1,0,2013-07-07,53,215,6,150,74,13,34,2,1,3,7,2,1,0,0,0,0,0,0,3,11
12165,1991,Graduation,Single,55938.0,0,1,2012-05-01,52,377,31,156,63,9,307,1,5,3,6,5,0,0,1,0,0,0,0,3,11
12166,1952,Graduation,Together,61561.0,0,1,2013-08-17,96,117,38,233,21,99,59,2,4,1,2,14,0,1,0,0,0,0,0,3,11
12167,1981,Graduation,Together,60453.0,1,0,2013-05-11,37,492,73,318,77,73,56,2,7,7,7,12,1,0,1,1,0,0,0,3,11
12168,1990,Graduation,Married,59431.0,1,0,2014-02-05,50,191,172,207,20,94,100,8,4,3,9,7,0,1,0,0,0,0,0,3,11
12169,1967,Graduation,Single,56178.0,1,2,2012-11-09,66,101,17,298,2,3,31,6,5,2,3,13,1,0,0,0,0,0,0,3,11
12170,1993,Master,Divorced,69747.0,1,0,2014-01-08,36,542,143,683,69,60,112,2,5,4,18,4,0,0,0,0,0,0,0,3,11
12171,1986,Graduation,Divorced,69560.0,1,0,2013-08-07,65,426,267,169,39,46,77,3,7,4,5,3,0,0,0,1,0,1,0,3,11
12172,1976,Graduation,Divorced,35292.0,1,1,2013-10-26,67,176,23,109,8,13,29,3,2,2,5,9,0,0,0,0,0,0,0,3,11
12173,1960,Graduation,Widow,79881.0,0,0,2012-01-25,49,732,57,645,47,159,428,0,19,16,6,3,0,1,0,1,0,0,0,3,11
12174,1967,Graduation,Divorced,41976.0,1,1,2014-05-19,31,529,162,455,94,19,253,4,13,6,10,4,0,0,1,0,1,0,0,3,11
12175,1963,Master,Together,46124.0,1,1,2013-05-04,46,41,5,79,4,13,25,7,1,2,1,9,0,0,0,0,0,0,0,3,11
12176,1979,Graduation,Together,71097.0,1,1,2013-08-07,30,469,55,277,86,45,156,1,8,4,5,5,1,1,0,0,1,0,0,3,11
12177,1973,Basic,Single,50170.0,1,0,2013-02-19,58,271,15,162,126,26,6,3,1,1,2,3,1,0,0,0,0,0,0,3,11
12178,1974,Graduation,Single,63240.0,1,0,2012-05-02,62,295,125,356,141,306,234,0,9,12,8,2,0,0,0,0,0,1,0,3,11
12179,1942,Master,Married,60248.0,0,0,2013-05-20,98,247,28,116,85,3,9,3,2,7,4,3,0,1,0,0,0,0,0,3,11
12180,1962,Graduation,Together,27845.0,0,2,2013-09-14,61,40,6,40,7,2,15,3,1,0,2,10,0,0,0,0,0,0,0,3,11
12181,1950,PhD,Divorced,46213.0,1,1,2012-05-17,92,182,19,131,6,27,46,4,2,1,2,5,0,0,0,0,0,0,0,3,11
12182,1963,Master,Married,41429.0,1,1,2012-11-28,65,198,60,207,21,65,54,3,3,1,5,4,0,0,0,0,1,0,0,3,11
12183,1971,Graduation,Together,128267.0,0,0,2013-07-10,13,874,33,414,290,36,298,1,7,9,17,2,0,1,0,0,0,0,0,3,11
12184,1956,PhD,Together,45273.0,0,1,2012-09-16,60,196,21,99,118,27,69,5,2,3,5,4,0,0,0,0,0,0,0,3,11
12185,1978,Master,Single,57932.0,0,0,2012-09-23,44,950,131,805,112,103,270,2,6,4,30,4,0,0,0,0,0,0,0,3,11
12186,1963,Graduation,Widow,38417.0,1,1,2012-04-11,70,380,11,127,74,11,36,4,2,1,10,9,0,0,0,1,0,0,0,3,11
12187,1964,PhD,Together,37007.0,1,1,2013-04-02,47,96,44,68,11,7,50,7,1,1,8,7,0,0,0,0,0,0,0,3,11
12188,1981,PhD,Married,59140.0,1,0,2012-04-18,30,562,423,557,170,29,9,0,8,5,17,4,1,0,0,1,1,0,0,3,11
12189,1963,Master,Married,39900.0,1,0,2014-02-21,44,148,50,135,46,77,38,5,4,3,6,6,0,0,0,0,0,0,0,3,11
12190,1954,Graduation,Divorced,132789.0,0,0,2012-06-04,23,1043,105,561,74,13,5,1,4,6,13,2,0,0,0,0,1,0,0,3,11
12191,1968,PhD,Divorced,40451.0,0,1,2012-03-25,64,63,32,59,13,3,14,4,1,0,1,7,0,1,0,0,1,1,0,3,11
12192,1975,Basic,Married,41786.0,1,1,2014-04-13,99,70,13,208,25,39,125,9,3,2,4,9,0,0,0,0,0,0,0,3,11
12193,1976,Master,Divorced,78367.0,0,0,2012-12-23,18,418,244,895,315,165,168,0,7,4,27,0,0,1,0,1,0,0,0,3,11
12194,1955,Graduation,Widow,43906.0,1,1,2012-06-26,21,42,25,59,8,55,25,9,6,5,1,7,0,0,0,0,0,0,1,3,11
12195,1954,Graduation,Widow,48190.0,0,0,2013-05-08,14,256,63,183,57,15,20,3,2,0,9,6,0,0,0,0,0,0,0,3,11
12196,1955,Graduation,Widow,85042.0,0,0,2012-04-02,45,1284,284,360,191,71,116,2,12,11,12,3,0,0,0,0,0,0,0,3,11
12197,1964,Graduation,Widow,42939.0,1,1,2013-01-06,46,102,56,40,14,4,39,8,0,0,0,9,0,1,1,0,0,0,0,3,11
12198,1982,Graduation,Divorced,46927.0,1,0,2013-08-15,43,300,46,313,56,40,184,3,5,5,9,8,0,0,0,1,0,0,0,3,11
12199,1976,Graduation,Single,52300.0,1,1,2013-03-07,42,116,1,50,19,10,21,7,2,1,2,5,0,0,0,0,0,1,0,3,11
12200,1955,2n Cycle,Divorced,93344.0,0,0,2014-04-13,24,647,300,673,108,294,139,1,23,9,11,4,0,0,0,0,0,0,0,3,11
12201,1942,Master,Divorced,67184.0,0,0,2013-10-10,44,294,18,66,51,36,76,2,5,2,2,4,0,0,0,0,0,0,0,3,11
12202,1969,Graduation,Divorced,41937.0,1,1,2013-08-06,36,179,195,109,4,22,12,5,6,6,5,6,0,1,0,0,0,0,0,3,11
12203,1962,Graduation,Together,74827.0,0,0,2013-08-25,55,471,21,410,90,132,19,0,6,5,11,2,0,0,1,0,0,1,0,3,11
12204,1978,Master,Single,51522.0,1,0,2013-09-09,66,304,12,633,149,47,39,2,10,3,4,7,0,0,0,0,0,0,0,3,11
12205,1980,Graduation,Single,39951.0,1,1,2013-03-05,72,74,35,87,20,4,41,4,1,2,5,5,0,0,0,0,1,0,0,3,11
12206,1969,Graduation,Widow,38505.0,1,1,2012-04-04,99,115,31,48,35,1,18,5,1,3,4,9,0,0,1,0,1,0,0,3,11
12207,1988,Basic,Widow,59235.0,0,1,2012-08-19,9,423,32,432,63,27,263,2,3,1,17,7,0,0,0,0,0,1,0,3,11
12208,1970,Master,Widow,73479.0,0,0,2012-10-08,23,1129,295,633,76,161,230,0,3,27,11,5,1,0,0,0,0,1,0,3,11
12209,1973,2n Cycle,Widow,69860.0,0,0,2012-08-20,20,851,36,725,314,159,395,5,25,1,15,4,0,0,0,0,0,0,0,3,11
12210,1957,Master,Married,51498.0,1,1,2012-09-09,67,122,127,380,19,52,65,1,6,5,5,3,0,0,0,0,0,0,0,3,11
12211,1978,Master,Together,59221.0,1,0,2013-11-18,10,467,44,304,73,140,20,3,6,1,11,4,0,1,0,0,0,0,0,3,11
12212,1962,Master,Single,45337.0,0,0,2014-04-30,66,310,20,82,19,47,22,2,3,1,3,3,0,0,0,0,0,1,0,3,11
12213,1965,PhD,Widow,88571.0,1,0,2013-02-09,6,343,80,191,95,18,48,4,9,0,4,5,1,0,0,0,0,0,0,3,11
12214,1950,Graduation,Married,51151.0,1,0,2013-03-12,68,279,21,123,9,20,43,4,8,1,2,4,1,0,0,0,1,0,0,3,11
12215,1952,Graduation,Divorced,116026.0,0,0,2012-10-23,53,856,259,357,66,58,319,0,8,5,12,3,0,0,1,0,0,0,0,3,11
12216,1968,PhD,Widow,80896.0,0,0,2013-07-21,3,554,233,409,3,131,80,2,7,4,14,1,0,0,1,0,1,0,0,3,11
12217,1958,Graduation,Married,54609.0,0,0,2013-09-08,43,121,52,124,286,5,55,1,3,3,7,4,0,0,1,1,0,1,0,3,11
12218,1939,Master,Together,51426.0,1,0,2012-02-20,78,88,1,280,21,30,10,3,1,1,4,3,0,0,0,0,0,1,0,3,11
12219,1982,PhD,Divorced,46287.0,1,0,2013-03-28,68,275,33,102,15,39,149,1,2,1,8,4,0,0,0,0,0,0,0,3,11
12220,1979,Basic,Single,86492.0,1,0,2013-01-18,6,284,488,500,59,16,223,4,7,7,11,7,0,1,0,0,1,0,0,3,11
12221,1972,Graduation,Single,63267.0,1,0,2013-02-01,46,164,54,248,191,189,114,1,3,8,13,4,0,0,0,0,0,0,0,3,11
12222,1987,Graduation,Together,75465.0,0,0,2013-04-01,52,333,74,276,18,15,120,3,2,5,9,9,1,0,0,0,1,0,0,3,11
12223,1961,Graduation,Married,77432.0,0,0,2012-05-04,27,674,13,433,6,16,112,0,14,5,6,2,0,0,0,0,0,0,0,3,11
12224,1949,Graduation,Together,50314.0,1,0,2013-12-20,83,366,57,193,44,50,17,3,5,4,5,7,0,0,0,0,0,0,0,3,11
12225,1967,Graduation,Single,54654.0,1,0,2014-03-21,25,621,80,907,61,69,201,0,14,6,6,5,0,0,0,0,1,0,0,3,11
12226,1964,Graduation,Together,48657.0,1,1,2012-04-07,48,52,12,112,23,13,28,4,1,3,4,4,0,0,0,0,0,0,0,3,11
12227,1956,Master,Widow,95784.0,0,0,2014-01-17,13,913,16,402,167,121,132,0,4,13,10,3,0,0,0,0,0,0,0,3,11
12228,1967,Graduation,Married,96856.0,1,0,2013-05-20,33,1033,187,715,718,182,20,3,13,14,16,2,0,1,1,1,1,0,0,3,11
12229,1978,2n Cycle,Divorced,49860.0,0,1,2014-01-23,52,80,16,32,3,1,10,1,1,1,0,11,0,0,0,0,0,0,0,3,11
12230,1961,Graduation,Together,81913.0,1,0,2012-06-14,57,1004,158,393,125,3,745,1,3,15,20,3,0,0,0,0,0,1,0,3,11
12231,1984,Graduation,Together,44285.0,0,1,2012-06-17,50,213,175,132,78,26,85,2,9,0,8,2,0,0,1,0,1,0,0,3,11
12232,1978,Basic,Together,67726.0,0,0,2012-01-05,24,335,31,26,30,49,209,0,4,10,2,7,0,0,0,1,0,0,0,3,11
12233,1949,Master,Together,45246.0,1,0,2013-03-29,57,285,103,55,17,47,91,3,9,5,3,8,0,0,0,0,0,0,0,3,11
12234,1959,Graduation,Widow,31088.0,1,1,2013-01-07,40,37,17,84,7,43,26,6,4,4,4,6,0,0,0,0,0,0,0,3,11
12235,1952,Graduation,Together,60145.0,0,0,2014-05-02,75,217,42,68,103,1,130,3,1,1,3,5,0,0,0,0,0,0,0,3,11
12236,1959,Graduation,Together,93125.0,1,0,2013-05-16,44,442,160,288,85,102,545,0,19,2,2,3,0,0,0,1,0,1,0,3,11
12237,1993,PhD,Married,49219.0,1,0,2014-04-14,53,432,332,415,7,125,254,1,3,6,12,8,0,1,0,0,0,0,0,3,11
12238,1981,Master,Together,62592.0,1,0,2012-08-24,16,558,1,350,99,35,57,0,8,2,11,7,0,0,0,0,0,0,0,3,11
12239,1986,2n Cycle,Married,28184.0,0,2,2012-02-04,93,102,12,53,20,2,9,5,0,1,2,7,0,0,0,0,0,0,0,3,11
