Player,Year,Age,Position,Team,Games_Played,Minutes_Per_Game,Field_Goal_Percent,Three_Point_Percent,Free_Throw_Percent,Points_Per_Game,Rebounds_Per_Game,Assists_Per_Game,Steals_Per_Game,Blocks_Per_Game,Turnovers_Per_Game,Usage_Percent,Years_In_League,Salary
A.J. Green,2025,25,SG,MIL,73,22.7,0.429,0.427,0.815,7.4,2.4,1.5,0.5,0.1,0.5,10.270308370044052,6,2.120693
A.J. Lawson,2025,24,SG,TOR,26,18.7,0.421,0.327,0.683,9.1,3.3,1.2,0.5,0.2,0.6,17.24149732620321,5,0.1
A.J. Price,2010,23,PG,IND,56,15.4,0.41,0.345,0.8,7.3,1.6,1.9,0.6,0.1,1.1,18.635844155844154,4,0.457588
A.J. Price,2011,24,PG,IND,50,15.9,0.356,0.275,0.667,6.5,1.4,2.2,0.6,0.0,1.1,18.575094339622645,5,0.762195
A.J. Price,2012,25,PG,IND,44,12.9,0.339,0.295,0.8,3.9,1.4,2.0,0.5,0.0,0.7,14.098604651162791,6,0.854389
A.J. Price,2013,26,PG,WAS,57,22.4,0.39,0.35,0.79,7.7,2.0,3.6,0.6,0.1,1.1,14.117142857142861,7,0.854389
A.J. Price,2015,28,PG,PHO,26,12.5,0.372,0.263,0.667,5.1,1.2,1.8,0.3,0.0,0.5,17.844479999999997,9,0.053838
AJ Griffin,2023,19,SF,ATL,72,19.5,0.465,0.39,0.894,8.9,2.1,1.0,0.6,0.2,0.6,15.337846153846153,1,3.749348
AJ Griffin,2024,20,SF,ATL,20,8.6,0.29,0.256,1.0,2.4,0.9,0.3,0.1,0.1,0.4,14.835348837209303,1,3.823245
AJ Johnson,2025,20,SG,WAS,29,22.0,0.385,0.267,0.865,7.6,2.0,2.6,0.4,0.1,1.2,14.845090909090908,1,2.795294
Aaron Brooks,2010,25,PG,HOU,82,35.6,0.432,0.398,0.822,19.6,2.6,5.3,0.8,0.2,2.8,20.815280898876402,6,1.11852
Aaron Brooks,2011,26,PG,PHO,59,21.8,0.375,0.297,0.886,10.7,1.3,3.9,0.6,0.1,1.7,20.899816513761465,7,2.016692
Aaron Brooks,2013,28,PG,HOU,53,18.8,0.453,0.373,0.769,7.1,1.5,2.2,0.6,0.2,1.3,14.82127659574468,9,2.4
Aaron Brooks,2014,29,PG,DEN,72,21.6,0.401,0.387,0.874,9.0,1.9,3.2,0.7,0.2,1.6,17.12,10,0.884293
Aaron Brooks,2015,30,PG,CHI,82,23.0,0.421,0.387,0.833,11.6,2.0,3.2,0.7,0.2,1.9,20.072347826086958,11,0.915243
Aaron Brooks,2016,31,PG,CHI,69,16.1,0.401,0.357,0.766,7.1,1.5,2.6,0.4,0.1,1.2,18.77366459627329,12,2.25
Aaron Brooks,2017,32,PG,IND,65,13.8,0.403,0.375,0.8,5.0,1.1,1.9,0.4,0.1,1.0,15.297391304347824,13,2.7
Aaron Brooks,2018,33,PG,MIN,32,5.9,0.406,0.355,0.727,2.3,0.5,0.6,0.2,0.0,0.3,16.059661016949153,14,1.471382
Aaron Gordon,2015,19,PF,ORL,47,17.0,0.447,0.271,0.721,5.2,3.6,0.7,0.4,0.5,0.8,12.223058823529412,1,3.99204
Aaron Gordon,2016,20,PF,ORL,78,23.9,0.473,0.296,0.668,9.2,6.5,1.6,0.8,0.7,0.8,14.008368200836822,1,4.17168
Aaron Gordon,2017,21,SF,ORL,80,28.7,0.454,0.288,0.719,12.7,5.1,1.9,0.8,0.5,1.1,16.41700348432056,2,4.35132
Aaron Gordon,2019,23,PF,ORL,78,33.8,0.449,0.349,0.731,16.0,7.4,3.7,0.7,0.7,2.1,18.008520710059177,4,21.590909
Aaron Gordon,2020,24,PF,ORL,62,32.5,0.437,0.308,0.674,14.4,7.7,3.7,0.8,0.6,1.6,17.26227692307692,5,19.863636
Aaron Gordon,2021,25,PF,DEN,50,27.7,0.463,0.335,0.651,12.4,5.7,3.2,0.7,0.7,1.9,17.181227436823107,6,22.102631
Aaron Gordon,2022,26,PF,DEN,75,31.7,0.52,0.335,0.743,15.0,5.9,2.5,0.6,0.6,1.8,16.198864353312302,7,18.974611
Aaron Gordon,2023,27,PF,DEN,68,30.2,0.564,0.347,0.608,16.3,6.6,3.0,0.8,0.8,1.4,17.432582781456954,8,21.938322
Aaron Gordon,2024,28,PF,DEN,73,31.5,0.556,0.29,0.658,13.9,6.5,3.5,0.8,0.6,1.4,14.66057142857143,9,21.898084
Aaron Gordon,2025,29,PF,DEN,51,28.4,0.531,0.436,0.81,14.7,4.8,3.2,0.5,0.3,1.4,16.022535211267606,10,22.841455
Aaron Gray,2010,25,C,NOH,32,9.7,0.512,,0.714,3.3,3.3,0.7,0.3,0.3,0.6,13.345979381443302,6,1.000497
Aaron Gray,2011,26,C,NOH,41,13.0,0.566,,0.5,3.1,4.2,0.4,0.3,0.3,0.8,9.836307692307692,7,1.02884
Aaron Gray,2012,27,C,TOR,49,16.6,0.516,,0.532,3.9,5.7,0.6,0.4,0.3,1.0,10.279518072289157,8,2.5
Aaron Gray,2013,28,C,TOR,42,12.2,0.533,,0.523,2.8,3.2,0.8,0.2,0.1,0.9,10.15081967213115,9,2.575
Aaron Gray,2014,29,C,SAC,37,9.6,0.443,0.0,0.55,1.8,3.0,0.6,0.3,0.2,0.8,9.825000000000001,10,2.690875
Aaron Harrison,2016,21,SG,CHO,21,4.4,0.263,0.3,0.417,0.9,0.7,0.1,0.3,0.0,0.2,11.16,2,0.525093
Aaron Harrison,2017,22,SG,CHO,5,3.4,0.0,0.0,0.5,0.2,0.6,0.6,0.0,0.0,0.0,10.334117647058825,3,0.874636
Aaron Harrison,2018,23,SG,DAL,9,25.9,0.275,0.209,0.765,6.7,2.7,1.2,1.0,0.2,0.3,12.281698841698843,4,0.091442
Aaron Henry,2022,22,SF,PHI,6,2.8,0.2,0.0,,0.3,0.2,0.0,0.0,0.3,0.3,14.142857142857144,3,0.258256
Aaron Holiday,2019,22,PG,IND,50,12.9,0.401,0.339,0.82,5.9,1.3,1.7,0.4,0.3,0.8,17.972093023255812,3,1.91196
Aaron Holiday,2020,23,PG,IND,66,24.5,0.414,0.394,0.851,9.5,2.4,3.4,0.8,0.2,1.3,15.240489795918368,4,2.3292
Aaron Holiday,2021,24,PG,IND,66,17.8,0.39,0.368,0.819,7.2,1.3,1.9,0.7,0.2,1.0,16.527640449438202,5,2.858611
Aaron Holiday,2022,25,PG,PHO,63,16.2,0.447,0.379,0.868,6.3,1.9,2.4,0.7,0.1,1.1,15.520000000000001,6,4.6029
Aaron Holiday,2023,26,PG,ATL,63,13.4,0.418,0.409,0.844,3.9,1.2,1.4,0.6,0.2,0.6,11.605970149253732,7,2.086832
Aaron Holiday,2024,27,PG,HOU,78,16.3,0.446,0.387,0.921,6.6,1.6,1.8,0.5,0.1,0.7,14.028957055214725,8,2.416341
Aaron Holiday,2025,28,PG,HOU,62,12.8,0.437,0.398,0.829,5.5,1.3,1.3,0.3,0.2,0.6,14.647499999999997,9,4.668
Aaron Jackson,2018,31,PG,HOU,1,35.0,0.333,0.25,0.5,8.0,3.0,1.0,0.0,0.0,1.0,11.190857142857142,12,0.004608
Aaron Nesmith,2021,21,SF,BOS,46,14.5,0.438,0.37,0.786,4.7,2.8,0.5,0.3,0.2,0.5,11.579586206896552,2,4.214722
Aaron Nesmith,2022,22,SF,BOS,52,11.0,0.396,0.27,0.808,3.8,1.7,0.4,0.4,0.1,0.6,14.138181818181819,3,4.198929
Aaron Nesmith,2023,23,SF,IND,73,24.9,0.427,0.366,0.838,10.1,3.8,1.3,0.8,0.5,1.0,14.365301204819279,4,4.033717
Aaron Nesmith,2024,24,SF,IND,72,27.7,0.496,0.419,0.781,12.2,3.8,1.5,0.9,0.7,0.9,13.692996389891698,5,5.801673
Aaron Nesmith,2025,25,SF,IND,45,25.0,0.507,0.431,0.913,12.0,4.0,1.2,0.8,0.4,0.8,14.388480000000001,6,11.0
Aaron Wiggins,2022,23,SG,OKC,50,24.2,0.463,0.304,0.729,8.3,3.6,1.4,0.6,0.2,1.1,12.71603305785124,4,1.509913
Aaron Wiggins,2023,24,SG,OKC,70,18.5,0.512,0.393,0.831,6.8,3.0,1.1,0.6,0.2,0.8,12.531891891891892,5,1.657779
Aaron Wiggins,2024,25,SG,OKC,78,15.7,0.562,0.492,0.789,6.9,2.4,1.1,0.7,0.2,0.7,13.519490445859873,6,1.890653
Aaron Wiggins,2025,26,SG,OKC,76,22.9,0.488,0.383,0.831,12.0,3.9,1.8,0.8,0.2,0.9,17.336593886462886,7,10.514017
Abdel Nader,2018,24,SF,BOS,48,10.9,0.336,0.354,0.59,3.0,1.5,0.5,0.3,0.2,0.7,13.71302752293578,5,1.167333
Abdel Nader,2019,25,SF,OKC,61,11.4,0.423,0.32,0.75,4.0,1.9,0.3,0.3,0.2,0.4,13.149473684210529,6,1.378242
Abdel Nader,2020,26,SF,OKC,55,15.8,0.468,0.375,0.773,6.3,1.8,0.7,0.4,0.4,0.8,13.962531645569618,7,1.61852
Abdel Nader,2021,27,SF,PHO,24,14.8,0.491,0.419,0.757,6.7,2.6,0.8,0.4,0.4,0.8,15.227027027027026,8,2.136305
Abdel Nader,2022,28,SF,PHO,14,10.4,0.343,0.286,0.6,2.4,1.9,0.5,0.6,0.3,0.8,12.489230769230767,9,2.312695
Acie Law,2010,25,PG,CHI,26,9.0,0.467,0.313,0.776,4.3,0.7,1.0,0.4,0.0,0.7,17.744,6,2.21616
Acie Law,2011,26,PG,GSW,51,14.2,0.435,0.167,0.734,4.2,1.2,1.6,0.6,0.0,0.8,12.605070422535213,7,0.633253
Adam Flagler,2024,24,SG,OKC,2,7.0,0.143,0.167,0.0,1.5,0.0,2.0,0.0,0.0,0.0,18.0,5,0.212015
Adam Mokoka,2021,22,SG,CHI,14,4.0,0.368,0.1,0.0,1.1,0.4,0.4,0.1,0.1,0.4,16.596,3,0.547332
Adam Morrison,2010,25,SF,LAL,31,7.8,0.376,0.238,0.625,2.4,1.0,0.6,0.1,0.1,0.3,14.455384615384617,6,5.257229
Adama Sanogo,2024,21,PF,CHI,9,7.3,0.519,0.0,0.667,4.0,4.0,0.0,0.1,0.0,0.6,20.574246575342464,2,0.576415
Ade Murkey,2022,24,SG,SAC,1,1.0,,,,0.0,0.0,0.0,0.0,0.0,0.0,0.0,5,0.061489
Adem Bona,2025,21,C,PHI,58,15.6,0.703,0.0,0.67,5.8,4.2,0.5,0.4,1.2,1.1,11.879999999999999,2,1.157153
Admiral Schofield,2020,22,PF,WAS,33,11.2,0.38,0.311,0.667,3.0,1.4,0.5,0.2,0.1,0.2,10.350000000000001,3,1.0
Admiral Schofield,2022,24,SF,ORL,38,12.3,0.419,0.329,0.8,3.8,2.3,0.7,0.1,0.1,0.6,12.222439024390244,5,0.836895
Admiral Schofield,2023,25,PF,ORL,37,12.2,0.451,0.324,0.913,4.2,1.7,0.8,0.2,0.1,0.4,11.69704918032787,6,0.930869
Admiral Schofield,2024,26,PF,ORL,23,3.7,0.385,0.375,0.0,1.1,0.7,0.3,0.0,0.0,0.2,13.076756756756756,7,0.576415
Adreian Payne,2015,23,PF,MIN,32,23.1,0.414,0.111,0.652,6.7,5.1,0.9,0.6,0.3,1.4,13.895064935064934,4,1.85532
Adreian Payne,2016,24,PF,MIN,52,9.3,0.366,0.281,0.654,2.5,2.1,0.6,0.3,0.2,0.7,14.399999999999997,5,1.93884
Adreian Payne,2017,25,PF,MIN,18,7.5,0.426,0.2,0.737,3.5,1.8,0.4,0.4,0.4,0.4,18.643199999999997,6,2.02224
Ahmad Caver,2022,25,PG,IND,1,1.0,1.0,,,2.0,0.0,0.0,0.0,0.0,0.0,36.0,6,0.061489
Ajay Mitchell,2025,22,SG,OKC,36,16.6,0.495,0.383,0.829,6.5,1.9,1.8,0.7,0.1,0.8,13.749397590361445,3,3.0
Al Harrington,2010,29,PF,NYK,72,30.5,0.435,0.342,0.757,17.7,5.6,1.5,0.9,0.4,1.8,21.28839344262295,10,10.026875
Al Harrington,2011,30,PF,DEN,73,22.8,0.416,0.357,0.735,10.5,4.5,1.4,0.5,0.1,1.5,18.006315789473682,11,5.765
Al Harrington,2012,31,PF,DEN,64,27.5,0.446,0.333,0.676,14.2,6.1,1.4,0.9,0.2,1.8,19.809163636363635,12,6.2262
Al Harrington,2013,32,C,ORL,10,11.9,0.351,0.267,0.75,5.1,2.7,1.0,0.4,0.1,0.7,19.89378151260504,13,7.1486
Al Horford,2010,23,C,ATL,81,35.1,0.551,1.0,0.789,14.2,9.9,2.3,0.7,1.1,1.5,13.796923076923076,4,4.30764
Al Horford,2011,24,C,ATL,77,35.1,0.557,0.5,0.798,15.3,9.3,3.5,0.8,1.0,1.5,14.92923076923077,5,5.444857
Al Horford,2012,25,C,ATL,11,31.6,0.553,0.0,0.733,12.4,7.0,2.2,0.9,1.3,1.5,13.77113924050633,6,12.498483
Al Horford,2013,26,C,ATL,74,37.2,0.543,0.5,0.644,17.4,10.2,3.2,1.1,1.1,2.0,16.966451612903224,7,12.0
Al Horford,2014,27,C,ATL,29,33.0,0.567,0.364,0.682,18.6,8.4,2.6,0.9,1.5,2.2,19.610181818181818,8,12.0
Al Horford,2015,28,C,ATL,76,30.5,0.538,0.306,0.759,15.2,7.2,3.2,0.9,1.3,1.3,17.511344262295083,9,12.0
Al Horford,2016,29,C,ATL,82,32.1,0.505,0.344,0.798,15.2,7.3,3.2,0.8,1.5,1.3,16.60261682242991,10,12.0
Al Horford,2017,30,C,BOS,68,32.3,0.473,0.355,0.8,14.0,6.8,5.0,0.8,1.3,1.7,16.02724458204335,11,26.5401
Al Horford,2018,31,C,BOS,72,31.6,0.489,0.429,0.783,12.9,7.4,4.7,0.6,1.1,1.8,14.864810126582277,12,27.734406
Al Horford,2019,32,C,BOS,68,29.0,0.535,0.36,0.821,13.6,6.7,4.2,0.9,1.3,1.5,15.785379310344826,13,28.928709
Al Horford,2020,33,C,PHI,67,30.2,0.45,0.35,0.763,11.9,6.8,4.0,0.8,0.9,1.2,14.695629139072848,14,28.0
Al Horford,2021,34,C,OKC,28,27.9,0.45,0.368,0.818,14.2,6.7,3.4,0.9,0.9,1.0,18.38967741935484,15,33.514014
Al Horford,2022,35,C,BOS,69,29.1,0.467,0.336,0.842,10.2,7.7,3.4,0.7,1.3,0.9,12.019793814432987,16,31.221383
Al Horford,2023,36,C,BOS,63,30.5,0.476,0.446,0.714,9.8,6.2,3.0,0.5,1.0,0.6,9.834491803278686,17,28.097632
Al Horford,2024,37,C,BOS,65,26.8,0.511,0.419,0.867,8.6,6.4,2.6,0.6,1.0,0.7,9.832835820895522,18,10.297139
Al Horford,2025,38,C,BOS,60,27.7,0.423,0.363,0.895,9.0,6.2,2.1,0.6,0.9,0.8,11.390036101083034,19,9.5
Al Jefferson,2010,25,C,MIN,76,32.4,0.498,0.0,0.68,17.1,9.3,1.8,0.8,1.3,1.8,20.155555555555555,6,12.0
Al Jefferson,2011,26,C,UTA,82,35.9,0.496,,0.761,18.6,9.7,1.8,0.6,1.9,1.3,18.992757660167133,7,13.0
Al Jefferson,2012,27,C,UTA,61,34.0,0.492,0.25,0.774,19.2,9.6,2.2,0.8,1.7,1.0,20.621647058823527,8,15.0
Al Jefferson,2013,28,C,UTA,78,33.1,0.494,0.118,0.77,17.8,9.2,2.1,1.0,1.1,1.3,19.93812688821752,9,13.5
Al Jefferson,2014,29,C,CHA,73,35.0,0.509,0.2,0.69,21.8,10.8,2.1,0.9,1.1,1.7,22.805485714285716,10,13.5
Al Jefferson,2015,30,C,CHO,65,30.6,0.481,0.4,0.655,16.6,8.4,1.7,0.7,1.3,1.0,20.705882352941178,11,13.5
Al Jefferson,2016,31,C,CHO,47,23.3,0.485,,0.649,12.0,6.4,1.5,0.6,0.9,0.7,19.245321888412015,12,13.5
Al Jefferson,2017,32,C,IND,66,14.1,0.499,0.0,0.765,8.1,4.2,0.9,0.3,0.2,0.5,20.86468085106383,13,10.314532
Al Jefferson,2018,33,C,IND,36,13.4,0.534,0.0,0.833,7.0,4.0,0.8,0.4,0.6,0.6,18.376119402985076,14,10.0
Al Thornton,2010,26,SF,WAS,75,27.7,0.473,0.355,0.725,10.7,3.9,1.2,0.6,0.5,1.4,15.117400722021662,7,1.9002
Al Thornton,2011,27,SF-PF,GSW,71,19.5,0.476,0.154,0.775,7.4,3.0,0.9,0.5,0.2,0.9,14.547692307692309,8,0.211084
Al-Farouq Aminu,2011,20,SF,LAC,81,17.9,0.394,0.315,0.773,5.6,3.3,0.7,0.7,0.3,1.3,13.997765363128494,1,2.56332
Al-Farouq Aminu,2012,21,SF,NOH,66,22.4,0.411,0.277,0.754,6.0,4.7,1.0,0.9,0.5,1.4,12.291428571428572,2,2.75556
Al-Farouq Aminu,2013,22,SF,NOH,76,27.2,0.475,0.211,0.737,7.3,7.7,1.4,1.2,0.7,1.5,11.239411764705885,3,2.9478
Al-Farouq Aminu,2014,23,SF,NOP,80,25.6,0.474,0.271,0.664,7.2,6.2,1.4,1.0,0.5,1.1,11.317499999999999,4,3.749602
Al-Farouq Aminu,2015,24,SF,DAL,74,18.5,0.412,0.274,0.712,5.6,4.6,0.8,0.9,0.8,0.7,12.072648648648649,5,0.981084
Al-Farouq Aminu,2016,25,SF,POR,82,28.5,0.416,0.361,0.737,10.2,6.1,1.7,0.9,0.6,1.5,14.066526315789474,6,8.042895
Al-Farouq Aminu,2017,26,PF,POR,61,29.1,0.393,0.33,0.706,8.7,7.4,1.6,1.0,0.7,1.5,12.455257731958762,7,7.680965
Al-Farouq Aminu,2018,27,PF,POR,69,30.0,0.395,0.369,0.738,9.3,7.6,1.2,1.1,0.6,1.1,12.033600000000002,8,7.319035
Al-Farouq Aminu,2019,28,PF,POR,81,28.3,0.433,0.343,0.867,9.4,7.5,1.3,0.8,0.4,0.9,11.606501766784453,9,6.957105
Al-Farouq Aminu,2020,29,PF,ORL,18,21.1,0.291,0.25,0.655,4.3,4.8,1.2,1.0,0.4,0.9,10.926255924170615,10,9.258
Al-Farouq Aminu,2021,30,PF,CHI,23,18.9,0.384,0.216,0.818,4.4,4.8,1.3,0.8,0.4,1.2,11.314285714285715,11,11.846777
Alan Anderson,2012,29,SF,TOR,17,27.1,0.387,0.393,0.853,9.6,2.0,1.5,0.3,0.2,1.5,14.32029520295203,10,0.213597
Alan Anderson,2013,30,SF,TOR,65,23.0,0.383,0.333,0.857,10.7,2.3,1.6,0.7,0.1,1.2,18.33182608695652,11,0.854389
Alan Anderson,2014,31,SF,BRK,78,22.7,0.4,0.339,0.78,7.2,2.2,1.0,0.6,0.1,0.8,12.148017621145375,12,0.947907
Alan Anderson,2015,32,SG,BRK,74,23.6,0.443,0.348,0.812,7.4,2.8,1.1,0.8,0.1,0.8,11.159999999999998,13,1.276061
Alan Anderson,2016,33,SG,WAS,13,14.8,0.356,0.324,0.733,5.0,2.1,1.1,0.3,0.1,0.2,12.716756756756759,14,4.0
Alan Anderson,2017,34,SF,LAC,30,10.3,0.375,0.318,0.75,2.9,0.8,0.4,0.1,0.0,0.2,10.90485436893204,15,0.980431
Alan Williams,2016,23,PF,PHO,10,6.8,0.417,,0.643,2.9,3.8,0.5,0.4,0.5,0.6,19.14352941176471,4,0.083397
Alan Williams,2017,24,C,PHO,47,15.1,0.517,0.0,0.625,7.4,6.2,0.5,0.6,0.7,0.8,18.01430463576159,5,0.874636
Alan Williams,2018,25,PF,PHO,5,14.0,0.389,,0.667,4.0,4.4,1.6,1.0,0.2,1.4,14.893714285714285,6,6.0
Alan Williams,2019,26,PF,BRK,5,5.2,0.615,0.0,0.5,3.6,3.8,0.6,0.2,0.0,0.2,21.821538461538463,7,5.0
Alando Tucker,2010,25,SF,MIN,15,6.4,0.436,0.143,0.762,3.4,0.7,0.3,0.0,0.0,0.3,19.777499999999996,6,1.07172
Alec Burks,2012,20,SG,UTA,59,15.9,0.429,0.333,0.727,7.2,2.2,0.9,0.5,0.1,0.9,18.24,1,2.11116
Alec Burks,2013,21,SG,UTA,64,17.8,0.42,0.359,0.713,7.0,2.3,1.4,0.5,0.2,1.2,16.543820224719102,2,2.11116
Alec Burks,2014,22,SG,UTA,78,28.1,0.457,0.35,0.748,14.0,3.3,2.7,0.9,0.2,1.9,18.848113879003556,3,2.202
Alec Burks,2015,23,SG,UTA,27,33.3,0.403,0.382,0.822,13.9,4.2,3.0,0.6,0.2,1.9,16.3372972972973,4,3.034356
Alec Burks,2016,24,SG,UTA,31,25.7,0.41,0.405,0.752,13.3,3.5,2.0,0.6,0.1,1.6,20.143190661478602,5,9.463484
Alec Burks,2017,25,SG,UTA,42,15.5,0.399,0.329,0.769,6.7,2.9,0.7,0.4,0.1,0.8,17.502967741935482,6,10.154495
Alec Burks,2018,26,SG,UTA,64,16.5,0.411,0.331,0.863,7.7,3.0,1.0,0.6,0.1,0.9,17.969454545454546,7,10.845506
Alec Burks,2019,27,SG,SAC,64,21.5,0.405,0.363,0.823,8.8,3.7,2.0,0.6,0.3,1.0,15.685953488372093,8,11.536515
Alec Burks,2020,28,SF-SG,PHI,66,26.6,0.418,0.385,0.887,15.0,4.3,2.9,0.9,0.3,1.4,19.97593984962406,9,1.620564
Alec Burks,2021,29,SG,NYK,49,25.6,0.42,0.415,0.856,12.7,4.6,2.2,0.6,0.3,1.0,17.235,10,7.312148
Alec Burks,2022,30,SG,NYK,81,28.6,0.391,0.404,0.822,11.7,4.9,3.0,1.0,0.3,1.1,14.54097902097902,11,11.02693
Alec Burks,2023,31,SG,DET,51,22.0,0.436,0.414,0.814,12.8,3.1,2.2,0.7,0.2,1.1,19.191272727272725,12,10.616451
Alec Burks,2024,32,SG,NYK,66,18.4,0.369,0.376,0.868,10.4,2.3,1.3,0.4,0.2,0.7,20.347826086956523,13,10.801287
Alec Burks,2025,33,SG,MIA,49,17.6,0.424,0.425,0.776,7.3,2.5,1.1,0.6,0.1,0.6,13.377272727272725,14,2.087519
Aleem Ford,2022,24,SF,ORL,5,14.8,0.3,0.133,,2.8,3.0,0.4,0.2,0.0,0.8,11.675675675675674,5,0.061489
Aleksej Pokusevski,2021,19,PF,OKC,45,24.2,0.341,0.28,0.738,8.2,4.7,2.2,0.4,0.9,2.2,17.39900826446281,1,3.613225
Aleksej Pokusevski,2022,20,PF,OKC,61,20.2,0.408,0.289,0.7,7.6,5.2,2.1,0.6,0.6,1.5,16.666930693069308,1,3.599894
Aleksej Pokusevski,2023,21,PF,OKC,34,20.6,0.434,0.365,0.629,8.1,4.7,1.9,0.6,1.3,1.3,15.798058252427186,2,3.458108
Aleksej Pokusevski,2024,22,PF,CHO,28,14.5,0.405,0.327,0.732,5.2,3.2,1.3,0.5,0.5,0.7,14.052413793103447,3,5.740458
Alen Smailagic,2020,19,C,GSW,14,9.9,0.5,0.231,0.842,4.2,1.9,0.9,0.2,0.3,0.8,15.694545454545455,1,0.89831
Alen Smailagic,2021,20,PF,GSW,15,5.6,0.407,0.4,0.333,1.9,1.1,0.3,0.2,0.3,0.3,14.631428571428572,1,1.84995
Alex Abrines,2017,23,SG,OKC,68,15.5,0.393,0.381,0.898,6.0,1.3,0.6,0.5,0.1,0.5,13.489548387096773,4,5.994764
Alex Abrines,2018,24,SG,OKC,75,15.1,0.395,0.38,0.848,4.7,1.5,0.4,0.5,0.1,0.3,10.642649006622515,5,5.725
Alex Abrines,2019,25,SG,OKC,31,19.0,0.357,0.323,0.923,5.3,1.5,0.6,0.5,0.2,0.5,10.943999999999999,6,5.455236
Alex Caruso,2020,25,PG,LAL,64,18.4,0.412,0.333,0.734,5.5,1.9,1.9,1.1,0.3,0.8,11.660869565217393,6,2.75
Alex Caruso,2021,26,PG,LAL,58,21.0,0.436,0.401,0.645,6.4,2.9,2.8,1.1,0.3,1.3,12.294857142857143,7,3.351401
Alex Caruso,2022,27,SG,CHI,41,28.0,0.398,0.333,0.795,7.4,3.6,4.0,1.7,0.4,1.4,10.789714285714284,8,9.944588
Alex Caruso,2023,28,PG,CHI,67,23.5,0.455,0.364,0.808,5.6,2.9,2.9,1.5,0.7,1.1,9.013787234042553,9,9.5744
Alex Caruso,2024,29,SG,CHI,71,28.7,0.468,0.408,0.76,10.1,3.8,3.5,1.7,1.0,1.4,12.061881533101046,10,9.741094
Alex Caruso,2025,30,SG,OKC,54,19.3,0.446,0.353,0.824,7.1,2.9,2.5,1.6,0.6,0.7,12.86300518134715,11,9.89
Alex Fudge,2024,20,SF,DAL,6,6.7,0.4,0.2,1.0,2.5,0.8,0.0,0.5,0.0,0.3,15.754029850746267,1,0.387588
Alex Kirk,2015,23,C,CLE,5,2.8,0.25,,1.0,0.8,0.2,0.2,0.0,0.0,0.0,12.54857142857143,4,0.507336
Alex Len,2014,20,C,PHO,42,8.6,0.423,,0.645,2.0,2.4,0.1,0.1,0.4,0.6,11.754418604651162,1,3.49272
Alex Len,2015,21,C,PHO,69,22.0,0.507,0.333,0.702,6.3,6.6,0.5,0.5,1.5,1.1,11.225454545454545,2,3.64992
Alex Len,2016,22,C,PHO,78,23.3,0.423,0.143,0.728,9.0,7.6,1.2,0.5,0.8,1.9,17.40360515021459,3,3.80712
Alex Len,2017,23,C,PHO,77,20.3,0.497,0.25,0.721,8.0,6.6,0.6,0.5,1.3,1.3,15.052610837438426,4,4.823621
Alex Len,2018,24,C,PHO,69,20.2,0.566,0.333,0.684,8.5,7.5,1.2,0.4,0.9,1.1,14.350099009900989,5,4.187599
Alex Len,2019,25,C,ATL,77,20.1,0.494,0.363,0.648,11.1,5.5,1.1,0.4,0.9,1.3,19.579701492537314,6,4.35
Alex Len,2020,26,C,SAC,55,17.6,0.555,0.271,0.648,8.0,5.8,0.9,0.4,0.9,1.0,15.61909090909091,7,4.16
Alex Len,2021,27,C,WAS,64,15.3,0.615,0.32,0.629,6.6,4.1,0.8,0.3,1.0,0.9,14.098823529411764,8,4.838994
Alex Len,2022,28,C,SAC,39,15.9,0.534,0.286,0.651,6.0,4.1,1.2,0.3,0.6,1.1,14.273207547169813,9,4.315489
Alex Len,2023,29,C,SAC,26,6.2,0.533,0.0,0.688,1.7,2.3,0.5,0.2,0.4,0.6,11.984516129032258,10,4.154844
Alex Len,2024,30,C,SAC,48,9.3,0.617,0.0,0.588,2.5,2.7,1.0,0.2,0.7,0.6,10.095483870967742,11,3.291427
Alex Len,2025,31,C,LAL,46,8.3,0.508,0.222,0.471,1.6,2.1,0.8,0.2,0.5,0.4,8.570602409638553,12,2.831348
Alex Poythress,2017,23,PF,PHI,6,26.2,0.463,0.316,0.8,10.7,4.8,0.8,0.5,0.3,0.5,14.081221374045802,4,0.035166
Alex Poythress,2018,24,PF,IND,25,4.2,0.423,0.364,,1.0,0.7,0.1,0.1,0.0,0.1,9.428571428571429,5,1.378242
Alex Poythress,2019,25,PF,ATL,21,14.5,0.494,0.391,0.621,5.1,3.6,0.8,0.2,0.5,0.6,12.701793103448274,6,1.544951
Alex Sarr,2025,19,C,WAS,67,27.1,0.394,0.308,0.679,13.0,6.5,2.4,0.7,1.5,1.7,20.191881918819185,1,11.24568
Alexey Shved,2013,24,SG,MIN,77,23.9,0.372,0.295,0.72,8.6,2.3,3.7,0.7,0.4,1.9,16.4726359832636,5,2.93461
Alexey Shved,2014,25,SG,MIN,63,10.5,0.321,0.294,0.756,4.0,1.3,1.1,0.4,0.3,0.8,17.88342857142857,6,3.15
Alexey Shved,2015,26,SG,NYK,42,18.3,0.397,0.338,0.807,10.3,2.4,2.5,0.7,0.1,1.1,21.017704918032784,7,3.282056
Alexis Ajinca,2010,21,C,CHA,6,5.0,0.5,,0.0,1.7,0.7,0.0,0.2,0.2,0.3,15.033600000000002,2,1.37208
Alexis Ajinca,2011,22,C,TOR,34,10.0,0.444,0.353,0.722,4.2,2.3,0.3,0.3,0.6,0.5,16.631999999999998,3,1.46784
Alexis Ajinca,2014,25,C,NOP,56,17.0,0.546,0.0,0.836,5.9,4.9,0.7,0.4,0.8,1.1,12.765176470588235,6,0.63588
Alexis Ajinca,2015,26,C,NOP,68,14.1,0.55,,0.818,6.5,4.6,0.7,0.3,0.8,1.0,16.493617021276595,7,0.981084
Alexis Ajinca,2016,27,C,NOP,59,14.6,0.476,0.0,0.839,6.0,4.6,0.5,0.3,0.6,0.9,16.48109589041096,8,4.389607
Alexis Ajinca,2017,28,C,NOP,39,15.0,0.5,0.0,0.725,5.3,4.5,0.3,0.5,0.6,0.8,14.016,9,4.638203
Alfonzo McKinnie,2018,25,SF,TOR,14,3.8,0.533,0.333,0.667,1.5,0.5,0.1,0.1,0.1,0.2,13.149473684210529,6,1.378242
Alfonzo McKinnie,2019,26,SF,GSW,72,13.9,0.487,0.356,0.563,4.7,3.4,0.4,0.3,0.2,0.4,11.675395683453237,7,1.349383
Alfonzo McKinnie,2020,27,SF,CLE,40,14.8,0.427,0.215,0.71,4.6,2.8,0.4,0.6,0.2,0.7,13.01837837837838,8,1.5
Alfonzo McKinnie,2021,28,SF,LAL,39,6.6,0.516,0.41,0.556,3.1,1.4,0.2,0.2,0.0,0.1,14.836363636363638,9,2.148304
Alfonzo McKinnie,2022,29,SF,CHI,17,12.1,0.393,0.333,0.25,3.5,1.9,0.3,0.1,0.2,0.4,12.555371900826447,10,1.260426
Alize Johnson,2019,22,PF,IND,14,4.6,0.25,0.5,0.5,0.9,1.4,0.1,0.1,0.2,0.0,10.674782608695654,3,0.838464
Alize Johnson,2020,23,PF,IND,17,6.9,0.414,0.375,0.7,2.0,2.8,0.4,0.2,0.1,0.4,12.33391304347826,4,1.416852
Alize Johnson,2021,24,PF,BRK,18,10.5,0.588,0.167,1.0,5.2,5.0,0.8,0.3,0.3,0.5,15.798857142857141,5,0.757522
Alize Johnson,2022,25,PF,NOP,23,7.3,0.436,0.0,0.583,1.8,2.7,0.4,0.2,0.0,0.5,11.934246575342467,6,1.16067
Alize Johnson,2023,26,PF,SAS,4,7.5,0.5,0.0,0.5,1.8,2.5,0.3,0.3,0.0,1.0,13.056,7,0.203885
Allen Crabbe,2014,21,SG,POR,15,6.7,0.364,0.429,0.75,2.2,0.6,0.4,0.1,0.1,0.2,13.604776119402986,2,0.825
Allen Crabbe,2015,22,SG,POR,51,13.4,0.412,0.353,0.75,3.3,1.4,0.8,0.4,0.3,0.3,9.220298507462687,3,0.862
Allen Crabbe,2016,23,SG,POR,81,26.0,0.459,0.393,0.867,10.3,2.7,1.2,0.8,0.2,0.8,13.591384615384616,4,0.947276
Allen Crabbe,2017,24,SG,POR,79,28.5,0.468,0.444,0.847,10.7,2.9,1.2,0.7,0.3,0.8,12.257684210526318,5,18.5
Allen Crabbe,2018,25,SG,BRK,75,29.3,0.407,0.378,0.852,13.2,4.3,1.6,0.6,0.5,1.0,15.717133105802047,6,18.5
Allen Crabbe,2019,26,SG,BRK,43,26.3,0.367,0.378,0.732,9.6,3.4,1.1,0.5,0.3,1.1,14.197414448669198,7,18.5
Allen Crabbe,2020,27,SG-SF,MIN,37,17.6,0.356,0.303,0.714,4.6,2.1,0.9,0.4,0.1,0.5,11.20090909090909,8,18.5
Allen Iverson,2010,34,SG-PG,PHI,28,30.9,0.43,0.36,0.794,13.8,2.8,4.0,0.7,0.1,2.3,18.253980582524274,15,0.650686
Allonzo Trier,2019,23,SG,NYK,64,22.8,0.448,0.394,0.803,10.9,3.1,1.9,0.4,0.2,1.8,18.063157894736843,4,3.382
Allonzo Trier,2020,24,SG,NYK,24,12.1,0.481,0.358,0.791,6.5,1.2,1.2,0.1,0.2,0.9,18.124958677685953,5,3.551
Alondes Williams,2023,23,SG,BRK,1,5.0,0.0,0.0,0.0,0.0,1.0,0.0,0.0,0.0,2.0,14.4,4,0.269786
Alondes Williams,2024,24,SG,MIA,7,2.3,0.25,0.0,1.0,0.7,0.1,0.0,0.0,0.1,0.3,22.601739130434787,5,0.21864
Alonzo Gee,2010,22,SG,WAS,11,16.5,0.475,0.778,0.621,7.4,3.0,0.6,0.6,0.1,0.9,16.24145454545455,3,0.045759
Alonzo Gee,2011,23,SG,CLE,56,20.0,0.458,0.333,0.783,5.9,3.3,0.7,0.7,0.3,1.0,11.527199999999999,4,0.641141
Alonzo Gee,2012,24,SG,CLE,63,29.0,0.412,0.321,0.788,10.6,5.1,1.8,1.3,0.3,1.8,14.891586206896552,5,0.854389
Alonzo Gee,2013,25,SF,CLE,82,31.0,0.41,0.315,0.795,10.3,3.9,1.6,1.3,0.4,1.6,13.703225806451611,6,3.5
Alonzo Gee,2014,26,SF,CLE,65,15.7,0.415,0.328,0.705,4.0,2.3,0.7,0.6,0.2,0.7,10.767898089171974,7,3.25
Alonzo Gee,2015,27,SF,POR,54,12.3,0.468,0.371,0.701,4.5,1.7,0.5,0.6,0.1,0.6,13.510243902439022,8,0.915243
Alonzo Gee,2016,28,SF,NOP,73,22.4,0.518,0.283,0.667,4.5,3.4,1.0,0.9,0.2,0.8,7.547142857142857,9,1.32
Alonzo Gee,2017,29,SF,DEN,13,6.8,0.214,0.0,0.556,0.8,1.2,0.5,0.4,0.1,0.3,9.042352941176471,10,0.057672
Alperen Sengun,2022,19,C,HOU,72,20.7,0.474,0.248,0.711,9.6,5.5,2.6,0.8,0.9,2.0,18.622608695652175,1,3.717287
Alperen Sengun,2024,21,C,HOU,63,32.5,0.537,0.297,0.693,21.1,9.3,5.0,1.2,0.7,2.6,22.889353846153845,2,3.641356
Alperen Sengun,2025,22,C,HOU,76,31.5,0.496,0.233,0.692,19.1,10.3,4.9,1.1,0.8,2.6,22.930285714285713,3,5.424654
Amar'e Stoudemire,2010,27,PF,PHO,82,34.6,0.557,0.167,0.771,23.1,8.9,1.0,0.6,1.0,2.6,22.25341040462428,8,16.378325
Amar'e Stoudemire,2011,28,C,NYK,78,36.8,0.502,0.435,0.792,25.3,8.2,2.6,0.9,1.9,3.2,25.031739130434783,9,16.486611
Amar'e Stoudemire,2012,29,PF,NYK,47,32.8,0.483,0.238,0.765,17.5,7.8,1.1,0.8,1.0,2.4,20.401463414634147,10,18.217705
Amar'e Stoudemire,2013,30,PF,NYK,29,23.5,0.577,,0.808,14.2,5.0,0.4,0.3,0.7,1.7,19.73106382978723,11,19.948799
Amar'e Stoudemire,2014,31,C,NYK,65,22.6,0.557,,0.739,11.9,4.9,0.5,0.4,0.6,1.4,18.101946902654866,12,21.679893
Amar'e Stoudemire,2015,32,PF,DAL,59,21.1,0.557,0.0,0.72,11.5,5.6,0.8,0.5,0.6,1.3,18.781421800947868,13,0.306876
Amar'e Stoudemire,2016,33,C,MIA,52,14.7,0.566,,0.746,5.8,4.3,0.5,0.3,0.8,0.9,14.135510204081633,14,0.947276
Amari Bailey,2024,19,PG,CHO,10,6.5,0.333,0.125,0.857,2.3,0.9,0.7,0.3,0.0,0.4,17.21353846153846,1,0.576415
Amen Thompson,2024,21,SF,HOU,62,22.4,0.536,0.138,0.684,9.5,6.6,2.6,1.3,0.6,1.5,15.750000000000002,2,9.071042
Amen Thompson,2025,22,SF,HOU,69,32.2,0.557,0.275,0.684,14.1,8.2,3.8,1.4,1.3,2.0,15.298881987577637,3,9.24996
Amida Brimah,2021,26,C,IND,5,5.8,0.625,,1.0,2.6,1.6,0.2,0.0,1.0,0.8,16.535172413793106,7,0.149967
Amile Jefferson,2020,26,PF,ORL,18,4.1,0.357,,0.357,0.8,1.3,0.2,0.1,0.2,0.2,11.871219512195124,7,1.529007
Amir Coffey,2021,23,SG,LAC,44,9.0,0.437,0.411,0.711,3.2,1.0,0.5,0.2,0.0,0.3,11.983999999999998,4,0.705429
Amir Coffey,2022,24,SG,LAC,69,22.7,0.453,0.378,0.863,9.0,2.9,1.8,0.6,0.2,0.7,13.080528634361233,5,0.663253
Amir Coffey,2023,25,SG,LAC,50,12.5,0.386,0.275,0.778,3.4,1.1,1.1,0.1,0.1,0.4,11.15136,6,3.599743
Amir Coffey,2024,26,SF,LAC,70,20.9,0.472,0.38,0.859,6.6,2.1,1.1,0.6,0.2,0.5,10.231578947368423,7,3.775618
Amir Coffey,2025,27,SG,LAC,72,24.3,0.471,0.409,0.891,9.7,2.2,1.1,0.6,0.1,0.6,12.58074074074074,8,3.938271
Amir Johnson,2010,22,PF,TOR,82,17.7,0.623,0.0,0.638,6.2,4.8,0.6,0.5,0.8,0.8,11.576949152542372,3,3.941667
Amir Johnson,2011,23,PF,TOR,72,25.7,0.568,0.0,0.788,9.6,6.4,1.1,0.7,1.2,1.0,12.422101167315175,4,5.0
Amir Johnson,2012,24,PF,TOR,64,24.3,0.576,0.4,0.69,7.1,6.4,1.2,0.5,1.1,1.5,10.92148148148148,5,6.0
Amir Johnson,2013,25,PF,TOR,81,28.7,0.554,0.385,0.727,10.0,7.5,1.5,1.0,1.4,1.4,12.43317073170732,6,6.05
Amir Johnson,2014,26,PF,TOR,77,28.8,0.562,0.303,0.636,10.4,6.6,1.5,0.7,1.1,1.6,12.92,7,6.5
Amir Johnson,2015,27,PF,TOR,75,26.4,0.574,0.413,0.612,9.3,6.1,1.6,0.6,0.8,1.5,12.474545454545455,8,7.0
Amir Johnson,2016,28,PF,BOS,79,22.8,0.585,0.233,0.57,7.3,6.4,1.7,0.7,1.1,1.2,11.463157894736842,9,12.0
Amir Johnson,2017,29,PF,BOS,80,20.1,0.576,0.409,0.67,6.5,4.6,1.8,0.6,0.8,1.0,11.054328358208954,10,12.0
Amir Johnson,2019,31,C,PHI,51,10.4,0.503,0.3,0.756,3.9,2.9,1.2,0.3,0.3,0.9,15.064615384615387,12,1.512601
Anderson Varejao,2010,27,PF,CLE,76,28.5,0.572,0.2,0.663,8.6,7.6,1.1,0.9,0.9,0.9,10.12042105263158,8,6.363636
Anderson Varejao,2011,28,C,CLE,31,32.1,0.528,0.0,0.667,9.1,9.7,1.5,0.9,1.2,1.3,10.59140186915888,9,7.281818
Anderson Varejao,2012,29,C,CLE,25,31.4,0.514,0.0,0.672,10.8,11.5,1.7,1.4,0.7,1.8,13.579108280254777,10,7.7
Anderson Varejao,2013,30,C,CLE,25,36.0,0.478,0.0,0.755,14.1,14.4,3.4,1.5,0.6,1.8,15.204,11,8.368182
Anderson Varejao,2014,31,C,CLE,65,27.7,0.495,0.0,0.681,8.4,9.7,2.2,1.1,0.6,1.1,11.857906137184115,12,9.036364
Anderson Varejao,2015,32,C,CLE,26,24.5,0.555,0.0,0.733,9.8,6.5,1.3,0.7,0.6,1.3,14.323591836734696,13,9.704545
Anderson Varejao,2016,33,C,GSW,53,9.4,0.427,0.0,0.64,2.6,2.7,0.7,0.3,0.2,0.4,11.857021276595743,14,0.289755
Anderson Varejao,2017,34,C,GSW,14,6.6,0.357,,0.727,1.3,1.9,0.7,0.2,0.2,0.6,10.647272727272727,15,0.980431
Anderson Varejao,2021,38,C,CLE,5,7.2,0.25,0.0,0.556,2.6,4.0,0.6,0.0,0.4,0.2,20.96,19,2.610087
Andray Blatche,2010,23,PF,WAS,81,27.9,0.478,0.295,0.744,14.1,6.3,2.1,1.0,0.9,2.2,20.356129032258067,4,3.0
Andray Blatche,2011,24,PF,WAS,64,33.9,0.445,0.222,0.777,16.8,8.2,2.3,1.5,0.8,2.7,20.852389380530973,5,5.904152
Andray Blatche,2012,25,PF,WAS,26,24.1,0.38,0.286,0.673,8.5,5.8,1.1,0.8,0.7,1.4,17.381576763485477,6,6.442083
Andray Blatche,2013,26,C,BRK,82,19.0,0.512,0.136,0.685,10.3,5.1,1.0,1.0,0.7,1.5,20.54652631578947,7,0.854389
Andray Blatche,2014,27,PF,BRK,73,22.2,0.476,0.278,0.742,11.2,5.3,1.5,1.0,0.5,1.5,19.491891891891893,8,1.375604
Andre Dawkins,2015,23,SG,MIA,4,5.5,0.167,0.167,,0.8,0.5,0.3,0.0,0.0,0.3,11.781818181818181,4,0.029843
Andre Drummond,2013,19,C,DET,60,20.7,0.608,0.5,0.371,7.9,7.6,0.5,1.0,1.6,1.0,13.718260869565219,1,2.35632
Andre Drummond,2014,20,C,DET,81,32.3,0.623,0.0,0.418,13.5,13.2,0.4,1.2,1.6,1.4,14.110216718266255,1,2.4654
Andre Drummond,2015,21,C,DET,82,30.5,0.514,0.0,0.389,13.8,13.5,0.7,0.9,1.9,1.5,17.917377049180327,2,2.56836
Andre Drummond,2016,22,C,DET,81,32.9,0.521,0.333,0.355,16.2,14.8,0.8,1.5,1.4,1.9,19.87987841945289,3,3.272091
Andre Drummond,2017,23,C,DET,81,29.7,0.53,0.286,0.386,13.6,13.8,1.1,1.5,1.1,1.9,18.225454545454543,4,22.11675
Andre Drummond,2018,24,C,DET,78,33.7,0.529,0.0,0.605,15.0,16.0,3.0,1.5,1.6,2.6,17.245816023738872,5,25.434263
Andre Drummond,2019,25,C,DET,79,33.5,0.533,0.132,0.59,17.3,15.6,1.4,1.7,1.7,2.2,19.115462686567167,6,25.434263
Andre Drummond,2020,26,C,CLE,57,33.0,0.533,0.143,0.575,17.7,15.2,2.7,1.9,1.6,3.6,21.477818181818183,7,27.093019
Andre Drummond,2021,27,C,LAL,46,27.0,0.493,0.0,0.6,14.9,12.0,2.0,1.4,1.1,2.7,22.773333333333337,8,35.03954
Andre Drummond,2022,28,C,BRK,73,19.7,0.57,0.0,0.524,7.9,9.3,1.8,1.1,0.9,1.6,15.474517766497463,9,2.777011
Andre Drummond,2023,29,C,CHI,67,12.7,0.606,0.0,0.536,6.0,6.6,0.5,0.7,0.4,1.1,17.10992125984252,10,3.392921
Andre Drummond,2024,30,C,CHI,79,17.1,0.556,0.0,0.592,8.4,9.0,0.5,0.9,0.6,1.0,17.541052631578946,11,3.459838
Andre Drummond,2025,31,C,PHI,40,18.8,0.5,0.15,0.622,7.3,7.8,0.9,1.0,0.5,1.4,15.916595744680851,12,5.0
Andre Iguodala,2010,26,SF,PHI,82,38.9,0.443,0.31,0.733,17.1,6.5,5.8,1.7,0.7,2.7,17.29480719794344,7,12.2
Andre Iguodala,2011,27,SF,PHI,67,36.9,0.445,0.337,0.693,14.1,5.8,6.3,1.5,0.6,2.1,15.00487804878049,8,12.34525
Andre Iguodala,2012,28,SF,PHI,62,35.6,0.454,0.394,0.617,12.4,6.1,5.5,1.7,0.5,1.9,13.659775280898874,9,14.71825
Andre Iguodala,2013,29,SG,DEN,80,34.7,0.451,0.317,0.574,13.0,5.3,5.4,1.7,0.7,2.6,15.661556195965417,10,14.96825
Andre Iguodala,2014,30,SF,GSW,63,32.4,0.48,0.354,0.652,9.3,4.7,4.2,1.5,0.3,1.6,10.915555555555555,11,12.868632
Andre Iguodala,2015,31,SF,GSW,77,26.9,0.466,0.349,0.596,7.8,3.3,3.0,1.2,0.3,1.1,10.920446096654276,12,12.289544
Andre Iguodala,2016,32,SF,GSW,65,26.6,0.478,0.351,0.614,7.0,4.0,3.4,1.1,0.3,1.2,10.112481203007519,13,11.710456
Andre Iguodala,2017,33,SF,GSW,76,26.3,0.528,0.362,0.706,7.6,4.0,3.4,1.0,0.5,0.8,9.406539923954373,14,11.131368
Andre Iguodala,2018,34,SF,GSW,64,25.3,0.463,0.282,0.632,6.0,3.8,3.3,0.8,0.6,1.0,9.414071146245059,15,14.814815
Andre Iguodala,2019,35,SF,GSW,68,23.2,0.5,0.333,0.582,5.7,3.7,3.2,0.9,0.8,0.8,8.751724137931035,16,16.0
Andre Iguodala,2020,36,SF,MIA,21,19.9,0.432,0.298,0.4,4.6,3.7,2.4,0.7,1.0,1.2,10.32603015075377,17,17.185185
Andre Iguodala,2021,37,SF,MIA,63,21.3,0.383,0.33,0.658,4.4,3.5,2.3,0.9,0.6,1.1,8.896901408450702,18,18.280371
Andre Iguodala,2022,38,SF,GSW,31,19.5,0.38,0.23,0.75,4.0,3.2,3.7,0.9,0.7,0.9,9.348923076923077,19,3.054712
Andre Iguodala,2023,39,SF,GSW,8,14.1,0.467,0.111,0.667,2.1,2.1,2.4,0.5,0.4,1.1,8.108936170212766,20,3.081038
Andre Ingram,2018,32,SG,LAL,2,32.0,0.471,0.556,1.0,12.0,3.0,3.5,1.5,1.5,1.5,11.9925,13,0.013824
Andre Jackson Jr.,2025,23,SG,MIL,67,14.6,0.477,0.395,0.5,3.4,2.7,1.2,0.5,0.2,0.9,9.803835616438356,4,1.891857
Andre Miller,2010,33,PG,POR,82,30.5,0.445,0.2,0.821,14.0,3.2,5.4,1.1,0.1,2.1,18.07318032786885,14,6.7308
Andre Miller,2011,34,PG,POR,81,32.7,0.46,0.108,0.853,12.7,3.7,7.0,1.4,0.1,2.4,15.83559633027523,15,7.269264
Andre Miller,2012,35,SG,DEN,66,27.4,0.438,0.217,0.811,9.7,3.3,6.7,1.0,0.1,2.7,16.087007299270073,16,7.807728
Andre Miller,2013,36,PG,DEN,82,26.2,0.479,0.266,0.84,9.6,2.9,5.9,0.9,0.1,2.1,14.916641221374045,17,5.0
Andre Miller,2014,37,SG,WAS,58,16.9,0.459,0.524,0.779,4.9,2.2,3.4,0.6,0.2,1.1,12.082366863905326,18,5.0
Andre Miller,2015,38,PG,SAC,81,15.5,0.5,0.206,0.753,4.4,1.9,3.5,0.4,0.1,1.3,12.40258064516129,19,4.65
Andre Miller,2016,39,PG,SAS,39,11.8,0.557,0.25,0.75,3.7,1.3,2.2,0.4,0.0,0.9,12.056949152542371,20,0.25075
Andre Roberson,2014,22,SG,OKC,40,10.0,0.485,0.154,0.7,1.9,2.4,0.4,0.5,0.3,0.5,8.395199999999999,3,0.74056
Andre Roberson,2015,23,SG,OKC,67,19.2,0.458,0.247,0.479,3.4,3.8,1.0,0.8,0.4,0.7,7.515000000000001,4,1.16088
Andre Roberson,2016,24,SG,OKC,70,22.2,0.496,0.311,0.611,4.8,3.6,0.7,0.8,0.6,0.5,7.705945945945946,5,1.2108
Andre Roberson,2017,25,SF,OKC,79,30.1,0.464,0.245,0.423,6.6,5.1,1.0,1.2,1.0,0.6,8.510830564784053,6,2.183072
Andre Roberson,2018,26,SG,OKC,39,26.6,0.537,0.222,0.316,5.0,4.7,1.2,1.2,0.9,0.8,7.362406015037593,7,9.25926
Andre Roberson,2020,28,SF,OKC,7,12.4,0.276,0.214,0.5,2.9,3.9,0.6,0.1,0.4,0.3,13.157419354838705,9,10.74074
Andre Roberson,2021,29,SG,BRK,5,12.6,0.143,0.125,0.5,1.2,3.0,0.8,0.6,0.2,0.4,9.645714285714286,10,0.50166
Andrea Bargnani,2011,25,C,TOR,66,35.7,0.448,0.345,0.82,21.4,5.2,1.8,0.5,0.7,2.3,22.620504201680674,6,8.5
Andrea Bargnani,2012,26,C,TOR,31,33.3,0.432,0.296,0.873,19.5,5.5,2.0,0.6,0.5,2.2,21.90702702702703,7,10.0
Andrea Bargnani,2013,27,PF,TOR,35,28.7,0.399,0.309,0.844,12.7,3.7,1.1,0.6,0.7,1.5,18.398885017421602,8,10.0
Andrea Bargnani,2014,28,C,NYK,42,29.9,0.442,0.278,0.824,13.3,5.3,1.1,0.3,1.2,1.4,17.40521739130435,9,11.8625
Andrea Bargnani,2015,29,C,NYK,29,27.1,0.454,0.366,0.813,14.8,4.4,1.6,0.1,0.9,1.4,20.494760147601475,10,11.5
Andrea Bargnani,2016,30,C,BRK,46,13.8,0.455,0.188,0.825,6.6,2.1,0.4,0.1,0.2,0.6,18.85565217391304,11,1.362897
Andrei Kirilenko,2010,28,SF,UTA,58,29.0,0.506,0.292,0.744,11.9,4.6,2.7,1.4,1.2,1.4,14.226206896551727,9,16.452
Andrei Kirilenko,2011,29,SF,UTA,64,31.2,0.467,0.367,0.77,11.7,5.1,3.0,1.3,1.2,1.8,14.016923076923078,10,17.823
Andrei Kirilenko,2013,31,SF,MIN,64,31.8,0.507,0.292,0.752,12.4,5.7,2.8,1.5,1.0,1.9,14.055849056603773,12,9.779349
Andrei Kirilenko,2014,32,PF,BRK,45,19.0,0.513,0.2,0.513,5.0,3.2,1.6,0.9,0.4,1.2,11.262315789473684,13,3.183
Andrei Kirilenko,2015,33,SF,BRK,7,5.1,0.0,,0.75,0.4,1.1,0.1,0.1,0.0,0.1,7.510588235294119,14,3.326235
Andres Nocioni,2010,30,SF,SAC,75,19.7,0.399,0.386,0.717,8.5,3.0,1.0,0.4,0.3,0.9,16.94375634517767,11,7.5
Andres Nocioni,2011,31,SF,PHI,54,17.2,0.426,0.356,0.803,6.1,3.1,0.8,0.3,0.3,0.9,13.571162790697676,12,6.85
Andres Nocioni,2012,32,SF,PHI,11,5.1,0.25,0.167,0.545,1.5,1.3,0.1,0.1,0.1,0.5,19.34117647058824,13,6.65
Andrew Bogut,2010,25,C,MIL,69,32.3,0.52,0.0,0.629,15.9,10.2,1.8,0.6,2.5,1.9,18.497089783281737,6,10.0
Andrew Bogut,2011,26,C,MIL,65,35.3,0.495,0.0,0.442,12.8,11.1,2.0,0.7,2.6,1.9,15.044532577903684,7,11.0
Andrew Bogut,2012,27,C,MIL,12,30.3,0.449,0.0,0.609,11.3,8.3,2.6,1.0,2.0,2.0,16.795247524752476,8,12.0
Andrew Bogut,2013,28,C,GSW,32,24.6,0.451,1.0,0.5,5.8,7.7,2.1,0.6,1.7,1.1,10.870243902439022,9,13.0
Andrew Bogut,2014,29,C,GSW,67,26.4,0.627,,0.344,7.3,10.0,1.7,0.7,1.8,1.4,10.145454545454545,10,14.0
Andrew Bogut,2015,30,C,GSW,67,23.6,0.563,,0.524,6.3,8.1,2.7,0.6,1.7,1.6,10.928135593220338,11,12.972973
Andrew Bogut,2016,31,C,GSW,70,20.7,0.627,1.0,0.48,5.4,7.0,2.3,0.5,1.6,1.2,9.57913043478261,12,13.8
Andrew Bogut,2017,32,C,CLE,27,21.6,0.469,0.0,0.273,2.9,8.1,1.8,0.5,0.9,1.6,7.959999999999998,13,0.242224
Andrew Bogut,2018,33,C,LAL,24,9.0,0.68,,1.0,1.5,3.3,0.6,0.2,0.5,0.8,7.376,14,1.471382
Andrew Bogut,2019,34,C,GSW,11,12.2,0.5,,1.0,3.5,5.0,1.0,0.3,0.7,0.7,12.192786885245901,15,0.307648
Andrew Bynum,2010,22,C,LAL,65,30.4,0.57,0.0,0.739,15.0,8.3,1.0,0.5,1.4,1.8,16.76842105263158,3,12.5
Andrew Bynum,2011,23,C,LAL,54,27.8,0.574,,0.66,11.3,9.4,1.4,0.4,2.0,1.4,13.8768345323741,4,13.7
Andrew Bynum,2012,24,C,LAL,60,35.2,0.558,0.2,0.692,18.7,11.8,1.4,0.5,1.9,2.5,18.67909090909091,5,14.9
Andrew Bynum,2014,26,C,IND,26,19.8,0.418,,0.755,8.7,5.6,1.1,0.2,1.1,1.3,19.701818181818183,7,1.0
Andrew Funk,2024,24,SG,CHI,5,2.6,0.0,0.0,0.0,0.0,0.0,0.0,0.2,0.2,0.0,11.076923076923077,5,0.165636
Andrew Goudelock,2012,23,SG,LAL,40,10.5,0.391,0.373,0.917,4.4,0.8,0.5,0.1,0.0,0.5,17.25257142857143,4,0.473604
Andrew Goudelock,2016,27,PG,HOU,8,6.3,0.45,0.111,0.75,2.8,0.3,0.5,0.8,0.3,0.9,20.685714285714287,8,0.2006
Andrew Harrison,2017,22,PG,MEM,72,20.5,0.325,0.276,0.763,5.9,1.9,2.8,0.7,0.3,1.2,12.974048780487806,3,0.945
Andrew Harrison,2018,23,PG,MEM,56,23.7,0.422,0.331,0.78,9.5,2.3,3.2,0.7,0.5,1.4,15.694177215189875,4,1.312611
Andrew Harrison,2019,24,PG,NOP,17,11.0,0.302,0.2,0.944,3.2,1.2,1.4,0.2,0.1,0.7,14.020363636363635,5,1.544951
Andrew Nembhard,2023,23,SG,IND,75,27.6,0.441,0.35,0.79,9.5,2.7,4.5,0.9,0.2,1.7,13.893913043478259,4,2.379403
Andrew Nembhard,2024,24,PG,IND,68,25.0,0.498,0.357,0.804,9.2,2.1,4.1,0.9,0.1,1.5,13.754879999999998,5,2.195252
Andrew Nembhard,2025,25,SG,IND,65,28.9,0.458,0.291,0.794,10.0,3.3,5.0,1.2,0.2,1.7,13.607750865051905,6,2.019699
Andrew Nicholson,2013,23,PF,ORL,75,16.7,0.527,,0.798,7.8,3.4,0.6,0.3,0.4,1.1,17.6162874251497,4,1.482
Andrew Nicholson,2014,24,PF,ORL,76,15.4,0.429,0.315,0.825,5.7,3.4,0.3,0.2,0.3,0.7,15.316363636363636,5,1.482
Andrew Nicholson,2015,25,PF,ORL,40,12.3,0.437,0.317,0.6,4.9,2.1,0.6,0.2,0.3,0.6,16.577560975609757,6,1.54584
Andrew Nicholson,2016,26,PF,ORL,56,14.7,0.471,0.36,0.785,6.9,3.6,0.4,0.2,0.4,0.7,16.476734693877553,7,2.380593
Andrew Nicholson,2017,27,PF,BRK,38,9.0,0.387,0.185,0.643,2.6,1.6,0.3,0.4,0.2,0.4,13.904,8,6.088993
Andrew Wiggins,2015,19,SF,MIN,82,36.2,0.437,0.31,0.76,16.9,4.6,2.1,1.0,0.6,2.2,18.505193370165745,1,5.51064
Andrew Wiggins,2016,20,SF,MIN,81,35.1,0.459,0.3,0.761,20.7,3.6,2.0,1.0,0.6,2.2,21.825641025641023,1,5.75868
Andrew Wiggins,2017,21,SF,MIN,82,37.2,0.452,0.356,0.76,23.6,4.0,2.3,1.0,0.4,2.3,23.52,2,6.0066
Andrew Wiggins,2018,22,SF,MIN,82,36.3,0.438,0.331,0.643,17.7,4.4,2.0,1.1,0.6,1.7,19.112727272727273,3,7.574323
Andrew Wiggins,2019,23,SF,MIN,73,34.8,0.412,0.339,0.699,18.1,4.8,2.5,1.0,0.7,1.9,21.00413793103448,4,25.46725
Andrew Wiggins,2020,24,SF,GSW,54,34.4,0.447,0.332,0.709,21.8,5.1,3.7,0.8,1.0,2.4,23.75581395348837,5,27.50463
Andrew Wiggins,2021,25,PF,GSW,71,33.3,0.477,0.38,0.714,18.6,4.9,2.4,0.9,1.0,1.8,19.671351351351355,6,36.002595
Andrew Wiggins,2022,26,SF,GSW,73,31.9,0.466,0.393,0.634,17.2,4.5,2.2,1.0,0.7,1.5,19.081128526645774,7,36.516749
Andrew Wiggins,2023,27,SF,GSW,37,32.2,0.473,0.396,0.611,17.1,5.0,2.3,1.2,0.8,1.3,18.375652173913043,8,35.643458
Andrew Wiggins,2024,28,SF,GSW,71,27.0,0.453,0.358,0.751,13.2,4.5,1.7,0.6,0.6,1.2,17.85066666666667,9,25.053308
Andrew Wiggins,2025,29,SF,MIA,60,30.7,0.448,0.374,0.763,18.0,4.5,2.6,1.0,0.8,1.7,20.62905537459283,10,26.276786
Andris Biedrins,2010,23,C,GSW,33,23.1,0.591,,0.16,5.0,7.8,1.7,0.6,1.3,1.0,8.652467532467533,4,9.0
Andris Biedrins,2011,24,C,GSW,59,23.7,0.534,,0.323,5.0,7.2,1.0,0.9,0.9,1.0,8.688607594936709,5,9.0
Andris Biedrins,2012,25,C,GSW,47,15.7,0.609,,0.111,1.7,3.7,0.3,0.5,1.0,0.3,4.099872611464968,6,9.0
Andris Biedrins,2013,26,C,GSW,53,9.3,0.476,,0.308,0.5,2.9,0.3,0.3,0.8,0.3,3.0503225806451613,7,9.0
Andy Rautins,2011,24,SG,NYK,5,4.8,0.429,0.25,0.5,1.6,0.2,0.6,0.2,0.0,1.4,22.32,5,0.6
Anfernee Simons,2019,19,SG,POR,20,7.1,0.444,0.345,0.563,3.8,0.7,0.7,0.1,0.0,0.6,21.052394366197184,1,1.76052
Anfernee Simons,2020,20,SG,POR,70,20.7,0.399,0.332,0.826,8.3,2.2,1.4,0.4,0.1,0.9,15.951304347826088,1,2.14956
Anfernee Simons,2021,21,SG,POR,64,17.3,0.419,0.426,0.807,7.8,2.2,1.4,0.3,0.1,0.7,15.39052023121387,2,2.744541
Anfernee Simons,2022,22,SG,POR,57,29.5,0.443,0.405,0.888,17.3,2.6,3.9,0.5,0.1,2.0,20.599322033898307,3,4.554642
Anfernee Simons,2023,23,SG,POR,62,35.0,0.447,0.377,0.894,21.1,2.6,4.1,0.7,0.2,2.1,20.855314285714286,4,23.667143
Anfernee Simons,2024,24,SG,POR,46,34.4,0.43,0.385,0.916,22.6,3.6,5.5,0.5,0.1,2.7,23.667906976744185,5,24.823461
Anfernee Simons,2025,25,SG,POR,70,32.7,0.426,0.363,0.902,19.3,2.7,4.8,0.9,0.1,2.0,21.282935779816512,6,25.892857
Antawn Jamison,2010,33,PF,CLE,66,36.5,0.461,0.344,0.647,18.7,8.4,1.3,1.1,0.3,1.4,18.818630136986297,14,11.641095
Antawn Jamison,2011,34,PF,CLE,56,32.9,0.427,0.346,0.731,18.0,6.7,1.7,0.9,0.5,1.4,20.623951367781157,15,13.358905
Antawn Jamison,2012,35,PF,CLE,65,33.1,0.403,0.341,0.683,17.2,6.3,2.0,0.8,0.7,1.4,21.043141993957704,16,15.076715
Ante Zizic,2018,21,C,CLE,32,6.7,0.731,,0.724,3.7,1.9,0.2,0.1,0.4,0.3,15.023283582089551,2,1.95276
Ante Zizic,2019,22,C,CLE,59,18.3,0.553,,0.705,7.8,5.4,0.9,0.2,0.4,1.0,14.887868852459015,3,1.95276
Ante Zizic,2020,23,C,CLE,22,10.0,0.569,,0.737,4.4,3.0,0.3,0.3,0.2,0.5,15.105599999999999,4,2.2818
Anthony Bennett,2014,20,PF,CLE,52,12.8,0.356,0.245,0.638,4.2,3.0,0.3,0.4,0.2,0.9,16.23375,1,5.32428
Anthony Bennett,2015,21,PF,MIN,57,15.7,0.421,0.304,0.641,5.2,3.8,0.8,0.5,0.3,0.6,14.409171974522293,2,5.56392
Anthony Bennett,2016,22,PF,TOR,19,4.4,0.296,0.214,0.9,1.5,1.2,0.0,0.3,0.0,0.2,14.890909090909089,3,0.947276
Anthony Bennett,2017,23,PF,BRK,23,11.5,0.413,0.271,0.722,5.0,3.4,0.5,0.2,0.1,0.5,16.29078260869565,4,1.015696
Anthony Black,2024,20,PG,ORL,69,16.9,0.466,0.394,0.613,4.6,2.0,1.3,0.5,0.3,0.8,10.497514792899409,1,7.460771
Anthony Black,2025,21,PG,ORL,78,24.2,0.423,0.318,0.761,9.4,2.9,3.1,1.1,0.6,1.8,16.06611570247934,2,7.60776
Anthony Brown,2016,23,SF,LAL,29,20.7,0.31,0.286,0.85,4.0,2.4,0.7,0.5,0.2,0.5,8.883478260869564,4,0.7
Anthony Brown,2017,24,SF,ORL,11,14.5,0.36,0.259,,3.9,3.0,0.7,0.5,0.1,0.5,12.413793103448276,5,0.057672
Anthony Carter,2010,34,PG,DEN,54,15.9,0.42,0.27,0.846,3.3,1.6,3.0,0.7,0.2,1.1,10.387924528301888,15,0.825497
Anthony Carter,2011,35,PG,NYK,33,14.0,0.425,0.3,1.0,3.3,1.5,2.1,0.8,0.2,1.2,11.540571428571429,16,0.854389
Anthony Carter,2012,36,PG,TOR,24,8.7,0.321,0.294,0.8,2.0,1.4,1.4,0.3,0.2,0.7,12.728275862068969,17,0.854389
Anthony Davis,2013,19,PF,NOH,64,28.8,0.516,0.0,0.751,13.5,8.2,1.0,1.2,1.8,1.4,16.925,1,5.14428
Anthony Davis,2014,20,PF,NOP,67,35.2,0.519,0.222,0.791,20.8,10.0,1.6,1.3,2.8,1.6,19.947272727272725,1,5.37576
Anthony Davis,2015,21,PF,NOP,68,36.1,0.535,0.083,0.805,24.4,10.2,2.2,1.5,2.9,1.4,21.93108033240997,2,5.60724
Anthony Davis,2016,22,C,NOP,61,35.5,0.493,0.324,0.758,24.3,10.3,1.9,1.3,2.0,2.0,24.013521126760565,3,7.07073
Anthony Davis,2017,23,C,NOP,75,36.1,0.505,0.299,0.802,28.0,11.8,2.1,1.3,2.2,2.4,26.41063711911357,4,22.11675
Anthony Davis,2018,24,PF,NOP,75,36.4,0.534,0.34,0.828,28.1,11.1,2.3,1.5,2.6,2.2,24.942857142857143,5,23.775506
Anthony Davis,2019,25,C,NOP,56,33.0,0.517,0.331,0.794,25.9,12.0,3.9,1.6,2.4,2.0,25.841454545454546,6,25.434263
Anthony Davis,2020,26,PF,LAL,62,34.4,0.503,0.33,0.846,26.1,9.3,3.2,1.5,2.3,2.5,25.05348837209302,7,27.093018
Anthony Davis,2021,27,PF,LAL,36,32.3,0.491,0.26,0.738,21.8,7.9,3.1,1.3,1.6,2.1,24.18130030959753,8,39.902395
Anthony Davis,2022,28,C,LAL,40,35.1,0.532,0.186,0.713,23.2,9.9,3.1,1.2,2.3,2.1,22.752820512820513,9,40.890021
Anthony Davis,2023,29,C,LAL,56,34.0,0.563,0.257,0.784,25.9,12.5,2.6,1.1,2.0,2.2,24.221647058823528,10,40.270501
Anthony Davis,2024,30,C,LAL,76,35.5,0.556,0.271,0.816,24.7,12.6,3.5,1.2,2.3,2.1,22.301746478873238,11,41.806469
Anthony Davis,2025,31,PF,DAL,51,33.5,0.516,0.282,0.775,24.7,11.6,3.5,1.2,2.2,2.2,24.896955223880596,12,43.21944
Anthony Edwards,2021,19,SG,MIN,72,32.1,0.417,0.329,0.776,19.3,4.7,2.9,1.1,0.5,2.2,23.18355140186916,1,11.891308
Anthony Edwards,2022,20,SG,MIN,72,34.3,0.441,0.357,0.786,21.3,4.8,3.8,1.5,0.6,2.6,22.687346938775516,1,11.847335
Anthony Edwards,2023,21,SG,MIN,79,36.0,0.459,0.369,0.756,24.6,5.8,4.4,1.6,0.7,3.3,25.132,2,11.380495
Anthony Edwards,2024,22,SG,MIN,79,35.1,0.461,0.357,0.836,25.9,5.4,5.1,1.3,0.5,3.1,26.27282051282051,3,13.93699
Anthony Edwards,2025,23,SG,MIN,79,36.3,0.447,0.395,0.837,27.6,5.7,4.5,1.2,0.6,3.2,26.154049586776857,4,42.1764
Anthony Gill,2021,28,PF,WAS,26,8.4,0.5,0.292,0.813,3.1,2.0,0.4,0.4,0.2,0.3,12.274285714285714,9,1.094762
Anthony Gill,2022,29,PF,WAS,44,10.5,0.569,0.538,0.808,4.1,1.9,0.6,0.1,0.3,0.4,11.753142857142857,10,1.755313
Anthony Gill,2023,30,PF,WAS,59,10.6,0.538,0.138,0.731,3.3,1.7,0.6,0.1,0.2,0.3,10.13433962264151,11,1.946784
Anthony Gill,2024,31,PF,WAS,50,9.3,0.469,0.244,0.806,3.8,1.9,0.7,0.3,0.2,0.5,15.51483870967742,12,2.056583
Anthony Gill,2025,32,PF,WAS,51,7.8,0.489,0.323,0.66,2.5,1.3,0.3,0.2,0.0,0.2,10.8,13,2.237691
Anthony Johnson,2010,35,PG,ORL,31,13.1,0.441,0.333,0.95,4.2,1.5,2.0,0.4,0.0,0.8,12.817099236641221,16,2.0628
Anthony Lamb,2021,23,SF,HOU,24,17.3,0.39,0.324,0.857,5.5,2.9,1.0,0.3,0.2,0.8,12.685317919075144,4,0.26242
Anthony Lamb,2022,24,SF,SAS,2,4.0,0.0,0.0,,0.0,0.5,1.0,0.0,0.0,0.0,9.0,5,0.157372
Anthony Lamb,2023,25,SF,GSW,62,19.3,0.471,0.367,0.767,6.7,3.5,1.5,0.5,0.3,0.9,12.012435233160621,6,0.73677
Anthony Morrow,2010,24,SG,GSW,69,29.2,0.468,0.456,0.886,13.0,3.8,1.5,0.9,0.2,1.2,14.97698630136986,5,0.73642
Anthony Morrow,2011,25,SG,NJN,58,32.0,0.45,0.423,0.897,13.2,3.0,1.2,0.3,0.1,0.9,13.940999999999999,6,4.0
Anthony Morrow,2012,26,SG,NJN,62,26.4,0.413,0.371,0.933,12.0,2.0,1.0,0.7,0.1,1.1,16.974545454545453,7,4.0
Anthony Morrow,2013,27,SG,DAL,41,9.3,0.441,0.372,0.909,4.0,0.7,0.3,0.3,0.0,0.2,15.174193548387096,8,4.0
Anthony Morrow,2014,28,SG,NOP,76,18.8,0.458,0.451,0.828,8.4,1.8,0.8,0.5,0.2,0.7,15.28851063829787,9,1.027424
Anthony Morrow,2015,29,SG,OKC,74,24.4,0.463,0.434,0.888,10.7,2.6,0.8,0.7,0.1,0.5,13.762622950819676,10,3.2
Anthony Morrow,2016,30,SG,OKC,68,13.6,0.408,0.387,0.744,5.6,0.9,0.4,0.3,0.1,0.3,14.463529411764707,11,3.344
Anthony Morrow,2017,31,SG,CHI,49,14.6,0.389,0.308,0.919,5.5,0.6,0.5,0.5,0.0,0.1,13.689863013698629,12,3.488
Anthony Parker,2010,34,SG,CLE,81,28.3,0.434,0.414,0.789,7.3,2.9,1.9,0.8,0.2,0.9,9.32183745583039,15,2.644231
Anthony Parker,2011,35,SF,CLE,72,29.0,0.399,0.379,0.779,8.3,3.0,3.0,0.9,0.1,1.1,11.634206896551724,16,2.855769
Anthony Parker,2012,36,SF,CLE,51,25.1,0.433,0.362,0.625,7.2,2.7,2.4,0.7,0.1,1.0,11.307729083665338,17,2.25
Anthony Randolph,2010,20,C,GSW,33,22.7,0.443,0.2,0.801,11.6,6.5,1.3,0.8,1.5,1.5,20.1473127753304,1,1.83756
Anthony Randolph,2011,21,C-PF,MIN,40,14.8,0.466,0.25,0.674,7.6,4.0,0.8,0.6,0.6,1.3,21.57081081081081,2,1.96572
Anthony Randolph,2012,22,PF,MIN,34,15.2,0.47,0.0,0.762,7.4,3.6,0.6,0.4,1.0,1.2,19.42105263157895,3,2.911231
Anthony Randolph,2013,23,PF,DEN,39,8.4,0.491,0.0,0.689,3.7,2.4,0.3,0.5,0.5,0.9,18.54857142857143,4,1.674641
Anthony Randolph,2014,24,PF,DEN,43,12.3,0.386,0.295,0.754,4.8,2.8,0.7,0.6,0.4,0.9,16.69463414634146,5,1.75
Anthony Tolliver,2010,24,PF,GSW,46,31.0,0.43,0.329,0.769,11.7,7.0,1.9,0.7,0.7,1.0,14.023741935483871,5,0.427316
Anthony Tolliver,2011,25,SF,MIN,65,21.0,0.45,0.409,0.802,6.7,4.5,1.3,0.4,0.4,0.8,11.108571428571427,6,2.2
Anthony Tolliver,2012,26,SF,MIN,51,17.3,0.39,0.248,0.745,4.1,3.0,0.4,0.4,0.4,0.7,9.955144508670521,7,2.05
Anthony Tolliver,2013,27,SF,ATL,62,15.5,0.38,0.338,0.863,4.1,2.5,0.5,0.2,0.2,0.6,10.340129032258064,8,0.854389
Anthony Tolliver,2014,28,PF,CHA,64,20.3,0.42,0.413,0.805,6.1,2.6,0.7,0.3,0.2,0.4,9.689852216748768,9,0.884293
Anthony Tolliver,2015,29,PF,DET,76,18.8,0.41,0.366,0.783,6.3,3.1,0.8,0.3,0.2,0.7,12.056170212765958,10,3.0
Anthony Tolliver,2016,30,PF,DET,72,18.6,0.386,0.36,0.617,5.3,3.2,0.7,0.4,0.2,0.4,10.273548387096772,11,3.0
Anthony Tolliver,2017,31,PF,SAC,65,22.7,0.442,0.391,0.744,7.1,3.6,1.2,0.5,0.3,0.9,10.898325991189429,12,8.0
Anthony Tolliver,2018,32,PF,DET,79,22.2,0.464,0.436,0.797,8.9,3.1,1.1,0.4,0.3,0.7,12.07783783783784,13,3.29
Anthony Tolliver,2019,33,PF,MIN,65,16.6,0.382,0.377,0.783,5.0,2.7,0.7,0.3,0.3,0.6,10.83469879518072,14,4.75
Anthony Tolliver,2020,34,PF,MEM,55,15.9,0.357,0.338,0.724,3.6,2.8,0.8,0.3,0.2,0.6,9.328301886792453,15,0.183115
Anthony Tolliver,2021,35,PF,PHI,11,9.0,0.235,0.286,0.833,1.5,0.9,0.2,0.3,0.2,0.3,8.08,16,0.749297
Antoine Wright,2010,25,SF,TOR,67,20.8,0.406,0.335,0.688,6.5,2.8,1.1,0.4,0.2,0.9,12.78,6,1.8
Antoine Wright,2011,26,SG,SAC,7,4.4,0.125,0.0,,0.3,0.4,0.0,0.1,0.0,0.1,9.818181818181818,7,0.854389
Antonio Blakeney,2019,22,SG,CHI,57,14.5,0.419,0.396,0.658,7.3,1.9,0.7,0.2,0.2,0.6,20.0408275862069,3,1.349383
Antonio McDyess,2010,35,PF,SAS,77,21.0,0.479,0.0,0.632,5.8,5.9,1.1,0.6,0.4,1.0,11.842285714285714,16,4.5
Antonio McDyess,2011,36,PF,SAS,73,19.0,0.491,0.0,0.675,5.3,5.4,1.2,0.5,0.5,1.0,11.717052631578946,17,4.86
Antonio Reeves,2025,24,SG,NOP,44,15.0,0.456,0.395,0.8,6.9,1.4,0.9,0.5,0.1,0.7,15.9648,5,1.157153
Antonius Cleveland,2018,23,SG,ATL,17,7.2,0.381,0.75,0.667,1.4,0.8,0.1,0.4,0.3,0.4,8.879999999999999,4,1.378242
Anzejs Pasecniks,2020,24,C,WAS,27,16.2,0.526,0.0,0.586,5.8,4.0,0.7,0.3,0.4,0.9,13.608888888888892,5,0.482144
Anzejs Pasecniks,2021,25,C,WAS,1,6.0,0.0,0.0,,0.0,1.0,1.0,0.0,0.0,5.0,36.0,6,0.456152
Archie Goodwin,2014,19,SG,PHO,52,10.3,0.455,0.139,0.673,3.7,1.7,0.4,0.4,0.2,0.8,15.672233009708737,1,1.0644
Archie Goodwin,2015,20,SG,PHO,41,13.0,0.393,0.293,0.735,5.6,1.8,1.1,0.4,0.2,1.2,19.329230769230772,1,1.11228
Archie Goodwin,2016,21,PG,PHO,57,19.5,0.417,0.232,0.674,8.9,2.5,2.1,0.5,0.2,1.8,19.746461538461542,2,1.16016
Archie Goodwin,2017,22,SG,BRK,15,14.3,0.545,0.333,0.786,7.3,1.9,1.6,0.3,0.3,0.9,16.444195804195807,3,0.075
Ariel Hukporti,2025,22,C,NYK,25,8.7,0.677,,0.462,1.9,2.0,0.4,0.0,0.6,0.8,9.186206896551724,3,1.064049
Arinze Onuaku,2017,29,C,ORL,8,3.5,0.5,,,0.5,0.8,0.3,0.0,0.1,0.3,8.22857142857143,10,0.980431
Armon Johnson,2011,21,PG,POR,38,7.3,0.455,0.417,0.591,2.9,0.9,1.2,0.1,0.0,1.0,19.548493150684934,2,0.473604
Armon Johnson,2012,22,PG,NJN,9,13.8,0.465,0.333,1.0,5.2,1.4,1.2,0.6,0.0,0.7,15.151304347826086,3,0.104494
Armoni Brooks,2021,22,SG,HOU,20,26.0,0.406,0.382,0.583,11.2,3.4,1.5,0.6,0.3,1.1,15.180923076923076,3,0.164964
Armoni Brooks,2022,23,SG-PG,TOR,54,15.6,0.339,0.297,0.857,5.3,1.9,1.1,0.5,0.2,0.5,14.021538461538462,4,2.010962
Armoni Brooks,2024,25,PG,BRK,10,10.4,0.326,0.344,0.5,4.2,1.8,0.5,0.1,0.1,0.3,17.266153846153845,6,0.248454
Arnett Moultrie,2013,22,PF,PHI,47,11.5,0.582,,0.643,3.7,3.1,0.2,0.4,0.2,0.4,11.15686956521739,3,1.04232
Arnett Moultrie,2014,23,PF,PHI,12,15.6,0.421,,0.8,3.0,2.9,0.2,0.7,0.3,0.6,9.175384615384617,4,1.08924
Arnoldas Kulboka,2022,24,SF,CHO,2,2.5,0.0,0.0,,0.0,0.0,0.0,0.0,0.0,0.0,7.2,5,0.534959
Aron Baynes,2013,26,C,SAS,16,8.8,0.5,0.0,0.583,2.7,2.0,0.3,0.1,0.4,0.7,13.71272727272727,7,0.239588
Aron Baynes,2014,27,C,SAS,53,9.3,0.436,,0.905,3.0,2.7,0.6,0.0,0.1,0.7,15.390967741935482,8,0.788872
Aron Baynes,2015,28,C,SAS,70,16.0,0.566,0.25,0.865,6.6,4.5,0.5,0.2,0.3,0.9,14.085,9,2.077
Aron Baynes,2016,29,C,DET,81,15.2,0.505,0.0,0.764,6.3,4.7,0.6,0.3,0.6,0.8,15.110526315789475,10,6.5
Aron Baynes,2017,30,C,DET,75,15.5,0.513,,0.84,4.9,4.4,0.4,0.2,0.5,0.7,11.547870967741936,11,6.5
Aron Baynes,2019,32,C,BOS,51,16.1,0.471,0.344,0.855,5.6,4.7,1.1,0.2,0.7,0.8,12.807950310559006,13,5.1936
Aron Baynes,2020,33,C,PHO,42,22.2,0.48,0.351,0.747,11.5,5.6,1.6,0.2,0.5,1.2,17.987027027027025,14,5.45328
Aron Baynes,2021,34,C,TOR,53,18.5,0.441,0.262,0.707,6.1,5.2,0.9,0.3,0.4,0.9,13.528216216216217,15,8.53084
Arron Afflalo,2010,24,SG,DEN,82,27.1,0.465,0.434,0.735,8.8,3.1,1.7,0.6,0.4,0.9,11.32870848708487,5,1.08624
Arron Afflalo,2011,25,SG,DEN,69,33.7,0.498,0.423,0.847,12.6,3.6,2.4,0.5,0.4,1.0,11.917388724035607,6,1.959577
Arron Afflalo,2012,26,SG,DEN,62,33.6,0.471,0.398,0.798,15.2,3.2,2.4,0.6,0.2,1.4,15.492857142857144,7,7.75
Arron Afflalo,2013,27,SF,ORL,64,36.0,0.439,0.3,0.857,16.5,3.7,3.2,0.6,0.2,2.2,17.84,8,7.75
Arron Afflalo,2014,28,SG,ORL,73,35.0,0.459,0.427,0.815,18.2,3.6,3.4,0.5,0.0,2.0,18.333257142857146,9,7.5
Arron Afflalo,2015,29,SG,POR,78,32.1,0.424,0.354,0.843,13.3,3.2,1.7,0.5,0.1,1.5,15.588785046728972,10,7.5
Arron Afflalo,2016,30,SG,NYK,71,33.4,0.443,0.382,0.84,12.8,3.7,2.0,0.4,0.1,1.2,14.326706586826347,11,8.0
Arron Afflalo,2017,31,SG,SAC,61,25.9,0.44,0.411,0.892,8.4,2.0,1.3,0.3,0.1,0.7,11.481081081081083,12,12.5
Ashton Hagans,2021,21,PG,MIN,2,2.0,,,,0.0,0.0,0.0,0.0,0.0,0.5,9.0,2,0.202438
Ashton Hagans,2024,24,PG,POR,19,16.6,0.408,0.32,0.824,4.2,2.4,2.8,0.6,0.5,1.6,12.352771084337347,5,0.278888
Ausar Thompson,2024,21,SF,DET,63,25.1,0.483,0.186,0.597,8.8,6.4,1.9,1.1,0.9,1.3,13.96398406374502,2,8.21446
Ausar Thompson,2025,22,SF,DET,59,22.5,0.535,0.224,0.641,10.1,5.1,2.3,1.7,0.7,1.4,16.4096,3,8.376
Austin Daye,2010,21,SF,DET,69,13.3,0.464,0.305,0.821,5.1,2.5,0.5,0.4,0.4,0.7,14.486616541353385,2,1.67784
Austin Daye,2011,22,SF,DET,72,20.1,0.41,0.401,0.759,7.5,3.8,1.1,0.5,0.5,0.8,14.256716417910447,3,1.80372
Austin Daye,2012,23,SF,DET,41,14.7,0.322,0.21,0.814,4.7,2.2,0.8,0.5,0.5,1.0,16.99591836734694,4,1.9296
Austin Daye,2013,24,SF,MEM,55,12.3,0.433,0.418,0.765,4.5,2.2,0.8,0.3,0.4,0.5,13.358048780487804,5,2.958077
Austin Daye,2014,25,SF,SAS,22,6.7,0.353,0.324,0.6,3.0,1.2,0.4,0.2,0.2,0.2,18.913432835820895,6,0.947907
Austin Daye,2015,26,SF,ATL,34,10.1,0.355,0.338,0.833,3.8,2.2,0.5,0.4,0.1,0.7,17.422574257425744,7,0.053838
Austin Reaves,2022,23,SG,LAL,61,23.2,0.459,0.317,0.839,7.3,3.2,1.8,0.5,0.3,0.7,10.45241379310345,4,1.069919
Austin Reaves,2023,24,SG,LAL,64,28.8,0.529,0.398,0.864,13.0,3.0,3.4,0.5,0.3,1.5,13.754999999999999,5,1.657779
Austin Reaves,2024,25,SG,LAL,82,32.1,0.486,0.367,0.853,15.9,4.3,5.5,0.8,0.3,2.1,16.8807476635514,6,12.372167
Austin Reaves,2025,26,SG,LAL,73,34.9,0.46,0.377,0.877,20.2,4.5,5.8,1.1,0.3,2.4,19.392550143266476,7,12.976362
Austin Rivers,2013,20,SG,NOH,61,23.2,0.372,0.326,0.546,6.2,1.8,2.1,0.4,0.1,1.2,13.02206896551724,1,2.23836
Austin Rivers,2014,21,PG,NOP,69,19.4,0.405,0.364,0.636,7.7,1.9,2.3,0.7,0.1,1.1,16.88659793814433,2,2.33904
Austin Rivers,2015,22,PG-SG,LAC,76,20.6,0.409,0.298,0.675,7.0,2.0,2.0,0.6,0.2,0.9,14.239223300970872,3,2.43984
Austin Rivers,2016,23,SG,LAC,67,21.9,0.438,0.335,0.681,8.9,1.9,1.5,0.7,0.1,0.9,15.366575342465755,4,3.110796
Austin Rivers,2017,24,SG,LAC,74,27.8,0.442,0.371,0.691,12.0,2.2,2.8,0.6,0.1,1.6,16.373525179856117,5,11.0
Austin Rivers,2018,25,SG,LAC,61,33.7,0.424,0.378,0.642,15.1,2.4,4.0,1.2,0.3,1.8,17.245816023738872,6,12.65
Austin Rivers,2019,26,SG,HOU,76,26.7,0.406,0.318,0.526,8.1,2.1,2.2,0.6,0.3,0.9,12.097078651685392,7,0.922943
Austin Rivers,2020,27,SG,HOU,68,23.4,0.421,0.356,0.703,8.8,2.6,1.7,0.7,0.1,0.7,13.544615384615387,8,2.147317
Austin Rivers,2021,28,SG,DEN,36,23.5,0.424,0.369,0.71,7.9,2.3,2.3,0.8,0.1,1.0,12.555574468085105,9,4.788298
Austin Rivers,2022,29,SG,DEN,67,22.1,0.417,0.342,0.727,6.0,1.7,1.3,0.8,0.1,0.8,10.275475113122171,10,2.777011
Austin Rivers,2023,30,SG,MIN,52,19.5,0.435,0.35,0.769,4.9,1.6,1.4,0.5,0.1,0.4,8.772923076923078,11,3.081038
Avery Bradley,2011,20,PG,BOS,31,5.2,0.343,0.0,0.5,1.7,0.5,0.4,0.3,0.0,0.5,19.910769230769233,1,1.41816
Avery Bradley,2012,21,PG,BOS,64,21.4,0.498,0.407,0.795,7.6,1.8,1.4,0.7,0.2,1.2,13.50504672897196,2,1.52448
Avery Bradley,2013,22,PG,BOS,50,28.7,0.402,0.317,0.755,9.2,2.2,2.1,1.3,0.4,1.4,14.349825783972125,3,1.6308
Avery Bradley,2014,23,SG,BOS,60,30.9,0.438,0.395,0.804,14.9,3.8,1.4,1.1,0.2,1.6,18.915728155339806,4,2.511432
Avery Bradley,2015,24,SG,BOS,77,31.5,0.429,0.352,0.79,13.9,3.1,1.8,1.1,0.2,1.4,17.225142857142856,5,7.191011
Avery Bradley,2016,25,SG,BOS,76,33.4,0.447,0.361,0.78,15.2,2.9,2.1,1.5,0.3,1.4,16.710898203592816,6,7.730337
Avery Bradley,2017,26,SG,BOS,55,33.4,0.463,0.39,0.731,16.3,6.1,2.2,1.2,0.2,1.6,17.728383233532938,7,8.269663
Avery Bradley,2018,27,SG,LAC,46,31.2,0.414,0.369,0.768,14.3,2.5,2.0,1.1,0.2,2.2,19.14461538461538,8,8.808989
Avery Bradley,2019,28,SG,MEM,63,30.2,0.408,0.351,0.86,9.9,2.8,2.4,0.7,0.3,1.4,13.651390728476821,9,12.0
Avery Bradley,2020,29,SG,LAL,49,24.2,0.444,0.364,0.833,8.6,2.3,1.3,0.9,0.1,1.0,13.418181818181818,10,4.767
Avery Bradley,2021,30,SG,HOU,27,22.3,0.374,0.327,0.8,6.4,2.1,1.7,0.8,0.1,1.0,12.210941704035873,11,6.867326
Avery Bradley,2022,31,SG,LAL,62,22.7,0.423,0.39,0.889,6.4,2.2,0.8,0.9,0.1,0.6,10.041938325991188,12,3.054712
Axel Toupane,2017,24,SF,NOP,4,11.8,0.556,0.25,,2.8,0.3,0.0,0.3,0.3,0.0,7.016949152542372,5,0.015435
Axel Toupane,2021,28,SF,MIL,8,7.6,0.364,0.5,0.714,1.8,0.8,0.5,0.3,0.4,0.0,8.50736842105263,9,0.239926
Ayo Dosunmu,2022,22,SG,CHI,77,27.4,0.52,0.376,0.679,8.8,2.8,3.3,0.8,0.4,1.4,11.483211678832117,3,1.069919
Ayo Dosunmu,2023,23,SG,CHI,80,26.2,0.493,0.312,0.805,8.6,2.8,2.6,0.8,0.3,1.2,12.009160305343512,4,1.657779
Ayo Dosunmu,2024,24,SG,CHI,76,29.1,0.501,0.403,0.81,12.2,2.8,3.2,0.9,0.5,1.4,14.24659793814433,5,6.674072
Ayo Dosunmu,2025,25,SG,CHI,46,30.3,0.492,0.328,0.785,12.3,3.5,4.5,0.9,0.4,1.5,14.314455445544555,6,7.0
Bam Adebayo,2018,20,C,MIA,69,19.8,0.512,0.0,0.721,6.9,5.5,1.5,0.5,0.6,1.0,12.807272727272727,1,2.95584
Bam Adebayo,2019,21,C,MIA,82,23.3,0.576,0.2,0.735,8.9,7.3,2.2,0.9,0.8,1.5,13.33699570815451,2,2.95584
Bam Adebayo,2020,22,PF,MIA,72,33.6,0.557,0.143,0.691,15.9,10.2,5.1,1.1,1.3,2.8,17.284285714285716,3,3.45408
Bam Adebayo,2021,23,C,MIA,64,33.5,0.57,0.25,0.799,18.7,9.0,5.4,1.2,1.0,2.6,18.827462686567166,4,6.234206
Bam Adebayo,2022,24,C,MIA,56,32.6,0.557,0.0,0.753,19.1,10.1,3.4,1.4,0.8,2.6,20.19092024539877,5,32.497412
Bam Adebayo,2023,25,C,MIA,75,34.6,0.54,0.083,0.806,20.4,9.2,3.2,1.2,0.8,2.5,20.576184971098264,6,32.181628
Bam Adebayo,2024,26,C,MIA,71,34.0,0.521,0.357,0.755,19.3,10.4,3.9,1.1,0.9,2.3,20.138823529411766,7,33.568737
Bam Adebayo,2025,27,C,MIA,78,34.3,0.485,0.357,0.765,18.1,9.6,4.3,1.3,0.7,2.1,19.152419825072887,8,34.84834
Baron Davis,2010,30,PG,LAC,75,33.6,0.406,0.277,0.821,15.3,3.5,8.0,1.7,0.6,2.8,19.30285714285714,11,12.1
Baron Davis,2011,31,PG,CLE,58,28.4,0.417,0.339,0.771,13.1,2.7,6.7,1.3,0.5,2.5,19.536338028169016,12,14.0
Baron Davis,2012,32,PG,NYK,29,20.5,0.37,0.306,0.667,6.1,1.9,4.7,1.2,0.1,2.6,16.24741463414634,13,0.854389
Baylor Scheierman,2025,24,SG,BOS,31,12.4,0.355,0.317,0.75,3.6,2.1,1.1,0.5,0.1,0.4,11.833548387096775,5,2.49432
Ben Bentil,2017,21,PF,DAL,3,3.3,0.0,0.0,,0.0,0.7,0.0,0.0,0.0,0.3,14.181818181818183,2,0.543471
Ben Gordon,2010,26,SG,DET,62,27.9,0.416,0.321,0.861,13.8,1.9,2.7,0.8,0.1,1.9,19.13290322580645,7,10.0
Ben Gordon,2011,27,SG,DET,82,26.0,0.44,0.402,0.85,11.2,2.4,2.1,0.6,0.2,1.7,16.587692307692308,8,10.8
Ben Gordon,2012,28,SG,DET,52,26.9,0.442,0.429,0.86,12.5,2.3,2.4,0.7,0.2,2.2,18.125799256505577,9,11.6
Ben Gordon,2013,29,SG,CHA,75,20.8,0.408,0.387,0.843,11.2,1.7,1.9,0.5,0.2,1.8,21.89076923076923,10,13.2
Ben Gordon,2015,31,SG,ORL,56,14.1,0.437,0.361,0.836,6.2,1.1,0.9,0.3,0.0,1.0,17.4331914893617,12,4.5
Ben Hansbrough,2013,25,PG,IND,28,7.1,0.333,0.261,0.778,2.0,0.6,0.8,0.3,0.1,0.6,13.385915492957748,6,0.473604
Ben McLemore,2014,20,SG,SAC,82,26.7,0.376,0.32,0.804,8.8,2.9,1.0,0.5,0.2,1.2,13.817528089887642,1,2.89596
Ben McLemore,2015,21,SG,SAC,82,32.6,0.437,0.358,0.813,12.1,2.9,1.7,0.9,0.2,1.7,14.00245398773006,2,3.02628
Ben McLemore,2016,22,SG,SAC,68,21.2,0.429,0.362,0.718,7.8,2.2,1.2,0.8,0.1,1.5,15.045283018867924,3,3.1566
Ben McLemore,2017,23,SG,SAC,61,19.3,0.43,0.382,0.753,8.1,2.1,0.8,0.5,0.1,1.0,15.966839378238342,4,4.008882
Ben McLemore,2018,24,SG,MEM,56,19.5,0.421,0.346,0.828,7.5,2.5,0.9,0.7,0.3,1.1,15.293538461538464,5,5.2
Ben McLemore,2019,25,SG,SAC,19,8.3,0.391,0.415,0.667,3.9,0.9,0.2,0.3,0.2,0.3,17.19325301204819,6,5.46
Ben McLemore,2020,26,SF,HOU,71,22.8,0.444,0.4,0.746,10.1,2.2,0.8,0.6,0.2,0.7,13.888421052631577,7,2.028594
Ben McLemore,2021,27,SG,LAL,53,17.1,0.37,0.346,0.736,7.7,1.9,0.7,0.4,0.2,0.8,17.136842105263156,8,3.526442
Ben McLemore,2022,28,SG,POR,64,20.1,0.401,0.362,0.818,10.2,1.6,0.9,0.6,0.2,0.9,17.759999999999998,9,2.763255
Ben Sheppard,2024,22,SG,IND,57,14.3,0.393,0.314,0.885,4.4,1.6,0.9,0.6,0.0,0.3,11.379020979020977,3,2.612561
Ben Sheppard,2025,23,SG,IND,63,19.5,0.418,0.342,0.889,5.3,2.8,1.3,0.6,0.2,0.3,9.371076923076922,4,2.66388
Ben Simmons,2018,21,PG,PHI,81,33.7,0.545,0.0,0.56,15.8,8.1,8.2,1.7,0.9,3.4,18.745637982195845,2,6.43452
Ben Simmons,2019,22,PG,PHI,79,34.2,0.563,0.0,0.6,16.9,8.8,7.7,1.4,0.8,3.5,19.02736842105263,3,6.43452
Ben Simmons,2020,23,PG,PHI,57,35.4,0.58,0.286,0.621,16.4,7.8,8.0,2.1,0.6,3.5,17.479322033898306,4,8.11393
Ben Simmons,2021,24,PG,PHI,58,32.4,0.557,0.3,0.613,14.3,7.2,6.9,1.6,0.6,3.0,16.95111111111111,5,37.242235
Ben Simmons,2023,26,PG,BRK,42,26.3,0.566,0.0,0.439,6.9,6.3,6.1,1.3,0.6,2.3,11.656882129277562,7,37.585801
Ben Simmons,2024,27,PG,BRK,15,23.9,0.581,0.0,0.4,6.1,7.9,5.7,0.8,0.6,1.8,10.754811715481173,8,39.019371
Ben Simmons,2025,28,PG,LAC,51,22.0,0.52,,0.727,5.0,4.7,5.6,0.7,0.5,2.0,10.904727272727273,9,40.011909
Ben Uzoh,2011,22,PG,NJN,42,10.4,0.424,0.375,0.589,3.8,1.5,1.6,0.3,0.2,0.6,15.826153846153847,3,0.473604
Ben Uzoh,2012,23,PG,TOR,18,20.6,0.354,0.0,0.579,4.5,3.7,3.4,0.9,0.2,1.1,12.379805825242718,4,0.190548
Ben Wallace,2010,35,C,DET,69,28.6,0.541,0.0,0.406,5.5,8.7,1.5,1.2,1.2,0.9,7.693426573426573,16,0.825497
Ben Wallace,2011,36,C,DET,54,22.9,0.45,0.5,0.333,2.9,6.5,1.3,1.0,1.0,0.8,6.420262008733625,17,2.08
Ben Wallace,2012,37,C,DET,62,15.8,0.395,0.25,0.34,1.4,4.3,0.7,0.8,0.8,0.5,5.131139240506328,18,2.2464
Bennedict Mathurin,2023,20,SF,IND,78,28.5,0.434,0.323,0.828,16.7,4.1,1.5,0.6,0.2,1.9,21.03410526315789,1,6.983905
Bennedict Mathurin,2024,21,SF,IND,59,26.1,0.446,0.374,0.821,14.5,4.0,2.0,0.6,0.2,1.6,19.961379310344824,2,7.121584
Bennedict Mathurin,2025,22,SF,IND,72,29.8,0.458,0.34,0.831,16.1,5.3,1.9,0.7,0.3,1.9,18.99543624161074,3,7.24572
Beno Udrih,2010,27,PG,SAC,79,31.4,0.493,0.377,0.837,12.9,2.8,4.7,1.1,0.1,1.7,15.009936305732483,8,6.0318
Beno Udrih,2011,28,PG,SAC,79,34.6,0.5,0.357,0.864,13.7,3.4,4.9,1.2,0.1,1.8,14.021271676300579,9,6.4786
Beno Udrih,2012,29,SG,MIL,59,18.3,0.44,0.288,0.709,5.9,1.7,3.8,0.6,0.0,1.3,14.352786885245898,10,6.9254
Beno Udrih,2013,30,SG-PG,ORL,66,22.1,0.441,0.333,0.816,8.2,2.1,4.6,0.6,0.0,1.6,15.481628959276017,11,7.372
Beno Udrih,2014,31,SG,MEM,41,15.7,0.438,0.452,0.833,4.9,1.4,2.8,0.6,0.1,1.1,13.088407643312102,12,0.884293
Beno Udrih,2015,32,PG,MEM,79,18.9,0.487,0.268,0.853,7.7,1.8,2.8,0.6,0.1,1.1,15.375238095238098,13,2.077
Beno Udrih,2016,33,PG,MIA,44,16.1,0.434,0.341,0.9,4.7,1.6,2.6,0.3,0.0,1.2,13.23726708074534,14,2.170465
Beno Udrih,2017,34,PG,DET,39,14.4,0.467,0.344,0.941,5.8,1.5,3.4,0.3,0.0,0.9,15.99,15,0.980431
Bernard James,2013,27,C,DAL,46,9.9,0.515,0.0,0.61,2.8,2.8,0.1,0.3,0.8,0.4,10.894545454545453,8,0.473604
Bernard James,2014,28,C,DAL,30,4.9,0.478,0.0,0.545,0.9,1.4,0.1,0.1,0.3,0.3,9.37469387755102,9,0.788872
Bernard James,2015,29,C,DAL,16,9.9,0.444,,0.87,2.8,2.4,0.3,0.1,0.9,0.4,9.876363636363635,10,0.236886
Bilal Coulibaly,2024,19,SF,WAS,63,27.2,0.435,0.346,0.702,8.4,4.1,1.7,0.9,0.8,1.4,12.208235294117648,1,6.810791
Bilal Coulibaly,2025,20,SF,WAS,59,33.0,0.421,0.281,0.746,12.3,5.0,3.4,1.3,0.7,2.1,15.342545454545453,1,6.94524
Bismack Biyombo,2012,19,C,CHA,63,23.1,0.464,,0.483,5.2,5.8,0.4,0.3,1.8,1.1,10.14857142857143,1,2.79804
Bismack Biyombo,2013,20,C,CHA,80,27.3,0.451,,0.521,4.8,7.3,0.4,0.4,1.8,1.0,8.033406593406593,1,3.04992
Bismack Biyombo,2014,21,C,CHA,77,13.9,0.611,,0.517,2.9,4.8,0.1,0.1,1.1,0.5,7.583309352517985,2,3.04992
Bismack Biyombo,2015,22,C,CHO,64,19.4,0.543,,0.583,4.8,6.4,0.3,0.3,1.5,0.8,9.070515463917525,3,3.873398
Bismack Biyombo,2016,23,C,TOR,82,22.0,0.542,0.0,0.628,5.5,8.0,0.4,0.2,1.6,0.9,9.216000000000001,4,2.814
Bismack Biyombo,2017,24,C,ORL,81,22.1,0.528,,0.534,6.0,7.0,0.9,0.3,1.1,1.2,10.874932126696832,5,17.0
Bismack Biyombo,2018,25,C,ORL,82,18.2,0.52,0.0,0.65,5.7,5.7,0.8,0.3,1.2,1.0,12.137142857142859,6,17.0
Bismack Biyombo,2019,26,C,CHO,54,14.5,0.571,,0.637,4.4,4.6,0.6,0.2,0.8,0.6,10.546758620689653,7,17.0
Bismack Biyombo,2020,27,C,CHO,53,19.4,0.543,,0.603,7.4,5.8,0.9,0.2,0.9,0.9,13.60577319587629,8,17.0
Bismack Biyombo,2021,28,C,CHO,66,20.4,0.587,0.0,0.448,5.0,5.3,1.2,0.3,1.1,1.1,9.712941176470588,9,4.26542
Bismack Biyombo,2022,29,C,PHO,36,14.1,0.593,,0.535,5.8,4.6,0.6,0.3,0.7,0.7,14.246808510638298,10,1.755581
Bismack Biyombo,2023,30,C,PHO,61,14.3,0.578,0.0,0.357,4.3,4.3,0.9,0.3,1.4,0.8,11.791888111888111,11,3.081038
Bismack Biyombo,2024,31,C,OKC,40,19.8,0.565,0.0,0.481,4.4,5.2,1.3,0.3,0.9,1.1,9.12,12,6.378124
Bismack Biyombo,2025,32,C,SAS,28,18.9,0.588,,0.4,5.1,5.6,1.1,0.6,0.8,1.0,10.46857142857143,13,0.647851
Blake Ahearn,2012,27,PG,UTA,4,7.5,0.286,0.222,,2.5,0.5,0.3,0.0,0.0,1.3,23.04,8,0.117134
Blake Griffin,2011,21,PF,LAC,82,38.0,0.506,0.292,0.642,22.5,12.1,3.8,0.8,0.5,2.7,22.01684210526316,2,5.35728
Blake Griffin,2012,22,PF,LAC,66,36.2,0.549,0.125,0.521,20.7,10.9,3.2,0.8,0.7,2.3,20.80839779005525,3,5.73108
Blake Griffin,2013,23,PF,LAC,80,32.5,0.538,0.179,0.66,18.0,8.3,3.7,1.2,0.6,2.3,19.973907692307694,4,13.70125
Blake Griffin,2014,24,PF,LAC,80,35.8,0.528,0.273,0.715,24.1,9.5,3.9,1.2,0.6,2.8,23.627262569832407,5,16.4415
Blake Griffin,2015,25,PF,LAC,67,35.2,0.502,0.4,0.728,21.9,7.6,5.3,0.9,0.5,2.3,22.720909090909092,6,17.674613
Blake Griffin,2016,26,PF,LAC,35,33.4,0.499,0.333,0.727,21.4,8.4,4.9,0.8,0.5,2.4,23.73413173652694,7,18.907726
Blake Griffin,2017,27,PF,LAC,61,34.0,0.493,0.336,0.76,21.6,8.1,4.9,0.9,0.4,2.3,22.485176470588236,8,20.140839
Blake Griffin,2018,28,PF,DET,58,34.0,0.438,0.345,0.785,21.4,7.4,5.8,0.7,0.3,2.8,23.832,9,32.088932
Blake Griffin,2019,29,PF,DET,75,35.0,0.462,0.362,0.753,24.5,7.5,5.4,0.7,0.4,3.4,25.212342857142854,10,32.088932
Blake Griffin,2020,30,PF,DET,18,28.4,0.352,0.243,0.776,15.5,4.7,3.3,0.4,0.4,2.2,23.420281690140847,11,34.449964
Blake Griffin,2021,31,PF,BRK,46,25.8,0.423,0.341,0.744,11.0,4.9,3.0,0.7,0.3,1.3,15.767441860465116,12,41.313933
Blake Griffin,2022,32,PF,BRK,56,17.1,0.425,0.262,0.724,6.4,4.1,1.9,0.5,0.3,0.6,14.349473684210524,13,37.472385
Blake Griffin,2023,33,C,BOS,41,13.9,0.485,0.348,0.656,4.1,3.8,1.5,0.3,0.2,0.5,10.494388489208632,14,3.081038
Blake Wesley,2023,19,SG,SAS,37,18.1,0.321,0.385,0.591,5.0,2.2,2.7,0.7,0.1,1.8,16.166187845303867,1,2.529295
Blake Wesley,2024,20,SG,SAS,61,14.4,0.474,0.218,0.667,4.4,1.5,2.7,0.5,0.1,0.9,12.430000000000001,1,2.579062
Blake Wesley,2025,21,SG,SAS,58,11.8,0.435,0.293,0.623,3.7,1.1,2.0,0.6,0.1,0.9,13.985084745762714,2,2.62428
Boban Marjanovic,2016,27,C,SAS,54,9.4,0.603,,0.763,5.5,3.6,0.4,0.2,0.4,0.5,17.70893617021277,8,1.2
Boban Marjanovic,2017,28,C,DET,35,8.4,0.545,,0.81,5.5,3.7,0.3,0.2,0.3,0.3,20.777142857142856,9,7.0
Boban Marjanovic,2018,29,C,LAC,39,8.6,0.534,,0.794,6.0,3.7,0.6,0.3,0.3,0.9,24.279069767441865,10,7.0
Boban Marjanovic,2019,30,C,PHI,58,11.7,0.615,0.4,0.748,7.3,4.6,0.9,0.3,0.5,1.0,20.03692307692308,11,7.0
Boban Marjanovic,2020,31,C,DAL,44,9.6,0.573,0.235,0.754,6.6,4.5,0.5,0.2,0.2,0.7,22.770000000000003,12,3.5
Boban Marjanovic,2021,32,C,DAL,33,8.2,0.508,0.125,0.816,4.7,3.9,0.3,0.1,0.2,0.4,20.318048780487807,13,4.26542
Boban Marjanovic,2022,33,C,DAL,23,5.6,0.6,0.25,0.591,4.3,1.7,0.1,0.0,0.1,0.7,26.614285714285714,14,4.047216
Bobby Brown,2010,25,PG,LAC,45,11.5,0.371,0.265,0.867,4.8,0.8,2.0,0.3,0.0,1.0,20.13495652173913,6,0.73642
Bobby Brown,2017,32,PG,HOU,25,4.9,0.383,0.4,1.0,2.5,0.2,0.6,0.0,0.0,0.2,19.425306122448976,13,0.680534
Bobby Portis,2016,20,PF,CHI,62,17.8,0.427,0.308,0.727,7.0,5.4,0.8,0.4,0.4,0.9,16.956404494382024,1,1.39116
Bobby Portis,2017,21,PF,CHI,64,15.6,0.488,0.333,0.661,6.8,4.6,0.5,0.3,0.2,0.6,15.913846153846155,2,1.45368
Bobby Portis,2018,22,PF,CHI,73,22.5,0.471,0.359,0.769,13.2,6.8,1.7,0.7,0.3,1.4,21.4784,3,2.494346
Bobby Portis,2019,23,PF,WAS,50,26.0,0.444,0.393,0.794,14.2,8.1,1.4,0.7,0.4,1.5,20.680615384615386,4,2.494346
Bobby Portis,2020,24,PF,NYK,66,21.1,0.45,0.358,0.763,10.1,5.1,1.5,0.5,0.3,1.1,18.11260663507109,5,15.0
Bobby Portis,2021,25,C,MIL,66,20.8,0.523,0.471,0.74,11.4,7.1,1.1,0.8,0.4,0.8,17.97230769230769,6,4.415319
Bobby Portis,2022,26,C,MIL,72,28.2,0.479,0.393,0.752,14.6,9.1,1.2,0.7,0.7,1.3,18.005106382978724,7,5.027336
Bobby Portis,2023,27,PF,MIL,70,26.0,0.496,0.37,0.768,14.1,9.6,1.5,0.4,0.2,1.2,18.68123076923077,8,11.497073
Bobby Portis,2024,28,PF,MIL,82,24.5,0.508,0.407,0.79,13.8,7.4,1.3,0.8,0.4,1.1,19.043265306122446,9,12.058792
Bobby Portis,2025,29,PF,MIL,49,25.4,0.466,0.365,0.836,13.9,8.4,2.1,0.7,0.5,1.2,19.785826771653543,10,12.578286
Bobby Simmons,2010,29,PF,NJN,23,17.2,0.359,0.317,0.9,5.3,2.7,0.7,0.7,0.1,0.8,13.177674418604651,10,11.242666
Bobby Simmons,2011,30,SF,SAS,2,8.0,0.0,0.0,,0.0,0.0,1.0,0.0,0.0,0.0,6.75,11,0.854389
Bobby Simmons,2012,31,SF,LAC,28,14.9,0.311,0.333,0.571,2.9,2.0,0.4,0.5,0.1,0.4,9.016912751677852,12,0.234268
Bobi Klintman,2025,21,SF,DET,8,5.3,0.6,0.4,0.5,1.9,0.9,0.9,0.3,0.1,0.1,10.406037735849058,2,1.257153
Bogdan Bogdanovic,2018,25,SG,SAC,78,27.9,0.446,0.392,0.84,11.8,2.9,3.3,0.9,0.2,1.6,15.690322580645162,6,9.41228
Bogdan Bogdanovic,2019,26,SG,SAC,70,27.8,0.418,0.36,0.827,14.1,3.5,3.8,1.0,0.2,1.7,19.44,7,9.0
Bogdan Bogdanovic,2020,27,SG,SAC,61,29.0,0.44,0.372,0.741,15.1,3.4,3.4,1.0,0.2,1.7,18.789517241379308,8,8.529386
Bogdan Bogdanovic,2021,28,SG,ATL,44,29.7,0.473,0.438,0.909,16.4,3.6,3.3,1.1,0.3,1.2,17.503030303030304,9,21.936446
Bogdan Bogdanovic,2022,29,SG,ATL,63,29.3,0.431,0.368,0.843,15.1,4.0,3.1,1.1,0.2,1.1,17.805870307167236,10,20.814255
Bogdan Bogdanovic,2025,32,SG,LAC,54,25.0,0.427,0.363,0.879,10.8,2.9,2.7,0.8,0.2,1.4,15.880320000000001,13,17.26
Bojan Bogdanovic,2015,25,SF,BRK,78,23.8,0.453,0.355,0.821,9.0,2.7,0.9,0.4,0.1,1.0,13.63764705882353,6,3.278
Bojan Bogdanovic,2016,26,SF,BRK,79,26.8,0.433,0.382,0.833,11.2,3.2,1.3,0.4,0.1,1.5,15.78089552238806,7,3.42551
Bojan Bogdanovic,2017,27,SF,WAS,81,25.7,0.445,0.367,0.893,13.7,3.4,1.4,0.4,0.1,1.6,18.658365758754865,8,3.730653
Bojan Bogdanovic,2018,28,SF,IND,80,30.8,0.474,0.402,0.868,14.3,3.4,1.5,0.7,0.1,1.3,15.363116883116884,9,10.5
Bojan Bogdanovic,2019,29,SF,IND,81,31.8,0.497,0.425,0.807,18.0,4.1,2.0,0.9,0.0,1.7,18.53433962264151,10,10.5
Bojan Bogdanovic,2020,30,SF,UTA,63,33.1,0.447,0.414,0.903,20.2,4.1,2.1,0.5,0.1,2.5,20.92132930513595,11,17.0
Bojan Bogdanovic,2021,31,SF,UTA,72,30.8,0.439,0.39,0.879,17.0,3.9,1.9,0.6,0.1,1.8,18.96779220779221,12,21.753642
Bojan Bogdanovic,2022,32,PF,UTA,69,30.9,0.455,0.387,0.858,18.1,4.3,1.7,0.5,0.0,1.7,19.540194174757282,13,21.623698
Bol Bol,2021,21,PF,DEN,32,5.0,0.431,0.375,0.667,2.2,0.8,0.2,0.1,0.3,0.4,17.424,2,2.508359
Bol Bol,2022,22,PF,DEN,14,5.8,0.556,0.25,0.4,2.4,1.4,0.4,0.1,0.1,0.3,14.747586206896552,3,2.499042
Bol Bol,2023,23,PF,ORL,70,21.5,0.546,0.265,0.759,9.1,5.8,1.0,0.4,1.2,1.6,15.170232558139537,4,2.332633
Bol Bol,2024,24,PF,PHO,43,10.9,0.616,0.423,0.789,5.2,3.2,0.4,0.2,0.6,0.4,13.462018348623854,5,2.22933
Bol Bol,2025,25,PF,PHO,36,12.4,0.525,0.344,0.769,6.8,2.9,0.6,0.3,0.7,0.6,17.442580645161286,6,2.087519
Bones Hyland,2022,21,PG,DEN,69,19.0,0.403,0.366,0.856,10.1,2.7,2.8,0.6,0.3,1.2,19.500631578947367,2,2.424722
Bones Hyland,2023,22,PG,LAC,56,19.4,0.399,0.371,0.843,11.8,2.4,3.1,0.7,0.3,1.5,23.181030927835053,3,2.334245
Bones Hyland,2024,23,PG,LAC,37,14.6,0.386,0.326,0.783,6.9,1.5,2.5,0.7,0.1,1.2,20.37698630136986,4,2.374932
Bones Hyland,2025,24,PG,MIN,24,10.0,0.398,0.39,0.885,6.2,1.0,1.3,0.8,0.2,1.0,22.982400000000002,5,4.158439
Boris Diaw,2010,27,PF,CHA,82,35.4,0.483,0.32,0.769,11.3,5.2,4.0,0.7,0.7,2.2,12.602033898305084,8,9.0
Boris Diaw,2011,28,PF,CHA,82,33.9,0.492,0.345,0.683,11.3,5.0,4.1,0.9,0.6,2.0,12.8070796460177,9,9.0
Boris Diaw,2012,29,PF,SAS,57,25.0,0.444,0.313,0.629,6.4,4.9,3.6,0.6,0.4,2.0,12.18816,10,0.241158
Boris Diaw,2013,30,PF,SAS,75,22.8,0.539,0.385,0.723,5.8,3.4,2.4,0.7,0.4,1.1,9.309473684210527,11,4.5
Boris Diaw,2014,31,PF,SAS,79,25.0,0.521,0.402,0.739,9.1,4.1,2.8,0.6,0.4,1.5,13.432319999999999,12,4.7025
Boris Diaw,2015,32,PF,SAS,81,24.5,0.46,0.32,0.774,8.7,4.3,2.9,0.4,0.3,1.6,14.523428571428571,13,7.5
Boris Diaw,2016,33,PF,SAS,76,18.2,0.527,0.362,0.737,6.4,3.1,2.3,0.3,0.3,1.3,13.331868131868132,14,7.5
Boris Diaw,2017,34,PF,UTA,73,17.6,0.446,0.247,0.743,4.6,2.2,2.3,0.2,0.1,1.2,12.109090909090908,15,7.0
Brad Miller,2010,33,C,CHI,82,23.8,0.43,0.28,0.827,8.8,4.9,1.9,0.5,0.4,1.3,14.502857142857144,14,12.25
Brad Miller,2011,34,C,HOU,60,16.9,0.446,0.374,0.83,6.4,3.7,2.4,0.5,0.4,0.9,13.85467455621302,15,4.4
Brad Miller,2012,35,C,MIN,15,9.7,0.333,0.467,0.833,2.3,1.3,1.6,0.3,0.1,0.8,10.955876288659793,16,4.752
Brad Wanamaker,2019,29,PG,BOS,36,9.5,0.476,0.41,0.857,3.9,1.1,1.6,0.3,0.1,0.5,14.218105263157895,10,0.838464
Brad Wanamaker,2020,30,PG,BOS,71,19.3,0.448,0.363,0.926,6.9,2.0,2.5,0.9,0.2,1.1,13.124145077720206,11,1.445697
Brad Wanamaker,2021,31,PG,CHO,61,17.3,0.385,0.188,0.891,5.5,1.7,2.9,0.7,0.2,1.2,14.250173410404624,12,2.742055
Brad Wanamaker,2022,32,PG,WAS,23,13.9,0.364,0.235,0.92,3.6,1.7,2.4,0.3,0.3,1.0,12.390215827338128,13,0.942327
Bradley Beal,2013,19,SG,WAS,56,31.2,0.41,0.386,0.786,13.9,3.8,2.4,0.9,0.5,1.6,17.459999999999997,1,4.31928
Bradley Beal,2014,20,SG,WAS,73,34.7,0.419,0.402,0.788,17.1,3.7,3.3,1.0,0.2,1.8,19.342478386167148,1,4.31928
Bradley Beal,2015,21,SG,WAS,63,33.4,0.427,0.409,0.783,15.3,3.8,3.1,1.2,0.3,2.0,17.939640718562874,2,4.50528
Bradley Beal,2016,22,SG,WAS,55,31.1,0.449,0.387,0.767,17.4,3.4,2.9,1.0,0.2,2.0,20.729517684887462,3,5.694674
Bradley Beal,2017,23,SG,WAS,77,34.9,0.482,0.404,0.825,23.1,3.1,3.5,1.1,0.3,2.0,21.802177650429797,4,22.11675
Bradley Beal,2018,24,SG,WAS,82,36.3,0.46,0.375,0.791,22.6,4.4,4.5,1.2,0.4,2.6,22.49256198347108,5,25.434263
Bradley Beal,2019,25,SG,WAS,82,36.9,0.475,0.351,0.808,25.6,5.0,5.5,1.5,0.7,2.7,24.11707317073171,6,25.434263
Bradley Beal,2020,26,SG,WAS,57,36.0,0.455,0.353,0.842,30.5,4.2,6.1,1.2,0.4,3.4,29.82,7,27.093019
Bradley Beal,2021,27,SG,WAS,60,35.8,0.485,0.349,0.889,31.3,4.7,4.4,1.2,0.4,3.1,29.6527374301676,8,35.039541
Bradley Beal,2022,28,SG,WAS,40,36.0,0.451,0.3,0.833,23.2,4.7,6.6,0.9,0.4,3.4,24.944,9,38.996895
Bradley Beal,2023,29,SG,WAS,50,33.5,0.506,0.365,0.842,23.2,3.9,5.4,0.9,0.7,2.9,24.20489552238806,10,45.888469
Bradley Beal,2024,30,SG,PHO,53,33.3,0.513,0.43,0.813,18.2,4.4,5.0,1.0,0.5,2.5,18.91891891891892,11,48.130468
Bradley Beal,2025,31,SG,PHO,53,32.1,0.497,0.386,0.803,17.0,3.3,3.7,1.1,0.5,1.9,18.10542056074766,12,50.20393
Brandan Wright,2011,23,PF,NJN,37,10.2,0.513,,0.677,3.8,2.4,0.3,0.3,0.5,0.4,13.948235294117648,4,3.398072
Brandan Wright,2012,24,C,DAL,49,16.1,0.618,0.0,0.634,6.9,3.6,0.3,0.4,1.3,0.4,13.299875776397515,5,0.915852
Brandan Wright,2013,25,C,DAL,64,18.0,0.597,0.0,0.615,8.5,4.1,0.6,0.4,1.2,0.5,14.92,6,0.99268
Brandan Wright,2014,26,C,DAL,58,18.6,0.677,,0.726,9.1,4.2,0.5,0.6,0.9,0.6,13.726451612903224,7,5.0
Brandan Wright,2015,27,PF,PHO,75,19.3,0.642,0.0,0.696,7.3,4.3,0.5,0.7,1.3,0.5,11.117098445595854,8,5.0
Brandan Wright,2016,28,PF,MEM,12,17.7,0.673,,0.542,6.9,3.6,0.5,0.4,1.3,0.8,12.162711864406779,9,5.464
Brandan Wright,2017,29,PF,MEM,28,16.0,0.615,0.0,0.657,6.8,2.8,0.5,0.4,0.7,0.4,12.987,10,5.70988
Brandan Wright,2018,30,PF,HOU,28,13.6,0.578,,0.636,5.0,3.4,0.5,0.5,0.9,0.3,11.721176470588235,11,0.490461
Branden Carlson,2025,25,C,OKC,32,7.7,0.443,0.333,0.778,3.8,1.7,0.4,0.2,0.7,0.2,16.195324675324677,6,0.496519
Branden Dawson,2016,22,PF,LAC,6,4.8,0.4,,1.0,0.8,0.7,0.0,0.0,0.2,0.0,6.66,3,0.525093
Brandin Podziemski,2024,20,SG,GSW,74,26.6,0.454,0.385,0.633,9.2,5.8,3.7,0.8,0.2,1.2,13.241503759398492,1,3.452017
Brandin Podziemski,2025,21,SG,GSW,64,26.8,0.445,0.372,0.758,11.7,5.1,3.4,1.1,0.2,1.2,15.662686567164178,2,3.51996
Brandon Bass,2010,24,PF,ORL,50,13.0,0.511,,0.825,5.8,2.5,0.4,0.2,0.5,0.6,16.260923076923078,5,4.0
Brandon Bass,2011,25,PF,ORL,76,26.1,0.515,0.0,0.815,11.2,5.6,0.8,0.4,0.7,1.3,15.398620689655173,6,4.0
Brandon Bass,2012,26,PF,BOS,59,31.7,0.479,,0.81,12.5,6.2,0.9,0.6,0.9,1.1,14.7997476340694,7,4.25
Brandon Bass,2013,27,PF,BOS,81,27.6,0.486,0.0,0.86,8.7,5.2,1.0,0.5,0.8,1.0,11.916521739130433,8,6.0
Brandon Bass,2014,28,PF,BOS,82,27.6,0.486,0.333,0.858,11.1,5.7,1.1,0.4,0.9,1.2,14.707826086956521,9,6.45
Brandon Bass,2015,29,PF,BOS,82,23.5,0.504,0.281,0.79,10.6,4.9,1.3,0.5,0.4,1.0,15.999319148936172,10,6.9
Brandon Bass,2016,30,PF,LAL,66,20.3,0.549,0.0,0.845,7.2,4.3,1.1,0.5,0.8,0.6,11.293004926108374,11,3.0
Brandon Bass,2017,31,PF,LAC,52,11.1,0.575,0.333,0.875,5.6,2.5,0.4,0.3,0.2,0.6,16.047567567567565,12,0.980431
Brandon Boston Jr.,2025,23,SG,NOP,42,23.6,0.436,0.35,0.788,10.7,3.2,2.2,1.3,0.2,1.2,17.054237288135592,4,0.596581
Brandon Clarke,2020,23,PF,MEM,58,22.4,0.618,0.359,0.759,12.1,5.9,1.4,0.6,0.8,0.9,16.129285714285718,4,2.47884
Brandon Clarke,2021,24,PF,MEM,59,24.0,0.517,0.26,0.69,10.3,5.6,1.6,1.0,0.9,0.6,14.754,5,3.172156
Brandon Clarke,2022,25,PF,MEM,64,19.5,0.644,0.227,0.654,10.4,5.3,1.3,0.6,1.1,0.5,15.470769230769228,6,3.15322
Brandon Clarke,2023,26,PF,MEM,56,19.5,0.656,0.167,0.723,10.0,5.5,1.3,0.6,0.7,1.0,15.241846153846154,7,4.605805
Brandon Clarke,2024,27,PF,MEM,6,22.3,0.559,0.167,0.143,11.3,5.3,1.5,0.8,1.0,0.5,17.480179372197313,8,12.871424
Brandon Clarke,2025,28,PF,MEM,64,18.9,0.621,0.059,0.701,8.3,5.1,1.0,0.8,0.6,0.6,13.554285714285715,9,12.5
Brandon Davies,2014,22,PF,PHI,51,11.3,0.422,0.2,0.642,2.8,2.1,0.5,0.5,0.2,0.7,11.59646017699115,3,0.49018
Brandon Davies,2015,23,PF,BRK,27,15.7,0.401,0.235,0.649,5.3,3.1,1.1,0.7,0.3,1.1,15.62904458598726,4,0.816482
Brandon Goodwin,2019,23,PG,DEN,16,3.6,0.261,0.333,0.818,1.4,0.2,0.9,0.0,0.0,0.2,19.080000000000002,4,0.630032
Brandon Goodwin,2020,24,PG,ATL,34,12.6,0.4,0.299,0.933,6.1,2.1,1.5,0.4,0.1,0.9,19.702857142857145,5,0.522738
Brandon Goodwin,2021,25,PG,ATL,47,13.2,0.377,0.311,0.651,4.9,1.5,2.0,0.4,0.0,0.8,16.080000000000002,6,2.073716
Brandon Goodwin,2022,26,PG,CLE,36,13.9,0.416,0.345,0.632,4.8,1.9,2.5,0.7,0.0,1.0,14.980143884892085,7,0.397769
Brandon Ingram,2017,19,SF,LAL,79,28.8,0.402,0.294,0.621,9.4,4.0,2.1,0.6,0.5,1.5,14.235,1,5.28168
Brandon Ingram,2018,20,SF,LAL,59,33.5,0.47,0.39,0.681,16.1,5.3,3.9,0.8,0.7,2.5,18.81886567164179,1,5.5194
Brandon Ingram,2019,21,SF,LAL,52,33.8,0.497,0.33,0.675,18.3,5.1,3.0,0.5,0.6,2.5,20.198343195266272,2,5.75712
Brandon Ingram,2020,22,PF,NOP,62,33.9,0.463,0.391,0.851,23.8,6.1,4.2,1.0,0.6,3.0,24.739115044247786,3,7.265485
Brandon Ingram,2021,23,SF,NOP,61,34.3,0.466,0.381,0.878,23.8,4.9,4.9,0.7,0.6,2.5,23.917434402332365,4,33.251996
Brandon Ingram,2022,24,SF,NOP,55,34.0,0.461,0.327,0.826,22.7,5.8,5.6,0.6,0.5,2.7,24.56047058823529,5,34.075017
Brandon Ingram,2023,25,SF,NOP,45,34.2,0.484,0.39,0.882,24.7,5.5,5.8,0.7,0.4,3.3,25.83157894736842,6,33.558751
Brandon Ingram,2024,26,SF,NOP,64,32.9,0.492,0.355,0.801,20.8,5.1,5.7,0.8,0.6,2.5,22.444741641337387,7,34.838724
Brandon Ingram,2025,27,SF,NOP,18,33.1,0.465,0.374,0.855,22.2,5.6,5.2,0.9,0.6,3.8,25.737280966767372,8,36.0162
Brandon Jennings,2010,20,PG,MIL,82,32.6,0.371,0.374,0.817,15.5,3.4,5.7,1.3,0.2,2.4,20.59730061349693,1,2.16852
Brandon Jennings,2011,21,PG,MIL,63,34.4,0.39,0.323,0.809,16.2,3.7,4.8,1.5,0.3,2.3,19.58651162790698,2,2.33112
Brandon Jennings,2012,22,PG,MIL,66,35.3,0.418,0.332,0.808,19.1,3.4,5.5,1.6,0.3,2.2,21.19614730878187,3,2.49372
Brandon Jennings,2013,23,PG,MIL,80,36.2,0.399,0.375,0.819,17.5,3.1,6.5,1.6,0.1,2.5,19.53149171270718,4,3.179493
Brandon Jennings,2014,24,PG,DET,80,34.1,0.373,0.337,0.751,15.5,3.1,7.6,1.3,0.1,2.7,19.699706744868035,5,7.655503
Brandon Jennings,2015,25,PG,DET,41,28.6,0.401,0.36,0.839,15.4,2.5,6.6,1.1,0.1,2.2,21.32307692307692,6,8.0
Brandon Jennings,2016,26,PG,ORL,48,18.1,0.368,0.329,0.731,6.9,2.0,3.5,0.6,0.1,1.2,16.317348066298337,7,8.344497
Brandon Jennings,2017,27,PG,WAS,81,22.2,0.359,0.313,0.75,7.1,2.4,4.9,0.9,0.0,1.6,14.652972972972973,8,5.0
Brandon Jennings,2018,28,PG,MIL,14,14.6,0.375,0.273,1.0,5.2,2.2,3.1,0.4,0.3,1.3,16.540273972602737,9,2.222803
Brandon Knight,2012,20,PG,DET,66,32.3,0.415,0.38,0.759,12.8,3.2,3.8,0.7,0.2,2.6,16.967925696594428,1,2.56332
Brandon Knight,2013,21,PG,DET,75,31.5,0.407,0.367,0.733,13.3,3.3,4.0,0.8,0.1,2.7,17.965714285714284,2,2.67864
Brandon Knight,2014,22,PG,MIL,72,33.3,0.422,0.325,0.802,17.9,3.5,4.9,1.0,0.2,2.6,21.383783783783787,3,2.79396
Brandon Knight,2015,23,PG-SG,PHO,63,32.3,0.422,0.389,0.874,17.0,3.9,5.2,1.4,0.2,3.0,20.775232198142415,4,3.553917
Brandon Knight,2016,24,SG,PHO,52,36.0,0.415,0.342,0.852,19.6,3.9,5.1,1.2,0.4,3.4,22.139999999999997,5,13.5
Brandon Knight,2017,25,SG,PHO,54,21.1,0.398,0.324,0.857,11.0,2.2,2.4,0.5,0.1,1.6,21.45668246445497,6,12.60625
Brandon Knight,2019,27,PG,CLE,39,18.9,0.381,0.318,0.794,6.8,1.5,1.8,0.5,0.1,0.8,15.04,8,14.63125
Brandon Knight,2020,28,SG-PG,DET,25,18.5,0.353,0.344,0.588,7.3,1.6,2.8,0.4,0.1,1.5,17.155459459459458,9,15.64375
Brandon Knight,2022,30,PG,DAL,5,13.0,0.4,0.235,1.0,6.4,1.6,1.6,0.2,0.0,0.8,18.01107692307692,11,0.317616
Brandon Miller,2024,21,SF,CHO,74,32.2,0.44,0.373,0.827,17.3,4.3,2.4,0.9,0.6,1.8,19.466832298136644,2,11.203662
Brandon Miller,2025,22,SF,CHO,27,34.2,0.403,0.355,0.861,21.0,4.9,3.6,1.1,0.7,2.8,23.448421052631577,3,11.4246
Brandon Paul,2018,26,SG,SAS,64,9.0,0.433,0.278,0.512,2.3,1.1,0.6,0.4,0.1,0.5,11.232,7,0.815615
Brandon Roy,2010,25,SG,POR,65,37.2,0.473,0.33,0.78,21.5,4.4,4.7,0.9,0.2,2.0,20.314838709677417,6,3.910816
Brandon Roy,2011,26,SG,POR,47,27.9,0.4,0.333,0.848,12.2,2.6,2.7,0.8,0.3,1.2,17.517419354838708,7,13.60375
Brandon Roy,2013,28,SG,MIN,5,24.4,0.314,0.0,0.7,5.8,2.8,4.6,0.6,0.0,1.4,13.691803278688525,9,5.1
Brandon Rush,2010,24,SG,IND,82,30.4,0.423,0.411,0.629,9.4,4.2,1.4,0.7,0.8,1.1,12.059999999999999,5,1.93416
Brandon Rush,2011,25,SG,IND,67,26.2,0.421,0.417,0.755,9.1,3.2,0.9,0.6,0.5,1.0,12.921526717557251,6,2.06904
Brandon Rush,2012,26,SF,GSW,65,26.4,0.501,0.452,0.793,9.8,3.9,1.4,0.5,0.9,1.0,11.961818181818183,7,2.956658
Brandon Rush,2013,27,SF,GSW,2,12.5,0.667,0.0,0.667,7.0,0.5,1.0,0.0,0.0,1.5,19.180799999999998,8,4.0
Brandon Rush,2014,28,SG,UTA,38,11.0,0.333,0.34,0.6,2.1,1.2,0.6,0.1,0.2,0.5,9.63490909090909,9,4.0
Brandon Rush,2015,29,SG,GSW,33,8.2,0.204,0.111,0.455,0.9,1.2,0.4,0.2,0.4,0.3,8.920975609756098,10,1.145685
Brandon Rush,2016,30,SG,GSW,72,14.7,0.427,0.414,0.643,4.2,2.5,0.8,0.3,0.3,0.5,10.471836734693877,11,1.270964
Brandon Rush,2017,31,SG,MIN,47,21.9,0.374,0.386,0.722,4.2,2.1,1.0,0.5,0.5,0.6,7.850958904109588,12,3.5
Brandon Williams,2022,22,PG,POR,24,26.7,0.372,0.292,0.701,12.9,3.1,3.9,1.0,0.4,2.4,21.519101123595508,3,0.209065
Brandon Williams,2024,24,PG,DAL,17,6.6,0.37,0.2,0.647,3.2,0.8,1.0,0.1,0.1,0.4,22.03636363636364,5,0.361087
Brandon Williams,2025,25,PG,DAL,33,14.8,0.521,0.4,0.833,8.3,1.8,2.3,0.7,0.2,1.2,18.92432432432432,6,0.047989
Braxton Key,2022,24,SF,DET,11,17.9,0.458,0.286,0.538,7.2,4.5,1.0,0.9,1.0,1.0,16.14569832402235,5,0.147574
Braxton Key,2023,25,SF,DET,3,3.0,1.0,0.0,1.0,1.3,0.3,0.0,0.0,0.0,0.0,7.295999999999999,6,0.213968
Braxton Key,2024,26,SF,DEN,20,3.0,0.412,0.4,0.75,1.1,0.9,0.5,0.1,0.1,0.1,14.112000000000002,7,0.576415
Braxton Key,2025,27,SF,GSW,3,3.7,0.0,0.0,0.5,1.0,0.7,0.0,0.7,0.0,0.3,24.12972972972973,8,0.011997
Brendan Haywood,2010,30,C,DAL,77,30.6,0.562,0.0,0.62,9.1,9.3,0.6,0.3,2.1,1.3,10.71529411764706,11,6.0
Brendan Haywood,2011,31,C,DAL,72,18.5,0.574,0.0,0.362,4.4,5.2,0.3,0.2,1.0,0.7,9.535135135135135,12,6.9
Brendan Haywood,2012,32,C,DAL,54,21.2,0.518,,0.469,5.2,6.0,0.4,0.4,1.0,0.9,10.005283018867926,13,7.6245
Brendan Haywood,2013,33,C,CHA,61,19.0,0.431,0.0,0.455,3.5,4.8,0.5,0.3,0.8,0.8,9.064421052631578,14,2.05
Brendan Haywood,2015,35,C,CLE,22,5.4,0.467,,0.538,1.6,1.3,0.1,0.1,0.5,0.5,14.426666666666666,16,2.213668
Brian Bowen,2021,22,SF,IND,6,2.5,0.25,0.0,1.0,0.5,0.5,0.0,0.0,0.0,0.0,11.347199999999999,3,0.4574
Brian Cardinal,2010,32,PF,MIN,29,9.2,0.389,0.333,0.944,1.7,1.0,0.8,0.3,0.1,0.2,6.511304347826087,13,0.111685
Brian Cardinal,2011,33,SF,DAL,56,11.0,0.43,0.483,0.944,2.6,1.1,0.7,0.4,0.1,0.3,7.304727272727272,14,0.854389
Brian Cardinal,2012,34,SF,DAL,44,6.3,0.255,0.204,0.833,1.0,0.8,0.4,0.2,0.0,0.2,8.822857142857144,15,0.854389
Brian Cook,2010,29,PF,HOU,15,2.9,0.304,0.222,0.714,1.4,0.6,0.1,0.0,0.1,0.4,26.31724137931035,10,3.5
Brian Cook,2011,30,PF,LAC,40,11.2,0.424,0.43,0.625,4.8,2.4,0.4,0.3,0.3,0.6,16.59857142857143,11,1.146337
Brian Cook,2012,31,PF,WAS,32,8.6,0.316,0.2,0.9,2.5,2.0,0.3,0.2,0.2,0.3,14.785116279069769,12,1.223166
Brian Roberts,2013,27,PG,NOH,78,17.0,0.417,0.386,0.909,7.1,1.2,2.8,0.5,0.0,0.9,16.814117647058826,8,0.473604
Brian Roberts,2014,28,PG,NOP,72,23.2,0.42,0.36,0.94,9.4,1.9,3.3,0.6,0.1,1.3,15.815172413793105,9,0.788872
Brian Roberts,2015,29,PG,CHO,72,18.5,0.389,0.321,0.892,6.7,1.5,2.3,0.5,0.1,0.8,14.672432432432432,10,2.732
Brian Roberts,2016,30,PG,POR,51,9.2,0.448,0.357,0.894,4.0,0.8,1.1,0.2,0.0,0.5,16.027826086956527,11,2.85494
Brian Roberts,2017,31,PG,CHO,41,10.1,0.377,0.386,0.846,3.5,1.0,1.3,0.2,0.0,0.6,14.4,12,0.980431
Brian Scalabrine,2010,31,PF,BOS,52,9.1,0.341,0.327,0.667,1.5,0.9,0.5,0.2,0.1,0.3,7.690549450549452,12,3.413793
Brian Scalabrine,2011,32,PF,CHI,18,4.9,0.526,0.0,,1.1,0.4,0.3,0.2,0.2,0.3,10.285714285714286,13,0.854389
Brian Scalabrine,2012,33,PF,CHI,28,4.4,0.467,0.143,0.5,1.1,0.8,0.5,0.2,0.2,0.3,12.174545454545454,14,0.854389
Brian Skinner,2010,33,PF,LAC,16,7.7,0.4,,0.75,1.6,1.7,0.0,0.2,0.3,0.4,10.379220779220779,14,0.825497
Brian Skinner,2011,34,C,MIL,2,3.0,,,,0.0,0.0,0.0,0.0,0.0,0.0,0.0,15,0.668434
Brian Skinner,2012,35,C,MEM,1,4.0,0.0,,,0.0,0.0,0.0,0.0,0.0,0.0,9.0,16,0.668434
Briante Weber,2017,24,PG,CHO,20,10.3,0.417,0.1,0.688,3.1,1.3,1.1,0.6,0.1,0.4,13.11378640776699,5,0.128623
Brice Johnson,2017,22,PF,LAC,3,3.0,0.286,,,1.3,1.0,0.3,0.7,0.3,0.3,31.2,3,1.27392
Brice Johnson,2018,23,PF,MEM,18,5.4,0.476,0.0,0.6,2.4,1.7,0.1,0.5,0.3,0.3,18.21333333333333,4,1.33116
Brice Sensabaugh,2024,20,SF,UTA,32,18.3,0.39,0.296,0.902,7.5,3.2,1.7,0.4,0.2,1.5,17.453114754098358,1,2.521357
Brice Sensabaugh,2025,21,SF,UTA,71,20.2,0.459,0.422,0.89,10.9,3.0,1.5,0.6,0.1,1.5,18.427722772277228,2,2.57148
Brodric Thomas,2021,24,SG,CLE,32,12.5,0.361,0.271,0.674,3.9,1.7,0.9,0.5,0.3,0.7,13.582080000000001,5,0.502346
Brodric Thomas,2022,25,SG,BOS,12,5.0,0.444,0.222,0.6,1.8,0.8,0.9,0.1,0.1,0.5,15.667200000000003,6,0.534959
Bronny James,2025,20,SG,LAL,27,6.7,0.313,0.281,0.786,2.3,0.7,0.8,0.3,0.1,0.5,17.301492537313433,1,1.157153
Brook Lopez,2010,21,C,NJN,82,36.9,0.499,0.0,0.817,18.8,8.6,2.3,0.7,1.7,2.5,18.563902439024393,2,2.25588
Brook Lopez,2011,22,C,NJN,82,35.2,0.492,0.0,0.787,20.4,6.0,1.6,0.6,1.5,2.1,21.211363636363636,3,2.41332
Brook Lopez,2012,23,C,NJN,5,27.2,0.494,,0.625,19.2,3.6,1.2,0.2,0.8,1.2,25.69764705882353,4,3.076983
Brook Lopez,2013,24,C,BRK,74,30.4,0.521,0.0,0.758,19.4,6.9,0.9,0.4,2.1,1.8,22.419473684210534,5,13.66875
Brook Lopez,2014,25,C,BRK,17,31.4,0.563,0.0,0.817,20.7,6.0,0.9,0.5,1.8,1.6,20.74242038216561,6,14.693906
Brook Lopez,2015,26,C,BRK,72,29.2,0.513,0.1,0.814,17.2,7.4,0.7,0.6,1.8,1.4,20.67780821917808,7,15.719062
Brook Lopez,2016,27,C,BRK,73,33.7,0.511,0.143,0.787,20.6,7.8,2.0,0.8,1.7,2.4,22.02729970326409,8,19.689
Brook Lopez,2017,28,C,BRK,75,29.6,0.474,0.346,0.81,20.5,5.4,2.3,0.5,1.7,2.5,24.635675675675675,9,21.165675
Brook Lopez,2018,29,C,LAL,74,23.4,0.465,0.345,0.703,13.0,4.0,1.7,0.4,1.3,1.3,19.883076923076924,10,22.64265
Brook Lopez,2019,30,C,MIL,81,28.7,0.452,0.365,0.842,12.5,4.9,1.2,0.6,2.2,1.0,14.304668989547038,11,3.382
Brook Lopez,2020,31,C,MIL,68,26.7,0.435,0.314,0.836,12.0,4.6,1.5,0.7,2.4,1.0,16.00179775280899,12,12.093023
Brook Lopez,2021,32,C,MIL,70,27.2,0.503,0.338,0.845,12.3,5.0,0.7,0.6,1.5,0.9,14.4,13,15.474547
Brook Lopez,2022,33,C,MIL,13,22.9,0.466,0.358,0.87,12.4,4.1,0.5,0.6,1.2,0.9,18.53764192139738,14,15.38211
Brook Lopez,2023,34,C,MIL,78,30.4,0.531,0.374,0.784,15.9,6.7,1.3,0.5,2.5,1.4,16.52684210526316,15,14.745399
Brook Lopez,2024,35,C,MIL,79,30.5,0.485,0.366,0.821,12.5,5.2,1.6,0.5,2.4,1.0,13.394360655737703,16,25.742849
Brook Lopez,2025,36,C,MIL,80,31.8,0.509,0.373,0.826,13.0,5.0,1.8,0.6,1.9,1.1,13.07320754716981,17,23.0
Bruce Brown,2019,22,SG,DET,74,19.6,0.398,0.258,0.75,4.3,2.5,1.2,0.5,0.5,0.6,9.462857142857143,3,0.838464
Bruce Brown,2020,23,PG,DET,58,28.2,0.443,0.344,0.739,8.9,4.7,4.0,1.1,0.5,1.7,13.179574468085105,4,1.416852
Bruce Brown,2021,24,PG,BRK,65,22.3,0.556,0.288,0.735,8.8,5.4,1.6,0.9,0.4,0.8,13.063318385650224,5,2.027733
Bruce Brown,2022,25,SF,BRK,72,24.6,0.506,0.404,0.758,9.0,4.8,2.1,1.1,0.7,0.8,12.573658536585366,6,5.476579
Bruce Brown,2023,26,SG,DEN,80,28.5,0.483,0.358,0.758,11.5,4.1,3.4,1.1,0.6,1.5,14.698105263157895,7,6.869606
Bruce Brown,2024,27,PG-SG,TOR,67,27.9,0.478,0.323,0.824,10.8,4.2,2.9,0.9,0.3,1.3,14.095483870967742,8,22.653707
Bruce Brown,2025,28,PG,NOP,41,22.5,0.421,0.333,0.815,8.3,4.0,2.0,0.8,0.2,1.0,14.726400000000002,9,23.0
Bruno Caboclo,2015,19,SF,TOR,8,2.9,0.333,0.667,,1.3,0.3,0.0,0.0,0.1,0.5,24.82758620689655,1,1.45836
Bruno Caboclo,2016,20,SF,TOR,6,7.2,0.083,0.143,,0.5,0.3,0.2,0.3,0.2,0.7,13.5,1,1.524
Bruno Caboclo,2017,21,SF,TOR,9,4.4,0.375,0.333,,1.6,1.1,0.4,0.2,0.1,0.2,16.363636363636363,2,1.58964
Bruno Caboclo,2018,22,SF,SAC,12,8.9,0.29,0.176,0.833,2.2,1.8,0.3,0.3,0.3,0.3,12.620224719101124,3,2.451225
Bruno Caboclo,2019,23,PF,MEM,34,23.5,0.427,0.369,0.84,8.3,4.6,1.5,0.4,1.0,1.1,12.806808510638296,4,0.522151
Bruno Caboclo,2020,24,C,HOU,30,8.1,0.427,0.182,0.889,3.0,2.0,0.4,0.5,0.6,0.4,15.697777777777778,5,1.845301
Bruno Caboclo,2021,25,PF,HOU,6,6.0,0.471,0.0,0.5,2.8,2.3,0.2,0.0,0.3,0.7,21.791999999999998,6,2.47223
Bruno Fernando,2020,21,C,ATL,56,12.7,0.518,0.135,0.569,4.3,3.5,0.9,0.3,0.3,0.8,13.59496062992126,2,1.4
Bruno Fernando,2021,22,C,ATL,33,6.8,0.409,0.0,0.682,1.5,2.4,0.3,0.1,0.1,0.6,11.689411764705882,3,1.84995
Bruno Fernando,2022,23,C,HOU,30,5.1,0.655,0.5,0.625,2.9,1.8,0.2,0.0,0.4,0.5,18.720000000000002,4,2.061329
Bruno Fernando,2023,24,C,ATL,39,10.4,0.527,0.0,0.7,3.9,3.5,0.8,0.2,0.9,0.6,14.095384615384615,5,2.881217
Bruno Fernando,2024,25,C,ATL,45,15.2,0.583,0.0,0.667,6.3,4.3,1.0,0.6,0.6,1.0,14.504210526315791,6,2.658229
Bruno Fernando,2025,26,C,TOR,17,8.6,0.531,,0.75,3.4,3.0,1.1,0.2,0.5,0.8,16.409302325581397,7,1.115128
Bryce Cotton,2015,22,PG,UTA,15,10.6,0.42,0.35,0.833,5.3,1.2,1.0,0.3,0.0,0.8,20.132830188679243,3,0.092514
Bryce Cotton,2016,23,PG,MEM,8,4.9,0.4,0.0,,1.0,0.0,0.4,0.4,0.0,0.6,13.959183673469385,4,0.700902
Bryce Dejean-Jones,2016,23,SG,NOP,14,19.9,0.406,0.375,0.524,5.6,3.4,1.1,0.7,0.1,0.8,11.505527638190957,4,0.169883
Bryce McGowens,2023,20,SG,CHO,46,17.1,0.396,0.325,0.75,5.3,2.0,1.2,0.3,0.1,0.9,12.73263157894737,1,1.549139
Bryce McGowens,2024,21,SG,CHO,59,14.9,0.439,0.333,0.776,5.1,1.7,0.9,0.4,0.2,0.5,12.119194630872482,2,1.770967
Bryn Forbes,2017,23,SG,SAS,36,7.9,0.364,0.321,0.833,2.6,0.6,0.6,0.0,0.0,0.3,14.527594936708859,4,0.543471
Bryn Forbes,2018,24,SG,SAS,80,19.0,0.421,0.39,0.667,6.9,1.4,1.0,0.4,0.0,0.5,13.445052631578948,5,1.312611
Bryn Forbes,2019,25,SG,SAS,82,28.0,0.456,0.426,0.885,11.8,2.9,2.1,0.5,0.0,1.0,14.194285714285712,6,3.125
Bryn Forbes,2020,26,SG,SAS,63,25.1,0.417,0.388,0.833,11.2,2.0,1.7,0.5,0.0,0.9,15.369561752988044,7,2.875
Bryn Forbes,2021,27,SG,MIL,70,19.3,0.473,0.452,0.77,10.0,1.6,0.6,0.3,0.0,0.6,16.033989637305698,8,2.848258
Bryn Forbes,2022,28,SG,DEN,75,17.1,0.429,0.414,0.908,8.8,1.2,1.0,0.3,0.1,0.7,17.74315789473684,9,5.203563
Bryn Forbes,2023,29,SG,MIN,25,10.7,0.361,0.304,1.0,3.6,0.6,0.7,0.3,0.1,0.5,13.673271028037384,10,2.43695
Bub Carrington,2025,19,PG,WAS,82,30.0,0.401,0.339,0.812,9.8,4.2,4.4,0.7,0.3,1.7,13.487999999999998,1,4.45488
Buddy Boeheim,2023,23,PG,DET,10,9.0,0.185,0.16,1.0,1.6,0.6,0.4,0.2,0.0,0.0,11.152000000000001,4,0.539571
Buddy Boeheim,2024,24,SF,DET,10,8.4,0.31,0.32,0.8,3.4,1.0,0.3,0.0,0.1,0.0,14.314285714285713,5,0.172261
Buddy Hield,2017,24,SG,SAC,82,23.0,0.426,0.391,0.842,10.6,3.3,1.5,0.5,0.1,1.2,17.211130434782607,5,3.5172
Buddy Hield,2018,25,SG,SAC,80,25.3,0.446,0.431,0.877,13.5,3.8,1.9,1.1,0.3,1.6,19.550988142292486,6,3.67548
Buddy Hield,2019,26,SG,SAC,82,31.9,0.458,0.427,0.886,20.7,5.0,2.5,0.7,0.4,1.8,21.956614420062703,7,3.84476
Buddy Hield,2020,27,SG,SAC,72,30.8,0.429,0.394,0.846,19.2,4.6,3.0,0.9,0.2,2.3,22.48363636363636,8,4.861208
Buddy Hield,2021,28,SG,SAC,71,34.3,0.406,0.391,0.846,16.6,4.7,3.6,0.9,0.4,1.8,17.27580174927114,9,30.384192
Buddy Hield,2022,29,SG,IND,81,30.9,0.406,0.366,0.874,15.6,4.4,2.8,0.9,0.3,1.9,18.87844660194175,10,26.680677
Buddy Hield,2023,30,SF,IND,80,31.0,0.458,0.425,0.822,16.8,5.0,2.8,1.2,0.3,1.7,17.888516129032258,11,22.454514
Buddy Hield,2024,31,SF-SG,PHI,84,25.7,0.436,0.386,0.881,12.1,3.2,2.8,0.8,0.5,1.2,16.260233463035018,12,19.895988
Buddy Hield,2025,32,SG,GSW,82,22.7,0.417,0.37,0.828,11.1,3.2,1.6,0.8,0.3,1.1,17.527400881057268,13,8.780488
Byron Mullens,2010,20,PF,OKC,13,4.2,0.368,,,1.1,0.8,0.1,0.2,0.0,0.3,15.428571428571427,1,1.1202
Byron Mullens,2011,21,PF,OKC,13,6.5,0.321,,0.5,1.9,1.8,0.0,0.2,0.2,0.6,18.188307692307692,2,1.2042
Byron Mullens,2012,22,C,CHA,65,22.5,0.425,0.235,0.821,9.3,5.0,0.9,0.3,0.8,1.1,17.516799999999996,3,1.2882
Byron Mullens,2014,24,C,PHI,45,9.2,0.442,0.371,0.5,4.2,2.0,0.3,0.3,0.2,0.6,17.514782608695654,5,0.947907
C.J. Miles,2010,22,SF,UTA,63,23.8,0.429,0.341,0.695,9.9,2.7,1.7,0.9,0.3,1.3,16.426890756302523,3,3.7
C.J. Miles,2011,23,SF,UTA,78,25.2,0.407,0.322,0.811,12.8,3.3,1.7,0.9,0.5,1.2,19.71428571428571,4,3.7
C.J. Miles,2012,24,SG,UTA,56,20.4,0.381,0.307,0.794,9.1,2.1,1.2,0.8,0.3,0.9,18.09882352941177,5,3.7
C.J. Miles,2013,25,SF,CLE,65,21.0,0.415,0.384,0.869,11.2,2.7,1.0,0.8,0.3,1.1,19.206857142857146,6,2.225
C.J. Miles,2014,26,SG,CLE,51,19.3,0.435,0.393,0.853,9.9,2.0,1.0,0.9,0.3,0.9,17.832124352331608,7,2.225
C.J. Miles,2015,27,SG,IND,70,26.3,0.398,0.345,0.807,13.5,3.1,1.1,0.9,0.4,1.0,18.90615969581749,8,4.205
C.J. Miles,2016,28,SF,IND,64,22.9,0.409,0.367,0.75,11.8,2.7,1.0,0.8,0.5,1.1,18.606812227074236,9,4.394225
C.J. Miles,2017,29,SF,IND,76,23.4,0.434,0.413,0.903,10.7,3.0,0.6,0.6,0.3,0.5,14.658461538461541,10,4.58345
C.J. Miles,2018,30,SF,TOR,70,19.1,0.379,0.361,0.835,10.0,2.2,0.8,0.5,0.3,0.6,18.5013612565445,11,7.936509
C.J. Miles,2019,31,SF,MEM,53,16.2,0.36,0.33,0.828,6.4,1.8,0.7,0.5,0.3,0.6,15.520000000000001,12,8.333333
C.J. Miles,2020,32,SF,WAS,10,16.1,0.322,0.314,0.75,6.4,1.2,1.2,1.0,0.4,0.4,16.054658385093166,13,8.333333
C.J. Watson,2010,25,PG,GSW,65,27.5,0.468,0.31,0.771,10.3,2.6,2.8,1.6,0.1,1.1,13.541236363636362,6,1.000497
C.J. Watson,2011,26,PG,CHI,82,13.3,0.371,0.393,0.742,4.9,1.1,2.3,0.7,0.1,0.9,16.738646616541352,7,3.6
C.J. Watson,2012,27,PG,CHI,49,23.7,0.368,0.393,0.808,9.7,2.1,4.1,0.9,0.2,2.0,17.960506329113922,8,3.4
C.J. Watson,2013,28,PG,BRK,80,19.0,0.418,0.411,0.78,6.8,1.8,2.0,0.8,0.2,0.9,13.422315789473686,9,0.99268
C.J. Watson,2014,29,PG,IND,63,18.9,0.437,0.366,0.784,6.6,1.6,1.7,1.0,0.1,1.0,13.173333333333332,10,2.016
C.J. Watson,2015,30,PG,IND,57,24.9,0.434,0.4,0.826,10.0,2.9,3.6,1.0,0.2,1.8,15.001445783132533,11,2.077
C.J. Watson,2016,31,PG,ORL,33,19.9,0.343,0.292,0.872,4.3,2.0,2.7,0.6,0.2,0.8,10.000402010050252,12,5.0
C.J. Watson,2017,32,PG,ORL,62,16.3,0.387,0.305,0.864,4.5,1.4,1.8,0.7,0.0,0.8,11.670184049079753,13,5.0
C.J. Williams,2018,27,SG,LAC,38,18.6,0.442,0.282,0.813,5.5,1.5,1.1,0.8,0.3,0.5,11.37290322580645,8,0.375
CJ Elleby,2021,20,SF,POR,30,6.4,0.379,0.206,0.733,2.3,1.1,0.3,0.2,0.1,0.2,14.737500000000002,1,1.094762
CJ Elleby,2022,21,SF,POR,58,20.2,0.393,0.294,0.714,5.8,3.9,1.5,0.6,0.3,1.0,12.325544554455444,2,1.755313
CJ McCollum,2014,22,SG,POR,38,12.5,0.416,0.375,0.676,5.3,1.3,0.7,0.4,0.1,0.9,17.26848,3,2.31672
CJ McCollum,2015,23,SG,POR,62,15.7,0.436,0.396,0.699,6.8,1.5,1.0,0.7,0.1,0.8,16.573757961783443,4,2.421
CJ McCollum,2016,24,SG,POR,80,34.8,0.448,0.417,0.827,20.8,3.2,4.3,1.2,0.3,2.5,22.37793103448276,5,2.52516
CJ McCollum,2017,25,SG,POR,80,35.0,0.48,0.421,0.912,23.0,3.6,3.6,0.9,0.5,2.2,22.451657142857144,6,3.219579
CJ McCollum,2018,26,SG,POR,81,36.1,0.443,0.397,0.836,21.4,4.0,3.4,1.0,0.4,1.9,21.80343490304709,7,23.962573
CJ McCollum,2019,27,SG,POR,70,33.9,0.459,0.375,0.828,21.0,4.0,3.0,0.8,0.4,1.5,21.75716814159292,8,25.759766
CJ McCollum,2020,28,SG,POR,70,36.5,0.451,0.379,0.757,22.2,4.2,4.4,0.8,0.6,1.8,22.037917808219177,9,27.556959
CJ McCollum,2021,29,SG,POR,47,34.0,0.458,0.402,0.812,23.1,3.9,4.7,0.9,0.4,1.4,22.69270588235294,10,35.773654
CJ McCollum,2022,30,SG,NOP,62,34.6,0.46,0.388,0.682,22.1,4.3,5.1,1.1,0.4,2.0,22.877687861271674,11,35.689739
CJ McCollum,2023,31,SG,NOP,75,35.3,0.437,0.389,0.769,20.9,4.4,5.7,0.9,0.5,2.4,22.138470254957507,12,35.342933
CJ McCollum,2024,32,PG,NOP,66,32.7,0.459,0.429,0.827,20.0,4.3,4.6,0.9,0.6,1.7,20.503486238532105,13,36.866302
CJ McCollum,2025,33,PG,NOP,56,32.7,0.444,0.373,0.717,21.1,3.8,4.1,0.8,0.4,1.9,23.299816513761463,14,33.333333
Cade Cunningham,2022,20,PG,DET,64,32.6,0.416,0.314,0.845,17.4,5.5,5.6,1.2,0.7,3.7,23.128343558282204,1,11.621431
Cade Cunningham,2023,21,PG,DET,12,33.3,0.415,0.279,0.837,19.9,6.2,6.0,0.8,0.6,3.3,25.49621621621622,2,11.189007
Cade Cunningham,2024,22,PG,DET,62,33.5,0.449,0.355,0.869,22.7,4.3,7.5,0.9,0.4,3.4,25.937194029850744,3,11.383858
Cade Cunningham,2025,23,PG,DET,70,35.0,0.469,0.356,0.846,26.1,6.1,9.1,1.0,0.8,4.4,28.318628571428576,4,13.940809
Caleb Houstan,2023,20,SF,ORL,51,15.9,0.363,0.338,0.833,3.8,1.9,0.6,0.2,0.1,0.4,9.455094339622642,1,2.120576
Caleb Houstan,2024,21,SF,ORL,59,13.8,0.388,0.373,0.808,4.3,1.4,0.5,0.3,0.1,0.3,10.372173913043477,2,2.059427
Caleb Houstan,2025,22,SF,ORL,58,13.6,0.421,0.4,0.882,4.1,1.3,0.6,0.4,0.1,0.2,9.614117647058825,3,2.019699
Caleb Martin,2020,24,SF,CHO,18,17.6,0.44,0.541,0.81,6.2,2.1,1.3,0.7,0.4,0.8,12.329999999999998,5,0.89831
Caleb Martin,2021,25,SF,CHO,53,15.4,0.375,0.248,0.641,5.0,2.7,1.3,0.7,0.2,0.6,13.857662337662335,6,1.84995
Caleb Martin,2022,26,SF,MIA,60,22.9,0.507,0.413,0.763,9.2,3.8,1.1,1.0,0.5,0.9,13.211528384279475,7,0.97597
Caleb Martin,2023,27,PF,MIA,71,29.3,0.464,0.356,0.805,9.6,4.8,1.6,1.0,0.4,1.1,11.677269624573379,8,6.869606
Caleb Martin,2024,28,SF,MIA,64,27.4,0.431,0.349,0.778,10.0,4.4,2.2,0.7,0.5,1.2,13.874452554744526,9,7.005092
Caleb Martin,2025,29,SF,DAL,45,27.1,0.424,0.359,0.622,7.9,3.9,2.1,1.0,0.5,1.2,11.91321033210332,10,9.186594
Caleb Swanigan,2018,20,PF,POR,27,7.0,0.4,0.125,0.667,2.3,2.0,0.5,0.2,0.1,0.7,16.498285714285714,1,1.46592
Caleb Swanigan,2019,21,PF,SAC,21,8.5,0.34,0.143,0.667,2.0,3.0,0.5,0.3,0.0,0.9,15.145411764705882,2,1.74
Caleb Swanigan,2020,22,PF-C,POR,27,10.7,0.596,0.0,0.529,2.4,3.7,1.1,0.1,0.3,1.4,11.318130841121496,3,2.03316
Cam Christie,2025,19,SG,LAC,13,4.5,0.292,0.154,0.5,1.4,0.9,0.5,0.4,0.1,0.2,17.056,1,1.157153
Cam Reddish,2020,20,SF,ATL,58,26.7,0.384,0.332,0.802,10.5,3.7,1.5,1.1,0.5,1.7,16.541123595505617,1,4.24572
Cam Reddish,2021,21,SF,ATL,26,28.8,0.365,0.262,0.817,11.2,4.0,1.3,1.3,0.3,1.3,16.009999999999998,2,5.432926
Cam Reddish,2022,22,SF,NYK,49,20.7,0.404,0.359,0.902,10.1,2.1,1.0,1.0,0.3,1.2,18.281739130434783,3,5.400328
Cam Reddish,2023,23,SF,POR,40,24.8,0.446,0.313,0.853,9.7,2.2,1.4,1.0,0.4,1.2,14.27806451612903,4,6.313436
Cam Reddish,2024,24,SF,LAL,48,20.5,0.389,0.336,0.759,5.4,2.1,1.0,1.0,0.3,0.6,10.50848780487805,5,2.22933
Cam Reddish,2025,25,SF,LAL,33,17.8,0.404,0.277,0.615,3.2,2.0,0.7,1.0,0.3,0.4,7.1838202247191,6,2.463946
Cam Thomas,2022,20,SG,BRK,67,17.6,0.433,0.27,0.829,8.5,2.4,1.2,0.5,0.1,0.8,18.417272727272728,1,2.354647
Cam Thomas,2023,21,SG,BRK,57,16.6,0.441,0.383,0.868,10.6,1.7,1.4,0.4,0.1,1.1,22.69301204819277,2,2.267065
Cam Thomas,2024,22,SG,BRK,66,31.4,0.442,0.364,0.856,22.5,3.2,2.9,0.7,0.2,1.9,25.388025477707007,3,2.306724
Cam Thomas,2025,23,SG,BRK,25,31.2,0.438,0.349,0.881,24.0,3.3,3.8,0.6,0.1,2.5,26.930769230769233,4,4.041249
Cam Whitmore,2025,20,SF,HOU,51,16.2,0.444,0.355,0.75,9.4,3.0,1.0,0.6,0.3,0.9,20.924444444444447,1,3.37908
Cameron Johnson,2020,23,PF,PHO,57,22.0,0.435,0.39,0.807,8.8,3.3,1.2,0.6,0.4,0.6,13.32,4,4.03344
Cameron Johnson,2021,24,PF,PHO,60,24.0,0.42,0.349,0.847,9.6,3.3,1.4,0.6,0.3,0.7,13.859999999999998,5,5.161353
Cameron Johnson,2022,25,PF,PHO,66,26.2,0.46,0.425,0.86,12.5,4.1,1.5,0.9,0.2,0.7,14.630839694656485,6,5.130714
Cameron Johnson,2023,26,PF,BRK,42,28.5,0.47,0.404,0.842,15.5,4.4,1.9,1.2,0.3,0.9,17.022315789473684,7,6.242868
Cameron Johnson,2024,27,PF,BRK,58,27.6,0.446,0.391,0.789,13.4,4.3,2.4,0.8,0.3,1.0,16.351304347826087,8,26.442383
Cameron Johnson,2025,28,PF,BRK,57,31.6,0.475,0.39,0.893,18.8,4.3,3.4,0.9,0.4,1.7,18.81569620253164,9,22.5
Cameron McGriff,2022,24,SF,POR,3,15.3,0.357,0.333,1.0,4.7,5.0,1.0,0.0,0.3,0.0,11.783529411764706,5,0.061489
Cameron Oliver,2021,24,SF,HOU,4,21.8,0.576,0.308,0.25,10.8,5.3,1.3,0.5,1.0,0.8,15.754128440366975,5,0.052489
Cameron Oliver,2022,25,SF,ATL,2,21.5,0.667,0.333,0.667,11.5,3.0,1.5,0.5,0.5,0.0,13.663255813953487,6,0.098957
Cameron Payne,2016,21,PG,OKC,57,12.2,0.41,0.324,0.792,5.0,1.5,1.9,0.6,0.1,0.8,17.339016393442623,2,2.02152
Cameron Payne,2017,22,PG,CHI,31,14.9,0.332,0.314,0.625,5.2,1.5,1.8,0.5,0.1,0.9,17.473288590604028,3,2.11248
Cameron Payne,2018,23,PG,CHI,25,23.3,0.405,0.385,0.75,8.8,2.8,4.5,1.0,0.4,1.4,15.858540772532187,4,3.263294
Cameron Payne,2019,24,PG,CLE,40,17.8,0.43,0.298,0.805,6.3,1.8,2.7,0.7,0.2,1.1,14.440449438202247,5,3.263294
Cameron Payne,2020,25,SG,PHO,8,22.9,0.485,0.517,0.857,10.9,3.9,3.0,1.0,0.3,1.4,16.185851528384283,6,1.737145
Cameron Payne,2021,26,PG,PHO,60,18.0,0.484,0.44,0.893,8.4,2.4,3.6,0.6,0.3,1.0,15.991999999999999,7,2.409366
Cameron Payne,2022,27,PG,PHO,58,22.0,0.409,0.336,0.843,10.8,3.0,4.9,0.7,0.3,1.8,20.552727272727275,8,7.516258
Cameron Payne,2023,28,PG,PHO,48,20.2,0.415,0.368,0.766,10.3,2.2,4.5,0.7,0.2,1.7,20.801584158415842,9,6.361728
Cameron Payne,2024,29,PG,PHI,78,16.7,0.432,0.39,0.866,7.4,1.5,2.6,0.5,0.1,0.8,15.943473053892214,10,9.670523
Cameron Payne,2025,30,PG,NYK,72,15.1,0.401,0.363,0.907,6.9,1.4,2.8,0.5,0.2,0.7,17.28953642384106,11,2.087519
Cameron Reynolds,2019,23,SG,MIN,19,13.6,0.423,0.412,0.889,5.0,1.6,0.7,0.3,0.1,0.3,12.22941176470588,4,0.108953
Caris LeVert,2017,22,SF,BRK,57,21.7,0.45,0.321,0.72,8.2,3.3,1.9,0.9,0.1,1.0,13.942119815668203,3,1.56228
Caris LeVert,2018,23,SF,BRK,71,26.3,0.435,0.347,0.711,12.1,3.7,4.2,1.2,0.3,2.2,18.813079847908746,4,1.7028
Caris LeVert,2019,24,SF,BRK,40,26.6,0.429,0.312,0.691,13.7,3.8,3.9,1.1,0.4,1.7,20.522706766917292,5,1.7028
Caris LeVert,2020,25,SG,BRK,45,29.6,0.425,0.364,0.711,18.7,4.2,4.4,1.2,0.2,2.6,25.341081081081082,6,2.625718
Caris LeVert,2021,26,SG,IND,47,31.6,0.441,0.326,0.811,20.2,4.6,5.2,1.4,0.6,2.2,24.119999999999997,7,19.747315
Caris LeVert,2022,27,SG,CLE,58,30.7,0.444,0.32,0.756,17.0,3.7,4.3,0.9,0.4,1.9,21.16846905537459,8,20.236081
Caris LeVert,2023,28,SG,CLE,74,30.2,0.431,0.392,0.722,12.1,3.8,3.9,1.0,0.3,1.6,15.086622516556293,9,19.929487
Caris LeVert,2024,29,SG,CLE,68,28.8,0.421,0.325,0.766,14.0,4.1,5.1,1.1,0.5,1.7,18.9,10,15.841754
Caris LeVert,2025,30,SG,ATL,64,24.9,0.467,0.373,0.71,12.1,3.2,3.4,0.9,0.5,1.2,16.852048192771086,11,16.615384
Carl Landry,2010,26,PF,SAC,80,30.9,0.536,0.333,0.806,16.8,5.9,0.8,0.7,0.8,1.7,18.212038834951457,7,3.0
Carl Landry,2011,27,PF,NOH,76,26.4,0.502,0.0,0.74,11.9,4.6,0.8,0.5,0.4,1.4,16.461818181818185,8,3.0
Carl Landry,2012,28,PF,NOH,41,24.4,0.503,0.0,0.799,12.5,5.2,0.9,0.3,0.3,1.6,18.265573770491805,9,8.5
Carl Landry,2013,29,PF,GSW,81,23.2,0.54,0.333,0.817,10.8,6.0,0.8,0.4,0.4,1.4,15.976551724137934,10,4.0
Carl Landry,2014,30,PF,SAC,18,12.9,0.517,,0.824,4.2,3.2,0.3,0.2,0.1,0.5,11.709767441860464,11,6.5
Carl Landry,2015,31,PF,SAC,70,17.0,0.515,,0.82,7.2,3.8,0.4,0.2,0.2,0.8,14.87435294117647,12,6.5
Carl Landry,2016,32,PF,PHI,36,15.8,0.556,0.462,0.736,9.8,4.1,0.9,0.3,0.3,0.6,19.594936708860757,13,6.5
Carldell Johnson,2012,29,PG,NOH,15,7.9,0.314,0.267,0.333,1.8,0.6,1.5,0.5,0.0,0.5,13.160506329113922,10,0.473604
Carlik Jones,2022,24,PG,DEN,5,4.6,0.111,0.0,1.0,0.8,0.6,1.0,0.2,0.0,0.6,20.160000000000004,5,0.122978
Carlik Jones,2023,25,PG,CHI,7,8.0,0.4,0.5,0.625,2.9,0.7,0.9,0.3,0.0,0.3,12.978,6,0.649068
Carlos Arroyo,2010,30,PG,MIA,72,22.0,0.475,0.28,0.844,6.1,1.8,3.1,0.5,0.1,0.8,10.754181818181818,11,0.825497
Carlos Arroyo,2011,31,PG,MIA,64,18.5,0.44,0.449,0.83,4.8,1.6,2.0,0.3,0.0,0.9,10.71827027027027,12,0.196007
Carlos Boozer,2010,28,PF,UTA,78,34.3,0.562,,0.742,19.5,11.2,3.2,1.1,0.5,2.7,19.89551020408163,9,12.3239
Carlos Boozer,2011,29,C,CHI,59,31.9,0.51,,0.701,17.5,9.6,2.5,0.8,0.3,2.5,20.99510971786834,10,14.4
Carlos Boozer,2012,30,PF,CHI,66,29.5,0.532,0.0,0.693,15.0,8.5,1.9,1.0,0.4,1.7,18.82250847457627,11,13.5
Carlos Boozer,2013,31,PF,CHI,79,32.2,0.477,0.0,0.731,16.2,9.8,2.3,0.8,0.4,2.2,20.182360248447203,12,15.3
Carlos Boozer,2014,32,PF,CHI,76,28.2,0.456,0.0,0.767,13.7,8.3,1.6,0.7,0.3,2.0,20.425531914893618,13,15.3
Carlos Boozer,2015,33,PF,LAL,71,23.8,0.499,,0.627,11.8,6.8,1.3,0.6,0.2,1.3,19.24638655462185,14,3.251
Carlos Delfino,2010,27,SF,MIL,75,30.4,0.408,0.367,0.782,11.0,5.3,2.7,1.1,0.3,1.6,14.333684210526318,8,3.5
Carlos Delfino,2011,28,SF,MIL,49,32.4,0.39,0.37,0.8,11.5,4.1,2.3,1.6,0.2,1.2,13.733333333333333,9,3.5
Carlos Delfino,2012,29,SF,MIL,54,28.5,0.402,0.36,0.792,9.0,3.9,2.3,1.5,0.2,1.2,12.626526315789473,10,3.5
Carlos Delfino,2013,30,SF,HOU,67,25.2,0.405,0.375,0.857,10.6,3.3,2.0,1.0,0.1,1.1,15.360000000000001,11,3.0
Carmelo Anthony,2010,25,SF,DEN,69,38.2,0.458,0.316,0.83,28.2,6.6,3.2,1.3,0.4,3.0,27.06219895287958,6,15.779912
Carmelo Anthony,2011,26,SF,DEN,50,35.5,0.452,0.333,0.823,25.2,7.6,2.8,0.9,0.6,2.8,26.114704225352117,7,17.149243
Carmelo Anthony,2012,27,SF,NYK,55,34.1,0.43,0.335,0.804,22.6,6.3,3.6,1.1,0.4,2.6,25.493489736070384,8,18.518574
Carmelo Anthony,2016,31,SF,NYK,72,35.1,0.434,0.339,0.829,21.8,7.7,4.2,0.9,0.5,2.4,23.65538461538461,12,22.875
Carmelo Anthony,2018,33,PF,OKC,78,32.1,0.404,0.357,0.767,16.2,5.8,1.3,0.6,0.6,1.3,19.514018691588788,14,26.24376
Carmelo Anthony,2019,34,PF,HOU,10,29.4,0.405,0.328,0.682,13.4,5.4,0.5,0.4,0.7,0.8,16.98122448979592,15,1.512601
Carmelo Anthony,2020,35,PF,POR,58,32.8,0.43,0.385,0.845,15.4,6.3,1.5,0.8,0.5,1.7,18.035121951219512,16,1.364204
Carmelo Anthony,2022,37,PF,LAL,69,26.0,0.441,0.375,0.83,13.3,4.2,1.0,0.7,0.8,0.9,17.185846153846157,18,3.054712
Caron Butler,2010,29,SF-SG,DAL,74,37.6,0.428,0.29,0.838,16.3,6.2,2.1,1.6,0.3,2.2,17.513617021276595,10,9.78097
Caron Butler,2011,30,SF,DAL,29,29.9,0.45,0.431,0.773,15.0,4.1,1.6,1.0,0.3,1.7,19.28829431438127,11,10.56196
Caron Butler,2012,31,SF,LAC,63,29.7,0.407,0.358,0.813,12.0,3.7,1.2,0.8,0.1,1.2,15.936969696969694,12,8.0
Caron Butler,2013,32,SF,LAC,78,24.1,0.424,0.388,0.833,10.4,2.9,1.0,0.7,0.1,0.9,15.875850622406638,13,8.0
Caron Butler,2014,33,SF,OKC,56,25.3,0.394,0.394,0.84,10.5,4.1,1.5,0.8,0.3,1.1,16.03920948616601,14,0.244489
Caron Butler,2015,34,SF,DET,78,20.8,0.407,0.379,0.902,5.9,2.5,1.0,0.6,0.1,0.6,10.474615384615383,15,4.5
Caron Butler,2016,35,SF,SAC,17,10.4,0.424,0.167,0.833,3.7,1.3,0.6,0.5,0.1,0.2,13.873846153846154,16,1.449187
Carrick Felix,2014,23,SG,CLE,7,5.4,0.5,0.4,0.75,2.7,0.9,0.6,0.0,0.0,0.6,19.093333333333334,4,0.51
Carsen Edwards,2020,21,SG,BOS,37,9.5,0.328,0.316,0.684,3.3,1.3,0.6,0.3,0.1,0.4,15.612631578947367,2,1.228026
Carsen Edwards,2021,22,SG,BOS,31,8.9,0.423,0.286,0.846,4.0,0.8,0.5,0.2,0.0,0.2,16.082696629213487,3,1.84995
Carsen Edwards,2022,23,SG,DET,4,19.8,0.3,0.25,1.0,5.8,1.5,3.5,0.5,0.0,1.3,16.240000000000002,4,2.150071
Cartier Martin,2010,25,SF,WAS,18,21.7,0.368,0.347,0.8,7.8,3.8,0.9,0.6,0.1,1.1,15.674101382488477,6,0.06931
Cartier Martin,2011,26,SF,WAS,52,10.4,0.39,0.394,0.7,4.0,1.4,0.3,0.3,0.1,0.3,14.372307692307693,7,0.854389
Cartier Martin,2012,27,SF,WAS,17,23.0,0.44,0.387,0.579,9.3,3.4,0.6,0.6,0.1,0.8,14.374956521739131,8,0.199816
Cartier Martin,2013,28,SF,WAS,41,16.9,0.381,0.397,0.714,6.6,2.4,0.5,0.5,0.1,0.8,15.35431952662722,9,0.854389
Cartier Martin,2014,29,SF,CHI,59,14.7,0.42,0.391,0.738,5.6,1.9,0.6,0.5,0.1,0.6,13.675102040816327,10,0.104034
Cartier Martin,2015,30,SF,DET,23,8.6,0.283,0.182,,1.6,0.9,0.5,0.1,0.0,0.2,10.465116279069768,11,1.145685
Cason Wallace,2024,20,SG,OKC,82,20.6,0.491,0.419,0.784,6.8,2.3,1.5,0.9,0.5,0.5,10.69514563106796,1,5.448579
Cason Wallace,2025,21,SG,OKC,68,27.6,0.474,0.356,0.811,8.4,3.4,2.5,1.8,0.5,0.9,10.852173913043478,2,5.55588
Cassius Stanley,2021,21,SG,IND,24,3.9,0.302,0.231,0.778,1.5,0.8,0.0,0.0,0.1,0.0,18.24,2,0.573625
Cassius Stanley,2022,22,SG,DET,9,17.2,0.413,0.235,1.0,5.8,2.1,0.4,0.6,0.2,0.7,13.152558139534884,3,0.296873
Cassius Winston,2021,22,PG,WAS,22,4.5,0.424,0.471,0.833,1.9,0.4,0.5,0.1,0.0,0.2,14.655999999999999,3,0.547332
Cassius Winston,2022,23,PG,WAS,7,5.6,0.364,0.333,1.0,2.0,0.1,1.0,0.0,0.0,0.4,14.554285714285717,4,0.534959
Cedi Osman,2018,22,SF,CLE,61,11.0,0.484,0.368,0.565,3.9,2.0,0.7,0.4,0.0,0.5,12.606545454545454,3,2.775
Cedi Osman,2019,23,SF,CLE,76,32.2,0.427,0.348,0.779,13.0,4.7,2.6,0.8,0.1,1.5,15.26757763975155,4,2.775
Cedi Osman,2020,24,SF,CLE,65,29.4,0.437,0.383,0.67,11.0,3.6,2.4,0.8,0.2,1.4,13.978775510204082,5,2.907143
Cedi Osman,2021,25,SF,CLE,59,25.6,0.374,0.306,0.8,10.4,3.4,2.9,0.9,0.2,1.4,16.880625000000002,6,10.773939
Cedi Osman,2022,26,SF,CLE,66,22.2,0.432,0.357,0.664,10.7,2.2,2.0,0.8,0.2,1.0,17.156756756756756,7,9.40496
Cedi Osman,2023,27,SF,CLE,77,20.1,0.451,0.372,0.694,8.7,2.3,1.5,0.5,0.1,0.7,14.715223880597012,8,7.873792
Cedi Osman,2024,28,SF,SAS,72,17.6,0.479,0.389,0.673,6.8,2.5,1.7,0.5,0.2,0.7,12.90272727272727,9,6.918485
Cedric Jackson,2010,23,PG,WAS,12,6.2,0.3,0.167,0.583,1.7,0.7,1.2,0.3,0.2,0.9,17.651612903225807,4,0.040375
Chandler Hutchison,2019,22,SF,CHI,44,20.3,0.459,0.28,0.605,5.2,4.2,0.8,0.5,0.1,0.6,10.27862068965517,3,1.99052
Chandler Hutchison,2020,23,SF,CHI,28,18.8,0.457,0.316,0.59,7.8,3.9,0.9,1.0,0.3,1.0,16.33787234042553,4,2.33232
Chandler Hutchison,2021,24,SF,WAS,25,13.8,0.379,0.364,0.84,4.3,3.1,0.7,0.5,0.2,0.8,13.930434782608696,5,2.977799
Chandler Hutchison,2022,25,SF,PHO,6,3.7,0.5,,1.0,0.7,0.8,0.3,0.0,0.0,0.7,11.014054054054052,6,4.884626
Chandler Parsons,2012,23,SF,HOU,63,28.6,0.452,0.337,0.551,9.5,4.8,2.1,1.2,0.5,1.3,13.252027972027973,4,0.85
Chandler Parsons,2013,24,SF,HOU,76,36.3,0.486,0.385,0.729,15.5,5.3,3.5,1.0,0.4,1.9,15.054545454545456,5,0.88825
Chandler Parsons,2014,25,SF,HOU,74,37.6,0.472,0.37,0.742,16.6,5.5,4.0,1.2,0.4,1.9,15.817021276595744,6,0.9265
Chandler Parsons,2015,26,SF,DAL,66,33.1,0.462,0.38,0.72,15.7,4.9,2.4,1.0,0.3,1.5,16.7231419939577,7,14.7
Chandler Parsons,2016,27,SF,DAL,61,29.5,0.492,0.414,0.684,13.7,4.7,2.8,0.8,0.3,1.6,16.19145762711864,8,15.3615
Chandler Parsons,2017,28,SF,MEM,34,19.9,0.338,0.269,0.814,6.2,2.5,1.6,0.6,0.1,0.7,14.05989949748744,9,22.11675
Chandler Parsons,2018,29,SF,MEM,36,19.2,0.462,0.421,0.63,7.9,2.5,1.9,0.5,0.3,1.0,14.722500000000002,10,23.112004
Chandler Parsons,2019,30,SF,MEM,25,19.8,0.374,0.309,0.88,7.5,2.8,1.7,0.8,0.2,1.3,16.436363636363637,11,24.107258
Chandler Parsons,2020,31,PF,ATL,5,10.8,0.278,0.286,,2.8,1.4,0.6,0.8,0.2,0.6,14.0,12,25.102511
Channing Frye,2010,26,C,PHO,81,27.0,0.451,0.439,0.81,11.2,5.3,1.4,0.8,0.9,0.9,13.68,7,1.99
Channing Frye,2011,27,PF,PHO,77,33.0,0.432,0.39,0.832,12.7,6.7,1.2,0.6,1.0,0.9,13.435636363636364,8,5.2
Channing Frye,2012,28,PF,PHO,64,26.1,0.416,0.346,0.89,10.5,5.9,1.4,0.7,1.1,1.0,15.409655172413792,9,6.0
Channing Frye,2014,30,PF,PHO,82,28.2,0.432,0.37,0.821,11.1,5.1,1.2,0.7,0.8,1.1,14.205957446808512,11,6.4
Channing Frye,2015,31,PF,ORL,75,24.9,0.392,0.393,0.886,7.3,3.9,1.3,0.6,0.5,1.0,11.161445783132532,12,8.579088
Channing Frye,2016,32,PF-C,CLE,70,17.1,0.438,0.387,0.857,6.1,3.3,1.0,0.4,0.4,0.6,12.252631578947366,13,8.193029
Channing Frye,2017,33,C,CLE,74,18.9,0.458,0.409,0.851,9.1,3.9,0.6,0.4,0.5,0.7,15.504761904761907,14,7.806971
Channing Frye,2018,34,C,LAL,53,13.1,0.491,0.339,0.895,5.0,2.5,0.7,0.3,0.2,0.4,12.57526717557252,15,7.420912
Channing Frye,2019,35,C,CLE,36,9.5,0.368,0.405,0.786,3.6,1.4,0.6,0.2,0.1,0.4,14.688,16,1.512601
Charles Bassey,2022,21,PF,PHI,23,7.3,0.638,0.0,0.75,3.0,2.7,0.3,0.2,0.7,0.3,12.427397260273972,2,1.069919
Charles Bassey,2023,22,C,SAS,35,14.5,0.644,0.375,0.595,5.7,5.5,1.3,0.5,0.9,1.2,13.863724137931037,3,2.835996
Charles Bassey,2024,23,C,SAS,19,10.8,0.725,0.0,0.833,3.3,4.0,1.1,0.4,0.9,0.8,10.106666666666666,4,2.677256
Charles Bassey,2025,24,C,SAS,36,10.4,0.581,,0.636,4.4,4.2,0.5,0.4,0.8,0.6,14.870769230769229,5,2.087519
Charles Jenkins,2012,22,PG,GSW,51,17.5,0.447,0.15,0.872,5.8,1.3,3.3,0.6,0.1,1.2,14.9184,3,0.473604
Charles Jenkins,2013,23,SG-PG,PHI,59,7.5,0.405,0.5,0.545,1.9,0.5,0.7,0.3,0.0,0.4,12.844800000000001,4,0.762195
Charlie Bell,2010,30,SG,MIL,71,22.7,0.381,0.365,0.716,6.5,1.9,1.5,0.5,0.2,0.8,11.729339207048458,11,3.60296
Charlie Bell,2011,31,SG,GSW,19,9.0,0.279,0.286,0.5,1.7,0.9,0.7,0.3,0.1,0.3,10.751999999999999,12,4.447792
Charlie Villanueva,2010,25,PF,DET,78,23.7,0.439,0.351,0.815,11.9,4.7,0.7,0.6,0.7,0.9,18.604556962025317,6,6.5
Charlie Villanueva,2011,26,PF,DET,76,21.9,0.442,0.387,0.767,11.1,3.9,0.6,0.6,0.6,0.9,17.85205479452055,7,7.02
Charlie Villanueva,2012,27,PF,DET,13,13.8,0.385,0.333,0.857,7.0,3.7,0.5,0.5,0.4,0.5,20.139130434782608,8,7.54
Charlie Villanueva,2013,28,PF,DET,69,15.8,0.377,0.347,0.551,6.8,3.5,0.8,0.4,0.6,0.6,17.334683544303797,9,8.06
Charlie Villanueva,2014,29,PF,DET,20,9.0,0.38,0.25,0.571,4.6,1.7,0.3,0.2,0.3,0.4,21.232,10,8.58
Charlie Villanueva,2015,30,PF,DAL,64,10.6,0.414,0.376,0.571,6.3,2.3,0.3,0.2,0.3,0.4,21.464150943396227,11,0.915243
Charlie Villanueva,2016,31,PF,DAL,62,10.7,0.382,0.273,0.917,5.1,2.5,0.4,0.3,0.2,0.5,20.106168224299065,12,0.947276
Chase Budinger,2010,21,SF,HOU,74,20.1,0.441,0.369,0.77,8.9,3.0,1.2,0.5,0.1,0.6,15.632238805970147,2,0.725
Chase Budinger,2011,22,SF,HOU,78,22.3,0.425,0.325,0.855,9.8,3.6,1.6,0.5,0.2,0.9,16.292017937219732,3,0.780871
Chase Budinger,2012,23,SF,HOU,58,22.4,0.442,0.402,0.771,9.6,3.7,1.3,0.5,0.1,0.9,15.312857142857146,4,0.854389
Chase Budinger,2013,24,SF,MIN,23,22.1,0.414,0.321,0.762,9.4,3.1,1.1,0.6,0.3,1.0,16.43945701357466,5,0.88512
Chase Budinger,2014,25,SF,MIN,41,18.3,0.394,0.35,0.821,6.7,2.5,0.8,0.5,0.0,0.6,14.242622950819671,6,5.0
Chase Budinger,2015,26,SF,MIN,67,19.2,0.433,0.364,0.827,6.8,3.0,1.0,0.7,0.1,0.7,13.1775,7,5.0
Chase Budinger,2016,27,SF,PHO,66,14.1,0.435,0.279,0.696,4.1,2.3,1.0,0.5,0.2,0.7,11.877446808510639,8,0.206192
Chasson Randle,2017,23,PG,NYK,26,11.5,0.408,0.34,0.953,5.3,1.2,1.3,0.3,0.1,0.7,16.428521739130435,4,0.14386
Chasson Randle,2019,25,PG,WAS,49,15.2,0.419,0.4,0.694,5.5,1.1,2.0,0.5,0.1,0.9,13.907368421052634,6,0.869094
Chasson Randle,2021,27,PG,ORL,41,20.4,0.388,0.338,0.792,6.5,2.0,1.8,0.5,0.1,1.1,13.108235294117646,8,0.341144
Chauncey Billups,2010,33,PG,DEN,73,34.1,0.418,0.386,0.91,19.5,3.1,5.6,1.1,0.1,2.4,19.7208211143695,14,12.1
Chauncey Billups,2011,34,PG,NYK,72,32.1,0.427,0.402,0.916,16.8,2.6,5.4,1.0,0.2,2.5,18.002242990654203,15,13.15
Chauncey Billups,2012,35,SG,LAC,20,30.4,0.364,0.384,0.895,15.0,2.5,4.0,0.5,0.2,1.9,18.251052631578947,16,2.000032
Chauncey Billups,2014,37,SG,DET,19,16.3,0.304,0.292,0.833,3.8,1.5,2.2,0.4,0.1,1.3,12.730306748466258,18,2.5
Cheick Diallo,2017,20,PF,NOP,17,11.7,0.474,,0.714,5.1,4.3,0.2,0.2,0.4,0.4,16.701538461538465,1,0.543471
Cheick Diallo,2018,21,PF,NOP,52,11.2,0.58,,0.758,4.9,4.1,0.4,0.2,0.4,0.5,14.374285714285714,2,1.312611
Cheick Diallo,2019,22,PF,NOP,64,14.0,0.62,0.25,0.746,6.0,5.2,0.5,0.5,0.5,0.8,13.98857142857143,3,1.544951
Cheick Diallo,2020,23,C,PHO,47,10.2,0.648,0.333,0.872,4.7,2.8,0.5,0.2,0.3,0.7,14.301176470588235,4,1.678854
Cheick Diallo,2022,25,C,DET,3,10.3,0.375,,0.833,3.7,4.0,0.0,0.3,0.0,0.3,13.561165048543689,6,0.118908
Chet Holmgren,2024,21,C,OKC,82,29.4,0.53,0.37,0.793,16.5,7.9,2.4,0.6,2.3,1.6,17.995102040816327,2,10.694609
Chet Holmgren,2025,22,C,OKC,32,27.4,0.49,0.379,0.754,15.0,8.0,2.0,0.7,2.2,1.8,18.85138686131387,3,10.88064
Chima Moneke,2023,27,SF,SAC,2,4.0,0.5,0.0,0.0,1.0,1.0,0.5,0.0,0.0,1.0,21.96,8,0.530144
Chimezie Metu,2019,21,PF,SAS,29,5.0,0.328,0.0,0.765,1.8,1.2,0.4,0.2,0.1,0.5,19.9008,2,0.838464
Chimezie Metu,2020,22,C,SAS,18,5.8,0.571,0.0,0.769,3.2,1.8,0.6,0.2,0.3,0.6,19.91172413793103,3,1.416852
Chimezie Metu,2021,23,C,SAC,36,13.6,0.508,0.351,0.721,6.3,3.1,0.8,0.4,0.5,0.8,16.75058823529412,4,1.110099
Chimezie Metu,2022,24,C,SAC,60,21.3,0.452,0.306,0.78,8.9,5.6,1.0,0.9,0.5,1.0,15.48169014084507,5,2.038404
Chimezie Metu,2023,25,C,SAC,66,10.4,0.589,0.237,0.74,4.9,3.0,0.6,0.3,0.3,0.5,14.829230769230767,6,2.026061
Chimezie Metu,2024,26,C,DET,51,16.8,0.504,0.298,0.906,6.5,3.8,0.9,0.8,0.3,1.0,13.654285714285713,7,2.777404
Chinanu Onuaku,2017,20,C,HOU,5,10.4,0.714,,1.0,2.8,2.0,0.6,0.6,0.2,0.8,8.833846153846153,1,0.543471
Chinanu Onuaku,2018,21,C,HOU,1,22.0,0.4,,,4.0,4.0,1.0,0.0,0.0,3.0,13.090909090909092,2,1.312611
Chris Andersen,2010,31,PF,DEN,76,22.3,0.566,0.0,0.695,5.9,6.4,0.4,0.6,1.9,0.8,8.820807174887891,12,3.65
Chris Andersen,2011,32,C,DEN,45,16.3,0.599,0.0,0.637,5.6,4.9,0.4,0.5,1.3,0.6,10.866257668711656,13,4.5333
Chris Andersen,2012,33,C,DEN,32,15.2,0.546,,0.61,5.3,4.6,0.2,0.6,1.4,0.5,11.946315789473685,14,4.234
Chris Andersen,2013,34,C,MIA,42,14.9,0.577,0.667,0.677,4.9,4.1,0.4,0.4,1.0,0.6,10.7951677852349,15,1.679408
Chris Andersen,2015,36,C,MIA,60,18.9,0.58,0.308,0.667,5.3,5.0,0.7,0.4,1.0,0.7,9.592380952380955,17,5.375
Chris Andersen,2016,37,C,MEM,27,14.9,0.528,0.286,0.694,3.9,3.6,0.4,0.6,0.5,0.3,8.6303355704698,18,5.0
Chris Andersen,2017,38,C,CLE,12,9.5,0.409,0.0,0.714,2.3,2.6,0.4,0.4,0.6,0.4,10.337684210526318,19,0.980431
Chris Babb,2014,23,SG,BOS,14,9.4,0.267,0.222,,1.6,1.2,0.2,0.4,0.0,0.2,8.808510638297873,4,0.077852
Chris Bosh,2010,25,C,TOR,70,36.1,0.518,0.364,0.797,24.0,10.8,2.4,0.6,1.0,2.4,22.533407202216065,6,15.779912
Chris Bosh,2011,26,PF,MIA,77,36.3,0.496,0.24,0.815,18.7,8.3,1.9,0.8,0.6,1.8,18.033719008264466,7,14.5
Chris Bosh,2012,27,PF,MIA,57,35.2,0.487,0.286,0.821,18.0,7.9,1.8,0.9,0.8,2.1,18.87545454545454,8,17.545
Chris Bosh,2013,28,C,MIA,74,33.2,0.535,0.284,0.798,16.6,6.8,1.7,0.9,1.4,1.7,17.136867469879515,9,19.0675
Chris Bosh,2014,29,C,MIA,79,32.0,0.516,0.339,0.82,16.2,6.6,1.1,1.0,1.0,1.6,17.0955,10,19.0675
Chris Bosh,2015,30,C,MIA,44,35.4,0.46,0.375,0.772,21.1,7.0,2.2,0.9,0.6,2.2,21.795254237288134,11,20.6444
Chris Bosh,2016,31,PF,MIA,53,33.5,0.467,0.365,0.795,19.1,7.4,2.4,0.7,0.6,1.5,19.60549253731343,12,22.19273
Chris Boucher,2019,26,PF,TOR,28,5.8,0.447,0.324,0.867,3.3,2.0,0.1,0.2,0.9,0.3,19.986206896551725,7,0.457418
Chris Boucher,2020,27,C,TOR,62,13.2,0.472,0.322,0.784,6.6,4.5,0.4,0.4,1.0,0.5,16.734545454545458,8,1.588231
Chris Boucher,2021,28,C,TOR,60,24.2,0.514,0.383,0.788,13.6,6.7,1.1,0.6,1.9,0.8,17.119338842975207,9,7.921494
Chris Boucher,2022,29,PF,TOR,80,21.1,0.464,0.297,0.777,9.4,6.2,0.3,0.6,0.9,0.5,14.939146919431279,10,8.117559
Chris Boucher,2023,30,PF,TOR,76,20.0,0.493,0.328,0.762,9.4,5.5,0.4,0.6,0.8,0.5,15.2424,11,13.455054
Chris Boucher,2024,31,PF,TOR,50,14.1,0.507,0.33,0.772,6.4,4.1,0.5,0.3,0.5,0.6,14.532765957446808,12,12.099139
Chris Boucher,2025,32,PF,TOR,50,17.2,0.492,0.363,0.782,10.0,4.5,0.7,0.5,0.5,0.6,18.309767441860465,13,10.81
Chris Chiozza,2019,23,PG,HOU,7,4.7,0.25,0.4,,0.9,0.6,0.6,0.1,0.1,0.1,9.191489361702128,4,0.090005
Chris Chiozza,2021,25,PG,BRK,22,10.5,0.352,0.31,0.765,4.0,1.1,3.0,0.3,0.3,0.7,17.32114285714286,6,0.547332
Chris Chiozza,2022,26,PG,GSW,34,10.9,0.296,0.321,0.667,2.0,1.1,1.9,0.4,0.0,0.9,11.04440366972477,7,0.534959
Chris Clemons,2020,22,SG,HOU,33,8.8,0.401,0.346,0.909,4.9,0.9,0.8,0.3,0.2,0.6,20.58545454545454,3,0.563347
Chris Copeland,2013,28,PF,NYK,56,15.4,0.479,0.421,0.759,8.7,2.1,0.5,0.3,0.2,0.9,19.54285714285714,9,0.473604
Chris Copeland,2014,29,SF,IND,41,6.5,0.47,0.418,0.714,3.7,0.8,0.4,0.1,0.2,0.3,18.454153846153847,10,3.0
Chris Copeland,2015,30,SF,IND,50,16.6,0.361,0.311,0.733,6.2,2.2,1.0,0.2,0.2,1.2,16.906987951807228,11,3.135
Chris Copeland,2016,31,PF,MIL,24,6.5,0.333,0.278,0.857,2.1,0.4,0.5,0.1,0.0,0.3,14.023384615384616,12,1.15
Chris Douglas-Roberts,2010,23,SF,NJN,67,25.8,0.445,0.259,0.847,9.8,3.0,1.4,0.8,0.3,1.4,15.365581395348837,4,0.73642
Chris Douglas-Roberts,2011,24,SF,MIL,44,20.1,0.429,0.326,0.831,7.3,2.0,1.1,0.7,0.3,0.8,14.113432835820895,5,0.854389
Chris Douglas-Roberts,2013,26,SG,DAL,6,10.5,0.357,0.0,0.7,2.8,0.8,0.7,0.3,0.0,0.2,11.136000000000001,7,0.582995
Chris Douglas-Roberts,2014,27,SF,CHA,49,20.7,0.44,0.386,0.805,6.9,2.4,1.0,0.6,0.3,0.7,11.387826086956522,8,0.660619
Chris Douglas-Roberts,2015,28,SG,LAC,12,8.6,0.238,0.143,1.0,1.6,1.0,0.3,0.1,0.0,0.0,8.82418604651163,9,0.915243
Chris Duarte,2022,24,SG,IND,55,28.0,0.432,0.369,0.804,13.1,4.1,2.1,1.0,0.2,1.6,17.717142857142857,5,4.335609
Chris Duarte,2023,25,SF,IND,46,19.5,0.369,0.316,0.847,7.9,2.5,1.4,0.5,0.2,0.9,16.25353846153846,6,4.174311
Chris Duarte,2024,26,SF,SAC,59,12.2,0.381,0.346,0.788,3.9,1.8,0.7,0.5,0.1,0.4,12.582295081967215,7,4.246952
Chris Duarte,2025,27,SG,CHI,17,4.4,0.462,0.4,0.75,2.1,1.2,0.5,0.0,0.0,0.1,14.890909090909089,8,5.893768
Chris Duhon,2010,27,PG,NYK,67,30.9,0.373,0.349,0.716,7.4,2.7,5.6,0.9,0.0,1.6,10.38757281553398,8,6.0318
Chris Duhon,2011,28,PG,ORL,51,15.2,0.38,0.25,0.56,2.5,1.0,2.3,0.3,0.0,1.2,9.28421052631579,9,3.5
Chris Duhon,2012,29,PG,ORL,63,19.5,0.419,0.42,0.81,3.8,1.6,2.4,0.6,0.1,1.3,8.551384615384617,10,3.25
Chris Duhon,2013,30,PG,LAL,46,17.8,0.382,0.363,0.462,2.9,1.5,2.9,0.4,0.0,0.9,7.547865168539325,11,3.5
Chris Hunter,2010,25,C,GSW,60,13.1,0.502,0.0,0.754,4.5,2.8,0.6,0.2,0.6,0.5,12.718167938931298,6,0.632455
Chris Johnson,2011,25,C,BOS,14,9.9,0.429,,0.75,2.4,2.3,0.2,0.2,0.6,0.7,10.239999999999998,6,0.088363
Chris Johnson,2012,26,C,NOH,27,6.5,0.488,,0.789,2.0,1.5,0.1,0.2,0.3,0.6,13.336615384615385,7,0.762195
Chris Johnson,2013,27,C,MIN,30,9.5,0.64,,0.618,3.9,2.0,0.3,0.2,0.9,0.4,12.823578947368421,8,0.055718
Chris Johnson,2014,23,SF,BOS,40,19.7,0.397,0.339,0.86,6.3,2.4,0.8,0.7,0.1,0.6,11.848934010152284,4,0.320189
Chris Johnson,2015,24,SF,MIL,29,18.1,0.403,0.295,0.875,5.7,1.9,0.5,0.9,0.2,0.5,12.06099447513812,5,0.107676
Chris Johnson,2016,25,SF,UTA,70,12.2,0.371,0.273,0.81,2.9,1.9,0.6,0.5,0.3,0.6,10.811803278688524,6,0.981348
Chris Kaman,2010,27,C,LAC,76,34.3,0.49,0.0,0.749,18.5,9.3,1.6,0.5,1.2,2.9,21.474052478134116,8,10.4
Chris Kaman,2011,28,C,LAC,32,26.2,0.471,,0.754,12.4,7.0,1.4,0.5,1.5,1.8,19.775267175572523,9,11.8
Chris Kaman,2012,29,C,NOH,47,29.2,0.446,,0.785,13.1,7.7,2.1,0.5,1.6,2.7,20.233972602739726,10,14.03
Chris Kaman,2013,30,C,DAL,66,20.7,0.507,0.0,0.788,10.5,5.6,0.8,0.4,0.8,1.6,19.951304347826085,11,8.0
Chris Kaman,2014,31,C,LAL,39,18.9,0.509,0.0,0.765,10.4,5.9,1.5,0.3,1.0,1.9,21.996190476190478,12,3.183
Chris Kaman,2015,32,C,POR,74,18.9,0.515,,0.706,8.6,6.5,0.9,0.2,0.7,1.5,18.125714285714288,13,4.8
Chris Kaman,2016,33,C,POR,16,7.0,0.465,0.25,1.0,2.8,1.5,0.7,0.1,0.1,0.5,16.909714285714287,14,5.016
Chris Livingston,2024,20,SF,MIL,21,4.3,0.5,0.2,0.75,1.2,1.0,0.2,0.1,0.0,0.2,10.78325581395349,1,1.152829
Chris Livingston,2025,21,SF,MIL,21,5.0,0.333,0.0,0.75,1.4,1.7,0.2,0.2,0.0,0.3,14.054400000000001,2,1.891857
Chris McCullough,2016,20,PF,BRK,24,15.1,0.404,0.382,0.478,4.7,2.8,0.4,1.2,0.5,0.6,13.20794701986755,1,1.14024
Chris McCullough,2017,21,PF,WAS,16,5.0,0.5,0.143,0.6,2.3,1.2,0.1,0.1,0.1,0.2,16.7904,2,1.19148
Chris McCullough,2018,22,PF,WAS,19,4.7,0.429,0.125,0.643,2.4,1.3,0.2,0.0,0.3,0.1,19.976170212765958,3,1.471382
Chris Paul,2010,24,PG,NOH,45,38.0,0.493,0.409,0.847,18.7,4.2,10.7,2.1,0.2,2.5,17.57178947368421,5,13.5205
Chris Paul,2011,25,PG,NOH,80,36.0,0.463,0.388,0.878,15.9,4.1,9.8,2.4,0.1,2.2,15.911999999999999,6,14.940153
Chris Paul,2012,26,PG,LAC,60,36.4,0.478,0.371,0.861,19.8,3.6,9.1,2.5,0.1,2.1,18.89010989010989,7,16.359805
Chris Paul,2013,27,PG,LAC,70,33.4,0.481,0.328,0.885,16.9,3.7,9.7,2.4,0.1,2.3,17.810299401197607,8,18.668431
Chris Paul,2014,28,PG,LAC,62,35.0,0.467,0.368,0.855,19.1,4.3,10.7,2.5,0.1,2.3,19.300114285714287,9,18.668431
Chris Paul,2015,29,PG,LAC,82,34.8,0.485,0.398,0.9,19.1,4.6,10.2,1.9,0.2,2.3,18.947586206896556,10,20.068563
Chris Paul,2016,30,PG,LAC,74,32.7,0.462,0.371,0.896,19.5,4.2,10.0,2.1,0.2,2.6,21.617614678899084,11,21.468695
Chris Paul,2017,31,PG,LAC,61,31.5,0.476,0.411,0.892,18.1,5.0,9.2,2.0,0.1,2.4,19.648,12,22.868827
Chris Paul,2018,32,PG,HOU,58,31.8,0.46,0.38,0.919,18.6,5.4,7.9,1.7,0.2,2.2,20.006037735849056,13,24.599495
Chris Paul,2019,33,PG,HOU,58,32.0,0.419,0.358,0.862,15.6,4.6,8.2,2.0,0.3,2.6,18.6075,14,35.65415
Chris Paul,2020,34,PG,OKC,70,31.5,0.489,0.365,0.907,17.6,5.0,6.7,1.6,0.2,2.3,19.15428571428571,15,38.506482
Chris Paul,2021,35,PG,PHO,70,31.4,0.499,0.395,0.934,16.4,4.5,8.9,1.4,0.3,2.2,18.279745222929936,16,50.403633
Chris Paul,2022,36,PG,PHO,65,32.9,0.493,0.317,0.837,14.7,4.4,10.8,1.9,0.3,2.4,16.48340425531915,17,35.615504
Chris Paul,2023,37,PG,PHO,59,32.0,0.44,0.375,0.831,13.9,4.3,8.9,1.5,0.4,1.9,16.186500000000002,18,30.112179
Chris Paul,2024,38,PG,GSW,58,26.4,0.441,0.371,0.827,9.2,3.9,6.8,1.2,0.1,1.3,13.358181818181821,19,31.71519
Chris Paul,2025,39,PG,SAS,82,28.0,0.427,0.377,0.924,8.8,3.6,7.4,1.3,0.3,1.6,11.807999999999998,20,10.46
Chris Quinn,2010,26,PG,NJN,25,8.9,0.357,0.313,1.0,2.2,0.6,1.2,0.4,0.0,0.4,10.872808988764044,7,1.050387
Chris Quinn,2011,27,PG,SAS,41,7.1,0.363,0.297,0.5,2.0,0.6,1.0,0.1,0.0,0.3,13.122253521126762,8,0.804131
Chris Quinn,2013,29,SG,CLE,7,11.1,0.25,0.0,1.0,1.4,0.3,1.3,0.4,0.0,0.9,10.806486486486486,10,0.16934
Chris Richard,2010,25,PF,CHI,18,12.4,0.517,,0.636,2.1,3.3,0.4,0.4,0.2,0.8,7.734193548387098,6,0.186271
Chris Silva,2020,23,PF,MIA,44,7.9,0.615,0.0,0.673,3.0,2.9,0.5,0.2,0.5,0.7,13.998987341772152,4,0.466918
Chris Silva,2021,24,PF,SAC,15,6.1,0.625,1.0,0.733,2.1,1.8,0.4,0.1,0.4,0.7,13.219672131147544,5,1.84995
Chris Silva,2022,25,PF,MIA,10,9.1,0.533,,0.833,2.6,3.6,0.7,0.0,0.1,0.8,11.18769230769231,6,0.554641
Chris Silva,2023,26,PF,DAL,1,3.0,1.0,0.0,0.0,2.0,0.0,0.0,0.0,0.0,1.0,24.0,7,0.223768
Chris Singleton,2012,22,SF,WAS,66,21.7,0.372,0.346,0.682,4.6,3.5,0.7,1.1,0.5,0.6,9.303594470046082,3,1.485
Chris Singleton,2013,23,PF,WAS,57,16.2,0.382,0.194,0.571,4.1,3.2,0.6,0.7,0.4,0.8,12.284444444444444,4,1.61868
Chris Singleton,2014,24,SF,WAS,25,10.0,0.373,0.368,0.72,3.0,2.2,0.2,0.4,0.1,0.7,13.824000000000002,5,1.61868
Chris Wilcox,2010,27,PF,DET,34,13.0,0.525,,0.5,4.5,3.4,0.4,0.4,0.4,1.1,14.566153846153846,8,3.0
Chris Wilcox,2011,28,PF,DET,57,17.5,0.581,0.0,0.562,7.4,4.8,0.8,0.5,0.3,0.8,14.613942857142856,9,3.0
Chris Wilcox,2012,29,C,BOS,28,17.2,0.598,,0.615,5.4,4.4,0.4,0.4,0.3,1.1,11.545116279069768,10,3.0
Chris Wilcox,2013,30,C,BOS,61,13.6,0.719,0.0,0.672,4.2,3.0,0.4,0.5,0.5,0.6,9.370588235294118,11,0.854389
Chris Wright,2012,23,SF,GSW,24,7.8,0.511,,0.774,2.9,1.9,0.2,0.3,0.5,0.3,12.793846153846152,4,0.473604
Chris Wright,2013,23,SG,DAL,3,1.3,0.5,,,0.7,0.0,0.0,0.0,0.0,0.3,27.69230769230769,4,0.027859
Chris Wright,2014,25,SF,MIL,8,15.8,0.6,0.0,0.4,6.0,2.5,0.6,0.9,0.6,0.6,13.297215189873418,6,0.009281
Christian Braun,2023,21,SG,DEN,76,15.5,0.495,0.354,0.625,4.7,2.4,0.8,0.5,0.2,0.5,10.804645161290322,2,2.977924
Christian Braun,2024,22,SG,DEN,82,20.2,0.46,0.384,0.694,7.3,3.7,1.6,0.5,0.4,0.7,13.017029702970298,3,3.03675
Christian Braun,2025,23,SG,DEN,79,33.9,0.58,0.397,0.827,15.4,5.2,2.6,1.1,0.5,1.0,13.36778761061947,4,3.08964
Christian Eyenga,2011,21,SF,CLE,44,21.5,0.425,0.275,0.643,6.9,2.8,0.8,0.8,0.6,1.1,14.004837209302327,2,1.02096
Christian Eyenga,2012,22,SF,LAL,7,14.6,0.24,0.333,0.5,2.4,2.0,0.7,0.4,0.7,0.4,11.056438356164387,3,1.09752
Christian Koloko,2023,22,C,TOR,58,13.8,0.48,0.083,0.627,3.1,2.9,0.5,0.4,1.0,0.3,8.713043478260868,3,1.590432
Christian Wood,2016,20,PF,PHI,17,8.5,0.415,0.364,0.619,3.6,2.2,0.2,0.3,0.4,0.1,15.789176470588234,1,0.525093
Christian Wood,2017,21,PF,CHO,13,8.2,0.522,0.0,0.733,2.7,2.2,0.2,0.2,0.5,0.5,12.415609756097563,2,0.874636
Christian Wood,2019,23,PF,NOP,21,12.0,0.521,0.346,0.732,8.2,4.0,0.4,0.3,0.5,0.8,22.764,4,1.512601
Christian Wood,2020,24,PF,DET,62,21.4,0.567,0.386,0.744,13.1,6.3,1.0,0.5,0.9,1.4,19.03626168224299,5,1.645357
Christian Wood,2021,25,C,HOU,41,32.3,0.514,0.374,0.631,21.0,9.6,1.7,0.8,1.2,2.0,21.97003095975232,6,15.862334
Christian Wood,2022,26,C,HOU,68,30.8,0.501,0.39,0.623,17.9,10.1,2.3,0.8,1.0,1.9,19.818701298701296,7,15.803416
Christian Wood,2023,27,C,DAL,67,25.9,0.515,0.376,0.772,16.6,7.3,1.8,0.4,1.1,1.8,21.05513513513514,8,15.18063
Christian Wood,2024,28,PF,LAL,50,17.4,0.466,0.307,0.702,6.9,5.1,1.0,0.3,0.7,1.0,14.764137931034485,9,2.790369
Chuck Hayes,2010,26,C,HOU,82,21.6,0.489,,0.545,4.4,5.7,1.7,0.9,0.5,0.9,8.753333333333334,7,2.14775
Chuck Hayes,2011,27,C,HOU,74,28.1,0.527,0.0,0.662,7.9,8.1,2.7,1.1,0.7,1.2,10.679572953736654,8,1.9725
Chuck Hayes,2012,28,C,SAC,54,19.2,0.429,0.0,0.667,3.2,4.3,1.4,0.7,0.3,0.9,8.0775,9,5.48625
Chuck Hayes,2013,29,C,SAC,74,16.3,0.442,0.0,0.625,2.7,4.0,1.5,0.4,0.2,0.6,7.650552147239263,10,5.48625
Chuck Hayes,2014,30,C,TOR,61,12.4,0.431,0.0,0.8,2.2,3.4,0.6,0.6,0.2,0.5,8.059354838709679,11,5.7225
Chuck Hayes,2015,31,C,TOR,29,8.8,0.478,,0.545,1.7,1.8,0.7,0.3,0.1,0.3,8.492727272727272,12,5.95875
Chuck Hayes,2016,32,C,HOU,2,12.0,0.5,,1.0,2.0,4.0,1.0,0.0,0.0,1.5,8.82,13,0.947276
Chuma Okeke,2021,22,PF,ORL,45,25.2,0.417,0.348,0.75,7.8,4.0,2.2,1.1,0.5,0.8,11.994285714285716,3,3.803633
Chuma Okeke,2022,23,PF,ORL,70,25.0,0.376,0.318,0.846,8.6,5.0,1.7,1.4,0.6,0.8,13.530240000000001,4,3.789443
Chuma Okeke,2023,24,SF,ORL,27,19.2,0.352,0.302,0.762,4.7,3.6,1.4,0.7,0.4,0.6,10.2225,5,3.640308
Chuma Okeke,2024,25,SF,ORL,47,9.2,0.357,0.28,0.571,2.3,1.7,0.4,0.2,0.1,0.3,10.737391304347826,6,5.423206
Chuma Okeke,2025,26,PF,CLE,9,21.8,0.5,0.393,0.667,5.9,5.2,1.7,0.6,0.4,0.3,7.979449541284404,7,0.355687
Cleanthony Early,2015,23,SF,NYK,39,16.6,0.355,0.262,0.75,5.4,2.5,0.9,0.6,0.3,1.0,15.24144578313253,4,0.507336
Cleanthony Early,2016,24,SF,NYK,17,9.1,0.3,0.267,0.75,1.8,1.5,0.4,0.1,0.2,0.5,11.820659340659342,5,0.845059
Cliff Alexander,2016,20,PF,POR,8,4.5,0.5,,,1.3,0.8,0.0,0.1,0.3,0.1,11.200000000000001,1,0.525093
Clint Capela,2015,20,C,HOU,12,7.5,0.483,,0.174,2.7,3.0,0.2,0.1,0.8,0.4,17.4528,1,1.1892
Clint Capela,2016,21,C,HOU,77,19.1,0.582,0.0,0.379,7.0,6.4,0.6,0.8,1.2,0.8,13.54806282722513,2,1.24272
Clint Capela,2017,22,C,HOU,65,23.9,0.643,,0.531,12.6,8.1,1.0,0.5,1.2,1.3,16.85221757322176,3,1.29624
Clint Capela,2018,23,C,HOU,74,27.5,0.652,0.0,0.56,13.9,10.8,0.9,0.8,1.9,1.4,15.761454545454548,4,2.334528
Clint Capela,2019,24,C,HOU,67,33.6,0.648,,0.636,16.6,12.7,1.4,0.7,1.5,1.4,15.017142857142858,5,13.793104
Clint Capela,2020,25,C,HOU,39,32.8,0.629,,0.529,13.9,13.8,1.2,0.8,1.8,1.6,13.925853658536587,6,14.896552
Clint Capela,2021,26,C,ATL,63,30.1,0.594,,0.573,15.2,14.3,0.8,0.7,2.0,1.2,16.48584717607973,7,21.936446
Clint Capela,2022,27,C,ATL,74,27.6,0.613,0.0,0.473,11.1,11.9,1.2,0.7,1.3,0.6,12.798260869565215,8,20.355703
Clint Capela,2023,28,C,ATL,65,26.6,0.653,0.0,0.603,12.0,11.0,0.9,0.7,1.2,0.8,13.37142857142857,9,19.304553
Clint Capela,2024,29,C,ATL,73,25.8,0.571,0.0,0.631,11.5,10.6,1.2,0.6,1.5,1.0,14.974883720930231,10,21.228583
Clint Capela,2025,30,C,ATL,55,21.4,0.559,0.0,0.536,8.9,8.5,1.1,0.6,1.0,0.9,14.790280373831777,11,22.26528
Coby Karl,2010,26,SF-SG,GSW,7,16.1,0.344,0.182,0.667,4.0,2.6,2.1,0.4,0.1,1.4,14.301614906832295,7,0.017328
Coby White,2020,19,PG,CHI,65,25.8,0.394,0.354,0.791,13.2,3.5,2.7,0.8,0.1,1.7,20.623255813953485,1,5.30712
Coby White,2021,20,PG,CHI,69,31.2,0.416,0.359,0.901,15.1,4.1,4.8,0.6,0.2,2.3,18.835384615384616,1,6.791377
Coby White,2022,21,PG,CHI,61,27.5,0.433,0.385,0.857,12.7,3.0,2.9,0.5,0.2,1.1,16.180363636363637,2,6.750479
Coby White,2023,22,SG,CHI,74,23.4,0.443,0.372,0.871,9.7,2.9,2.8,0.7,0.1,1.0,14.455384615384617,3,7.860927
Coby White,2024,23,PG,CHI,79,36.5,0.447,0.376,0.838,19.1,4.5,5.1,0.7,0.2,2.1,18.59375342465754,4,11.441266
Coby White,2025,24,SG,CHI,74,33.1,0.453,0.37,0.902,20.4,3.7,4.5,0.9,0.2,2.4,20.995287009063443,5,12.0
Cody Martin,2020,24,SF,CHO,48,18.8,0.43,0.234,0.646,5.0,3.3,2.0,0.8,0.2,0.9,11.137021276595744,5,1.17331
Cody Martin,2021,25,SF,CHO,52,16.3,0.441,0.276,0.581,4.0,3.1,1.7,0.7,0.2,0.8,10.49521472392638,6,1.84995
Cody Martin,2022,26,SF,CHO,71,26.3,0.482,0.384,0.701,7.7,4.0,2.5,1.2,0.5,0.9,10.348288973384031,7,2.061329
Cody Martin,2023,27,SF,CHO,7,19.1,0.389,0.214,0.571,5.0,3.4,1.6,0.6,0.1,0.3,11.007329842931936,8,7.422016
Cody Martin,2024,28,SF,CHO,28,26.9,0.381,0.314,0.606,7.5,3.9,3.7,1.1,0.6,1.6,13.152713754646841,9,7.784637
Cody Martin,2025,29,SF,PHO,53,22.1,0.418,0.285,0.705,6.8,4.2,2.0,1.1,0.6,1.0,12.425701357466062,10,8.12
Cody Williams,2025,20,SG,UTA,50,21.2,0.323,0.259,0.725,4.6,2.3,1.2,0.5,0.3,0.9,10.786415094339624,1,5.46912
Cody Zeller,2014,21,C,CHA,82,17.3,0.426,0.0,0.73,6.0,4.3,1.1,0.5,0.5,1.1,14.683005780346821,2,3.85704
Cody Zeller,2015,22,C,CHO,62,24.0,0.461,1.0,0.774,7.6,5.8,1.6,0.5,0.8,1.0,12.216000000000001,3,4.03056
Cody Zeller,2016,23,C,CHO,73,24.3,0.529,0.1,0.754,8.7,6.2,1.0,0.8,0.9,0.9,12.308148148148147,4,4.2042
Cody Zeller,2017,24,C,CHO,62,27.8,0.571,0.0,0.679,10.3,6.5,1.6,1.0,0.9,1.0,12.312517985611509,5,5.318313
Cody Zeller,2018,25,C,CHO,33,19.0,0.545,0.667,0.718,7.1,5.4,0.9,0.4,0.6,1.0,12.967578947368422,6,13.52809
Cody Zeller,2019,26,C,CHO,49,25.4,0.551,0.273,0.787,10.1,6.8,2.1,0.8,0.8,1.3,13.57228346456693,7,13.52809
Cody Zeller,2020,27,C,CHO,58,23.1,0.524,0.24,0.682,11.1,7.1,1.5,0.7,0.4,1.3,17.086753246753247,8,14.47191
Cody Zeller,2021,28,C,CHO,48,20.9,0.559,0.143,0.714,9.4,6.8,1.8,0.6,0.4,1.1,15.50239234449761,9,18.787018
Cody Zeller,2022,29,C,POR,27,13.1,0.567,0.0,0.776,5.2,4.6,0.8,0.3,0.2,0.7,13.16885496183206,10,2.763255
Cody Zeller,2023,30,C,MIA,15,14.5,0.627,0.0,0.686,6.5,4.3,0.7,0.2,0.3,0.9,14.429793103448276,11,0.788771
Cody Zeller,2024,31,C,NOP,43,7.4,0.419,0.333,0.605,1.8,2.6,0.9,0.2,0.1,0.4,10.68324324324324,12,3.291427
Colby Jones,2024,21,SG,SAC,30,6.4,0.394,0.091,0.545,2.1,1.3,0.7,0.2,0.2,0.3,16.1775,2,2.079719
Colby Jones,2025,22,SG,WAS,39,13.2,0.457,0.327,0.657,4.0,2.2,1.1,0.7,0.3,0.6,11.716363636363635,3,2.120693
Cole Aldrich,2011,22,C,OKC,18,7.9,0.533,,0.5,1.0,1.9,0.2,0.3,0.4,0.4,5.869367088607595,3,2.12652
Cole Aldrich,2012,23,C,OKC,26,6.7,0.524,,0.929,2.2,1.8,0.1,0.3,0.6,0.3,11.391044776119404,4,2.286
Cole Aldrich,2013,24,C,SAC,45,8.6,0.55,,0.6,2.2,2.7,0.2,0.1,0.5,0.5,10.364651162790697,5,2.44548
Cole Aldrich,2014,25,C,NYK,46,7.2,0.541,,0.867,2.0,2.8,0.3,0.2,0.7,0.4,10.04,6,0.884293
Cole Aldrich,2015,26,C,NYK,61,16.0,0.478,,0.781,5.5,5.5,1.2,0.6,1.1,1.0,14.265000000000002,7,0.915243
Cole Aldrich,2016,27,C,LAC,60,13.3,0.596,,0.714,5.5,4.8,0.8,0.8,1.1,1.1,14.930526315789473,8,1.100602
Cole Aldrich,2017,28,C,MIN,62,8.6,0.523,,0.682,1.7,2.5,0.4,0.4,0.4,0.3,7.853023255813954,9,7.643979
Cole Aldrich,2018,29,C,MIN,21,2.3,0.333,,0.333,0.6,0.7,0.1,0.1,0.0,0.0,13.022608695652174,10,7.3
Cole Anthony,2021,20,PG,ORL,47,27.1,0.397,0.337,0.832,12.9,4.7,4.1,0.6,0.4,2.3,20.234391143911438,1,4.003547
Cole Anthony,2022,21,PG,ORL,65,31.7,0.391,0.338,0.854,16.3,5.4,5.7,0.7,0.3,2.6,20.8005047318612,2,3.988705
Cole Anthony,2023,22,PG,ORL,60,25.9,0.454,0.364,0.894,13.0,4.8,3.9,0.6,0.5,1.5,17.974980694980694,3,3.831541
Cole Anthony,2024,23,PG,ORL,81,22.4,0.435,0.338,0.826,11.6,3.8,2.9,0.8,0.5,1.6,19.587857142857146,4,5.704379
Cole Anthony,2025,24,PG,ORL,67,18.4,0.424,0.353,0.823,9.4,3.0,2.9,0.7,0.5,1.5,20.24608695652174,5,12.9
Cole Swider,2023,23,SF,LAL,7,5.9,0.333,0.375,0.0,1.3,1.0,0.6,0.0,0.0,0.0,7.932203389830509,4,0.539571
Cole Swider,2024,24,SF,MIA,18,4.8,0.395,0.333,1.0,2.3,0.4,0.3,0.1,0.1,0.4,19.080000000000002,5,0.576415
Cole Swider,2025,25,SF,TOR,10,16.9,0.349,0.319,0.0,5.9,2.7,0.3,0.4,0.2,0.4,14.365917159763315,6,0.227947
Colin Castleton,2024,23,C,LAL,16,3.7,0.563,0.0,1.0,1.5,0.8,0.2,0.1,0.0,0.2,13.388108108108106,4,0.576415
Colin Castleton,2025,24,C,PHI,26,16.6,0.469,0.125,0.763,4.7,4.7,1.1,0.3,0.4,0.9,11.624096385542169,5,0.421081
Collin Gillespie,2024,24,PG,DEN,24,9.4,0.464,0.395,0.667,3.6,0.9,1.1,0.5,0.0,0.6,14.2468085106383,5,0.576415
Collin Sexton,2019,20,PG,CLE,82,31.8,0.43,0.402,0.839,16.7,2.9,3.0,0.5,0.1,2.3,20.78943396226415,1,4.0686
Collin Sexton,2020,21,PG,CLE,65,33.0,0.472,0.38,0.846,20.8,3.1,3.0,1.0,0.1,2.4,22.804363636363632,2,4.76496
Collin Sexton,2021,22,SG,CLE,60,35.3,0.475,0.371,0.815,24.3,3.1,4.4,1.0,0.2,2.8,24.492237960339942,3,6.083561
Collin Sexton,2022,23,SG,CLE,11,28.7,0.45,0.244,0.744,16.0,3.3,2.1,0.9,0.0,2.8,22.628571428571426,4,7.342426
Collin Sexton,2023,24,SG,UTA,48,23.9,0.506,0.393,0.819,14.3,2.2,2.9,0.6,0.1,1.8,20.190125523012554,5,17.706809
Collin Sexton,2024,25,SG,UTA,78,26.6,0.487,0.394,0.859,18.7,2.6,4.9,0.8,0.2,2.1,23.640902255639094,6,18.045737
Collin Sexton,2025,26,SG,UTA,63,27.9,0.48,0.406,0.865,18.4,2.7,4.2,0.7,0.1,2.5,23.303225806451618,7,18.35
Corey Brewer,2010,23,SG,MIN,82,30.3,0.431,0.346,0.648,13.0,3.4,2.4,1.4,0.4,2.0,17.7790099009901,4,2.91612
Corey Brewer,2011,24,SF-SG,DAL,69,21.9,0.395,0.268,0.708,8.0,2.5,1.3,1.4,0.2,1.3,15.833424657534248,5,3.875
Corey Brewer,2012,25,SF,DEN,59,21.8,0.434,0.26,0.692,8.9,2.5,1.5,1.2,0.3,0.9,15.965504587155966,6,3.059
Corey Brewer,2013,26,SF,DEN,82,24.4,0.425,0.296,0.69,12.1,2.9,1.5,1.4,0.3,1.2,19.392786885245904,7,3.243
Corey Brewer,2014,27,SF,MIN,81,32.2,0.481,0.28,0.718,12.3,2.6,1.7,1.9,0.4,1.3,14.010931677018633,8,5.0
Corey Brewer,2015,28,SF,HOU,80,26.1,0.426,0.268,0.743,11.5,3.7,2.2,1.4,0.2,1.6,17.837241379310342,9,4.7025
Corey Brewer,2016,29,SF,HOU,82,20.4,0.384,0.272,0.75,7.2,2.4,1.3,1.0,0.2,1.0,14.90823529411765,10,8.229375
Corey Brewer,2017,30,SF,LAL,82,15.6,0.422,0.229,0.735,4.5,2.0,1.2,0.7,0.2,0.7,12.120000000000003,11,7.612172
Corey Brewer,2018,31,SF-SG,OKC,72,16.8,0.449,0.282,0.722,5.3,2.1,0.9,1.1,0.2,0.7,12.154285714285715,12,7.579366
Corey Brewer,2019,32,SF,SAC,31,15.9,0.431,0.318,0.721,4.9,2.5,1.3,1.0,0.2,0.6,11.809811320754715,13,2.0
Corey Kispert,2022,22,SF,WAS,77,23.4,0.455,0.35,0.871,8.2,2.7,1.1,0.5,0.3,0.6,11.772307692307692,3,3.912663
Corey Kispert,2023,23,SF,WAS,74,28.3,0.497,0.424,0.852,11.1,2.8,1.2,0.4,0.1,0.7,11.611590106007068,4,3.767033
Corey Kispert,2024,24,SF,WAS,80,25.8,0.486,0.383,0.726,13.4,2.8,2.0,0.5,0.2,1.2,16.71627906976744,5,3.832636
Corey Kispert,2025,25,SF,WAS,61,26.3,0.451,0.364,0.852,11.6,3.0,1.7,0.4,0.2,1.0,14.942053231939163,6,5.705887
Corey Maggette,2010,30,PF,GSW,70,29.7,0.516,0.26,0.835,19.8,5.3,2.5,0.7,0.1,2.4,22.516363636363632,11,8.937931
Corey Maggette,2011,31,SF,MIL,67,20.9,0.453,0.359,0.834,12.0,3.6,1.3,0.3,0.1,1.9,21.28306220095694,12,9.6
Corey Maggette,2012,32,SF,CHA,32,27.5,0.373,0.364,0.856,15.0,3.9,1.2,0.7,0.0,1.8,21.416727272727275,13,10.262069
Corey Maggette,2013,33,SF,DET,18,14.3,0.355,0.238,0.75,5.3,1.4,1.1,0.3,0.1,0.9,15.829930069930068,14,10.924138
Cory Higgins,2012,22,PG,CHA,38,11.1,0.325,0.2,0.7,3.9,0.9,0.9,0.1,0.2,1.0,19.148108108108108,3,0.473604
Cory Higgins,2013,23,SG,CHA,6,5.3,0.316,0.2,0.5,2.3,0.5,0.8,0.5,0.0,0.0,22.632452830188683,4,0.762195
Cory Jefferson,2015,24,PF,BRK,50,10.6,0.449,0.133,0.574,3.7,2.9,0.3,0.2,0.4,0.4,14.209811320754717,5,0.507336
Cory Jefferson,2016,25,PF,PHO,8,6.3,0.409,0.0,0.667,2.8,2.0,0.0,0.0,0.1,0.0,18.01142857142857,6,0.049709
Cory Joseph,2012,20,PG,SAS,29,9.2,0.314,0.2,0.647,2.0,0.9,1.2,0.2,0.1,0.4,11.989565217391304,1,1.07472
Cory Joseph,2013,21,PG,SAS,28,13.9,0.464,0.286,0.857,4.5,1.9,1.9,0.5,0.1,0.8,13.084316546762588,2,1.07472
Cory Joseph,2014,22,SG,SAS,68,13.8,0.475,0.316,0.823,5.0,1.6,1.7,0.5,0.2,0.6,13.346086956521738,3,1.12092
Cory Joseph,2015,23,PG,SAS,79,18.3,0.504,0.364,0.734,6.8,2.4,2.4,0.6,0.2,0.8,13.361311475409835,4,2.023261
Cory Joseph,2016,24,SG,TOR,80,25.6,0.439,0.273,0.764,8.5,2.6,3.1,0.8,0.3,1.3,13.455,5,7.0
Cory Joseph,2017,25,PG,TOR,80,25.0,0.452,0.356,0.77,9.3,2.9,3.3,0.8,0.2,1.4,14.918400000000002,6,7.315
Cory Joseph,2018,26,PG,IND,82,27.0,0.424,0.353,0.745,7.9,3.2,3.2,1.0,0.2,1.1,11.978666666666665,7,7.945
Cory Joseph,2019,27,PG,IND,82,25.2,0.412,0.322,0.698,6.5,3.4,3.9,1.1,0.3,1.0,11.314285714285715,8,7.945
Cory Joseph,2020,28,PG,SAC,72,24.4,0.415,0.352,0.857,6.4,2.6,3.5,0.7,0.3,1.1,10.681967213114755,9,12.0
Cory Joseph,2021,29,PG,DET,63,23.0,0.469,0.341,0.818,8.2,2.5,3.4,1.0,0.3,1.3,13.642434782608694,10,15.355512
Cory Joseph,2022,30,PG,DET,65,24.6,0.445,0.414,0.885,8.0,2.7,3.6,0.6,0.3,1.3,12.070243902439026,11,8.4529
Cory Joseph,2023,31,PG,DET,62,19.8,0.427,0.389,0.792,6.9,1.7,3.5,0.5,0.1,0.9,12.959999999999999,12,5.466314
Cory Joseph,2024,32,PG,GSW,26,11.4,0.359,0.31,0.571,2.4,1.2,1.6,0.2,0.1,0.5,9.890526315789474,13,3.291427
Cory Joseph,2025,33,PG,ORL,50,12.2,0.403,0.364,0.778,3.5,1.5,1.4,0.5,0.1,0.4,10.8472131147541,14,3.303771
Courtney Fortson,2012,23,PG,HOU,10,9.5,0.344,0.231,0.667,3.5,1.5,1.0,0.3,0.0,1.0,18.416842105263157,4,0.156595
Courtney Lee,2010,24,SG,NJN,71,33.5,0.436,0.338,0.869,12.5,3.5,1.7,1.3,0.3,1.1,13.935761194029851,5,1.26444
Courtney Lee,2011,25,SG,HOU,81,21.3,0.439,0.408,0.792,8.3,2.6,1.2,0.7,0.2,0.8,14.467605633802817,6,1.35264
Courtney Lee,2012,26,SG,HOU,58,30.3,0.433,0.401,0.826,11.4,2.7,1.5,1.2,0.4,1.1,13.972277227722772,7,2.225093
Courtney Lee,2013,27,SG,BOS,78,24.9,0.464,0.372,0.861,7.8,2.4,1.8,1.1,0.3,1.1,11.994216867469879,8,5.0
Courtney Lee,2014,28,SG,MEM,79,25.0,0.48,0.371,0.884,9.6,2.4,1.5,0.8,0.4,0.9,13.415040000000001,9,5.225
Courtney Lee,2015,29,SG,MEM,77,30.6,0.448,0.402,0.86,10.1,2.3,2.0,1.0,0.2,1.0,11.938823529411764,10,5.45
Courtney Lee,2016,30,SG,CHO,79,29.5,0.454,0.378,0.839,9.6,2.6,1.7,1.1,0.4,0.9,11.788474576271186,11,5.675
Courtney Lee,2017,31,SG,NYK,77,31.9,0.456,0.401,0.867,10.8,3.4,2.3,1.1,0.3,0.9,11.930783699059562,12,11.242
Courtney Lee,2018,32,SG,NYK,76,30.4,0.454,0.406,0.919,12.0,2.9,2.4,1.1,0.2,1.1,13.860000000000003,13,12.25378
Courtney Lee,2019,33,SG,DAL,34,12.6,0.411,0.291,0.667,4.0,1.6,1.1,0.6,0.1,0.4,12.754285714285714,14,12.25378
Courtney Lee,2020,34,SG,DAL,24,14.4,0.488,0.447,0.857,4.5,1.3,0.5,0.8,0.3,0.5,10.079999999999998,15,12.75967
Craig Brackins,2011,23,PF,PHI,3,11.0,0.25,0.0,,2.7,1.3,0.3,0.3,0.0,0.0,17.345454545454544,4,1.30692
Craig Brackins,2012,24,PF,PHI,14,6.3,0.273,0.333,0.5,1.6,1.1,0.6,0.0,0.1,0.3,15.68,5,1.40496
Craig Porter Jr.,2025,24,PG,CLE,51,10.1,0.514,0.438,0.719,3.7,1.3,1.4,0.3,0.3,0.7,13.059801980198023,5,1.891857
Craig Smith,2010,26,PF,LAC,75,16.4,0.569,0.2,0.635,7.8,3.8,1.1,0.4,0.3,1.2,16.972682926829272,7,2.3
Craig Smith,2011,27,PF,LAC,48,12.2,0.553,0.0,0.735,5.4,2.4,0.6,0.3,0.1,0.7,15.391475409836067,8,2.3
Craig Smith,2012,28,PF,POR,47,9.9,0.504,0.0,0.717,3.3,2.3,0.4,0.3,0.1,0.5,12.66909090909091,9,0.854389
Craig Sword,2022,28,SG,WAS,3,6.3,0.75,0.0,,2.0,0.0,0.3,1.3,0.0,0.3,9.142857142857144,9,0.061489
Cristiano Felicio,2016,23,C,CHI,31,10.4,0.556,0.0,0.714,3.4,3.3,0.8,0.2,0.4,0.4,11.02153846153846,4,0.525093
Cristiano Felicio,2017,24,C,CHI,66,15.8,0.579,,0.645,4.8,4.7,0.6,0.4,0.3,0.5,10.061772151898733,5,0.874636
Cristiano Felicio,2018,25,C,CHI,55,17.8,0.591,0.0,0.667,5.6,4.2,1.0,0.3,0.2,1.0,11.244943820224718,6,8.47098
Cristiano Felicio,2019,26,C,CHI,60,12.4,0.531,0.0,0.685,4.0,3.6,0.6,0.2,0.1,0.6,11.984516129032258,7,8.74098
Cristiano Felicio,2020,27,C,CHI,22,17.5,0.63,0.0,0.783,3.9,4.6,0.7,0.5,0.1,0.8,7.693714285714287,8,8.1565
Cristiano Felicio,2021,28,C,CHI,18,4.7,0.538,0.0,0.563,1.3,1.4,0.5,0.2,0.0,0.2,9.926808510638297,9,9.175552
D'Angelo Russell,2016,19,PG,LAL,80,28.2,0.41,0.351,0.737,13.2,3.4,3.3,1.2,0.2,2.5,19.858723404255322,1,5.10312
D'Angelo Russell,2017,20,PG,LAL,63,28.7,0.405,0.352,0.782,15.6,3.5,4.8,1.4,0.3,2.8,22.47804878048781,1,5.3328
D'Angelo Russell,2018,21,PG,BRK,48,25.7,0.414,0.324,0.74,15.5,3.9,5.2,0.8,0.4,3.1,25.61743190661479,2,7.019698
D'Angelo Russell,2019,22,PG,BRK,81,30.2,0.434,0.369,0.78,21.1,3.9,7.0,1.2,0.2,3.1,27.298013245033115,3,7.019698
D'Angelo Russell,2020,23,PG,MIN,45,32.3,0.426,0.367,0.809,23.1,3.9,6.3,1.1,0.3,3.3,26.789349845201244,4,27.285
D'Angelo Russell,2021,24,PG,MIN,42,28.5,0.431,0.387,0.765,19.0,2.6,5.8,1.1,0.4,2.7,24.934736842105263,5,34.914596
D'Angelo Russell,2022,25,PG,MIN,65,32.0,0.411,0.34,0.825,18.1,3.3,7.1,1.0,0.3,2.5,21.519,6,34.706036
D'Angelo Russell,2023,26,PG,LAL,71,32.5,0.469,0.396,0.829,17.8,3.0,6.2,1.0,0.4,2.6,19.18523076923077,7,33.269452
D'Angelo Russell,2024,27,PG,LAL,76,32.7,0.456,0.415,0.828,18.0,3.1,6.3,0.9,0.5,2.1,19.15596330275229,8,17.821973
D'Angelo Russell,2025,28,PG,BRK,58,25.5,0.39,0.314,0.834,12.6,2.8,5.1,1.0,0.4,1.9,19.764705882352942,9,18.692307
D'Moi Hodge,2024,25,SG,LAL,7,5.9,0.333,0.25,0.5,2.0,0.0,0.7,0.1,0.1,0.1,14.229152542372882,6,0.248454
D.J. Augustin,2011,23,PG,CHA,82,33.6,0.416,0.333,0.906,14.4,2.7,6.1,0.7,0.0,1.9,16.268571428571427,4,2.54
D.J. Augustin,2014,26,PG,CHI,71,27.3,0.415,0.401,0.885,13.1,1.8,4.4,0.7,0.0,1.8,17.549010989010988,7,0.650215
D.J. Augustin,2015,27,PG,OKC,28,24.2,0.371,0.354,0.861,7.3,2.2,3.1,0.6,0.0,1.3,12.60297520661157,8,3.0
D.J. Augustin,2016,28,PG,DEN,28,23.5,0.445,0.411,0.819,11.6,1.9,4.7,0.9,0.1,1.9,17.76408510638298,9,3.0
D.J. Augustin,2020,32,PG,ORL,57,24.9,0.399,0.348,0.89,10.5,2.1,4.6,0.6,0.0,1.5,15.915180722891565,13,7.25
D.J. Kennedy,2012,22,SF,CLE,2,29.5,0.417,0.5,0.0,6.0,3.5,1.5,1.0,0.0,1.5,9.68949152542373,3,0.022916
D.J. White,2010,23,PF,OKC,12,8.5,0.61,,0.9,4.9,1.9,0.3,0.4,0.3,0.3,17.161411764705882,4,1.03644
D.J. White,2011,24,C-PF,CHA,47,14.6,0.507,0.0,0.719,5.7,3.4,0.4,0.3,0.4,0.3,13.847671232876712,5,1.10868
D.J. White,2012,25,PF,CHA,58,18.9,0.493,1.0,0.705,6.8,3.6,0.8,0.3,0.4,0.7,13.874285714285715,6,2.001167
D.J. White,2013,26,PF,BOS,12,7.2,0.522,,0.556,2.4,1.1,0.3,0.1,0.5,0.2,12.259999999999998,7,0.156234
D.J. White,2014,27,PF,CHA,2,5.0,0.0,,,0.0,1.0,0.0,0.5,0.0,0.0,3.6,8,0.104028
D.J. Wilson,2018,21,PF,MIL,22,3.2,0.563,0.4,0.5,1.0,0.5,0.1,0.1,0.0,0.2,10.619999999999997,2,2.53428
D.J. Wilson,2019,22,PF,MIL,48,18.4,0.414,0.362,0.553,5.8,4.6,1.1,0.4,0.4,0.7,12.40434782608696,3,2.53428
D.J. Wilson,2020,23,PF,MIL,37,9.8,0.394,0.247,0.611,3.6,2.5,0.7,0.1,0.1,0.5,15.869387755102041,4,2.96112
DaJuan Summers,2010,22,SF,DET,44,9.2,0.354,0.357,0.711,3.0,1.0,0.4,0.2,0.2,0.4,14.853913043478263,3,0.457588
DaJuan Summers,2011,23,SF,DET,22,9.0,0.406,0.429,0.45,3.4,0.5,0.1,0.1,0.0,0.6,16.384,4,0.762195
DaJuan Summers,2012,24,SF,NOH,15,13.9,0.431,0.313,0.778,4.5,1.5,0.7,0.5,0.0,0.5,13.115395683453237,5,0.854389
DaJuan Summers,2013,25,PF,LAC,2,3.5,0.25,,,1.0,1.0,0.5,0.0,0.0,0.0,20.571428571428573,6,0.072892
DaQuan Jeffries,2021,23,SG,HOU,31,15.9,0.417,0.299,0.875,4.1,2.3,0.7,0.5,0.3,0.5,10.261132075471696,4,1.761858
DaQuan Jeffries,2022,24,SG,MEM,3,3.0,0.5,0.0,,0.7,0.7,0.3,0.0,0.0,0.0,8.4,5,0.110928
DaQuan Jeffries,2024,26,SG,NYK,17,2.7,0.353,0.2,0.0,0.8,0.3,0.3,0.0,0.1,0.2,16.586666666666666,7,1.3814
DaQuan Jeffries,2025,27,SG,CHO,47,22.8,0.405,0.335,0.8,6.7,2.9,1.1,0.6,0.5,0.7,11.311578947368421,8,2.425404
Daequan Cook,2010,22,SG,MIA,45,15.4,0.32,0.317,0.84,5.0,1.8,1.0,0.3,0.2,0.5,14.876883116883116,3,1.36212
Daequan Cook,2011,23,SG,OKC,43,13.9,0.436,0.422,0.8,5.6,1.7,0.5,0.3,0.0,0.4,12.483453237410073,4,2.169857
Daequan Cook,2012,24,SG,OKC,57,17.4,0.368,0.346,0.636,5.5,2.1,0.3,0.4,0.2,0.3,11.74344827586207,5,3.341558
Daequan Cook,2013,25,SG,CHI,49,9.0,0.305,0.286,0.75,2.8,1.2,0.4,0.2,0.1,0.3,15.152,6,0.512633
Dahntay Jones,2010,29,SF,IND,76,24.9,0.461,0.125,0.77,10.2,3.0,2.0,0.5,0.5,1.7,16.476144578313253,10,2.5
Dahntay Jones,2011,30,SG,IND,45,13.1,0.467,0.359,0.767,6.3,1.4,0.7,0.4,0.2,0.7,17.532824427480918,11,2.5
Dahntay Jones,2012,31,SF,IND,65,16.2,0.409,0.429,0.838,5.3,1.8,1.0,0.4,0.2,0.7,12.577777777777778,12,2.7
Dahntay Jones,2013,32,SF,ATL,78,13.0,0.369,0.224,0.77,3.4,1.3,0.6,0.3,0.1,0.5,10.844307692307693,13,2.9
Dahntay Jones,2015,34,SF,LAC,33,3.7,0.286,0.0,0.818,0.6,0.3,0.1,0.1,0.0,0.0,7.122162162162162,15,0.387632
Dahntay Jones,2017,36,SF,CLE,1,12.0,0.375,0.0,0.75,9.0,2.0,1.0,0.0,0.0,1.0,32.28,17,0.005767
Dairis Bertans,2019,29,SG,NOP,12,13.9,0.255,0.294,,2.8,0.8,0.8,0.1,0.0,0.2,10.618705035971223,10,0.19422
Daishen Nix,2022,19,SG,HOU,24,10.9,0.403,0.269,0.533,3.2,1.4,1.7,0.6,0.0,1.1,14.769908256880733,1,1.067398
Daishen Nix,2023,20,PG,HOU,57,16.0,0.342,0.286,0.667,4.0,1.7,2.3,0.5,0.1,1.5,13.419,1,1.657779
Daishen Nix,2024,21,PG,MIN,15,3.3,0.375,0.353,0.5,1.8,0.2,0.4,0.3,0.0,0.3,22.64727272727273,2,0.576415
Daishen Nix,2025,22,PG,MIN,3,4.3,0.0,0.0,0.5,0.3,1.3,1.0,0.0,0.0,1.3,15.973953488372095,3,0.119972
Dakari Johnson,2018,22,C,OKC,31,5.2,0.564,,0.55,1.8,1.1,0.3,0.2,0.3,0.1,11.52,3,0.815615
Dakota Mathias,2021,25,SG,PHI,8,15.4,0.396,0.308,0.333,6.0,0.9,1.6,0.1,0.4,0.1,15.082597402597402,6,0.104968
Dakota Mathias,2022,26,SG,MEM,6,2.7,0.333,0.333,,1.0,0.3,0.2,0.2,0.0,0.0,13.333333333333332,7,0.197915
Dalano Banton,2022,22,SF,TOR,64,10.9,0.411,0.255,0.591,3.2,1.9,1.5,0.4,0.2,0.8,14.228256880733944,3,1.069919
Dalano Banton,2023,23,PG,TOR,31,9.0,0.423,0.294,0.708,4.6,1.5,1.2,0.4,0.4,0.6,20.608,4,1.657779
Dalano Banton,2024,24,PG,POR,54,19.4,0.404,0.296,0.783,10.3,3.3,2.4,0.6,0.4,1.4,21.651958762886604,5,2.079719
Dalano Banton,2025,25,PG,POR,67,16.7,0.391,0.324,0.728,8.3,2.0,2.4,0.6,0.5,1.3,20.987784431137726,6,2.19697
Dalen Terry,2023,20,SG,CHI,38,5.6,0.444,0.259,0.667,2.2,1.0,0.6,0.3,0.1,0.2,15.197142857142858,1,3.383803
Dalen Terry,2024,21,SG,CHI,59,11.5,0.439,0.23,0.581,3.1,1.9,1.4,0.5,0.3,0.5,10.981565217391305,2,3.450324
Dalen Terry,2025,22,SG,CHI,73,13.5,0.448,0.356,0.71,4.5,1.7,1.3,0.6,0.2,0.7,12.789333333333333,3,3.51048
Dalton Knecht,2025,23,SF,LAL,78,19.2,0.461,0.376,0.762,9.1,2.8,0.8,0.3,0.1,0.5,15.1575,4,3.81912
Damian Jones,2017,21,C,GSW,10,8.5,0.5,,0.3,1.9,2.3,0.0,0.1,0.4,0.6,11.181176470588236,2,1.17156
Damian Jones,2018,22,C,GSW,15,5.9,0.5,,0.6,1.7,0.9,0.1,0.1,0.2,0.3,11.788474576271186,3,1.312611
Damian Jones,2019,23,C,GSW,24,17.1,0.716,,0.649,5.4,3.1,1.2,0.5,1.0,0.7,9.389473684210525,4,1.544951
Damian Jones,2020,24,C,ATL,55,16.1,0.68,0.222,0.738,5.6,3.7,0.6,0.5,0.7,0.5,9.749068322981365,5,2.305057
Damian Jones,2021,25,C,SAC,39,14.0,0.68,0.2,0.724,4.7,3.1,0.7,0.3,0.7,0.7,10.182857142857143,6,1.81254
Damian Jones,2022,26,C,SAC,56,18.2,0.658,0.345,0.718,8.1,4.4,1.2,0.5,0.8,1.1,13.67208791208791,7,2.286111
Damian Jones,2023,27,C,UTA,41,11.6,0.64,0.588,0.759,3.5,3.0,0.4,0.2,0.5,0.6,9.335172413793103,8,2.43695
Damian Jones,2024,28,C,CLE,39,6.9,0.597,0.214,0.857,2.7,1.6,0.4,0.2,0.3,0.3,12.104347826086956,9,2.663525
Damian Lillard,2013,22,PG,POR,82,38.6,0.429,0.368,0.844,19.0,3.1,6.5,0.9,0.2,3.0,19.04082901554404,3,3.06504
Damian Lillard,2014,23,PG,POR,82,35.8,0.424,0.394,0.871,20.7,3.5,5.6,0.8,0.3,2.4,20.70301675977654,4,3.20292
Damian Lillard,2015,24,PG,POR,82,35.7,0.434,0.343,0.864,21.0,4.6,6.2,1.2,0.3,2.7,21.6363025210084,5,3.34092
Damian Lillard,2016,25,PG,POR,75,35.7,0.419,0.375,0.892,25.1,4.0,6.8,0.9,0.4,3.2,25.84336134453781,6,4.236287
Damian Lillard,2017,26,PG,POR,75,35.9,0.444,0.37,0.895,27.0,4.9,5.9,0.9,0.3,2.6,25.683342618384405,7,24.328425
Damian Lillard,2018,27,PG,POR,73,36.6,0.439,0.361,0.916,26.9,4.5,6.6,1.1,0.4,2.8,25.03868852459016,8,26.153057
Damian Lillard,2019,28,PG,POR,80,35.5,0.444,0.369,0.912,25.8,4.6,6.9,1.1,0.4,2.7,25.064112676056336,9,27.977689
Damian Lillard,2020,29,PG,POR,66,37.5,0.463,0.401,0.888,30.0,4.3,8.0,1.1,0.3,2.9,25.662719999999997,10,29.802321
Damian Lillard,2021,30,PG,POR,67,35.8,0.451,0.391,0.928,28.8,4.2,7.5,0.9,0.3,3.0,26.2136312849162,11,38.543497
Damian Lillard,2022,31,PG,POR,29,36.4,0.402,0.324,0.878,24.0,4.1,7.3,0.6,0.4,2.9,24.357362637362638,12,45.496378
Damian Lillard,2023,32,PG,POR,58,36.3,0.463,0.371,0.914,32.2,4.8,7.3,0.9,0.3,3.3,27.990743801652894,13,45.054279
Damian Lillard,2024,33,PG,MIL,73,35.3,0.424,0.354,0.92,24.3,4.4,7.0,1.0,0.2,2.6,23.639660056657227,14,46.996232
Damian Lillard,2025,34,PG,MIL,58,36.1,0.448,0.376,0.921,24.9,4.7,7.1,1.2,0.2,2.8,22.82858725761773,15,48.787676
Damien Inglis,2016,20,SF,MIL,20,7.8,0.351,0.231,0.875,1.8,1.6,0.5,0.3,0.2,0.6,12.350769230769233,1,0.855
Damien Wilkins,2010,30,SF,MIN,80,19.8,0.433,0.295,0.798,5.6,3.1,1.7,0.8,0.3,1.0,11.825454545454544,11,3.63
Damien Wilkins,2011,31,SF,ATL,52,13.0,0.504,0.2,0.714,3.5,1.7,0.8,0.5,0.2,0.4,9.648,12,0.482478
Damien Wilkins,2012,32,SF,DET,60,15.4,0.394,0.304,0.63,3.2,1.7,0.7,0.5,0.2,0.5,9.575064935064937,13,0.854389
Damien Wilkins,2013,33,SG,PHI,61,18.0,0.459,0.333,0.743,6.4,1.7,1.5,0.6,0.3,0.8,13.584,14,0.854389
Damien Wilkins,2018,38,SF,IND,19,8.0,0.333,0.222,0.75,1.7,0.8,0.5,0.1,0.1,0.3,11.196,19,1.471382
Damion James,2011,23,SF,NJN,25,16.1,0.447,0.0,0.643,4.4,3.4,0.8,0.6,0.5,1.0,12.485962732919253,4,1.15632
Damion James,2012,24,SF,NJN,7,24.3,0.371,0.0,0.667,4.9,4.7,0.4,1.0,1.0,1.7,11.034074074074075,5,1.24308
Damion James,2013,25,SF,BRK,2,0.0,,,,0.0,0.5,0.0,0.0,0.0,0.0,,6,0.068902
Damion James,2014,26,SF,SAS,5,10.0,0.222,0.0,1.0,1.2,2.4,0.6,0.0,0.2,0.2,7.8336000000000015,7,0.068902
Damion Lee,2020,27,SG,GSW,49,29.0,0.417,0.356,0.873,12.7,4.9,2.7,1.0,0.1,1.4,16.06841379310345,8,0.842327
Damion Lee,2021,28,SG,GSW,57,18.9,0.467,0.397,0.909,6.5,3.2,1.3,0.7,0.1,0.5,10.765714285714287,9,2.148304
Damion Lee,2022,29,SG,GSW,63,19.9,0.441,0.337,0.88,7.4,3.2,1.0,0.6,0.1,0.6,13.07577889447236,10,2.209618
Damion Lee,2023,30,SG,PHO,74,20.4,0.442,0.445,0.904,8.2,3.0,1.3,0.4,0.1,1.1,13.792941176470588,11,2.261889
Damion Lee,2025,32,SG,PHO,25,5.8,0.365,0.243,0.952,3.3,0.8,0.4,0.2,0.0,0.4,23.288275862068968,13,2.087519
Damjan Rudez,2015,28,SF,IND,68,15.4,0.452,0.406,0.696,4.8,0.7,0.8,0.2,0.1,0.7,11.061818181818182,9,1.1
Damjan Rudez,2016,29,SF,MIN,33,8.4,0.403,0.34,1.0,2.3,0.6,0.3,0.1,0.0,0.4,10.234285714285713,10,1.1495
Damjan Rudez,2017,30,SF,ORL,45,7.0,0.352,0.313,,1.8,0.6,0.4,0.3,0.0,0.2,11.314285714285715,11,0.980431
Damyean Dotson,2018,23,SG,NYK,44,10.8,0.447,0.324,0.696,4.1,1.9,0.7,0.3,0.0,0.4,14.4,4,1.378242
Damyean Dotson,2019,24,SG,NYK,73,27.5,0.415,0.368,0.745,10.7,3.6,1.8,0.8,0.1,1.0,14.625163636363636,5,1.378242
Damyean Dotson,2020,25,SG,NYK,48,17.4,0.414,0.362,0.667,6.7,1.9,1.2,0.5,0.1,0.4,13.878620689655174,6,1.61852
Damyean Dotson,2021,26,SG,CLE,46,19.7,0.406,0.289,0.667,6.7,2.0,2.0,0.3,0.1,0.9,13.983350253807108,7,2.437382
Damyean Dotson,2022,27,SG,NYK,2,10.5,0.5,0.0,,2.0,1.0,0.5,0.0,0.0,0.0,6.857142857142857,8,0.237816
Dan Gadzuric,2010,31,C,MIL,32,9.8,0.438,,0.4,2.8,2.9,0.4,0.3,0.4,0.5,13.41551020408163,12,6.74926
Dan Gadzuric,2011,32,C-PF,NJN,42,11.0,0.419,0.0,0.37,2.8,3.2,0.3,0.3,0.7,0.7,13.300363636363636,13,7.248325
Dan Gadzuric,2012,33,C,NYK,2,6.5,0.0,,0.0,0.0,2.5,0.0,0.5,0.5,0.5,10.744615384615384,14,0.069393
Daniel Gafford,2020,21,C,CHI,43,14.2,0.701,,0.533,5.1,2.5,0.5,0.3,1.3,0.7,11.19549295774648,2,0.89831
Daniel Gafford,2021,22,PF-C,WAS,54,14.6,0.684,,0.667,7.0,4.3,0.5,0.5,1.4,0.8,14.498630136986302,3,1.84995
Daniel Gafford,2022,23,C,WAS,72,20.1,0.693,0.0,0.699,9.4,5.7,0.9,0.4,1.4,0.9,13.47582089552239,4,2.061329
Daniel Gafford,2023,24,C,WAS,78,20.6,0.732,0.0,0.679,9.0,5.6,1.1,0.4,1.3,1.1,12.680388349514562,5,2.047077
Daniel Gafford,2024,25,C-PF,DAL,74,24.5,0.725,0.0,0.674,11.0,7.6,1.6,0.9,2.1,1.0,12.572081632653061,6,12.770512
Daniel Gafford,2025,26,C,DAL,57,21.5,0.702,,0.689,12.3,6.8,1.4,0.4,1.8,1.2,16.40260465116279,7,13.39416
Daniel Gibson,2010,23,PG,CLE,56,19.1,0.466,0.477,0.694,6.3,1.3,1.3,0.4,0.1,0.6,10.924397905759161,4,4.0885
Daniel Gibson,2011,24,SG,CLE,67,27.8,0.4,0.403,0.822,11.6,2.6,3.0,0.7,0.3,1.2,15.74158273381295,5,4.015334
Daniel Gibson,2012,25,SG,CLE,35,26.2,0.351,0.396,0.791,7.5,2.9,2.2,0.7,0.5,1.3,12.267480916030536,6,4.403834
Daniel Gibson,2013,26,PG,CLE,46,20.0,0.34,0.344,0.703,5.4,1.3,1.8,0.7,0.1,0.7,11.613600000000002,7,4.792332
Daniel Hamilton,2019,23,SG,ATL,19,10.7,0.383,0.348,0.5,3.0,2.5,1.2,0.3,0.1,0.8,13.902056074766357,4,1.349383
Daniel Ochefu,2017,23,C,WAS,19,3.9,0.444,,0.0,1.3,1.2,0.2,0.1,0.0,0.2,15.175384615384615,4,0.543471
Daniel Orton,2012,21,PF,ORL,16,11.7,0.567,0.0,0.44,2.8,2.4,0.3,0.5,0.6,0.4,9.243076923076924,2,1.10556
Daniel Orton,2013,22,C,OKC,13,8.0,0.462,,0.529,2.5,2.0,0.3,0.3,0.2,0.3,12.924,3,0.916099
Daniel Oturu,2021,21,C,LAC,30,5.4,0.423,0.2,0.75,1.8,1.6,0.3,0.1,0.2,0.3,14.506666666666662,2,1.094762
Daniel Oturu,2022,22,C,TOR,3,9.0,0.5,0.0,0.6,3.0,1.7,0.0,0.0,0.7,0.0,10.992,3,1.85427
Daniel Theis,2018,25,C,BOS,63,14.9,0.541,0.31,0.753,5.3,4.3,0.9,0.5,0.8,0.9,12.496107382550337,6,0.815615
Daniel Theis,2019,26,C,BOS,66,13.8,0.549,0.388,0.737,5.7,3.4,1.0,0.3,0.6,0.5,13.116521739130436,7,1.378242
Daniel Theis,2020,27,C,BOS,65,24.1,0.566,0.333,0.763,9.2,6.6,1.7,0.6,1.3,0.8,12.23701244813278,8,5.0
Daniel Theis,2021,28,C,CHI,65,24.6,0.541,0.322,0.673,9.6,5.5,1.7,0.6,0.9,1.0,13.094634146341464,9,6.093457
Daniel Theis,2022,29,C,BOS,47,20.8,0.519,0.308,0.681,8.2,4.9,0.9,0.4,0.7,1.0,13.603846153846154,10,9.574963
Daniel Theis,2023,30,C,IND,7,15.6,0.477,0.182,0.417,7.0,3.1,1.3,0.3,0.9,0.4,17.18769230769231,11,9.218535
Daniel Theis,2024,31,C,LAC,60,16.9,0.532,0.366,0.76,6.3,4.1,1.0,0.4,0.9,0.7,12.67881656804734,12,9.379032
Daniel Theis,2025,32,C,NOP,38,16.3,0.473,0.243,0.838,4.3,4.3,1.6,0.5,0.5,0.7,10.026993865030674,13,2.087519
Danilo Gallinari,2010,21,SF,NYK,81,33.9,0.423,0.381,0.818,15.1,4.9,1.7,0.9,0.7,1.4,15.368495575221242,2,3.08904
Danilo Gallinari,2011,22,PF-SF,DEN,62,33.9,0.414,0.352,0.862,15.6,4.9,1.7,0.8,0.4,1.3,15.262300884955755,3,3.30456
Danilo Gallinari,2012,23,SF,DEN,43,31.4,0.414,0.328,0.871,14.6,4.7,2.7,1.0,0.5,1.6,16.688407643312104,4,4.190182
Danilo Gallinari,2013,24,SF,DEN,71,32.5,0.418,0.373,0.822,16.2,5.2,2.5,0.9,0.5,1.6,17.785107692307694,5,9.439
Danilo Gallinari,2015,26,SF,DEN,59,24.2,0.401,0.355,0.895,12.4,3.7,1.4,0.8,0.3,1.0,17.863140495867768,7,10.85485
Danilo Gallinari,2016,27,SF,DEN,53,34.7,0.41,0.364,0.868,19.5,5.3,2.5,0.8,0.4,1.5,18.993890489913543,8,14.0
Danilo Gallinari,2017,28,SF,DEN,63,33.9,0.447,0.389,0.902,18.2,5.2,2.1,0.6,0.2,1.3,16.867964601769913,9,15.05
Danilo Gallinari,2018,29,SF,LAC,21,32.0,0.398,0.324,0.931,15.3,4.8,2.0,0.6,0.5,1.2,17.104499999999998,10,20.559599
Danilo Gallinari,2019,30,SF,LAC,68,30.3,0.463,0.433,0.904,19.8,6.1,2.6,0.7,0.3,1.5,20.36435643564356,11,21.587579
Danilo Gallinari,2020,31,PF,OKC,62,29.6,0.438,0.405,0.893,18.7,5.2,1.9,0.7,0.1,1.2,20.082162162162163,12,22.615559
Danilo Gallinari,2021,32,PF,ATL,51,24.0,0.434,0.406,0.925,13.3,4.1,1.5,0.6,0.2,0.8,17.394000000000002,13,23.764483
Danilo Gallinari,2022,33,PF,ATL,66,25.3,0.434,0.381,0.904,11.7,4.7,1.5,0.4,0.2,0.6,15.162687747035575,14,23.676215
Danilo Gallinari,2024,35,PF-SF,MIL,49,12.9,0.437,0.323,0.857,5.7,2.2,1.1,0.3,0.1,0.5,14.734883720930233,16,8.083317
Danny Granger,2010,26,SF,IND,62,36.7,0.428,0.361,0.848,24.1,5.5,2.8,1.5,0.8,2.5,23.479455040871933,7,10.1305
Danny Granger,2011,27,SF,IND,79,35.0,0.425,0.386,0.848,20.5,5.4,2.6,1.1,0.8,2.6,21.69874285714286,8,10.973202
Danny Granger,2012,28,SF,IND,62,33.3,0.416,0.381,0.873,18.7,5.0,1.8,1.0,0.6,1.8,20.61405405405406,9,12.015904
Danny Granger,2013,29,SF,IND,5,14.8,0.286,0.2,0.625,5.4,1.8,0.6,0.4,0.2,0.8,20.685405405405405,10,13.058606
Danny Granger,2014,30,SF,LAC,41,20.7,0.378,0.336,0.94,8.2,3.2,1.0,0.3,0.4,1.1,16.180869565217392,11,0.249683
Danny Granger,2015,31,SF,MIA,30,20.4,0.401,0.357,0.757,6.3,2.7,0.6,0.4,0.2,0.8,11.87294117647059,12,2.077
Danny Green,2010,22,SG,CLE,20,5.8,0.385,0.273,0.667,2.0,0.9,0.3,0.3,0.2,0.3,15.095172413793103,3,0.457588
Danny Green,2011,23,SG,SAS,8,11.5,0.486,0.368,,5.1,1.9,0.3,0.3,0.1,0.6,15.652173913043478,4,0.130022
Danny Green,2012,24,SG,SAS,66,23.1,0.442,0.436,0.79,9.1,3.5,1.3,0.9,0.7,1.0,13.807792207792206,5,0.854389
Danny Green,2013,25,SG,SAS,80,27.5,0.448,0.429,0.848,10.5,3.1,1.8,1.2,0.7,1.2,13.012363636363636,6,3.5
Danny Green,2014,26,SG,SAS,68,24.3,0.432,0.415,0.794,9.1,3.4,1.5,1.0,0.9,1.1,13.17925925925926,7,3.7625
Danny Green,2015,27,SG,SAS,81,28.5,0.436,0.418,0.874,11.7,4.2,2.0,1.2,1.1,1.1,13.773473684210526,8,4.025
Danny Green,2016,28,SG,SAS,79,26.1,0.376,0.332,0.739,7.2,3.8,1.8,1.0,0.8,0.9,11.39862068965517,9,10.0
Danny Green,2017,29,SG,SAS,68,26.6,0.392,0.379,0.844,7.3,3.3,1.8,1.0,0.8,1.1,10.718796992481202,10,10.0
Danny Green,2018,30,SG,SAS,70,25.6,0.387,0.363,0.769,8.6,3.6,1.6,0.9,1.1,1.1,13.35375,11,10.0
Danny Green,2019,31,SG,TOR,80,27.7,0.465,0.455,0.841,10.3,4.0,1.6,0.9,0.7,0.9,11.779927797833935,12,10.0
Danny Green,2020,32,SG,LAL,68,24.8,0.416,0.367,0.688,8.0,3.3,1.3,1.3,0.5,0.9,11.914838709677419,13,14.634146
Danny Green,2021,33,SF,PHI,69,28.0,0.412,0.405,0.775,9.5,3.8,1.7,1.3,0.8,1.0,11.782285714285715,14,18.726233
Danny Green,2022,34,SF,PHI,62,21.8,0.394,0.38,0.786,5.9,2.5,1.0,1.0,0.6,0.7,9.888440366972477,15,11.563475
Danny Green,2023,35,SG,CLE,11,12.5,0.449,0.432,1.0,5.5,1.3,0.5,0.5,0.3,0.9,15.67872,16,12.416532
Danny Green,2024,36,SG,PHI,2,9.0,0.0,0.0,0.0,0.0,1.0,0.5,0.5,0.0,0.0,4.0,17,0.208078
Dante Cunningham,2010,22,PF,POR,63,11.2,0.495,0.0,0.646,3.9,2.5,0.2,0.4,0.3,0.2,12.702857142857143,3,0.457588
Dante Cunningham,2011,23,PF,CHA,78,21.0,0.462,0.077,0.726,6.2,3.6,0.6,0.7,0.6,0.7,12.260571428571428,4,0.762195
Dante Cunningham,2012,24,PF,MEM,64,17.6,0.516,0.0,0.652,5.2,3.8,0.6,0.7,0.5,0.5,11.012727272727272,5,2.0
Dante Cunningham,2013,25,PF,MIN,80,25.1,0.468,0.0,0.65,8.7,5.1,0.8,1.1,0.5,0.7,13.872191235059761,6,2.09
Dante Cunningham,2014,26,PF,MIN,81,20.2,0.464,0.0,0.567,6.3,4.1,1.0,0.8,0.7,0.5,12.746138613861385,7,2.18
Dante Cunningham,2015,27,PF,NOP,66,25.0,0.457,0.1,0.617,5.2,3.9,0.8,0.7,0.6,0.5,8.50752,8,0.716043
Dante Cunningham,2016,28,SF,NOP,80,24.6,0.451,0.316,0.695,6.1,3.0,1.0,0.5,0.4,0.5,8.985365853658537,9,2.85
Dante Cunningham,2017,29,PF,NOP,66,25.0,0.485,0.392,0.593,6.6,4.2,0.6,0.6,0.4,0.4,8.605440000000002,10,2.97825
Dante Cunningham,2019,31,PF,SAS,64,14.5,0.475,0.462,0.778,3.0,2.9,0.8,0.4,0.2,0.3,7.279448275862069,12,2.487
Dante Exum,2015,19,PG,UTA,82,22.2,0.349,0.314,0.625,4.8,1.6,2.4,0.5,0.2,1.4,10.825945945945946,1,3.615
Dante Exum,2017,21,PG,UTA,66,18.6,0.427,0.295,0.795,6.2,2.0,1.7,0.3,0.2,1.2,13.904516129032258,2,3.94032
Dante Exum,2018,22,PG,UTA,14,16.8,0.483,0.278,0.806,8.1,1.9,3.1,0.6,0.2,1.4,18.36,3,4.992385
Dante Exum,2019,23,PG,UTA,42,15.8,0.419,0.29,0.791,6.9,1.6,2.6,0.3,0.1,1.2,17.72658227848101,4,9.6
Dante Exum,2020,24,SG,CLE,35,13.9,0.471,0.349,0.744,4.5,1.9,1.1,0.4,0.2,0.9,12.504172661870506,5,9.6
Dante Exum,2021,25,SG,CLE,6,19.3,0.385,0.182,0.5,3.8,2.8,2.2,0.7,0.3,1.2,10.505284974093263,6,11.699437
Dante Exum,2024,28,PG,DAL,55,19.8,0.533,0.491,0.779,7.8,2.7,2.9,0.4,0.1,0.9,12.596363636363638,9,3.089141
Dante Exum,2025,29,PG,DAL,20,18.6,0.478,0.434,0.742,8.7,1.7,2.8,0.6,0.2,1.1,16.459354838709675,10,3.15
Danuel House Jr.,2017,23,SG,WAS,1,1.0,,,,0.0,1.0,0.0,0.0,0.0,0.0,0.0,4,0.543471
Danuel House Jr.,2019,25,SF,HOU,39,25.1,0.468,0.416,0.789,9.4,3.6,1.0,0.5,0.3,0.9,11.749482071713148,6,0.247827
Danuel House Jr.,2020,26,SF,HOU,63,30.4,0.427,0.363,0.811,10.5,4.2,1.3,1.1,0.5,0.9,11.979473684210527,7,3.54
Darington Hobson,2012,24,SG,MIL,5,7.8,0.154,0.0,,0.8,0.6,1.2,0.0,0.0,0.4,13.846153846153847,5,0.762195
Dario Saric,2017,22,PF,PHI,81,26.3,0.411,0.311,0.782,12.8,6.3,2.2,0.7,0.4,2.3,20.379011406844107,3,2.31828
Dario Saric,2018,23,PF,PHI,78,29.6,0.453,0.393,0.86,14.6,6.7,2.6,0.7,0.3,1.9,17.620540540540542,4,2.52684
Dario Saric,2019,24,PF,MIN,81,25.0,0.437,0.365,0.88,10.6,5.6,1.6,0.6,0.1,1.2,15.315839999999998,5,2.52684
Dario Saric,2020,25,PF,PHO,66,24.7,0.476,0.357,0.844,10.7,6.2,1.9,0.6,0.2,1.3,15.064615384615385,6,3.481986
Dario Saric,2021,26,C,PHO,50,17.4,0.447,0.348,0.848,8.7,3.8,1.3,0.6,0.1,1.1,18.165517241379312,7,11.272895
Dario Saric,2025,30,C,DEN,16,13.1,0.362,0.269,0.7,3.5,3.1,1.4,0.4,0.1,0.9,13.091908396946566,11,5.168
Dariq Whitehead,2024,19,SF,BRK,2,12.0,0.2,0.0,0.5,1.5,2.0,1.5,0.0,0.5,0.0,8.82,1,3.054172
Dariq Whitehead,2025,20,SF,BRK,20,12.3,0.406,0.446,0.6,5.7,1.5,0.6,0.3,0.1,0.8,16.776585365853656,1,3.11424
Darius Bazley,2020,19,PF,OKC,61,18.5,0.394,0.348,0.694,5.6,4.0,0.7,0.4,0.7,0.7,12.3372972972973,1,2.2848
Darius Bazley,2021,20,PF,OKC,55,31.2,0.396,0.29,0.702,13.7,7.2,1.8,0.5,0.5,2.2,18.58615384615385,1,2.923835
Darius Bazley,2022,21,PF,OKC,69,27.9,0.422,0.297,0.688,10.8,6.3,1.4,0.8,1.0,1.3,15.225806451612904,2,2.905947
Darius Bazley,2023,22,PF,PHO,43,14.3,0.454,0.377,0.543,5.2,3.2,0.9,0.5,0.8,0.6,14.107972027972025,3,4.521733
Darius Bazley,2024,23,PF,UTA,9,16.9,0.6,0.25,0.833,5.3,3.1,0.8,0.7,0.8,0.9,10.165207100591717,4,0.642978
Darius Days,2023,23,PF,HOU,4,6.3,0.417,0.3,1.0,3.8,1.5,0.3,0.0,0.3,0.0,18.400000000000002,4,0.539571
Darius Garland,2020,20,SG,CLE,59,30.9,0.401,0.355,0.875,12.3,1.9,3.9,0.7,0.1,2.6,17.391844660194177,1,6.40092
Darius Garland,2021,21,PG,CLE,54,33.1,0.451,0.395,0.848,17.4,2.4,6.1,1.2,0.1,3.0,20.616797583081567,2,8.190484
Darius Garland,2022,22,PG,CLE,68,35.7,0.462,0.383,0.892,21.7,3.3,8.6,1.3,0.1,3.6,22.628571428571426,3,8.141704
Darius Garland,2023,23,PG,CLE,69,35.5,0.462,0.41,0.863,21.6,2.7,7.8,1.2,0.1,2.9,21.66895774647887,4,9.45861
Darius Garland,2024,24,PG,CLE,57,33.4,0.446,0.371,0.834,18.0,2.7,6.5,1.3,0.1,3.1,20.76359281437126,5,35.015681
Darius Garland,2025,25,PG,CLE,75,30.7,0.472,0.401,0.878,20.6,2.9,6.7,1.2,0.1,2.5,23.09628664495114,6,36.72567
Darius Johnson-Odom,2013,23,SG,LAL,4,1.5,0.0,0.0,,0.0,1.0,0.3,0.0,0.0,0.0,24.0,4,0.473604
Darius Miller,2013,22,SF,NOH,52,13.3,0.407,0.393,1.0,2.3,1.5,0.8,0.3,0.2,0.4,7.005112781954887,3,0.473604
Darius Miller,2014,23,SF,NOP,45,16.1,0.44,0.325,0.806,4.4,1.2,1.0,0.5,0.2,0.5,10.178385093167702,4,0.788872
Darius Miller,2015,24,SF,NOP,5,8.6,0.143,0.0,,0.4,0.2,0.4,0.2,0.0,0.2,6.697674418604651,5,0.915243
Darius Miller,2018,27,SF,NOP,82,23.7,0.444,0.411,0.866,7.8,2.0,1.4,0.3,0.2,0.7,10.56,8,2.1
Darius Miller,2019,28,SF,NOP,69,25.5,0.39,0.365,0.789,8.2,1.9,2.1,0.6,0.3,0.9,11.774117647058825,9,2.205
Darius Miller,2021,30,SF,OKC,18,10.9,0.458,0.405,1.0,4.1,1.3,1.2,0.7,0.3,0.4,11.255779816513762,11,8.53084
Darius Morris,2012,21,PG,LAL,19,8.9,0.429,0.444,0.667,2.4,0.8,1.1,0.1,0.0,1.0,13.833707865168542,2,0.473604
Darius Morris,2015,24,PG,BRK,38,7.9,0.34,0.212,0.444,2.2,0.7,1.3,0.2,0.0,0.6,15.894683544303797,5,0.702756
Darius Songaila,2010,31,C,NOH,75,18.8,0.494,0.167,0.811,7.2,3.1,0.9,0.8,0.2,1.1,15.395744680851067,12,4.526
Darius Songaila,2011,32,C,PHI,10,7.1,0.467,,0.5,1.6,1.0,0.2,0.0,0.0,0.4,10.526197183098592,13,4.818
Darko Milicic,2010,24,C,MIN,32,21.4,0.49,0.0,0.536,6.7,4.7,1.5,0.7,1.1,1.1,13.28299065420561,5,7.54
Darko Milicic,2011,25,C,MIN,69,24.4,0.469,,0.557,8.8,5.2,1.5,0.8,2.0,2.2,16.74295081967213,6,4.325
Darko Milicic,2012,26,C,MIN,29,16.3,0.454,,0.432,4.6,3.3,0.6,0.3,0.9,1.1,13.631411042944785,7,4.7765
Darko Milicic,2013,27,C,BOS,1,5.0,0.0,,,0.0,1.0,0.0,0.0,0.0,2.0,21.6,8,0.854389
Darnell Jackson,2010,24,PF,MIL,28,4.4,0.3,0.25,0.667,0.8,0.8,0.1,0.1,0.1,0.5,13.810909090909092,5,0.73642
Darnell Jackson,2011,25,PF,SAC,59,8.2,0.487,0.273,0.612,3.2,1.6,0.2,0.2,0.1,0.4,15.155121951219513,6,0.854389
Darrell Arthur,2011,22,PF,MEM,80,20.1,0.497,0.0,0.813,9.1,4.3,0.7,0.7,0.8,1.1,17.279999999999998,3,1.12368
Darrell Arthur,2014,25,SF,DEN,68,17.1,0.395,0.375,0.855,5.9,3.1,0.9,0.6,0.7,0.9,15.36,6,3.231683
Darrell Arthur,2017,28,PF,DEN,41,15.6,0.442,0.453,0.864,6.4,2.7,1.0,0.5,0.5,0.9,14.584615384615386,9,8.070175
Darrell Arthur,2018,29,PF,DEN,19,7.4,0.468,0.348,0.667,2.8,0.8,0.5,0.4,0.2,0.8,16.48216216216216,10,7.464912
Darren Collison,2010,22,PG,NOH,76,27.8,0.477,0.4,0.851,12.4,2.5,5.7,1.0,0.1,2.7,18.27453237410072,3,1.26612
Darren Collison,2011,23,PG,IND,79,29.9,0.457,0.331,0.871,13.2,2.8,5.1,1.1,0.2,2.5,17.790501672240804,4,1.36104
Darren Collison,2012,24,PG,IND,60,31.3,0.44,0.362,0.83,10.4,3.1,4.8,0.8,0.2,1.9,13.507476038338657,5,1.45596
Darren Collison,2013,25,PG,DAL,81,29.3,0.471,0.353,0.88,12.0,2.7,5.1,1.2,0.1,2.1,15.353447098976108,6,1.9
Darren Collison,2014,26,PG,LAC,80,25.9,0.467,0.376,0.857,11.4,2.4,3.7,1.2,0.2,1.7,16.168030888030888,7,1.9
Darren Collison,2015,27,PG,SAC,45,34.8,0.473,0.373,0.788,16.1,3.2,5.6,1.5,0.3,2.5,17.07310344827586,8,4.797664
Darren Collison,2016,28,PG,SAC,74,30.0,0.486,0.401,0.858,14.0,2.3,4.3,1.0,0.1,1.8,16.396800000000002,9,5.013559
Darren Collison,2017,29,PG,SAC,68,30.3,0.476,0.417,0.86,13.2,2.2,4.6,1.0,0.1,1.7,15.8019801980198,10,5.229454
Darren Collison,2018,30,PG,IND,69,29.2,0.495,0.468,0.882,12.4,2.6,5.3,1.3,0.2,1.2,13.961095890410958,11,10.0
Darren Collison,2019,31,PG,IND,76,28.2,0.467,0.407,0.832,11.2,3.1,6.0,1.4,0.1,1.6,14.553191489361701,12,10.0
Darren Collison,2022,34,PG,LAL,3,12.3,0.286,0.0,,1.3,1.3,0.7,0.3,0.0,0.3,7.609756097560974,15,0.175557
Darrun Hilliard,2016,22,SG,DET,38,10.1,0.397,0.38,0.725,4.0,1.2,0.7,0.2,0.0,0.5,15.626138613861388,3,0.6
Darrun Hilliard,2017,23,SG,DET,39,9.8,0.373,0.261,0.75,3.3,0.8,0.8,0.3,0.1,0.7,15.457959183673468,4,0.874636
Darryl Watkins,2012,27,C,NOH,5,19.6,0.5,,0.5,4.6,5.4,0.6,1.0,0.8,1.6,10.991020408163266,8,0.055321
David Andersen,2010,29,C,HOU,63,14.1,0.432,0.346,0.687,5.8,3.3,0.7,0.2,0.2,0.6,16.55489361702128,10,2.314815
David Andersen,2011,30,PF,NOH,40,9.3,0.463,0.348,0.636,3.4,2.1,0.3,0.1,0.2,0.6,14.95741935483871,11,2.5
David Johnson,2022,20,SG,TOR,2,1.0,0.0,0.0,,0.0,0.0,0.0,0.0,0.0,0.0,18.0,1,0.534959
David Lee,2010,26,C,NYK,81,37.3,0.545,0.0,0.812,20.2,11.7,3.6,1.0,0.5,2.3,18.920750670241286,7,7.0
David Lee,2011,27,PF,GSW,73,36.1,0.507,0.333,0.787,16.5,9.8,3.2,1.0,0.4,2.3,17.279999999999998,8,10.8
David Lee,2012,28,PF,GSW,57,37.2,0.503,0.0,0.782,20.1,9.6,2.8,0.9,0.4,2.6,20.279999999999998,9,11.61
David Lee,2013,29,PF,GSW,79,36.8,0.519,0.0,0.797,18.5,11.2,3.5,0.8,0.3,2.6,18.688695652173912,10,12.744
David Lee,2014,30,PF,GSW,69,33.2,0.523,0.0,0.78,18.2,9.3,2.1,0.7,0.4,2.2,19.83469879518072,11,13.878
David Lee,2015,31,PF,GSW,49,18.4,0.511,0.0,0.654,7.9,5.2,1.7,0.6,0.5,1.0,16.286086956521743,12,15.012
David Lee,2016,32,PF,DAL,55,16.4,0.531,0.0,0.763,7.8,5.5,1.5,0.4,0.5,1.2,17.666341463414636,13,2.085671
David Lee,2017,33,PF,SAS,79,18.7,0.59,,0.708,7.3,5.6,1.6,0.4,0.5,1.0,13.31422459893048,14,1.551659
David Nwaba,2017,24,SG,LAL,20,19.9,0.58,0.2,0.641,6.0,3.2,0.7,0.7,0.4,0.6,10.094472361809045,5,0.073528
David Nwaba,2019,26,SF,CLE,51,19.3,0.481,0.32,0.682,6.5,3.2,1.1,0.7,0.3,0.6,12.027357512953367,7,1.512601
David Nwaba,2020,27,SF,BRK,20,13.4,0.521,0.429,0.667,5.2,2.3,0.4,0.6,0.6,0.4,12.401194029850748,8,0.903111
David Nwaba,2021,28,SF,HOU,30,22.6,0.486,0.27,0.691,9.2,3.9,1.0,1.0,0.7,0.6,14.196106194690264,9,2.222896
David Nwaba,2022,29,SF,HOU,46,13.2,0.483,0.306,0.716,5.1,3.3,0.8,0.6,0.4,0.5,13.527272727272727,10,5.377016
David Roddy,2023,21,PF,MEM,70,18.0,0.429,0.307,0.631,6.7,2.8,0.8,0.4,0.3,0.8,14.392,2,2.744703
David Roddy,2024,22,PF,PHO,65,18.1,0.403,0.293,0.691,6.5,3.2,1.2,0.4,0.2,0.9,15.195580110497238,3,2.799009
David Roddy,2025,23,PF,HOU,33,12.4,0.456,0.311,0.769,4.6,2.5,1.1,0.4,0.3,0.7,14.086451612903227,4,2.967212
David Stockton,2015,23,PG,SAC,3,11.0,0.333,0.5,0.5,2.7,0.7,3.0,0.7,0.0,1.3,13.68,4,0.029483
David Stockton,2018,26,PG,UTA,3,3.0,0.667,0.667,1.0,3.3,0.0,0.0,0.0,0.0,0.3,22.464000000000002,7,0.044495
David West,2010,29,PF,NOH,81,36.4,0.505,0.259,0.865,19.0,7.5,3.0,0.9,0.7,2.1,18.83868131868132,10,9.075
David West,2011,30,PF,NOH,70,35.0,0.508,0.222,0.807,18.9,7.6,2.3,1.0,0.9,2.0,19.509942857142857,11,8.2875
David West,2012,31,PF,IND,66,29.2,0.487,0.222,0.807,12.8,6.6,2.1,0.8,0.7,1.4,16.505753424657538,12,10.0
David West,2013,32,PF,IND,73,33.4,0.498,0.211,0.768,17.1,7.7,2.9,1.0,0.9,2.2,19.284790419161677,13,10.0
David West,2014,33,PF,IND,80,30.9,0.488,0.267,0.789,14.0,6.8,2.8,0.8,0.9,1.7,17.200776699029127,14,12.0
David West,2015,34,PF,IND,66,28.7,0.471,0.2,0.739,11.7,6.8,3.4,0.7,0.7,1.8,16.62773519163763,15,12.0
David West,2016,35,PF,SAS,78,18.0,0.545,0.429,0.788,7.1,4.0,1.8,0.6,0.7,0.9,14.080000000000002,16,1.499187
David West,2017,36,C,GSW,68,12.6,0.536,0.375,0.768,4.6,3.0,2.2,0.6,0.7,1.1,14.720000000000004,17,0.980431
David West,2018,37,C,GSW,73,13.7,0.571,0.375,0.759,6.8,3.3,1.9,0.6,1.0,1.1,17.826569343065696,18,1.471382
Davion Mitchell,2022,23,PG,SAC,75,27.7,0.418,0.316,0.659,11.5,2.2,4.2,0.7,0.3,1.5,17.134440433212994,4,5.322898
Davion Mitchell,2023,24,PG,SAC,80,18.1,0.454,0.32,0.806,5.6,1.3,2.3,0.6,0.2,0.8,11.885966850828728,5,5.125008
Davion Mitchell,2024,25,PG,SAC,72,15.3,0.452,0.361,0.714,5.3,1.3,1.9,0.2,0.0,0.6,12.621176470588233,6,5.2141
Davion Mitchell,2025,26,PG,MIA,74,27.4,0.468,0.398,0.69,7.9,2.3,4.9,1.0,0.2,1.7,11.278248175182483,7,6.451077
Davis Bertans,2017,24,PF,SAS,67,12.1,0.44,0.399,0.824,4.5,1.5,0.7,0.3,0.4,0.5,12.555371900826447,5,0.543471
Davis Bertans,2018,25,PF,SAS,77,14.1,0.44,0.373,0.816,5.9,2.0,1.0,0.3,0.4,0.5,14.205957446808512,6,1.312611
Davis Bertans,2019,26,PF,SAS,76,21.5,0.45,0.429,0.883,8.0,3.5,1.3,0.5,0.4,0.6,11.640558139534884,7,7.0
Davis Bertans,2020,27,PF,WAS,54,29.3,0.434,0.424,0.852,15.4,4.5,1.7,0.7,0.6,1.1,16.47890784982935,8,7.0
Davis Bertans,2021,28,PF,WAS,57,25.7,0.404,0.395,0.87,11.5,2.9,0.9,0.6,0.2,0.6,13.839688715953308,9,18.280371
Davis Bertans,2022,29,PF,DAL,56,14.4,0.36,0.335,0.9,5.6,2.1,0.6,0.3,0.2,0.3,13.77,10,18.50156
Davon Reed,2018,22,SG,PHO,21,11.5,0.289,0.289,0.667,3.0,1.9,0.6,0.5,0.1,0.5,13.661217391304346,3,0.815615
Davon Reed,2022,26,SG,DEN,48,13.9,0.503,0.43,0.667,4.4,2.3,1.1,0.5,0.2,0.3,9.924604316546763,7,0.615637
Davon Reed,2023,27,SG,LAL,43,8.0,0.333,0.37,0.667,2.1,1.4,0.5,0.3,0.1,0.5,12.438,8,2.016808
Day'Ron Sharpe,2022,20,PF,BRK,32,12.2,0.577,0.286,0.585,6.2,5.0,0.5,0.3,0.5,0.9,18.212459016393446,1,2.323287
Day'Ron Sharpe,2023,21,C,BRK,48,11.5,0.544,0.545,0.636,4.7,4.2,0.8,0.3,0.7,0.9,15.602086956521742,2,2.236656
Day'Ron Sharpe,2024,22,C,BRK,61,15.1,0.571,0.267,0.61,6.8,6.4,1.4,0.4,0.7,1.1,16.164238410596028,3,2.275709
Day'Ron Sharpe,2025,23,C,BRK,50,18.1,0.521,0.244,0.757,7.9,6.6,1.8,0.8,0.8,1.3,16.428729281767954,4,3.989122
De'Aaron Fox,2018,20,PG,SAC,73,27.8,0.412,0.307,0.723,11.6,2.8,4.4,1.0,0.3,2.4,18.761438848920868,1,4.6092
De'Aaron Fox,2019,21,PG,SAC,81,31.4,0.458,0.371,0.727,17.3,3.8,7.3,1.6,0.6,2.8,21.37528662420382,2,5.47092
De'Aaron Fox,2020,22,PG,SAC,51,32.0,0.48,0.292,0.705,21.1,3.8,6.8,1.5,0.5,3.1,24.804000000000002,3,6.39276
De'Aaron Fox,2021,23,PG,SAC,58,35.1,0.477,0.322,0.719,25.2,3.5,7.2,1.5,0.5,3.0,25.915897435897435,4,9.870946
De'Aaron Fox,2022,24,PG,SAC,59,35.3,0.473,0.297,0.75,23.2,3.9,5.6,1.2,0.4,2.8,24.369858356940515,5,32.497412
De'Aaron Fox,2023,25,PG,SAC,73,33.4,0.512,0.324,0.78,25.0,4.2,6.1,1.1,0.3,2.5,25.156886227544913,6,32.181628
De'Aaron Fox,2024,26,PG,SAC,74,35.9,0.465,0.369,0.738,26.6,4.6,5.6,2.0,0.4,2.6,26.080445682451256,7,33.568737
De'Aaron Fox,2025,27,PG,SAS,62,36.1,0.463,0.31,0.827,23.5,4.8,6.3,1.5,0.4,2.8,23.777950138504156,8,34.84834
De'Andre Hunter,2020,22,SF,ATL,63,32.0,0.41,0.355,0.764,12.3,4.5,1.8,0.7,0.3,1.6,15.088500000000002,3,7.06836
De'Andre Hunter,2021,23,SF,ATL,23,29.5,0.484,0.326,0.859,15.0,4.8,1.9,0.8,0.5,1.3,16.752813559322036,4,9.045127
De'Andre Hunter,2022,24,SF,ATL,53,29.8,0.442,0.379,0.765,13.4,3.3,1.3,0.7,0.4,1.3,16.26523489932886,5,8.991064
De'Andre Hunter,2023,25,SF,ATL,67,31.7,0.461,0.35,0.826,15.4,4.2,1.4,0.5,0.3,1.2,16.880252365930602,6,10.428866
De'Andre Hunter,2024,26,SF,ATL,57,29.5,0.459,0.385,0.847,15.6,3.9,1.5,0.7,0.3,1.5,17.81206779661017,7,20.686218
De'Andre Hunter,2025,27,SF,CLE,64,27.2,0.47,0.405,0.846,17.0,4.0,1.4,0.8,0.2,1.3,19.800000000000004,8,21.696429
De'Anthony Melton,2019,20,PG,PHO,50,19.7,0.391,0.305,0.75,5.0,2.7,3.2,1.4,0.5,1.5,12.543350253807107,1,0.949
De'Anthony Melton,2020,21,PG,MEM,60,19.5,0.401,0.286,0.769,7.6,3.7,2.9,1.3,0.3,1.4,16.57846153846154,2,1.416852
De'Anthony Melton,2021,22,PG,MEM,52,20.1,0.438,0.412,0.804,9.1,3.1,2.5,1.2,0.6,1.3,16.728358208955225,3,11.664963
De'Anthony Melton,2022,23,SG,MEM,73,22.7,0.404,0.374,0.75,10.8,4.5,2.7,1.4,0.5,1.5,18.561409691629958,4,10.182768
De'Anthony Melton,2023,24,PG,PHI,77,27.9,0.425,0.39,0.793,10.1,4.1,2.6,1.6,0.5,1.3,13.26967741935484,5,8.747376
De'Anthony Melton,2024,25,SG,PHI,38,26.9,0.386,0.36,0.835,11.1,3.7,3.0,1.6,0.4,1.0,15.288624535315986,6,8.237711
De'Anthony Melton,2025,26,SG,GSW,6,20.2,0.407,0.371,0.625,10.3,3.3,2.8,1.2,0.3,1.7,20.088712871287125,7,12.822
DeAndre Jordan,2010,21,C,LAC,70,16.2,0.605,0.0,0.375,4.8,5.0,0.3,0.2,0.9,1.1,11.76,2,0.73642
DeAndre Jordan,2011,22,C,LAC,80,25.6,0.686,0.0,0.452,7.1,7.2,0.5,0.5,1.8,1.3,9.545624999999998,3,0.854389
DeAndre Jordan,2012,23,C,LAC,66,27.2,0.632,0.0,0.525,7.4,8.3,0.3,0.5,2.0,1.1,9.164117647058825,4,10.079404
DeAndre Jordan,2013,24,C,LAC,82,24.5,0.643,,0.386,8.8,7.2,0.3,0.6,1.4,1.2,12.519183673469387,5,10.98655
DeAndre Jordan,2014,25,C,LAC,82,35.0,0.676,,0.428,10.4,13.6,0.9,1.0,2.5,1.5,10.104685714285713,6,10.98655
DeAndre Jordan,2015,26,C,LAC,82,34.4,0.71,0.25,0.397,11.5,15.0,0.7,1.0,2.2,1.3,10.787441860465115,7,11.440123
DeAndre Jordan,2016,27,C,LAC,77,33.7,0.703,0.0,0.43,12.7,13.8,1.2,0.7,2.3,1.4,12.306231454005934,8,19.689
DeAndre Jordan,2017,28,C,LAC,81,31.7,0.714,0.0,0.482,12.7,13.8,1.2,0.6,1.7,1.4,12.251356466876972,9,21.165675
DeAndre Jordan,2018,29,C,LAC,77,31.5,0.645,,0.58,12.0,15.2,1.5,0.5,0.9,1.8,12.690285714285714,10,22.64235
DeAndre Jordan,2019,30,C,NYK,69,29.7,0.641,,0.705,11.0,13.1,2.3,0.6,1.1,2.2,12.572121212121212,11,22.8972
DeAndre Jordan,2020,31,C,BRK,56,22.0,0.666,,0.68,8.3,10.0,1.9,0.3,0.9,1.3,12.056727272727272,12,9.881598
DeAndre Jordan,2021,32,C,BRK,57,21.9,0.763,0.0,0.5,7.5,7.5,1.6,0.3,1.1,1.5,10.855890410958905,13,12.64475
DeAndre Jordan,2022,33,C,PHI,48,13.0,0.643,,0.55,4.3,5.5,0.4,0.3,0.7,0.8,11.497846153846154,14,12.846241
DeAndre Jordan,2023,34,C,DEN,39,15.0,0.765,1.0,0.458,5.1,5.2,0.9,0.3,0.6,1.2,11.1072,15,11.380873
DeAndre Jordan,2024,35,C,DEN,36,11.0,0.624,0.0,0.491,3.9,4.4,0.7,0.2,0.4,0.6,12.632727272727273,16,3.291427
DeAndre Jordan,2025,36,C,DEN,56,12.3,0.65,,0.422,3.7,5.1,0.9,0.3,0.5,0.7,10.782439024390243,17,2.087519
DeAndre Liggins,2012,23,SF,ORL,17,6.8,0.48,0.0,0.474,1.9,0.9,0.3,0.4,0.0,0.6,13.68,4,0.473604
DeAndre Liggins,2013,24,SG,OKC,39,7.4,0.447,0.368,0.5,1.5,1.4,0.4,0.5,0.1,0.4,8.854054054054053,5,0.884293
DeAndre Liggins,2017,28,SG,DAL,62,12.5,0.387,0.37,0.625,2.5,1.7,0.9,0.8,0.2,0.7,9.40032,9,1.015696
DeAndre Liggins,2018,29,SG,NOP,58,12.5,0.377,0.358,0.4,1.7,1.3,0.8,0.6,0.2,0.3,6.17472,10,0.58812
DeAndre' Bembry,2017,22,SF,ATL,38,9.8,0.48,0.056,0.375,2.7,1.6,0.7,0.2,0.1,0.4,11.666938775510205,3,1.49976
DeAndre' Bembry,2018,23,SF,ATL,26,17.5,0.414,0.367,0.576,5.2,2.8,1.9,0.8,0.5,1.8,14.959542857142859,4,1.63464
DeAndre' Bembry,2019,24,SG,ATL,82,23.5,0.446,0.289,0.64,8.4,4.4,2.5,1.3,0.5,1.7,15.239489361702125,5,1.63464
DeAndre' Bembry,2020,25,SG,ATL,43,21.3,0.456,0.231,0.542,5.8,3.5,1.9,1.3,0.4,1.4,12.141971830985913,6,2.603982
DeJon Jarreau,2022,24,SG,IND,1,1.0,,,,0.0,0.0,0.0,0.0,0.0,0.0,0.0,5,0.19984
DeJon Jarreau,2024,26,SG,MEM,9,16.7,0.34,0.308,0.455,4.8,4.9,2.9,0.7,0.2,1.0,15.365748502994013,7,0.213253
DeJuan Blair,2010,20,PF,SAS,82,18.2,0.556,0.0,0.547,7.8,6.4,0.8,0.6,0.5,1.4,16.378021978021977,1,0.85
DeJuan Blair,2011,21,PF,SAS,81,21.4,0.501,0.0,0.657,8.3,7.0,1.0,1.2,0.5,1.4,15.725607476635515,2,0.918
DeJuan Blair,2012,22,PF,SAS,64,21.3,0.534,0.0,0.613,9.5,5.5,1.2,0.9,0.2,1.4,17.131267605633802,3,1.054
DeJuan Blair,2013,23,PF,SAS,61,14.0,0.524,0.0,0.629,5.4,3.8,0.7,0.6,0.2,0.8,14.616,4,1.054
DeJuan Blair,2014,24,PF,DAL,78,15.6,0.534,0.0,0.636,6.4,4.7,0.9,0.8,0.3,1.0,15.47076923076923,5,0.884293
DeJuan Blair,2015,25,PF,WAS,29,6.2,0.456,,0.667,1.9,1.9,0.1,0.2,0.0,0.4,14.446451612903225,6,2.0
DeJuan Blair,2016,26,C,WAS,29,7.5,0.412,0.0,0.385,2.1,2.0,0.4,0.3,0.1,0.5,14.284799999999999,7,2.0
DeMar DeRozan,2010,20,SG,TOR,77,21.6,0.498,0.25,0.763,8.6,2.9,0.7,0.6,0.2,0.8,14.166666666666666,1,2.28264
DeMar DeRozan,2011,21,SG,TOR,82,34.8,0.467,0.096,0.813,17.2,3.8,1.8,1.0,0.4,1.8,18.678620689655176,2,2.45388
DeMar DeRozan,2012,22,SG,TOR,63,35.0,0.422,0.261,0.81,16.7,3.3,2.0,0.8,0.3,2.0,19.16434285714286,3,3.34425
DeMar DeRozan,2013,23,SG,TOR,82,36.7,0.445,0.283,0.831,18.1,3.9,2.5,0.9,0.3,1.8,18.72392370572207,4,3.34425
DeMar DeRozan,2014,24,SG,TOR,79,38.2,0.429,0.305,0.824,22.7,4.3,4.0,1.1,0.4,2.2,22.16544502617801,5,9.5
DeMar DeRozan,2015,25,SG,TOR,60,35.0,0.413,0.284,0.832,20.1,4.6,3.5,1.2,0.2,2.3,22.595657142857142,6,10.1
DeMar DeRozan,2016,26,SG,TOR,78,35.9,0.446,0.338,0.85,23.5,4.5,4.0,1.0,0.3,2.2,23.66172701949861,7,10.05
DeMar DeRozan,2017,27,SG,TOR,74,35.4,0.467,0.266,0.842,27.3,5.2,3.9,1.1,0.2,2.4,27.587796610169487,8,26.5401
DeMar DeRozan,2018,28,SG,TOR,80,33.9,0.456,0.31,0.825,23.0,3.9,5.2,1.1,0.3,2.2,24.40353982300885,9,27.739975
DeMar DeRozan,2019,29,SG,SAS,77,34.9,0.481,0.156,0.83,21.2,6.0,6.2,1.1,0.5,2.6,22.907965616045846,10,27.739975
DeMar DeRozan,2020,30,SF,SAS,68,34.1,0.531,0.257,0.845,22.1,5.5,5.6,1.0,0.3,2.4,21.85759530791789,11,27.739975
DeMar DeRozan,2021,31,PF,SAS,61,33.7,0.495,0.257,0.88,21.6,4.2,6.9,0.9,0.2,2.0,21.65127596439169,12,33.80647
DeMar DeRozan,2022,32,PF,CHI,76,36.1,0.504,0.352,0.877,27.9,5.2,4.9,0.9,0.3,2.4,25.959889196675896,13,30.065035
DeMar DeRozan,2023,33,SF,CHI,74,36.2,0.504,0.324,0.872,24.5,4.6,5.1,1.1,0.5,2.1,22.69790055248619,14,28.945862
DeMar DeRozan,2024,34,SF,CHI,79,37.8,0.48,0.333,0.853,24.0,4.3,5.3,1.1,0.6,1.7,21.22666666666667,15,29.449819
DeMar DeRozan,2025,35,SF,SAC,77,35.9,0.477,0.328,0.857,22.2,3.9,4.4,0.8,0.4,1.4,20.966239554317546,16,23.4
DeMarcus Cousins,2011,20,C,SAC,81,28.5,0.43,0.167,0.687,14.1,8.6,2.5,1.0,0.8,3.3,22.61052631578948,1,3.37464
DeMarcus Cousins,2012,21,C,SAC,64,30.5,0.448,0.143,0.702,18.1,11.0,1.6,1.5,1.2,2.7,24.612196721311477,2,3.8808
DeMarcus Cousins,2013,22,C,SAC,75,30.5,0.465,0.182,0.738,17.1,9.9,2.7,1.4,0.7,3.0,22.73783606557377,3,3.8808
DeMarcus Cousins,2014,23,C,SAC,71,32.4,0.496,0.0,0.726,22.7,11.7,2.9,1.5,1.3,3.5,26.662222222222226,4,4.916974
DeMarcus Cousins,2015,24,C,SAC,59,34.1,0.467,0.25,0.782,24.1,12.7,3.6,1.5,1.7,4.3,27.921642228739007,5,14.746
DeMarcus Cousins,2016,25,C,SAC,65,34.6,0.451,0.333,0.718,26.9,11.5,3.3,1.6,1.4,3.8,29.952832369942193,6,15.85195
DeMarcus Cousins,2017,26,C,NOP,72,34.2,0.452,0.361,0.772,27.0,11.0,4.6,1.4,1.3,3.7,29.149473684210523,7,16.9579
DeMarcus Cousins,2018,27,C,NOP,48,36.2,0.47,0.354,0.746,25.2,12.9,5.4,1.6,1.6,5.0,26.460994475138122,8,18.06385
DeMarcus Cousins,2019,28,C,GSW,30,25.7,0.48,0.274,0.736,16.3,8.2,3.6,1.3,1.5,2.4,23.689961089494165,9,5.337
DeMarcus Cousins,2021,30,C,LAC,41,17.4,0.426,0.348,0.728,8.9,6.4,1.9,0.8,0.6,1.6,20.44137931034483,11,3.719241
DeMarcus Cousins,2022,31,C,DEN,48,15.0,0.46,0.303,0.76,9.0,5.6,1.5,0.7,0.4,1.8,23.3856,12,2.357725
DeMarre Carroll,2010,23,SF,MEM,71,11.2,0.396,0.0,0.623,2.9,2.1,0.5,0.4,0.1,0.3,11.918571428571429,4,1.00968
DeMarre Carroll,2011,24,PF,HOU,12,4.2,0.333,,1.0,0.8,0.7,0.3,0.1,0.1,0.0,9.325714285714287,5,1.0854
DeMarre Carroll,2012,25,SF-PF,UTA,24,14.5,0.41,0.368,0.875,4.5,2.2,0.8,0.5,0.0,0.5,12.930206896551724,6,0.88512
DeMarre Carroll,2013,26,SF,UTA,66,16.8,0.46,0.286,0.765,6.0,2.8,0.9,0.9,0.4,0.5,12.985714285714288,7,0.88512
DeMarre Carroll,2014,27,SF,ATL,73,32.1,0.47,0.362,0.773,11.1,5.5,1.8,1.5,0.3,1.1,12.040373831775701,8,2.557545
DeMarre Carroll,2015,28,SF,ATL,70,31.3,0.487,0.395,0.702,12.6,5.3,1.7,1.3,0.2,1.1,13.27744408945687,9,2.442455
DeMarre Carroll,2016,29,SF,TOR,26,30.2,0.389,0.39,0.6,11.0,4.7,1.0,1.7,0.2,1.1,14.705165562913908,10,13.6
DeMarre Carroll,2017,30,SF,TOR,72,26.1,0.4,0.341,0.761,8.9,3.8,1.0,1.1,0.4,0.8,12.557241379310344,11,14.2
DeMarre Carroll,2018,31,PF,BRK,73,29.9,0.414,0.371,0.764,13.5,6.6,2.0,0.8,0.4,1.4,16.49016722408027,12,15.4
DeMarre Carroll,2019,32,PF,BRK,67,25.4,0.395,0.342,0.76,11.1,5.2,1.3,0.5,0.1,1.1,15.99307086614173,13,15.4
DeMarre Carroll,2020,33,SF-C,HOU,24,12.1,0.379,0.242,0.69,3.6,2.3,1.0,0.3,0.2,0.7,12.769586776859505,14,0.512721
DeQuan Jones,2013,22,SF,ORL,63,12.7,0.436,0.257,0.667,3.7,1.7,0.3,0.3,0.3,0.5,12.336377952755909,3,0.473604
DeSagana Diop,2010,28,C,CHA,27,9.7,0.517,,0.222,1.2,2.4,0.2,0.2,0.5,0.4,6.056907216494846,9,6.0318
DeSagana Diop,2011,29,C,CHA,16,11.3,0.333,,0.364,1.3,2.5,0.4,0.3,0.9,0.7,7.99008849557522,10,6.4786
DeSagana Diop,2012,30,C,CHA,27,12.0,0.357,,0.167,1.1,3.1,0.9,0.2,0.5,0.7,7.163999999999999,11,6.9254
DeShawn Stevenson,2010,28,SG,DAL,64,13.8,0.282,0.218,0.714,2.1,1.4,0.9,0.3,0.1,0.5,8.4,9,3.883929
DeShawn Stevenson,2011,29,SG,DAL,72,16.1,0.388,0.378,0.767,5.3,1.5,1.1,0.3,0.1,0.6,12.217639751552793,10,4.151786
DeShawn Stevenson,2012,30,SF,NJN,51,18.8,0.285,0.283,0.563,2.9,2.0,0.8,0.4,0.1,0.4,7.529361702127659,11,2.5
DeShawn Stevenson,2013,31,SG,ATL,56,20.7,0.374,0.364,0.522,5.1,2.2,0.9,0.5,0.1,0.4,9.175652173913045,12,2.24045
Dean Wade,2021,24,PF,CLE,63,19.2,0.431,0.366,0.769,6.0,3.4,1.2,0.6,0.3,0.5,10.620000000000001,5,1.84995
Dean Wade,2022,25,PF,CLE,51,19.2,0.456,0.359,0.667,5.3,2.9,1.0,0.6,0.1,0.3,9.12,6,2.061329
Dean Wade,2023,26,PF,CLE,44,20.3,0.412,0.354,0.652,4.7,3.4,0.8,0.6,0.5,0.4,8.193103448275862,7,2.047077
Dean Wade,2024,27,PF,CLE,54,20.5,0.414,0.391,0.769,5.4,4.0,0.8,0.7,0.5,0.4,8.64,8,5.87954
Dean Wade,2025,28,PF,CLE,59,21.2,0.413,0.36,0.533,5.4,4.2,1.3,0.7,0.3,0.4,8.864150943396226,9,6.166667
Deandre Ayton,2020,21,C,PHO,38,32.5,0.546,0.231,0.753,18.2,11.5,1.9,0.7,1.5,2.1,19.951753846153846,2,9.56292
Deandre Ayton,2023,24,C,PHO,67,30.4,0.589,0.292,0.76,18.0,10.0,1.7,0.6,0.8,1.8,19.326315789473686,5,32.777478
Deandre Ayton,2024,25,C,POR,55,32.4,0.57,0.1,0.823,16.7,11.1,1.6,1.0,0.8,1.8,17.795555555555552,6,33.423936
Deandre Ayton,2025,26,C,POR,40,30.2,0.566,0.188,0.667,14.4,10.2,1.6,0.8,1.0,1.7,16.76026490066225,7,34.005126
Deividas Sirvydis,2021,20,SG,DET,20,6.7,0.35,0.357,0.5,2.1,1.5,0.3,0.1,0.0,0.3,13.067462686567163,1,1.094762
Deividas Sirvydis,2022,21,SG,DET,3,9.0,0.1,0.143,,1.0,2.0,0.3,1.0,0.3,0.0,13.2,2,1.854271
Dejounte Murray,2017,20,PG,SAS,38,8.5,0.431,0.391,0.7,3.4,1.1,1.3,0.2,0.2,1.0,18.855529411764707,1,1.18008
Dejounte Murray,2018,21,PG,SAS,81,21.5,0.443,0.265,0.709,8.1,5.7,2.9,1.2,0.4,1.7,16.73079069767442,2,1.312611
Dejounte Murray,2020,23,PG,SAS,66,25.6,0.462,0.369,0.798,10.9,5.8,4.1,1.7,0.3,1.9,17.364375,4,2.321735
Dejounte Murray,2021,24,PG,SAS,67,31.9,0.453,0.317,0.791,15.7,7.1,5.4,1.5,0.1,1.7,19.275235109717872,5,17.410226
Dejounte Murray,2022,25,PG,SAS,68,34.8,0.462,0.327,0.794,21.1,8.3,9.2,2.0,0.3,2.6,23.25931034482759,6,17.841147
Dejounte Murray,2023,26,SG,ATL,74,36.4,0.464,0.344,0.832,20.5,5.3,6.1,1.5,0.3,2.2,20.911648351648356,7,18.100303
Dejounte Murray,2024,27,SG,ATL,78,35.7,0.459,0.363,0.794,22.5,5.3,6.4,1.4,0.3,2.6,23.08840336134454,8,18.75521
Dejounte Murray,2025,28,PG,NOP,31,32.6,0.393,0.299,0.823,17.5,6.5,7.4,2.0,0.4,3.4,23.256441717791407,9,29.517135
Delon Wright,2016,23,PG,TOR,27,8.5,0.45,0.385,0.743,3.8,1.4,1.1,0.3,0.1,0.6,17.66964705882353,4,1.50936
Delon Wright,2017,24,PG,TOR,27,16.5,0.422,0.333,0.764,5.6,1.8,2.1,1.0,0.4,0.9,13.265454545454546,5,1.57728
Delon Wright,2018,25,PG,TOR,69,20.8,0.465,0.366,0.829,8.0,2.9,2.9,1.0,0.5,1.1,14.10230769230769,6,2.536898
Delon Wright,2019,26,PG,MEM,75,22.7,0.434,0.298,0.793,8.7,3.5,3.3,1.2,0.4,1.0,14.717180616740091,7,2.536898
Delon Wright,2020,27,PG,DAL,73,21.5,0.462,0.37,0.77,6.9,3.8,3.3,1.2,0.3,1.0,12.08260465116279,8,9.473684
Delon Wright,2021,28,SG-PG,SAC,63,27.7,0.463,0.372,0.802,10.2,4.3,4.4,1.6,0.5,1.3,13.490252707581227,9,10.968223
Delon Wright,2022,29,SG,ATL,77,18.9,0.454,0.379,0.857,4.4,2.9,2.4,1.2,0.2,0.6,8.48,10,9.859384
Delon Wright,2023,30,PG,WAS,50,24.4,0.474,0.345,0.867,7.4,3.6,3.9,1.8,0.3,0.9,10.664262295081967,11,8.275418
Delon Wright,2024,31,PG,MIA,47,15.8,0.394,0.368,0.822,4.5,1.8,2.5,1.1,0.2,0.3,10.8,12,8.438631
Delon Wright,2025,32,PG,NYK,40,15.9,0.344,0.274,0.6,3.1,1.7,1.9,0.9,0.3,0.6,9.427924528301887,13,2.087519
Delonte West,2010,26,SG,CLE,60,25.0,0.445,0.325,0.81,8.8,2.8,3.3,0.9,0.5,1.5,14.192639999999999,7,4.25425
Delonte West,2011,27,PG,BOS,24,18.9,0.458,0.364,0.867,5.6,1.5,2.7,0.8,0.4,1.3,12.502857142857144,8,0.854389
Delonte West,2012,28,PG,DAL,44,24.1,0.461,0.355,0.886,9.6,2.3,3.2,1.3,0.3,1.7,15.839999999999998,9,0.854389
Demetrius Jackson,2017,22,PG,BOS,5,3.4,0.75,1.0,0.5,2.0,0.8,0.6,0.0,0.0,0.0,14.061176470588236,3,1.45
Deni Avdija,2023,22,SF,WAS,76,26.6,0.437,0.297,0.739,9.2,6.4,2.8,0.9,0.4,1.6,13.761203007518796,3,5.212545
Deni Avdija,2024,23,SF,WAS,75,30.1,0.506,0.374,0.74,14.7,7.2,3.8,0.8,0.5,2.1,17.203455149501657,4,6.449292
Deni Avdija,2025,24,SF,POR,72,30.0,0.476,0.365,0.78,16.9,7.3,3.9,1.0,0.5,2.7,20.025599999999997,5,15.625
Dennis Horner,2012,23,PF,NJN,8,2.8,0.25,0.0,0.75,0.6,0.6,0.0,0.0,0.0,0.1,10.542857142857143,4,0.473604
Dennis Schroder,2014,20,PG,ATL,49,13.1,0.383,0.238,0.674,3.7,1.2,1.9,0.3,0.0,1.2,14.828702290076336,1,1.3482
Dennis Schroder,2015,21,PG,ATL,77,19.7,0.427,0.351,0.827,10.0,2.1,4.1,0.6,0.1,1.9,21.03715736040609,2,1.69068
Dennis Schroder,2016,22,PG,ATL,80,20.3,0.421,0.322,0.791,11.0,2.6,4.4,0.9,0.1,2.3,23.2528078817734,3,1.7634
Dennis Schroder,2017,23,PG,ATL,79,31.5,0.451,0.34,0.855,17.9,3.1,6.3,0.9,0.2,3.3,22.98057142857143,4,2.708582
Dennis Schroder,2018,24,PG,ATL,67,31.0,0.436,0.29,0.849,19.4,3.1,6.2,1.1,0.1,2.7,25.03741935483871,5,15.5
Dennis Schroder,2019,25,PG,OKC,79,29.3,0.414,0.341,0.819,15.5,3.6,4.1,0.8,0.2,2.2,21.47221843003413,6,15.5
Dennis Schroder,2020,26,PG,OKC,65,30.8,0.469,0.385,0.839,18.9,3.6,4.0,0.7,0.2,2.6,22.18909090909091,7,15.5
Dennis Schroder,2025,31,PG,DET,75,28.1,0.406,0.342,0.838,13.1,2.6,5.4,0.9,0.2,1.9,18.161423487544482,12,13.02525
Dennis Smith Jr.,2018,20,PG,DAL,69,29.7,0.395,0.313,0.694,15.2,3.8,5.2,1.0,0.3,2.8,22.826666666666668,1,3.21828
Dennis Smith Jr.,2019,21,PG,NYK,53,28.5,0.428,0.322,0.635,13.6,2.9,4.8,1.3,0.4,2.9,20.81178947368421,2,3.81996
Dennis Smith Jr.,2020,22,PG,NYK,34,15.8,0.341,0.296,0.509,5.5,2.3,2.9,0.8,0.2,1.7,19.604050632911388,3,4.46364
Denzel Valentine,2017,23,SG,CHI,57,17.1,0.354,0.351,0.778,5.1,2.6,1.1,0.5,0.1,0.9,12.909473684210525,4,2.0922
Denzel Valentine,2018,24,SG,CHI,77,27.2,0.417,0.386,0.745,10.2,5.1,3.2,0.8,0.1,1.3,14.569411764705883,5,2.2806
Denzel Valentine,2020,26,SF,CHI,36,13.6,0.409,0.336,0.75,6.8,2.1,1.2,0.7,0.2,0.7,19.556470588235296,7,3.377569
Denzel Valentine,2021,27,SG,CHI,62,16.7,0.373,0.331,0.941,6.5,3.2,1.7,0.5,0.1,0.7,16.236646706586825,8,5.65814
Denzel Valentine,2022,28,SG,UTA,24,9.3,0.379,0.404,,2.9,1.8,0.5,0.3,0.0,0.5,12.774193548387096,9,1.16286
Deonte Burton,2019,25,SG,OKC,32,7.5,0.402,0.296,0.667,2.6,0.9,0.3,0.2,0.3,0.3,14.764800000000001,6,0.151587
Deonte Burton,2020,26,SF,OKC,39,9.1,0.344,0.189,0.571,2.7,1.5,0.4,0.2,0.3,0.5,15.333626373626375,7,1.416852
Deonte Burton,2023,29,SG,SAC,2,3.0,0.0,0.0,0.0,0.0,0.0,0.0,0.0,0.0,0.0,12.0,10,0.111883
Dereck Lively II,2025,20,C,DAL,36,23.1,0.702,,0.63,8.7,7.5,2.4,0.6,1.6,1.1,11.345454545454544,1,5.01456
Derek Fisher,2010,35,PG,LAL,82,27.2,0.38,0.348,0.856,7.5,2.1,2.5,1.1,0.1,1.0,11.25529411764706,16,5.048
Derek Fisher,2011,36,PG,LAL,82,28.0,0.389,0.396,0.806,6.8,1.9,2.7,1.2,0.1,0.9,10.249714285714287,17,3.7
Derek Fisher,2012,37,PG,OKC,63,23.9,0.371,0.321,0.851,5.6,1.9,2.7,0.8,0.1,1.2,10.821087866108789,18,2.329545
Derek Fisher,2013,38,SG-PG,OKC,33,17.4,0.342,0.375,0.921,5.3,1.1,1.4,0.6,0.1,0.9,13.092413793103452,19,0.261343
Dereon Seabron,2023,22,SG,NOP,5,2.4,0.4,0.0,0.0,0.8,0.2,0.0,0.0,0.0,0.0,15.0,3,0.542672
Dereon Seabron,2024,23,SG,NOP,6,9.2,0.308,0.5,0.833,2.3,1.2,0.8,0.3,0.2,0.0,10.330434782608696,4,0.576415
Deron Williams,2010,25,PG,UTA,76,36.9,0.469,0.371,0.801,18.7,4.0,10.5,1.3,0.2,3.3,19.14146341463415,6,13.5205
Deron Williams,2011,26,PG,NJN,65,37.9,0.439,0.331,0.845,20.1,4.0,10.3,1.2,0.2,3.5,20.20559366754617,7,14.940153
Deron Williams,2012,27,PG,NJN,55,36.3,0.407,0.336,0.843,21.0,3.3,8.7,1.2,0.4,4.0,23.72231404958678,8,16.359805
Deron Williams,2013,28,PG,BRK,78,36.4,0.44,0.378,0.859,18.9,3.0,7.7,1.0,0.4,2.8,19.056263736263737,9,17.177795
Deron Williams,2014,29,PG,BRK,64,32.2,0.45,0.366,0.801,14.3,2.6,6.1,1.5,0.2,2.2,16.653913043478262,10,18.46613
Deron Williams,2015,30,PG,BRK,68,31.1,0.387,0.367,0.834,13.0,3.5,6.6,0.9,0.3,2.3,17.525401929260447,11,19.754465
Deron Williams,2016,31,PG,DAL,65,32.4,0.414,0.344,0.869,14.1,2.9,5.8,0.9,0.2,2.3,17.342222222222222,12,5.378974
Deron Williams,2017,32,PG,CLE,64,25.9,0.438,0.363,0.826,11.0,2.3,5.6,0.5,0.1,2.2,17.163243243243244,13,0.259526
Derrick Brown,2010,22,SF,CHA,57,9.4,0.463,0.286,0.667,3.3,1.4,0.3,0.4,0.2,0.3,13.297021276595745,3,0.457588
Derrick Brown,2011,23,SF,NYK,49,11.8,0.565,0.5,0.533,3.8,2.0,0.7,0.4,0.2,0.7,11.98372881355932,4,0.762195
Derrick Brown,2012,24,SF,CHA,65,22.2,0.518,0.25,0.667,8.1,3.6,1.0,0.7,0.2,0.8,13.083243243243242,5,0.854389
Derrick Byars,2012,27,PF,SAS,2,18.5,0.273,0.0,1.0,5.0,5.5,0.5,1.0,0.0,0.0,12.415135135135136,8,0.854389
Derrick Caracter,2011,22,C,LAL,41,5.2,0.485,,0.739,2.0,1.0,0.2,0.1,0.2,0.5,16.366153846153846,3,0.473604
Derrick Favors,2011,19,PF,UTA,78,19.7,0.517,,0.595,6.8,5.3,0.5,0.4,0.9,1.0,13.281624365482232,1,4.13328
Derrick Favors,2012,20,PF,UTA,65,21.2,0.499,,0.649,8.8,6.5,0.7,0.6,1.0,1.6,16.50566037735849,1,4.75332
Derrick Favors,2013,21,PF,UTA,77,23.2,0.482,0.0,0.688,9.4,7.1,1.0,0.9,1.7,1.7,16.442068965517244,2,4.75332
Derrick Favors,2014,22,PF,UTA,73,30.2,0.522,0.0,0.669,13.3,8.7,1.2,1.0,1.5,1.8,16.35019867549669,3,6.008196
Derrick Favors,2015,23,PF,UTA,74,30.8,0.525,0.167,0.669,16.0,8.2,1.5,0.8,1.7,1.6,18.677922077922076,4,12.95
Derrick Favors,2016,24,PF,UTA,62,32.0,0.515,0.0,0.709,16.4,8.1,1.5,1.2,1.5,1.7,18.679499999999997,5,12.0
Derrick Favors,2017,25,PF,UTA,50,23.7,0.487,0.3,0.615,9.5,6.1,1.1,0.9,0.8,1.2,15.900759493670886,6,11.05
Derrick Favors,2018,26,C,UTA,77,28.0,0.563,0.222,0.651,12.3,7.2,1.3,0.7,1.1,1.1,14.698285714285714,7,12.0
Derrick Favors,2019,27,C,UTA,76,23.2,0.586,0.218,0.675,11.8,7.4,1.2,0.7,1.4,1.1,16.324137931034482,8,16.9
Derrick Favors,2020,28,C,NOP,51,24.4,0.617,0.143,0.563,9.0,9.8,1.6,0.6,0.9,1.1,12.269508196721311,9,17.65
Derrick Favors,2021,29,C,UTA,68,15.3,0.638,0.0,0.738,5.4,5.5,0.6,0.5,1.0,0.5,10.889411764705882,10,11.282645
Derrick Favors,2022,30,C,OKC,39,16.7,0.516,0.125,0.64,5.3,4.7,0.6,0.4,0.3,0.2,11.131976047904194,11,11.240738
Derrick Jones Jr.,2017,19,SF,PHO,32,17.0,0.562,0.273,0.707,5.3,2.5,0.4,0.4,0.4,0.4,10.105411764705883,1,0.543471
Derrick Jones Jr.,2019,21,SF,MIA,60,19.2,0.494,0.308,0.607,7.0,4.0,0.6,0.8,0.7,0.7,13.087500000000002,2,1.512601
Derrick Jones Jr.,2020,22,SF,MIA,59,23.3,0.527,0.28,0.772,8.5,3.9,1.1,1.0,0.6,0.5,11.316051502145925,3,1.645357
Derrick Jones Jr.,2025,27,SF,LAC,77,24.3,0.526,0.356,0.703,10.1,3.4,0.8,1.0,0.4,0.9,13.57037037037037,8,9.52381
Derrick Rose,2010,21,PG,CHI,78,36.8,0.489,0.267,0.766,20.8,3.8,6.0,0.7,0.3,2.8,21.807391304347828,2,5.18448
Derrick Rose,2011,22,PG,CHI,81,37.4,0.445,0.332,0.858,25.0,4.1,7.7,1.0,0.6,3.4,25.157647058823528,3,5.54616
Derrick Rose,2012,23,PG,CHI,39,35.3,0.435,0.312,0.812,21.8,3.4,7.9,0.9,0.7,3.1,24.051671388101987,4,6.993708
Derrick Rose,2014,25,PG,CHI,10,31.1,0.354,0.34,0.844,15.9,3.2,4.3,0.5,0.1,3.4,24.549453376205786,6,17.632688
Derrick Rose,2015,26,PG,CHI,51,30.0,0.405,0.28,0.813,17.7,3.2,4.9,0.7,0.3,3.2,25.473599999999998,7,18.862876
Derrick Rose,2016,27,PG,CHI,66,31.8,0.427,0.293,0.793,16.4,3.4,4.7,0.7,0.2,2.7,22.401509433962264,8,20.093064
Derrick Rose,2017,28,PG,NYK,64,32.5,0.471,0.217,0.874,18.0,3.8,4.4,0.7,0.3,2.3,21.444923076923082,9,21.323252
Derrick Rose,2018,29,PG,MIN,25,16.8,0.435,0.233,0.87,8.4,1.4,1.5,0.3,0.2,1.4,20.554285714285715,10,0.290951
Derrick Rose,2019,30,PG,MIN,51,27.3,0.482,0.37,0.856,18.0,2.7,4.3,0.6,0.2,1.6,23.42505494505495,11,1.512601
Derrick Rose,2020,31,PG,DET,50,26.0,0.49,0.306,0.871,18.1,2.4,5.6,0.8,0.3,2.5,26.075076923076924,12,7.317073
Derrick Rose,2021,32,PG,NYK,50,25.6,0.47,0.388,0.866,14.7,2.6,4.2,1.0,0.4,1.6,20.953124999999996,13,9.363116
Derrick Rose,2022,33,PG,NYK,26,24.5,0.445,0.402,0.968,12.0,3.0,4.0,0.8,0.5,1.5,18.40848979591837,14,15.547231
Derrick Rose,2023,34,PG,NYK,27,12.5,0.384,0.302,0.917,5.6,1.5,1.7,0.3,0.2,0.8,19.802880000000002,15,15.396155
Derrick Rose,2024,35,PG,MEM,24,16.6,0.461,0.366,0.889,8.0,1.9,3.3,0.3,0.1,1.3,18.83277108433735,16,3.291427
Derrick Walton,2022,26,PG,DET,3,36.0,0.231,0.231,1.0,6.3,3.3,7.0,2.3,1.3,3.7,12.971999999999998,7,0.110928
Derrick White,2018,23,PG,SAS,17,8.2,0.485,0.615,0.7,3.2,1.5,0.5,0.2,0.2,0.4,12.415609756097561,4,1.4046
Derrick White,2019,24,PG,SAS,67,25.8,0.479,0.338,0.772,9.9,3.7,3.9,1.0,0.7,1.4,14.36093023255814,5,1.66716
Derrick White,2020,25,SG,SAS,68,24.7,0.458,0.366,0.853,11.3,3.3,3.5,0.6,0.9,1.3,15.68842105263158,6,1.94808
Derrick White,2021,26,SG,SAS,36,29.6,0.411,0.346,0.851,15.4,3.0,3.5,0.7,1.0,1.3,18.617837837837836,7,4.285265
Derrick White,2022,27,SG,BOS,75,29.3,0.421,0.312,0.864,13.2,3.5,4.9,0.9,0.8,1.6,16.788532423208192,8,18.129876
Derrick White,2023,28,SG,BOS,82,28.3,0.462,0.381,0.875,12.4,3.6,3.9,0.7,0.9,1.2,14.51703180212014,9,18.176365
Derrick White,2024,29,SG,BOS,73,32.6,0.461,0.396,0.901,15.2,4.2,5.2,1.0,1.2,1.5,15.376196319018405,10,19.417463
Derrick White,2025,30,SG,BOS,76,33.9,0.442,0.384,0.839,16.4,4.5,4.8,0.9,1.1,1.7,16.167079646017697,11,20.071429
Derrick Williams,2012,20,PF,MIN,66,21.5,0.412,0.268,0.697,8.8,4.7,0.6,0.5,0.5,1.2,16.77767441860465,1,4.60272
Derrick Williams,2013,21,PF,MIN,78,24.6,0.43,0.332,0.706,12.0,5.5,0.6,0.6,0.5,1.3,18.93658536585366,2,4.80984
Derrick Williams,2014,22,SF-PF,SAC,78,23.3,0.427,0.263,0.718,8.0,4.1,0.7,0.6,0.3,1.0,13.367896995708156,3,5.01696
Derrick Williams,2015,23,PF,SAC,74,19.8,0.447,0.314,0.684,8.3,2.7,0.7,0.5,0.1,0.8,15.534545454545453,4,6.331404
Derrick Williams,2016,24,SF,NYK,80,17.9,0.45,0.293,0.758,9.3,3.7,0.9,0.4,0.1,0.8,18.72,5,4.0
Derrick Williams,2017,25,PF,CLE,50,16.1,0.443,0.309,0.652,6.1,2.6,0.6,0.3,0.1,0.6,14.069068322981366,6,0.115344
Desmond Bane,2021,22,SG,MEM,68,22.3,0.469,0.432,0.816,9.2,3.1,1.7,0.6,0.2,0.9,13.73488789237668,3,2.359922
Desmond Bane,2022,23,SF,MEM,76,29.8,0.461,0.436,0.903,18.2,4.4,2.7,1.2,0.4,1.5,20.391946308724833,4,2.351039
Desmond Bane,2023,24,SG,MEM,58,31.7,0.479,0.408,0.883,21.5,5.0,4.4,1.0,0.4,2.2,22.644794952681387,5,2.258667
Desmond Bane,2024,25,SG,MEM,42,34.4,0.464,0.381,0.87,23.7,4.4,5.5,1.0,0.5,2.7,23.935813953488374,6,3.959335
Desmond Bane,2025,26,SG,MEM,69,32.0,0.484,0.392,0.894,19.2,6.1,5.3,1.2,0.4,2.4,20.7855,7,34.00525
Desmond Mason,2010,32,SF,SAC,5,13.2,0.417,,0.75,2.6,2.6,0.4,0.2,0.2,0.8,9.687272727272727,13,0.825497
Devean George,2010,32,SF,GSW,45,16.9,0.432,0.39,0.696,5.4,2.5,0.7,0.9,0.2,0.3,10.906508875739643,13,1.6
Devin Booker,2016,19,SG,PHO,76,27.7,0.423,0.343,0.84,13.8,2.5,2.6,0.6,0.3,2.1,19.489386281588448,1,2.12784
Devin Booker,2017,20,SG,PHO,78,35.0,0.423,0.363,0.832,22.1,3.2,3.4,0.9,0.3,3.1,24.591085714285718,1,2.2236
Devin Booker,2018,21,SG,PHO,54,34.5,0.432,0.383,0.878,24.9,4.5,4.7,0.9,0.3,3.6,26.905043478260872,2,2.31936
Devin Booker,2019,22,SG,PHO,64,35.0,0.467,0.326,0.866,26.6,4.1,6.8,0.9,0.2,4.1,27.5904,3,3.314365
Devin Booker,2020,23,SG,PHO,70,35.9,0.489,0.354,0.919,26.6,4.2,6.5,0.7,0.3,3.8,25.382506963788305,4,27.285
Devin Booker,2021,24,SG,PHO,67,33.9,0.484,0.34,0.867,25.6,4.2,4.3,0.8,0.2,3.1,26.43823008849558,5,35.912155
Devin Booker,2022,25,SG,PHO,68,34.5,0.466,0.383,0.868,26.8,5.0,4.8,1.1,0.4,2.4,26.746434782608695,6,36.599093
Devin Booker,2023,26,SG,PHO,53,34.6,0.494,0.351,0.855,27.8,4.5,5.5,1.0,0.3,2.7,26.835606936416184,7,35.873148
Devin Booker,2024,27,PG,PHO,68,36.0,0.492,0.364,0.886,27.1,4.5,6.9,0.9,0.4,2.6,24.748,8,37.086384
Devin Booker,2025,28,SG,PHO,75,37.3,0.461,0.332,0.894,25.6,4.1,7.1,0.9,0.2,2.9,23.75806970509383,9,49.2058
Devin Brown,2010,31,SG,CHI,50,21.2,0.377,0.354,0.802,8.0,2.5,1.3,0.7,0.1,1.2,15.53433962264151,12,1.107572
Devin Cannady,2022,25,PG,ORL,5,29.0,0.341,0.405,0.714,10.0,1.2,2.0,1.0,0.6,1.0,12.930206896551724,6,0.214592
Devin Carter,2025,22,PG,SAC,36,11.0,0.37,0.295,0.591,3.8,2.1,1.1,0.6,0.1,0.5,14.818909090909091,3,4.689
Devin Ebanks,2011,21,SG,LAL,20,5.9,0.412,0.4,0.783,3.1,1.4,0.1,0.2,0.3,0.3,20.916610169491523,2,0.473604
Devin Ebanks,2012,22,SG,LAL,24,16.5,0.416,0.0,0.657,4.0,2.3,0.5,0.5,0.3,0.8,11.258181818181818,3,0.762195
Devin Harris,2010,26,PG,NJN,64,34.7,0.403,0.276,0.798,16.9,3.2,6.6,1.2,0.3,2.8,19.960806916426513,7,8.4
Devin Harris,2011,27,PG,UTA,71,31.7,0.422,0.322,0.833,15.2,2.4,7.1,1.0,0.1,2.9,19.20151419558359,8,8.981
Devin Harris,2012,28,PG,UTA,63,27.6,0.445,0.362,0.746,11.3,1.8,5.0,1.0,0.2,1.9,15.589565217391304,9,9.319
Devin Harris,2013,29,SG,ATL,58,24.5,0.438,0.335,0.727,9.9,2.0,3.4,1.1,0.2,1.5,15.117061224489795,10,8.5
Devin Harris,2014,30,PG,DAL,40,20.5,0.378,0.307,0.8,7.9,2.1,4.5,0.7,0.1,1.5,16.113951219512195,11,0.884293
Devin Harris,2015,31,PG,DAL,76,22.2,0.418,0.357,0.815,8.8,1.8,3.1,1.0,0.2,1.1,14.471351351351355,12,3.878896
Devin Harris,2016,32,PG,DAL,64,20.0,0.447,0.329,0.721,7.6,2.2,1.8,0.9,0.2,1.0,13.982399999999998,13,4.053446
Devin Harris,2017,33,PG,DAL,65,16.7,0.399,0.328,0.829,6.7,2.0,2.1,0.7,0.1,0.9,15.04670658682635,14,4.227996
Devin Harris,2018,34,PG,DEN,71,18.9,0.412,0.348,0.835,8.4,1.8,2.1,0.7,0.2,1.1,16.29714285714286,15,4.402546
Devin Harris,2019,35,PG,DAL,68,15.8,0.38,0.31,0.761,6.3,1.6,1.8,0.5,0.2,0.8,15.448101265822784,16,1.512601
Devin Vassell,2021,20,SF,SAS,62,17.0,0.406,0.347,0.843,5.5,2.8,0.9,0.7,0.3,0.4,11.96894117647059,1,4.915518
Devin Vassell,2022,21,SF,SAS,71,27.3,0.427,0.361,0.838,12.3,4.3,1.9,1.1,0.6,0.8,16.10901098901099,2,4.897316
Devin Vassell,2023,22,SG,SAS,38,31.0,0.439,0.387,0.78,18.5,3.9,3.6,1.1,0.4,1.5,21.302709677419355,3,4.704497
Devin Vassell,2024,23,SG,SAS,68,33.1,0.472,0.372,0.801,19.5,3.8,4.1,1.1,0.3,1.6,20.033836858006044,4,6.062851
Devin Vassell,2025,24,SG,SAS,64,31.0,0.443,0.368,0.792,16.3,4.0,2.9,1.3,0.5,1.4,18.73858064516129,5,29.347826
Devon Dotson,2021,21,PG,CHI,11,4.5,0.524,0.143,,2.1,0.5,0.6,0.4,0.0,0.0,15.199999999999998,2,0.547332
Devon Dotson,2022,22,PG,CHI,11,7.7,0.478,0.222,0.556,2.6,0.8,1.4,0.1,0.0,0.5,13.80155844155844,3,0.276703
Devon Dotson,2023,23,PG,WAS,6,8.8,0.1,0.25,0.0,0.5,1.7,1.3,0.8,0.0,0.5,9.0,4,0.179856
Devontae Cacok,2021,24,PF,LAL,20,4.9,0.586,,0.455,2.0,1.6,0.1,0.3,0.2,0.3,15.16408163265306,5,0.547332
Devontae Cacok,2022,25,PF,SAS,15,8.1,0.677,,0.571,3.1,2.8,0.4,0.5,0.5,0.2,11.200000000000003,6,0.839656
Devonte' Graham,2019,23,PG,CHO,46,14.7,0.343,0.281,0.761,4.7,1.4,2.6,0.5,0.0,0.7,14.302040816326533,4,0.988464
Devonte' Graham,2020,24,PG,CHO,63,35.1,0.382,0.373,0.82,18.2,3.4,7.5,1.0,0.2,2.9,20.336410256410254,5,1.416852
Devyn Marble,2015,22,SG,ORL,16,13.0,0.318,0.182,0.313,2.3,1.9,1.1,0.6,0.1,0.6,10.633846153846154,3,0.884879
Devyn Marble,2016,23,SG,ORL,28,8.9,0.296,0.25,0.417,2.1,1.4,0.4,0.5,0.0,0.3,12.9276404494382,4,0.845059
Dewan Hernandez,2020,23,C,TOR,6,4.7,0.357,0.5,0.6,2.3,2.3,0.5,0.2,0.0,0.5,24.14297872340425,4,0.89831
Dewayne Dedmon,2014,24,C,ORL,31,12.6,0.458,,0.656,3.1,4.1,0.2,0.2,0.7,0.6,10.685714285714287,5,0.3
Dewayne Dedmon,2015,25,C,ORL,59,14.3,0.562,0.0,0.531,3.7,5.0,0.2,0.3,0.8,0.9,10.281398601398603,6,0.816482
Dewayne Dedmon,2016,26,C,ORL,58,12.2,0.559,,0.75,4.4,3.9,0.2,0.4,0.8,0.6,12.605901639344264,7,0.947276
Dewayne Dedmon,2017,27,C,SAS,76,17.5,0.622,,0.699,5.1,6.5,0.6,0.5,0.8,0.8,9.726171428571428,8,2.898
Dewayne Dedmon,2018,28,C,ATL,62,24.9,0.524,0.355,0.779,10.0,7.9,1.5,0.6,0.8,1.4,14.047228915662654,9,7.2
Dewayne Dedmon,2019,29,C,ATL,64,25.1,0.492,0.382,0.814,10.8,7.5,1.4,1.1,1.1,1.3,14.761434262948207,10,7.2
Dewayne Dedmon,2020,30,C,ATL,44,17.6,0.4,0.206,0.833,5.8,5.7,0.5,0.6,0.9,1.3,15.24272727272727,11,13.333333
Dewayne Dedmon,2021,31,C,MIA,16,13.1,0.708,0.2,0.741,7.1,5.4,0.8,0.6,0.4,0.8,15.5212213740458,12,4.201411
Dewayne Dedmon,2022,32,C,MIA,67,15.9,0.566,0.404,0.75,6.3,5.8,0.7,0.4,0.6,1.0,13.49433962264151,13,6.078118
Dewayne Dedmon,2023,33,C,PHI,38,11.2,0.51,0.308,0.673,5.2,3.5,0.7,0.2,0.5,0.7,16.94571428571429,14,8.783094
Dexter Dennis,2024,24,SG,DAL,4,7.5,0.526,0.125,0.333,5.5,2.3,1.0,0.0,0.3,0.8,28.569599999999998,5,0.21864
Dexter Pittman,2011,22,C,MIA,2,5.5,0.333,,,1.0,1.5,0.0,0.0,0.0,1.0,16.363636363636363,3,0.473604
Dexter Pittman,2012,23,C,MIA,35,8.6,0.468,,0.643,3.0,2.0,0.3,0.2,0.2,0.5,14.868837209302326,4,0.762195
Dexter Pittman,2013,24,C,MEM,11,2.9,0.364,,0.0,0.7,1.1,0.0,0.0,0.0,0.3,17.776551724137935,5,0.854389
Deyonta Davis,2017,20,C,MEM,36,6.6,0.511,,0.556,1.6,1.7,0.1,0.1,0.5,0.2,9.381818181818183,1,1.369299
Deyonta Davis,2018,21,C,MEM,62,15.2,0.608,,0.667,5.8,4.0,0.6,0.2,0.6,0.5,12.306315789473684,2,1.312611
Deyonta Davis,2019,22,C,ATL,9,13.1,0.682,0.0,0.6,4.0,4.0,0.6,0.3,0.6,0.3,8.749923664122138,3,0.025367
Diamond Stone,2017,19,C,LAC,7,3.4,0.231,,1.0,1.4,0.9,0.0,0.0,0.1,0.3,26.089411764705876,1,0.543471
Diante Garrett,2013,24,PG,PHO,19,7.8,0.327,0.2,0.5,2.1,0.8,1.6,0.5,0.0,0.8,16.70769230769231,5,0.473604
Diante Garrett,2014,25,PG,UTA,71,14.8,0.381,0.375,0.833,3.5,1.4,1.7,0.6,0.1,1.1,11.889729729729728,6,0.719266
Didi Louzada,2021,21,SF,NOP,3,18.7,0.231,0.25,,2.7,1.0,1.0,0.7,0.0,1.0,10.203208556149733,2,0.149967
Didi Louzada,2022,22,SG-SF,POR,9,14.3,0.364,0.391,1.0,3.9,1.9,0.6,0.2,0.2,0.6,11.046713286713285,3,2.066251
Dillon Brooks,2018,22,SF,MEM,82,28.7,0.44,0.356,0.747,11.0,3.1,1.6,0.9,0.2,1.5,14.776306620209061,3,0.815615
Dillon Brooks,2019,23,SF,MEM,18,18.3,0.402,0.375,0.733,7.5,1.7,0.9,0.6,0.2,1.1,17.01245901639344,4,1.378242
Dillon Brooks,2020,24,SG,MEM,73,28.9,0.407,0.358,0.808,16.2,3.3,2.1,0.9,0.4,1.7,21.83916955017301,5,1.61852
Dillon Brooks,2021,25,SF,MEM,67,29.8,0.419,0.344,0.815,17.2,2.9,2.3,1.2,0.4,1.8,22.320000000000004,6,13.893082
Dillon Brooks,2022,26,SF,MEM,32,27.7,0.432,0.309,0.849,18.4,3.2,2.8,1.1,0.3,1.6,25.280577617328518,7,14.107439
Dillon Brooks,2023,27,SF,MEM,73,30.3,0.396,0.326,0.779,14.3,3.3,2.6,0.9,0.2,1.4,18.91960396039604,8,12.087283
Dillon Brooks,2024,28,SF,HOU,72,30.9,0.428,0.359,0.844,12.7,3.4,1.7,0.9,0.1,1.2,14.889320388349514,9,23.300028
Dillon Brooks,2025,29,SF,HOU,75,31.8,0.429,0.397,0.818,14.0,3.7,1.7,0.8,0.2,1.0,15.400754716981133,10,22.255493
Dillon Jones,2025,23,SF,OKC,54,10.2,0.383,0.254,0.607,2.5,2.2,1.1,0.3,0.1,0.5,11.364705882352942,4,2.62236
Dion Waiters,2013,21,SG,CLE,61,28.8,0.412,0.31,0.746,14.7,2.4,3.0,1.0,0.3,2.0,21.175,2,3.7266
Dion Waiters,2014,22,SG,CLE,70,29.6,0.433,0.368,0.685,15.9,2.8,3.0,0.9,0.2,2.2,21.765405405405406,3,3.89424
Dion Waiters,2015,23,SG,OKC,80,27.6,0.396,0.297,0.68,11.8,2.4,2.0,1.1,0.3,1.4,18.48,4,4.062
Dion Waiters,2016,24,SG,OKC,78,27.6,0.399,0.358,0.713,9.8,2.6,2.0,1.0,0.2,1.5,14.97391304347826,5,5.13843
Dion Waiters,2017,25,SG,MIA,46,30.1,0.424,0.395,0.646,15.8,3.3,4.3,0.9,0.4,2.2,21.327308970099665,6,2.898
Dion Waiters,2018,26,SG,MIA,30,30.6,0.398,0.306,0.739,14.3,2.6,3.8,0.8,0.3,2.3,20.014117647058825,7,11.55
Dion Waiters,2019,27,SG,MIA,44,25.9,0.414,0.377,0.5,12.0,2.6,2.8,0.7,0.2,1.5,17.847104247104248,8,11.55
Dion Waiters,2020,28,SG,LAL,10,20.7,0.414,0.319,0.824,11.1,2.4,2.0,0.4,0.6,1.6,21.300869565217393,9,0.375385
Dionte Christmas,2014,27,SF,PHO,31,6.4,0.355,0.29,0.75,2.3,1.2,0.3,0.1,0.1,0.2,14.354999999999999,8,0.49018
Dirk Nowitzki,2010,31,PF,DAL,81,37.5,0.481,0.421,0.915,25.0,7.7,2.7,0.9,1.0,1.8,22.52928,12,19.795714
Dirk Nowitzki,2011,32,PF,DAL,73,34.3,0.517,0.393,0.892,23.0,7.0,2.6,0.5,0.6,1.9,21.814110787172012,13,17.278618
Dirk Nowitzki,2012,33,PF,DAL,62,33.5,0.457,0.368,0.896,21.6,6.7,2.2,0.7,0.5,1.9,22.683223880597012,14,19.092873
Dirk Nowitzki,2013,34,PF,DAL,53,31.3,0.471,0.414,0.86,17.3,6.8,2.5,0.7,0.7,1.3,19.074249201277954,15,20.907128
Dirk Nowitzki,2014,35,PF,DAL,80,32.9,0.497,0.398,0.899,21.7,6.2,2.7,0.9,0.6,1.5,21.302370820668692,16,22.721381
Dirk Nowitzki,2015,36,PF,DAL,77,29.6,0.459,0.38,0.882,17.3,5.9,1.9,0.5,0.4,1.1,20.155135135135136,17,7.974482
Dirk Nowitzki,2016,37,PF,DAL,75,31.5,0.448,0.368,0.893,18.3,6.5,1.8,0.7,0.7,1.1,20.032,18,8.333334
Dirk Nowitzki,2017,38,PF,DAL,54,26.4,0.437,0.378,0.875,14.2,6.5,1.5,0.6,0.7,0.9,19.66909090909091,19,25.0
Dirk Nowitzki,2018,39,C,DAL,77,24.7,0.456,0.409,0.898,12.0,5.7,1.6,0.6,0.6,0.7,16.201457489878543,20,5.0
Dirk Nowitzki,2019,40,PF,DAL,51,15.6,0.359,0.312,0.78,7.3,3.1,0.7,0.2,0.4,0.4,19.015384615384615,20,5.0
Domantas Sabonis,2017,20,PF,OKC,81,20.1,0.399,0.321,0.657,5.9,3.6,1.0,0.5,0.4,1.0,12.98865671641791,1,2.4402
Domantas Sabonis,2018,21,C,IND,74,24.5,0.514,0.351,0.75,11.6,7.7,2.0,0.5,0.4,1.9,17.808979591836735,2,2.6598
Domantas Sabonis,2019,22,C,IND,74,24.8,0.59,0.529,0.715,14.1,9.3,2.9,0.6,0.4,2.2,19.474838709677417,3,2.6598
Domantas Sabonis,2020,23,PF,IND,62,34.8,0.54,0.254,0.723,18.5,12.4,5.0,0.8,0.5,2.7,19.15034482758621,4,3.529555
Domantas Sabonis,2021,24,PF,IND,62,36.0,0.535,0.321,0.732,20.3,12.0,6.7,1.2,0.5,3.4,20.331999999999997,5,24.13009
Domantas Sabonis,2022,25,C-PF,SAC,62,34.5,0.573,0.312,0.741,18.9,12.1,5.2,1.0,0.4,3.1,18.757565217391306,6,21.392429
Domantas Sabonis,2023,26,C,SAC,79,34.6,0.615,0.373,0.742,19.1,12.3,7.3,0.8,0.5,2.9,17.916763005780346,7,22.372076
Domantas Sabonis,2024,27,C,SAC,82,35.7,0.594,0.379,0.704,19.4,13.7,8.2,0.9,0.6,3.3,18.699831932773108,8,30.170619
Domantas Sabonis,2025,28,C,SAC,70,34.7,0.59,0.417,0.754,19.1,13.9,6.0,0.7,0.4,2.9,18.159769452449567,9,40.5
Dominic McGuire,2010,24,SF,SAC,51,6.0,0.365,,0.0,0.7,1.5,0.2,0.1,0.1,0.3,8.064,5,0.825497
Dominic McGuire,2011,25,SF,CHA,52,14.6,0.396,0.0,0.769,3.3,3.8,0.8,0.2,0.6,0.5,10.730958904109592,6,0.211084
Dominic McGuire,2012,26,PF,GSW,64,17.6,0.448,0.0,0.736,3.5,3.8,1.7,0.7,0.6,0.9,9.310909090909089,7,0.854389
Dominic McGuire,2013,27,SF,IND,26,14.9,0.429,,0.3,2.0,3.0,0.8,0.5,0.4,0.5,6.948724832214766,8,0.068902
Dominick Barlow,2023,19,SF,SAS,28,14.6,0.535,0.0,0.72,3.9,3.6,0.9,0.4,0.7,0.5,9.853150684931506,1,0.539571
Dominick Barlow,2024,20,PF,SAS,33,12.7,0.496,0.333,0.69,4.4,3.4,1.1,0.4,0.4,0.3,12.109606299212599,1,1.045573
Dominick Barlow,2025,21,SF,ATL,35,10.7,0.531,0.259,0.636,4.2,2.4,0.5,0.3,0.5,0.1,12.43514018691589,2,0.491887
Dominique Jones,2011,22,SG,DAL,18,7.5,0.311,0.0,0.824,2.3,1.4,1.1,0.3,0.2,0.6,16.7808,3,1.11012
Dominique Jones,2012,23,SG,DAL,33,8.1,0.397,0.125,0.784,2.7,1.3,1.3,0.3,0.2,0.8,15.484444444444446,4,1.19328
Dominique Jones,2013,24,PG,DAL,29,11.7,0.367,0.111,0.66,4.0,1.6,2.9,0.5,0.1,1.3,18.129230769230766,5,1.27656
Donald Sloan,2012,24,PG,CLE,33,20.3,0.399,0.08,0.767,5.5,2.0,3.2,0.4,0.1,1.5,14.002758620689653,5,0.160414
Donald Sloan,2013,25,SG-PG,NOH,23,11.4,0.346,0.368,0.8,3.5,1.2,1.7,0.2,0.0,0.6,14.16,6,0.061467
Donald Sloan,2014,26,SG,IND,48,8.2,0.376,0.238,0.6,2.3,0.9,1.0,0.2,0.0,0.5,13.50439024390244,7,0.884293
Donald Sloan,2015,27,PG,IND,53,20.9,0.408,0.313,0.779,7.4,2.7,3.6,0.4,0.0,1.2,14.744497607655505,8,0.948163
Donald Sloan,2016,28,PG,BRK,61,21.6,0.44,0.384,0.75,7.0,2.8,4.4,0.5,0.1,1.3,12.913333333333332,9,0.947276
Donatas Motiejunas,2013,22,PF,HOU,44,12.2,0.455,0.289,0.627,5.7,2.1,0.7,0.2,0.2,0.8,18.082622950819673,3,1.3614
Donatas Motiejunas,2014,23,PF,HOU,62,15.4,0.443,0.25,0.604,5.5,3.6,0.5,0.3,0.3,0.8,14.633766233766233,4,1.42272
Donatas Motiejunas,2015,24,PF,HOU,71,28.7,0.504,0.368,0.602,12.0,5.9,1.8,0.8,0.5,1.7,15.81993031358885,5,1.48392
Donatas Motiejunas,2016,25,PF,HOU,37,14.8,0.439,0.281,0.642,6.2,2.9,1.1,0.5,0.1,1.2,17.795675675675675,6,2.288205
Donatas Motiejunas,2017,26,PF,NOP,34,14.1,0.413,0.234,0.51,4.4,3.0,0.9,0.5,0.3,0.9,14.338723404255319,7,0.576724
Donatas Motiejunas,2019,28,PF,SAS,3,4.3,0.5,,0.0,2.0,1.0,0.3,0.0,0.3,1.0,27.694883720930232,9,0.05982
Donovan Clingan,2025,20,C,POR,67,19.8,0.539,0.286,0.596,6.5,7.9,1.1,0.5,1.6,1.1,12.370909090909091,1,6.8364
Donovan Mitchell,2018,21,SG,UTA,79,33.4,0.437,0.34,0.805,20.5,3.7,3.7,1.5,0.3,2.7,23.251257485029942,2,2.62128
Donovan Mitchell,2019,22,SG,UTA,77,33.7,0.432,0.362,0.806,23.8,4.1,4.2,1.4,0.4,2.8,26.64640949554896,3,3.11148
Donovan Mitchell,2020,23,SG,UTA,69,34.3,0.449,0.366,0.863,24.0,4.4,4.3,1.0,0.2,2.7,25.36583090379009,4,3.63576
Donovan Mitchell,2021,24,PG,UTA,53,33.4,0.438,0.386,0.845,26.4,4.4,5.2,1.0,0.3,2.8,28.067065868263477,5,6.331712
Donovan Mitchell,2022,25,SG,UTA,67,33.8,0.448,0.355,0.853,25.9,4.2,5.3,1.5,0.2,3.0,27.23218934911243,6,32.497412
Donovan Mitchell,2023,26,SG,CLE,68,35.8,0.484,0.386,0.867,28.3,4.3,4.4,1.5,0.4,2.6,25.71888268156425,7,32.777478
Donovan Mitchell,2024,27,SG,CLE,55,35.3,0.462,0.368,0.865,26.6,5.1,6.1,1.8,0.5,2.8,25.650764872521247,8,34.147405
Donovan Mitchell,2025,28,SG,CLE,71,31.4,0.443,0.368,0.823,24.0,4.5,5.0,1.3,0.2,2.1,26.305222929936313,9,35.41031
Donovan Williams,2023,21,SG,ATL,2,2.0,0.4,0.0,0.0,2.0,1.0,0.0,0.0,0.0,0.0,45.0,2,0.25428
Donta Hall,2021,23,PF,ORL,13,13.8,0.714,,0.676,5.6,4.8,0.8,0.4,0.8,0.6,11.593043478260869,4,0.458563
Donte DiVincenzo,2019,22,SG,MIL,27,15.2,0.403,0.265,0.75,4.9,2.4,1.1,0.5,0.2,0.7,12.969473684210527,3,2.481
Donte DiVincenzo,2020,23,SG,MIL,66,23.0,0.455,0.336,0.733,9.2,4.8,2.3,1.3,0.3,1.4,15.138782608695653,4,2.9058
Donte DiVincenzo,2021,24,SG,MIL,66,27.5,0.42,0.379,0.718,10.4,5.8,3.1,1.1,0.2,1.4,14.379054545454546,5,3.709891
Donte DiVincenzo,2022,25,SG,SAC,42,24.0,0.351,0.339,0.843,9.0,4.0,2.8,1.1,0.2,1.7,15.87,6,5.406884
Donte DiVincenzo,2023,26,SG,GSW,72,26.3,0.435,0.397,0.817,9.4,4.5,3.5,1.3,0.1,1.6,13.05855513307985,7,4.771296
Donte DiVincenzo,2024,27,SG,NYK,81,29.1,0.443,0.401,0.754,15.5,3.7,2.7,1.3,0.4,1.4,17.83422680412371,8,11.223882
Donte DiVincenzo,2025,28,SG,MIN,62,25.9,0.422,0.397,0.778,11.7,3.7,3.6,1.2,0.3,1.6,16.17915057915058,9,11.445
Donte Greene,2010,21,SF,SAC,76,21.4,0.441,0.377,0.643,8.5,3.1,0.9,0.5,0.7,1.2,15.63140186915888,2,0.87
Donte Greene,2011,22,SF,SAC,69,16.3,0.404,0.292,0.662,5.8,2.1,0.7,0.5,0.3,0.9,15.23042944785276,3,0.9307
Donte Greene,2012,23,PF,SAC,53,14.7,0.406,0.238,0.8,5.4,2.5,0.6,0.3,0.5,0.6,14.791836734693877,4,1.679914
Dorell Wright,2010,24,SF,MIA,72,20.8,0.463,0.389,0.884,7.1,3.3,1.3,0.7,0.4,0.7,12.01153846153846,5,2.887165
Dorell Wright,2011,25,SF,GSW,82,38.4,0.423,0.376,0.789,16.4,5.3,3.0,1.5,0.8,1.6,15.780000000000001,6,3.54
Dorell Wright,2012,26,SF,GSW,61,27.0,0.422,0.36,0.816,10.3,4.6,1.5,1.0,0.4,0.8,13.472000000000001,7,3.823
Dorell Wright,2013,27,SF,PHI,79,22.6,0.396,0.374,0.851,9.2,3.8,1.9,0.8,0.4,0.8,14.64212389380531,8,4.106
Dorell Wright,2014,28,SF,POR,68,14.5,0.374,0.342,0.754,5.0,2.8,0.9,0.3,0.2,0.6,13.506206896551724,9,3.0
Dorell Wright,2015,29,SF,POR,48,12.3,0.379,0.38,0.81,4.6,2.3,0.9,0.4,0.2,0.4,14.037073170731707,10,3.15
Dorian Finney-Smith,2017,23,PF,DAL,81,20.3,0.372,0.293,0.754,4.3,2.7,0.8,0.6,0.3,0.6,8.959211822660098,4,0.543471
Dorian Finney-Smith,2018,24,PF,DAL,21,21.3,0.38,0.299,0.733,5.9,3.6,1.2,0.5,0.2,1.0,12.013521126760562,5,1.312611
Dorian Finney-Smith,2019,25,SF,DAL,81,24.5,0.432,0.311,0.709,7.5,4.8,1.2,0.9,0.4,0.9,11.71395918367347,6,1.544951
Dorian Finney-Smith,2020,26,PF,DAL,71,29.9,0.466,0.376,0.722,9.5,5.7,1.6,0.6,0.5,1.0,10.90836120401338,7,4.0
Dorian Finney-Smith,2021,27,PF,DAL,60,32.0,0.472,0.394,0.756,9.8,5.4,1.7,0.9,0.4,0.8,10.021500000000001,8,4.874765
Dorian Finney-Smith,2022,28,PF,DAL,80,33.1,0.471,0.395,0.675,11.0,4.7,1.9,1.1,0.5,1.0,11.028398791540784,9,4.62539
Dorian Finney-Smith,2023,29,PF,BRK,66,30.4,0.391,0.337,0.763,8.3,4.8,1.5,0.8,0.5,0.9,10.534736842105263,10,13.719965
Dorian Finney-Smith,2024,30,PF,BRK,68,28.4,0.421,0.348,0.717,8.5,4.7,1.6,0.8,0.6,0.9,11.03830985915493,11,14.345983
Dorian Finney-Smith,2025,31,PF,LAL,63,28.9,0.448,0.411,0.667,8.7,3.9,1.4,0.9,0.4,0.9,10.099930795847753,12,14.924167
Doron Lamb,2013,21,SG,ORL,47,12.3,0.368,0.378,0.588,3.3,1.0,0.7,0.3,0.0,0.6,12.901463414634145,2,0.788872
Doug McDermott,2015,23,SF,CHI,36,8.9,0.402,0.317,0.667,3.0,1.2,0.2,0.1,0.0,0.5,14.869213483146067,4,2.27796
Doug McDermott,2016,24,SF,CHI,81,23.0,0.452,0.425,0.857,9.4,2.4,0.7,0.2,0.1,0.7,14.306086956521737,5,2.38044
Doug McDermott,2017,25,SF,OKC,66,22.8,0.447,0.37,0.845,9.0,2.7,0.9,0.2,0.1,0.6,13.692631578947365,6,2.48304
Doug McDermott,2018,26,SF,DAL,81,21.8,0.467,0.426,0.79,7.8,2.5,1.0,0.2,0.2,0.7,12.286238532110092,7,3.294994
Doug McDermott,2019,27,SF,IND,77,17.4,0.491,0.408,0.835,7.3,1.4,0.9,0.2,0.1,0.5,13.324137931034484,8,7.333333
Doug McDermott,2020,28,PF,IND,69,19.9,0.488,0.435,0.828,10.3,2.5,1.1,0.2,0.1,0.6,16.013668341708545,9,7.333333
Doug McDermott,2021,29,PF,IND,66,24.5,0.532,0.388,0.816,13.6,3.3,1.3,0.3,0.1,0.8,16.986122448979593,10,8.93707
Doug McDermott,2022,30,PF,SAS,51,24.0,0.462,0.422,0.784,11.3,2.3,1.3,0.3,0.1,0.8,15.51,11,15.899778
Doug McDermott,2023,31,SF,SAS,64,20.5,0.457,0.413,0.757,10.2,2.2,1.4,0.2,0.1,0.9,16.830439024390245,12,14.57896
Doug McDermott,2024,32,SF,IND,64,14.1,0.433,0.41,0.579,5.5,0.9,1.1,0.3,0.0,0.4,12.592340425531917,13,14.415995
Doug McDermott,2025,33,SF,SAC,42,8.1,0.427,0.436,0.6,3.5,0.5,0.2,0.1,0.0,0.1,13.084444444444445,14,2.087519
Dragan Bender,2017,19,PF,PHO,43,13.3,0.354,0.277,0.364,3.4,2.4,0.5,0.2,0.5,0.7,12.267067669172931,1,4.27632
Dragan Bender,2018,20,PF,PHO,82,25.2,0.386,0.366,0.765,6.5,4.4,1.6,0.3,0.6,1.4,10.805714285714284,1,4.4688
Dragan Bender,2019,21,PF,PHO,46,18.0,0.447,0.218,0.593,5.0,4.0,1.2,0.4,0.5,0.8,11.255999999999998,2,4.66128
Dragan Bender,2020,22,PF-C,GSW,16,17.9,0.446,0.349,0.714,6.7,4.6,1.8,0.3,0.6,1.3,15.075754189944135,3,1.678854
Draymond Green,2013,22,SF,GSW,79,13.4,0.327,0.209,0.818,2.9,3.3,0.7,0.5,0.3,0.6,11.30507462686567,3,0.85
Draymond Green,2014,23,SF,GSW,82,21.9,0.407,0.333,0.667,6.2,5.0,1.9,1.2,0.9,1.1,12.098630136986301,4,0.8755
Draymond Green,2015,24,PF,GSW,79,31.5,0.443,0.337,0.66,11.7,8.2,3.7,1.6,1.3,1.7,14.285714285714285,5,0.915243
Draymond Green,2016,25,PF,GSW,81,34.7,0.49,0.388,0.696,14.0,9.5,7.4,1.5,1.4,3.2,15.669855907780976,6,14.26087
Draymond Green,2017,26,PF,GSW,76,32.5,0.418,0.308,0.709,10.2,7.9,7.0,2.0,1.4,2.4,13.549292307692307,7,15.330435
Draymond Green,2018,27,PF,GSW,70,32.7,0.454,0.301,0.775,11.0,7.6,7.3,1.4,1.3,2.9,14.091743119266054,8,17.469565
Draymond Green,2019,28,PF,GSW,66,31.3,0.445,0.285,0.692,7.4,7.3,6.9,1.4,1.1,2.6,11.05993610223642,9,17.469565
Draymond Green,2020,29,PF,GSW,43,28.4,0.389,0.279,0.759,8.0,6.2,6.2,1.4,0.8,2.3,13.2287323943662,10,18.53913
Draymond Green,2021,30,PF,GSW,63,31.5,0.447,0.27,0.795,7.0,7.1,8.9,1.7,0.8,3.0,10.989714285714285,11,27.112175
Draymond Green,2022,31,PF,GSW,46,28.9,0.525,0.296,0.659,7.5,7.3,7.0,1.3,1.1,3.0,11.808996539792389,12,27.783229
Draymond Green,2023,32,PF,GSW,73,31.5,0.527,0.305,0.713,8.5,7.2,6.8,1.0,0.8,2.8,11.382857142857144,13,27.362288
Draymond Green,2024,33,PF,GSW,55,27.1,0.497,0.395,0.73,8.6,7.2,6.0,1.0,0.9,2.5,13.114095940959409,14,22.984687
Draymond Green,2025,34,PF,GSW,68,29.2,0.424,0.325,0.687,9.0,6.1,5.6,1.5,1.0,2.6,13.645479452054794,15,24.107143
Drew Eubanks,2021,23,C,SAS,54,14.0,0.566,1.0,0.726,5.8,4.5,0.8,0.3,0.9,0.8,14.091428571428569,4,1.974967
Drew Eubanks,2022,24,C,POR,71,17.5,0.596,0.217,0.762,7.7,5.4,1.2,0.4,0.6,1.1,14.589257142857143,5,2.590009
Drew Eubanks,2023,25,C,POR,78,20.3,0.641,0.389,0.664,6.6,5.4,1.3,0.5,1.3,0.9,10.47014778325123,6,2.086832
Drew Eubanks,2024,26,C,PHO,75,15.6,0.601,1.0,0.774,5.1,4.3,0.8,0.4,0.8,0.8,10.910769230769231,7,2.416341
Drew Eubanks,2025,27,C,LAC,61,12.2,0.593,0.5,0.662,4.6,3.7,0.9,0.2,0.6,0.7,13.06622950819672,8,5.0
Drew Gooden,2010,28,C-PF,LAC,70,25.1,0.478,0.125,0.861,10.9,7.7,0.7,0.6,0.8,1.5,16.44239043824701,9,4.580735
Drew Gooden,2011,29,PF,MIL,35,24.6,0.431,0.15,0.794,11.3,6.8,1.3,0.6,0.5,1.3,18.842926829268293,10,5.765
Drew Gooden,2012,30,C,MIL,56,26.2,0.437,0.291,0.846,13.7,6.5,2.6,0.8,0.6,1.9,20.923969465648856,11,6.2262
Drew Gooden,2013,31,C,MIL,16,9.4,0.328,0.2,0.688,3.3,1.9,0.4,0.3,0.4,0.6,18.536170212765956,12,6.6874
Drew Gooden,2014,32,C,WAS,22,18.0,0.531,0.412,0.889,8.3,5.2,0.7,0.5,0.3,0.8,15.655999999999999,13,0.052017
Drew Gooden,2015,33,PF,WAS,51,16.9,0.399,0.39,0.773,5.4,4.4,1.0,0.4,0.2,0.5,13.411597633136097,14,0.915243
Drew Gooden,2016,34,PF,WAS,30,10.2,0.32,0.171,0.643,2.7,2.8,0.4,0.3,0.4,0.4,14.18823529411765,15,3.3
Drew Gordon,2015,24,PF,PHI,9,7.9,0.421,0.0,0.5,1.9,2.0,0.2,0.1,0.0,0.9,14.071898734177216,5,0.46854
Drew Peterson,2024,24,PF,BOS,3,7.7,0.667,0.6,0.0,3.7,0.3,0.3,0.7,0.0,0.3,10.753246753246753,5,0.407466
Drew Timme,2025,24,PF,BRK,9,28.2,0.441,0.257,0.625,12.1,7.2,2.2,0.4,0.1,1.7,17.6068085106383,5,0.113055
Dru Smith,2023,25,SG,BRK,15,10.5,0.4,0.263,1.0,2.9,1.6,1.5,0.7,0.3,0.2,11.273142857142858,6,0.396925
Dru Smith,2024,26,SG,MIA,9,14.6,0.455,0.412,1.0,4.3,1.6,1.6,1.0,0.3,0.6,10.81972602739726,7,1.855306
Duje Dukan,2016,24,SF,SAC,1,24.0,0.2,0.4,,6.0,4.0,1.0,1.0,0.0,0.0,15.0,5,0.525093
Duncan Robinson,2019,24,SF,MIA,15,10.7,0.391,0.286,0.667,3.3,1.3,0.3,0.3,0.0,0.3,12.031401869158879,5,0.009474
Duncan Robinson,2020,25,SG,MIA,73,29.7,0.47,0.446,0.931,13.5,3.2,1.4,0.5,0.3,1.0,13.13939393939394,6,1.416852
Duncan Robinson,2021,26,SF,MIA,72,31.4,0.439,0.408,0.827,13.1,3.5,1.8,0.6,0.3,1.1,13.230573248407643,7,2.027733
Duncan Robinson,2022,27,SG,MIA,79,25.9,0.399,0.372,0.836,10.9,2.6,1.6,0.5,0.2,0.8,14.38888030888031,8,18.096838
Duncan Robinson,2023,28,SF,MIA,42,16.5,0.371,0.328,0.906,6.4,1.6,1.1,0.3,0.0,0.7,14.513454545454547,9,17.920987
Duncan Robinson,2024,29,SF,MIA,68,28.0,0.45,0.395,0.889,12.9,2.5,2.8,0.7,0.2,1.4,15.264000000000001,10,18.693427
Duncan Robinson,2025,30,SF,MIA,74,24.1,0.437,0.393,0.887,11.0,2.3,2.4,0.5,0.1,1.2,15.696597510373442,11,19.406
Duop Reath,2024,27,C,POR,68,17.9,0.461,0.359,0.742,9.1,3.7,1.0,0.5,0.6,0.8,17.529385474860334,8,2.009198
Duop Reath,2025,28,C,POR,46,10.2,0.422,0.321,0.909,4.2,2.0,0.6,0.3,0.3,0.3,14.541176470588235,9,2.04878
Dwayne Bacon,2021,25,SG,ORL,72,25.7,0.402,0.285,0.824,10.9,3.1,1.3,0.6,0.1,0.6,16.467548638132293,6,2.046005
Dwight Buycks,2014,24,PG,TOR,14,10.4,0.313,0.294,0.889,3.1,1.6,0.7,0.6,0.0,0.7,15.106153846153845,5,0.7
Dwight Buycks,2015,25,PG,LAL,6,20.5,0.45,0.636,0.9,8.7,2.0,2.3,0.5,0.0,2.0,16.59160975609756,6,0.816482
Dwight Buycks,2018,28,PG,DET,29,14.7,0.414,0.333,0.878,7.4,1.4,2.0,0.7,0.1,1.3,21.345306122448978,9,1.60052
Dwight Howard,2010,24,C,ORL,82,34.7,0.612,0.0,0.592,18.3,13.2,1.8,0.9,2.8,3.3,18.57060518731988,5,15.20259
Dwight Howard,2011,25,C,ORL,78,37.6,0.593,0.0,0.596,22.9,14.1,1.4,1.4,2.4,3.6,21.20553191489362,6,16.64718
Dwight Howard,2012,26,C,ORL,54,38.3,0.573,0.0,0.491,20.6,14.5,1.9,1.5,2.1,3.2,19.987049608355093,7,18.09177
Dwight Howard,2014,28,C,HOU,71,33.7,0.591,0.286,0.547,18.3,12.2,1.8,0.8,1.8,3.2,19.719881305637983,9,20.513178
Dwight Howard,2015,29,C,HOU,41,29.8,0.593,0.5,0.528,15.8,10.5,1.2,0.7,1.3,2.8,19.333691275167784,10,21.436271
Dwight Howard,2016,30,C,HOU,71,32.1,0.62,0.0,0.489,13.7,11.8,1.4,1.0,1.6,2.3,15.418317757009346,11,22.359364
Dwight Howard,2017,31,C,ATL,74,29.7,0.633,0.0,0.533,13.5,12.7,1.4,0.9,1.2,2.3,15.88848484848485,12,23.180275
Dwight Howard,2018,32,C,CHO,81,30.4,0.555,0.143,0.574,16.6,12.5,1.3,0.6,1.6,2.6,20.093684210526316,13,23.819725
Dwight Howard,2019,33,C,WAS,9,25.6,0.623,,0.604,12.8,9.2,0.4,0.8,0.4,1.8,16.638749999999998,14,5.337
Dwight Howard,2020,34,C,LAL,69,18.9,0.729,0.6,0.514,7.5,7.3,0.7,0.4,1.1,1.2,12.502857142857144,15,1.620564
Dwight Howard,2021,35,C,PHI,69,17.3,0.587,0.25,0.576,7.0,8.4,0.9,0.4,0.9,1.6,15.23236994219653,16,3.125642
Dwight Howard,2022,36,C,LAL,60,16.2,0.612,0.533,0.658,6.2,5.9,0.6,0.6,0.6,0.8,12.346666666666666,17,3.054712
Dwight Powell,2015,23,PF,DAL,29,8.1,0.463,0.273,0.758,3.1,1.7,0.3,0.3,0.2,0.4,14.151111111111112,4,0.507336
Dwight Powell,2016,24,PF,DAL,69,14.4,0.493,0.125,0.739,5.8,4.0,0.6,0.5,0.3,0.6,14.559999999999999,5,0.845059
Dwight Powell,2017,25,C,DAL,77,17.3,0.515,0.284,0.759,6.7,4.0,0.6,0.8,0.5,0.4,12.67699421965318,6,8.375
Dwight Powell,2018,26,C,DAL,79,21.2,0.593,0.333,0.719,8.5,5.6,1.2,0.8,0.4,0.7,12.076981132075474,7,9.003125
Dwight Powell,2019,27,C,DAL,77,21.6,0.597,0.307,0.772,10.6,5.3,1.5,0.6,0.6,0.9,14.419999999999998,8,9.63125
Dwight Powell,2020,28,C,DAL,40,26.5,0.638,0.256,0.667,9.4,5.7,1.5,0.9,0.6,0.9,10.639698113207547,9,10.259375
Dwight Powell,2021,29,C,DAL,58,16.7,0.619,0.238,0.782,5.9,4.0,1.1,0.6,0.5,0.7,10.614610778443115,10,13.503253
Dwight Powell,2022,30,C,DAL,82,21.9,0.671,0.351,0.783,8.7,4.9,1.2,0.5,0.5,0.8,11.25041095890411,11,12.812475
Dwight Powell,2023,31,C,DAL,76,19.2,0.732,0.0,0.667,6.7,4.1,0.9,0.6,0.3,0.9,10.065000000000001,12,11.748123
Dwight Powell,2024,32,C,DAL,63,13.3,0.679,0.333,0.708,3.3,3.4,1.3,0.4,0.3,0.5,7.622255639097744,13,4.118855
Dwight Powell,2025,33,C,DAL,55,10.0,0.689,0.4,0.651,2.1,2.1,1.0,0.3,0.4,0.3,6.307200000000001,14,4.0
Dwyane Wade,2010,28,SG,MIA,77,36.3,0.476,0.3,0.761,26.6,4.8,6.5,1.8,1.1,3.3,26.681652892561985,9,15.779912
Dwyane Wade,2011,29,SG,MIA,76,37.1,0.5,0.306,0.758,25.5,6.4,4.6,1.5,1.1,3.1,24.340269541778977,10,14.2
Dwyane Wade,2012,30,SG,MIA,49,33.2,0.497,0.268,0.791,22.1,4.8,4.6,1.7,1.3,2.6,24.271807228915666,11,15.691
Dwyane Wade,2013,31,SG,MIA,69,34.7,0.521,0.258,0.725,21.2,5.0,5.1,1.9,0.8,2.8,22.127031700288185,12,18.673
Dwyane Wade,2014,32,SG,MIA,54,32.9,0.545,0.281,0.733,19.0,4.5,4.7,1.5,0.5,3.0,21.022249240121578,13,18.673
Dwyane Wade,2015,33,SG,MIA,62,31.8,0.47,0.284,0.768,21.5,3.5,4.8,1.2,0.3,3.4,26.649056603773584,14,15.0
Dwyane Wade,2016,34,SG,MIA,74,30.5,0.456,0.159,0.793,19.0,4.1,4.6,1.1,0.6,2.7,24.928524590163935,15,20.0
Dwyane Wade,2017,35,SG,CHI,60,29.9,0.434,0.31,0.794,18.3,4.5,3.8,1.4,0.7,2.3,24.40294314381271,16,23.2
Dwyane Wade,2019,37,SG,MIA,72,26.2,0.433,0.33,0.708,15.0,4.0,4.2,0.8,0.5,2.3,23.369770992366412,18,1.512601
Dylan Windler,2021,24,SF,CLE,31,16.5,0.438,0.338,0.778,5.2,3.5,1.1,0.6,0.4,1.0,12.209454545454546,5,2.604879
Dylan Windler,2022,25,SF,CLE,50,9.2,0.378,0.3,0.833,2.2,1.8,0.7,0.3,0.1,0.3,9.688695652173914,6,2.589293
Dylan Windler,2023,26,SF,CLE,3,3.3,0.667,0.5,0.0,1.7,0.0,0.3,0.3,0.0,0.3,14.181818181818183,7,4.280676
Dylan Windler,2024,27,SF,ATL,17,6.4,0.5,0.481,0.0,2.5,0.9,0.6,0.1,0.0,0.1,10.6875,8,1.149455
Dyson Daniels,2023,19,PG,NOP,59,17.7,0.418,0.314,0.65,3.8,3.2,2.3,0.7,0.2,1.0,9.778983050847458,1,5.840702
Dyson Daniels,2024,20,PG,NOP,61,22.3,0.447,0.311,0.642,5.8,3.9,2.7,1.4,0.4,1.0,10.486816143497757,1,5.955989
Dyson Daniels,2025,21,SG,ATL,76,33.8,0.493,0.34,0.593,14.1,5.9,4.4,3.0,0.7,2.0,15.861301775147929,2,6.05952
Dzanan Musa,2019,19,SG,BRK,9,4.3,0.409,0.1,0.0,2.1,0.6,0.2,0.2,0.0,0.4,24.17860465116279,1,1.63224
Dzanan Musa,2020,20,SF,BRK,40,12.2,0.372,0.244,0.75,4.8,2.2,1.1,0.4,0.0,0.9,17.291803278688526,1,1.9116
E'Twaun Moore,2012,22,PG,BOS,38,8.7,0.381,0.378,1.0,2.9,0.9,0.9,0.3,0.1,0.6,15.260689655172415,3,0.473604
E'Twaun Moore,2013,23,SG,ORL,75,22.4,0.396,0.34,0.797,7.8,2.2,2.7,0.7,0.3,1.4,15.672857142857143,4,0.884293
E'Twaun Moore,2014,24,SG,ORL,79,19.1,0.428,0.354,0.765,6.3,1.7,1.4,0.8,0.2,0.7,12.997696335078533,5,0.884293
E'Twaun Moore,2015,25,SG,CHI,56,9.0,0.446,0.342,0.6,2.7,0.8,0.6,0.4,0.1,0.3,11.904,6,0.948163
E'Twaun Moore,2016,26,SG,CHI,59,21.4,0.481,0.452,0.629,7.5,2.3,1.7,0.6,0.3,0.9,13.060934579439254,7,1.015421
E'Twaun Moore,2017,27,SG,NOP,73,24.9,0.457,0.37,0.77,9.6,2.1,2.2,0.7,0.4,0.8,14.081927710843374,8,8.081363
E'Twaun Moore,2018,28,SG,NOP,82,31.5,0.508,0.425,0.706,12.5,2.9,2.3,1.0,0.1,1.2,13.316571428571429,9,8.445024
E'Twaun Moore,2019,29,SG,NOP,53,27.6,0.481,0.432,0.763,11.9,2.4,1.9,0.8,0.2,1.1,15.109565217391303,10,8.808685
E'Twaun Moore,2020,30,SG,NOP,56,18.2,0.426,0.377,0.689,8.3,2.3,1.4,0.6,0.2,0.7,17.50945054945055,11,8.664928
E'Twaun Moore,2021,31,SG,PHO,27,14.4,0.455,0.314,0.857,4.9,1.7,1.5,0.6,0.2,0.9,14.049999999999999,12,2.841492
E.J. Liddell,2025,24,PF,CHI,12,4.4,0.533,0.3,1.0,1.8,0.8,0.3,0.1,0.1,0.2,12.992727272727274,5,0.706898
Earl Barron,2010,28,C,NYK,7,33.1,0.441,,0.759,11.7,11.0,1.1,0.6,0.6,1.6,14.252084592145014,9,0.063127
Earl Barron,2011,29,C,POR,21,14.5,0.323,,0.625,3.8,3.6,0.5,0.4,0.3,0.8,14.856827586206897,10,0.011679
Earl Barron,2013,31,C,NYK,12,13.3,0.353,,0.429,3.3,5.1,0.4,0.4,0.5,0.9,14.789774436090225,12,0.854389
Earl Barron,2015,33,C,PHO,16,8.9,0.308,0.5,0.5,2.0,1.8,0.3,0.3,0.1,0.3,12.34516853932584,14,0.183049
Earl Boykins,2010,33,PG,WAS,67,16.7,0.427,0.317,0.865,6.6,1.1,2.6,0.4,0.0,1.0,16.322874251497005,14,0.752659
Earl Boykins,2011,34,PG,MIL,57,15.1,0.443,0.38,0.841,7.2,1.0,2.5,0.7,0.1,0.9,18.395761589403975,15,0.854389
Earl Boykins,2012,35,PG,HOU,8,13.9,0.333,0.222,0.867,4.9,1.4,2.1,0.1,0.0,0.9,16.15079136690648,16,0.220487
Earl Clark,2010,22,PF,PHO,51,7.5,0.371,0.4,0.722,2.7,1.2,0.4,0.1,0.3,0.5,18.278399999999998,3,1.76628
Earl Clark,2011,23,SF,ORL,42,11.0,0.43,0.0,0.574,3.9,2.4,0.2,0.2,0.4,0.7,16.311272727272726,4,1.89876
Earl Clark,2012,24,PF,ORL,45,12.4,0.367,,0.724,2.7,2.8,0.4,0.3,0.7,0.6,11.508387096774193,5,1.16
Earl Watson,2010,30,PG,IND,79,29.4,0.426,0.288,0.71,7.8,3.0,5.1,1.3,0.2,2.2,11.906938775510206,11,2.8
Earl Watson,2011,31,PG,UTA,80,19.6,0.41,0.336,0.671,4.3,2.3,3.5,0.8,0.2,1.5,10.542857142857143,12,0.854389
Earl Watson,2012,32,PG,UTA,50,20.7,0.338,0.192,0.674,3.0,2.4,4.3,1.1,0.4,1.7,9.210434782608695,13,2.0
Earl Watson,2013,33,PG,UTA,48,17.3,0.308,0.179,0.68,2.0,1.8,4.0,0.8,0.2,1.4,8.573410404624276,14,2.3
Earl Watson,2014,34,PG,POR,24,6.7,0.273,0.286,1.0,0.5,0.6,1.2,0.2,0.0,0.7,6.920597014925372,15,0.884293
Ed Davis,2011,21,PF,TOR,65,24.6,0.576,,0.555,7.7,7.1,0.6,0.6,1.0,0.7,10.653658536585365,2,1.91916
Ed Davis,2012,22,PF,TOR,66,23.2,0.513,0.0,0.67,6.3,6.6,0.9,0.6,1.0,1.0,10.557931034482758,3,2.20704
Ed Davis,2013,23,C-PF,MEM,81,20.1,0.539,,0.617,7.7,5.7,0.8,0.5,1.0,0.8,13.83402985074627,4,2.20704
Ed Davis,2014,24,PF,MEM,63,15.2,0.534,,0.528,5.7,4.1,0.4,0.3,0.7,0.6,13.774736842105263,5,3.15386
Ed Davis,2015,25,PF,LAL,79,23.3,0.601,,0.487,8.3,7.6,1.2,0.6,1.2,0.7,11.829012875536483,6,0.981084
Ed Davis,2016,26,PF,POR,81,20.8,0.611,,0.559,6.5,7.4,1.1,0.7,0.9,0.8,10.557692307692308,7,6.980802
Ed Davis,2017,27,PF,POR,46,17.2,0.528,,0.617,4.3,5.3,0.6,0.3,0.5,0.8,9.82046511627907,8,6.666667
Ed Davis,2018,28,C,POR,78,18.9,0.582,0.0,0.667,5.3,7.4,0.5,0.4,0.7,0.8,9.744761904761905,9,6.352531
Ed Davis,2019,29,C,BRK,81,17.9,0.616,0.0,0.617,5.8,8.6,0.8,0.4,0.4,0.8,10.820111731843577,10,4.449
Ed Davis,2020,30,C,UTA,28,10.8,0.478,,0.5,1.8,3.8,0.4,0.4,0.3,0.5,7.733333333333333,11,4.767
Ed Davis,2021,31,C,MIN,23,13.0,0.432,,0.833,2.1,5.0,0.9,0.6,0.6,0.3,6.701538461538462,12,6.099977
Ed Davis,2022,32,C,CLE,31,6.5,0.688,,0.429,0.9,2.1,0.2,0.1,0.3,0.2,5.095384615384615,13,3.054712
Eddie House,2010,31,PG-SG,NYK,68,17.9,0.38,0.348,0.923,7.0,1.6,1.3,0.6,0.1,0.7,15.590614525139666,12,2.862
Eddie House,2011,32,SG,MIA,56,17.5,0.399,0.389,0.95,6.5,1.6,1.1,0.6,0.1,0.5,13.387885714285716,13,1.352181
Eddy Curry,2010,27,C,NYK,7,8.9,0.381,,0.588,3.7,1.9,0.0,0.0,0.1,1.9,24.091685393258427,8,10.500423
Eddy Curry,2012,29,C,MIA,14,5.9,0.462,,0.75,2.1,0.9,0.1,0.0,0.1,0.7,17.475254237288134,10,0.854389
Eddy Curry,2013,30,C,DAL,2,12.5,0.5,,0.25,4.5,2.0,0.0,0.0,0.0,1.5,18.3744,11,0.854389
Edmond Sumner,2020,24,SG,IND,31,14.4,0.43,0.264,0.552,4.9,1.5,1.8,0.5,0.3,0.7,14.239999999999998,5,2.0
Edmond Sumner,2021,25,SG,IND,53,16.2,0.525,0.398,0.819,7.5,1.8,0.9,0.6,0.2,1.0,15.564444444444444,6,2.632373
Edmond Sumner,2023,27,SG,BRK,53,13.9,0.461,0.356,0.917,7.1,1.5,1.3,0.6,0.2,0.9,17.818705035971224,8,2.086832
Eduardo Najera,2010,33,PF,DAL,46,14.9,0.425,0.297,0.583,3.4,2.5,0.6,0.6,0.3,0.5,9.471140939597316,14,3.0
Eduardo Najera,2011,34,PF,CHA,31,12.0,0.361,0.324,0.545,2.2,1.4,0.6,0.4,0.2,0.4,8.628,15,3.0
Eduardo Najera,2012,35,PF,CHA,22,12.3,0.375,0.276,0.5,2.6,2.3,0.5,0.9,0.2,0.3,9.623414634146341,16,2.75
Edy Tavares,2016,23,C,ATL,11,6.6,0.579,,0.375,2.3,1.9,0.3,0.1,0.5,0.5,13.68,4,1.0
Edy Tavares,2017,24,C,CLE,2,14.0,0.8,,0.0,4.0,5.5,0.5,0.0,3.0,1.0,10.697142857142856,5,1.0
Ekpe Udoh,2011,23,C,GSW,58,17.8,0.437,,0.656,4.1,3.1,0.7,0.4,1.5,0.8,10.282247191011235,4,3.06504
Ekpe Udoh,2012,24,C,MIL,61,21.1,0.431,0.0,0.754,5.6,4.2,0.9,0.7,1.7,0.9,11.151469194312796,5,3.29496
Ekpe Udoh,2013,25,C,MIL,76,17.3,0.435,0.0,0.748,4.3,3.3,0.6,0.5,1.1,0.6,9.996763005780346,6,3.52488
Ekpe Udoh,2014,26,PF,MIL,42,19.1,0.399,,0.638,3.4,3.5,0.7,0.4,1.0,0.9,9.016963350785339,7,4.469548
Ekpe Udoh,2015,27,PF,LAC,33,3.9,0.458,,0.778,0.9,0.8,0.2,0.2,0.2,0.2,9.526153846153846,8,0.915243
Ekpe Udoh,2018,30,C,UTA,63,12.9,0.5,0.0,0.75,2.6,2.4,0.8,0.7,1.2,0.3,7.244651162790697,11,3.2
Ekpe Udoh,2019,31,C,UTA,51,6.3,0.694,,0.633,2.3,1.8,0.5,0.2,0.6,0.3,11.222857142857142,12,3.36
Elfrid Payton,2015,20,PG,ORL,82,30.4,0.425,0.262,0.551,8.9,4.3,6.5,1.7,0.2,2.5,14.499473684210527,1,2.39784
Elfrid Payton,2016,21,PG,ORL,73,29.4,0.436,0.326,0.589,10.7,3.6,6.4,1.2,0.3,2.4,16.58448979591837,2,2.50572
Elfrid Payton,2017,22,PG,ORL,82,29.4,0.471,0.274,0.692,12.8,4.7,6.5,1.1,0.5,2.2,17.686530612244898,3,2.6136
Elfrid Payton,2018,23,PG,PHO,63,28.7,0.493,0.326,0.649,12.7,4.3,6.2,1.3,0.3,2.7,18.173101045296168,4,3.33234
Elfrid Payton,2019,24,PG,NOP,42,29.8,0.434,0.314,0.743,10.6,5.2,7.6,1.0,0.4,2.7,16.05744966442953,5,3.0
Elfrid Payton,2020,25,PG,NYK,45,27.7,0.439,0.203,0.57,10.0,4.7,7.2,1.6,0.4,2.1,16.552202166064983,6,8.0
Elfrid Payton,2021,26,PG,NYK,63,23.6,0.432,0.286,0.682,10.1,3.4,3.2,0.7,0.1,1.6,18.683389830508474,7,5.809502
Elfrid Payton,2022,27,PG,PHO,50,11.0,0.383,0.222,0.375,3.0,1.8,2.0,0.5,0.1,0.9,15.264000000000003,8,2.589691
Elfrid Payton,2025,30,PG,CHO,24,21.3,0.328,0.167,0.571,3.5,3.3,6.9,1.0,0.5,2.5,13.068169014084505,11,0.789048
Elie Okobo,2019,21,PG,PHO,53,18.1,0.393,0.295,0.787,5.7,1.8,2.4,0.6,0.1,1.3,14.312486187845302,2,1.238464
Elie Okobo,2020,22,PG,PHO,55,13.1,0.398,0.352,0.704,4.0,1.6,2.1,0.4,0.1,0.7,12.564274809160306,3,1.416852
Elijah Bryant,2021,25,SG,MIL,1,32.0,0.462,0.2,1.0,16.0,6.0,3.0,0.0,1.0,4.0,20.61,6,0.029993
Elijah Hughes,2021,22,SF,UTA,18,3.6,0.333,0.348,0.75,1.7,0.5,0.3,0.1,0.1,0.3,20.880000000000003,3,1.094762
Elijah Hughes,2022,23,SG-SF,POR,36,12.1,0.326,0.263,0.778,3.5,1.6,0.6,0.4,0.2,0.5,13.781157024793387,4,1.755313
Elijah Millsap,2015,27,SG,UTA,47,19.7,0.34,0.311,0.674,5.3,3.2,1.2,1.2,0.3,1.4,13.32548223350254,8,0.241731
Elijah Millsap,2016,28,SG,UTA,20,8.7,0.282,0.083,0.722,1.8,1.8,1.0,0.4,0.2,0.5,11.98344827586207,9,0.845059
Elijah Millsap,2017,29,SG,PHO,2,11.5,0.143,0.0,0.5,1.5,3.0,0.5,0.0,0.0,1.0,15.464347826086954,10,0.023069
Elliot Williams,2012,22,SG,POR,24,6.2,0.5,0.296,0.333,3.7,0.8,0.3,0.3,0.1,0.2,21.205161290322582,3,1.44288
Elliot Williams,2014,24,SG,PHI,67,17.3,0.415,0.296,0.731,6.0,1.9,1.1,0.5,0.0,1.0,14.133641618497109,5,0.797545
Elliot Williams,2015,25,SG,NOP,13,9.2,0.378,0.444,0.25,2.8,0.6,0.9,0.3,0.0,0.3,12.64695652173913,6,0.107676
Elliot Williams,2016,26,PG,MEM,5,9.0,0.2,0.25,0.75,1.6,0.8,0.8,0.0,0.0,0.2,10.208,7,0.055722
Elton Brand,2010,30,PF,PHI,76,30.2,0.48,0.0,0.738,13.1,6.1,1.4,1.1,1.1,1.7,17.122649006622517,11,14.858472
Elton Brand,2011,31,PF,PHI,81,34.7,0.512,0.0,0.78,15.0,8.3,1.5,1.1,1.3,1.2,15.350317002881841,12,15.959099
Elton Brand,2012,32,C,PHI,60,28.9,0.494,0.0,0.733,11.0,7.2,1.6,1.0,1.6,1.1,14.494671280276815,13,18.160355
Elton Brand,2013,33,C,DAL,72,21.2,0.473,0.0,0.71,7.2,6.0,1.0,0.7,1.3,0.8,13.537358490566037,14,2.1005
Elton Brand,2014,34,C,ATL,73,19.4,0.539,0.0,0.649,5.7,4.9,1.0,0.5,1.2,0.8,10.896494845360825,15,4.0
Elton Brand,2015,35,C,ATL,36,13.5,0.442,0.0,0.522,2.7,2.8,0.6,0.5,0.7,0.5,8.970666666666666,16,2.0
Emanuel Terry,2022,25,PF,PHO,3,6.0,0.0,,,0.0,5.0,0.7,0.3,0.0,1.7,20.4,6,0.098957
Emeka Okafor,2010,27,C,NOH,82,28.9,0.53,,0.562,10.4,9.0,0.7,0.7,1.5,1.4,13.518062283737025,8,10.7975
Emeka Okafor,2011,28,C,NOH,72,31.8,0.573,0.0,0.562,10.3,9.5,0.6,0.6,1.8,1.7,11.98188679245283,9,11.495
Emeka Okafor,2012,29,C,NOH,27,28.9,0.533,,0.514,9.9,7.9,0.9,0.6,1.0,1.4,13.064636678200694,10,12.6425
Emeka Okafor,2013,30,C,WAS,79,26.0,0.477,,0.571,9.7,8.8,1.2,0.6,1.0,1.4,15.446769230769233,11,14.4875
Emeka Okafor,2018,35,C,NOP,26,13.6,0.505,,0.818,4.4,4.6,0.3,0.3,1.0,0.5,12.049411764705884,16,0.59203
Emmanuel Mudiay,2016,19,PG,DEN,68,30.4,0.364,0.319,0.67,12.8,3.4,5.5,1.0,0.5,3.2,21.154736842105265,1,3.10224
Emmanuel Mudiay,2017,20,PG,DEN,55,25.6,0.377,0.315,0.784,11.0,3.2,3.9,0.7,0.2,2.2,19.0125,1,3.2418
Emmanuel Mudiay,2018,21,PG,NYK,64,19.5,0.388,0.318,0.76,8.6,2.4,3.2,0.6,0.2,1.8,20.086153846153845,2,4.29448
Emmanuel Mudiay,2019,22,PG,NYK,59,27.2,0.446,0.329,0.774,14.8,3.3,3.9,0.7,0.3,2.4,21.58411764705882,3,4.29448
Emmanuel Mudiay,2020,23,PG,UTA,54,15.7,0.462,0.345,0.759,7.3,2.3,2.1,0.4,0.2,1.4,18.710828025477706,4,1.620564
Emmanuel Mudiay,2022,25,PG,SAC,2,5.5,0.0,,0.75,1.5,0.0,2.0,0.5,0.0,0.5,15.578181818181816,6,0.128883
Emoni Bates,2024,20,SF,CLE,15,8.9,0.306,0.303,0.25,2.7,0.9,0.7,0.1,0.1,0.5,15.904719101123595,1,0.576415
Eric Bledsoe,2011,21,PG,LAC,81,22.7,0.424,0.276,0.744,6.7,2.8,3.6,1.1,0.3,2.4,14.438061674008809,2,1.485
Eric Bledsoe,2012,22,PG,LAC,40,11.6,0.389,0.2,0.636,3.3,1.6,1.7,0.8,0.4,1.2,15.157241379310346,3,1.59636
Eric Bledsoe,2013,23,PG,LAC,76,20.4,0.445,0.397,0.791,8.5,3.0,3.1,1.4,0.7,1.8,17.809411764705885,4,2.626473
Eric Bledsoe,2014,24,PG,PHO,43,32.9,0.477,0.357,0.772,17.7,4.7,5.5,1.6,0.3,3.3,20.374468085106386,5,2.626474
Eric Bledsoe,2015,25,PG,PHO,81,34.6,0.447,0.324,0.8,17.0,5.2,6.1,1.6,0.6,3.4,19.43167630057803,6,13.0
Eric Bledsoe,2016,26,PG,PHO,31,34.2,0.453,0.372,0.802,20.4,4.0,6.1,2.0,0.6,3.5,22.968421052631577,7,13.5
Eric Bledsoe,2017,27,PG,PHO,66,33.0,0.434,0.335,0.847,21.1,4.8,6.3,1.4,0.5,3.4,24.148363636363634,8,14.0
Eric Bledsoe,2018,28,PG,MIL,74,31.4,0.473,0.347,0.795,17.7,3.8,5.0,2.0,0.6,2.9,20.85707006369427,9,15.0
Eric Bledsoe,2019,29,PG,MIL,78,29.1,0.484,0.329,0.75,15.9,4.6,5.5,1.5,0.4,2.1,19.571134020618555,10,15.0
Eric Bledsoe,2020,30,PG,MIL,61,27.0,0.475,0.344,0.79,14.9,4.6,5.4,0.9,0.4,2.4,20.58666666666667,11,15.625
Eric Bledsoe,2021,31,SG,NOP,71,29.7,0.421,0.341,0.687,12.2,3.4,3.8,0.8,0.3,1.6,15.864242424242425,12,20.565418
Eric Bledsoe,2022,32,PG,LAC,54,25.2,0.421,0.313,0.761,9.9,3.4,4.2,1.3,0.4,2.1,16.81142857142857,13,20.958799
Eric Gordon,2010,21,SG,LAC,62,36.0,0.449,0.371,0.742,16.9,2.6,3.0,1.1,0.2,2.3,17.012,2,2.81988
Eric Gordon,2011,22,SG,LAC,56,37.7,0.45,0.364,0.825,22.3,2.9,4.4,1.3,0.3,2.7,21.321167108753315,3,3.01668
Eric Gordon,2012,23,SG,NOH,9,34.4,0.45,0.25,0.754,20.6,2.8,3.4,1.4,0.4,2.7,22.466511627906975,4,3.831184
Eric Gordon,2013,24,SG,NOH,42,30.1,0.402,0.324,0.842,17.0,1.8,3.3,1.1,0.2,2.8,22.762524916943523,5,13.66875
Eric Gordon,2014,25,SG,NOP,64,32.1,0.436,0.391,0.785,15.4,2.6,3.3,1.2,0.2,2.1,18.437383177570094,6,14.283844
Eric Gordon,2015,26,SG,NOP,61,33.1,0.411,0.448,0.805,13.4,2.6,3.8,0.8,0.2,2.0,15.626827794561935,7,14.898938
Eric Gordon,2016,27,SG,NOP,45,32.9,0.418,0.384,0.888,15.2,2.2,2.7,1.0,0.3,1.6,16.557811550151975,8,15.514031
Eric Gordon,2017,28,SG,HOU,75,31.0,0.406,0.372,0.84,16.2,2.7,2.5,0.6,0.5,1.6,18.710709677419356,9,12.385364
Eric Gordon,2018,29,SG,HOU,69,31.2,0.428,0.359,0.809,18.0,2.5,2.2,0.6,0.4,1.9,20.238461538461536,10,12.94302
Eric Gordon,2019,30,SG,HOU,68,31.7,0.409,0.36,0.783,16.2,2.2,1.9,0.6,0.4,1.3,18.247570977917984,11,13.500375
Eric Gordon,2020,31,SF,HOU,36,28.2,0.369,0.317,0.766,14.4,2.0,1.5,0.6,0.4,1.2,19.685106382978724,12,14.05773
Eric Gordon,2021,32,SG,HOU,27,29.2,0.433,0.329,0.825,17.8,2.1,2.6,0.5,0.5,1.9,21.387945205479454,13,20.558431
Eric Gordon,2022,33,SG,HOU,57,29.3,0.475,0.412,0.778,13.4,2.0,2.7,0.5,0.3,1.9,15.795767918088735,14,21.067285
Eric Gordon,2023,34,SG,LAC,69,28.5,0.446,0.371,0.821,12.4,1.9,2.7,0.6,0.4,1.5,15.284210526315789,15,20.748097
Eric Gordon,2024,35,SG,PHO,68,27.8,0.443,0.378,0.797,11.0,1.8,2.0,1.0,0.4,1.1,13.721438848920863,16,3.291427
Eric Gordon,2025,36,SG,PHI,39,19.7,0.426,0.409,0.75,6.8,1.2,1.7,0.7,0.3,0.7,11.746598984771573,17,3.303771
Eric Maynor,2010,22,PG,OKC,81,15.7,0.418,0.31,0.722,4.7,1.6,3.3,0.5,0.1,1.0,13.519490445859873,3,1.31892
Eric Maynor,2011,23,PG,OKC,82,14.6,0.402,0.385,0.729,4.2,1.5,2.9,0.4,0.1,0.9,13.088219178082191,4,1.4178
Eric Maynor,2012,24,PG,OKC,9,15.2,0.359,0.353,1.0,4.2,1.4,2.4,0.6,0.0,1.2,13.443157894736844,5,1.51668
Eric Maynor,2013,25,PG-SG,POR,64,15.0,0.377,0.354,0.726,4.5,0.7,2.8,0.3,0.0,1.2,14.496000000000002,6,2.016
Eric Moreland,2015,23,PF,SAC,3,0.7,1.0,,,0.7,0.3,0.0,0.0,0.0,0.0,15.428571428571429,4,0.507336
Eric Moreland,2016,24,PF,SAC,8,6.0,0.5,,0.5,1.0,1.4,0.1,0.0,0.5,0.4,8.52,5,0.845059
Eric Moreland,2018,26,PF,DET,67,12.0,0.541,,0.379,2.1,4.1,1.2,0.5,0.8,0.6,7.728000000000001,7,1.8263
Eric Moreland,2019,27,PF,TOR,5,8.6,0.429,1.0,,1.4,4.0,0.8,0.2,0.2,1.0,10.046511627906977,8,0.017092
Eric Paschall,2020,23,PF,GSW,60,27.6,0.497,0.287,0.774,14.0,4.6,2.1,0.5,0.2,1.6,18.052173913043475,4,0.89831
Eric Paschall,2021,24,PF,GSW,40,17.4,0.497,0.333,0.713,9.5,3.2,1.3,0.3,0.2,1.1,19.97793103448276,5,1.84995
Eric Paschall,2022,25,PF,UTA,58,12.7,0.485,0.37,0.767,5.8,1.8,0.6,0.2,0.1,0.5,14.910236220472441,6,2.061329
Erick Dampier,2010,34,C,DAL,55,23.3,0.624,0.333,0.604,6.0,7.3,0.6,0.3,1.4,1.1,8.94901287553648,15,12.1155
Erick Dampier,2011,35,C,MIA,51,16.0,0.584,0.0,0.545,2.5,3.5,0.4,0.3,0.9,0.6,6.066000000000001,16,0.713666
Erick Dampier,2012,36,C,ATL,15,5.5,0.125,,,0.1,1.7,0.3,0.1,0.3,0.2,4.581818181818182,17,0.530547
Erick Green,2015,23,PG,DEN,43,9.5,0.377,0.298,0.833,3.4,0.7,0.9,0.3,0.0,0.3,16.03705263157895,4,0.507336
Erick Green,2016,24,PG,UTA,9,4.7,0.385,0.2,1.0,1.4,0.7,0.3,0.1,0.0,0.0,11.397446808510637,5,0.099418
Erik McCree,2018,24,SF,UTA,4,2.0,0.0,0.0,,0.0,0.3,0.0,0.3,0.0,0.3,14.4,5,0.815615
Ersan Ilyasova,2010,22,PF,MIL,81,23.4,0.443,0.336,0.715,10.4,6.4,1.0,0.7,0.3,0.9,16.584615384615386,3,2.1
Ersan Ilyasova,2011,23,PF,MIL,60,25.1,0.436,0.298,0.894,9.5,6.1,0.9,0.9,0.4,1.1,14.841752988047807,4,2.3205
Ersan Ilyasova,2012,24,PF,MIL,60,27.6,0.492,0.455,0.781,13.0,8.8,1.2,0.7,0.7,1.3,16.518260869565218,5,2.541
Ersan Ilyasova,2013,25,PF,MIL,73,27.6,0.462,0.444,0.796,13.2,7.1,1.6,0.9,0.5,1.0,16.914782608695653,6,7.9
Ersan Ilyasova,2014,26,PF,MIL,55,26.9,0.409,0.282,0.823,11.2,6.2,1.3,0.8,0.1,1.1,16.937397769516732,7,7.9
Ersan Ilyasova,2015,27,PF,MIL,58,22.7,0.472,0.389,0.645,11.5,4.8,1.0,0.6,0.3,0.8,17.74942731277533,8,7.9
Ersan Ilyasova,2016,28,PF,ORL,74,25.4,0.424,0.371,0.721,10.4,5.4,0.9,0.7,0.4,1.0,15.341102362204724,9,7.9
Ersan Ilyasova,2017,29,PF,ATL,82,26.1,0.431,0.353,0.778,13.1,5.9,1.7,0.7,0.3,1.4,18.482758620689655,10,8.4
Ersan Ilyasova,2019,31,PF,MIL,67,18.4,0.438,0.363,0.824,6.8,4.5,0.8,0.5,0.3,0.7,13.468695652173915,12,7.0
Ersan Ilyasova,2020,32,PF,MIL,63,15.7,0.466,0.365,0.828,6.6,4.8,0.8,0.4,0.3,0.5,14.023949044585986,13,7.0
Ersan Ilyasova,2021,33,PF,UTA,17,8.7,0.389,0.439,1.0,3.8,1.7,0.2,0.6,0.2,0.5,15.856551724137931,14,1.455778
Etan Thomas,2010,31,C,OKC,23,14.0,0.456,,0.591,3.3,2.8,0.0,0.2,0.7,0.8,10.902857142857144,12,7.906088
Etan Thomas,2011,32,C,ATL,13,6.3,0.476,,0.8,2.5,1.8,0.2,0.1,0.3,0.4,14.445714285714285,13,0.854389
Eugene Omoruyi,2022,24,SF,DAL,4,4.5,0.4,0.5,0.5,1.8,1.8,0.5,0.0,0.0,0.0,13.92,5,0.325894
Eugene Omoruyi,2023,25,SF,DET,40,16.1,0.443,0.281,0.68,7.0,2.8,0.7,0.7,0.1,0.9,16.627080745341615,6,1.074197
Eugene Omoruyi,2024,26,SF,WAS,43,9.1,0.485,0.283,0.653,4.8,2.0,0.8,0.6,0.1,0.5,19.321318681318683,7,1.503157
Evan Fournier,2013,20,SG,DEN,38,11.3,0.493,0.407,0.769,5.3,0.9,1.2,0.5,0.0,0.8,16.693805309734515,1,1.3614
Evan Fournier,2014,21,SG,DEN,76,19.8,0.419,0.376,0.756,8.4,2.7,1.5,0.4,0.1,1.3,16.734545454545458,2,1.42272
Evan Fournier,2015,22,SG,ORL,58,28.6,0.44,0.378,0.728,12.0,2.6,2.1,0.7,0.0,1.4,15.608391608391608,3,1.48392
Evan Fournier,2016,23,SF,ORL,79,32.5,0.462,0.4,0.836,15.4,2.8,2.7,1.2,0.0,1.7,16.416,4,2.288205
Evan Fournier,2017,24,SG,ORL,68,32.9,0.439,0.356,0.805,17.2,3.1,3.0,1.0,0.1,2.1,19.262735562310027,5,17.0
Evan Fournier,2018,25,SF,ORL,57,32.2,0.459,0.379,0.867,17.8,3.2,2.9,0.8,0.3,1.7,19.14037267080745,6,17.0
Evan Fournier,2019,26,SG,ORL,81,31.5,0.438,0.34,0.806,15.1,3.2,3.6,0.9,0.1,1.9,18.313142857142854,7,17.15
Evan Fournier,2020,27,SF,ORL,66,31.5,0.467,0.399,0.818,18.5,2.6,3.2,1.1,0.2,1.9,19.945142857142855,8,17.15
Evan Fournier,2021,28,SF-SG,BOS,42,30.0,0.457,0.413,0.788,17.1,3.0,3.4,1.1,0.5,1.7,19.2624,9,20.900558
Evan Fournier,2022,29,SG,NYK,80,29.5,0.417,0.389,0.708,14.1,2.6,2.1,1.0,0.3,1.3,17.10427118644068,10,19.8231
Evan Fournier,2023,30,SG,NYK,27,17.0,0.337,0.307,0.857,6.1,1.8,1.3,0.6,0.1,0.8,15.357176470588236,11,19.085184
Evan Fournier,2024,31,SG,DET,32,18.1,0.357,0.254,0.806,6.9,1.8,1.5,0.9,0.2,0.7,16.07867403314917,12,19.417463
Evan Mobley,2022,20,PF,CLE,69,33.8,0.508,0.25,0.663,15.0,8.3,2.5,0.8,1.7,1.9,16.538698224852073,1,9.337691
Evan Mobley,2023,21,PF,CLE,79,34.4,0.554,0.216,0.674,16.2,9.0,2.8,0.8,1.5,1.8,16.19162790697675,2,8.989885
Evan Mobley,2024,22,PF,CLE,50,30.6,0.58,0.373,0.719,15.7,9.4,3.2,0.9,1.4,1.8,16.818823529411766,3,9.146578
Evan Mobley,2025,23,PF,CLE,71,30.5,0.557,0.37,0.725,18.5,9.3,3.2,0.9,1.6,2.0,19.702032786885248,4,11.227657
Evan Turner,2011,22,SG,PHI,78,23.0,0.425,0.318,0.808,7.2,3.9,2.0,0.6,0.2,1.0,13.310608695652174,3,4.60272
Evan Turner,2012,23,SF,PHI,65,26.4,0.446,0.224,0.676,9.4,5.8,2.8,0.6,0.3,1.6,15.61090909090909,4,5.29308
Evan Turner,2013,24,SF,PHI,82,35.3,0.419,0.365,0.74,13.3,6.3,4.3,0.9,0.2,2.3,16.52124645892351,5,5.29308
Evan Turner,2014,25,SF,IND,81,30.3,0.425,0.321,0.813,14.0,5.0,3.2,0.8,0.1,2.3,19.375841584158415,6,6.679867
Evan Turner,2015,26,SG,BOS,82,27.6,0.429,0.277,0.752,9.5,5.1,5.5,1.0,0.2,2.4,15.975652173913042,7,3.278
Evan Turner,2016,27,SG,BOS,81,28.0,0.456,0.241,0.827,10.5,4.9,4.4,1.0,0.3,2.1,15.901714285714286,8,3.42551
Evan Turner,2017,28,SF,POR,65,25.5,0.426,0.263,0.825,9.0,3.8,3.2,0.8,0.4,1.5,15.111529411764709,9,16.393443
Evan Turner,2018,29,SF,POR,79,25.7,0.447,0.318,0.85,8.2,3.1,2.2,0.6,0.4,1.3,12.909571984435797,10,17.131148
Evan Turner,2019,30,PG,POR,73,22.0,0.46,0.212,0.708,6.8,4.5,3.9,0.5,0.2,1.6,13.68,11,17.868853
Evan Turner,2020,31,SG,ATL,19,13.2,0.373,0.0,0.857,3.3,2.0,2.0,0.5,0.4,1.4,14.203636363636365,12,18.606556
Fab Melo,2013,22,C,BOS,6,6.0,0.5,,0.25,1.2,0.5,0.0,0.3,0.3,0.2,9.048,3,1.25472
Fabricio Oberto,2010,34,C,WAS,57,11.4,0.625,,0.765,1.5,1.8,0.9,0.2,0.2,0.6,5.469473684210526,15,1.99
Fabricio Oberto,2011,35,C,POR,5,9.0,0.6,,0.5,1.4,1.4,0.0,0.0,0.0,0.6,7.103999999999999,16,0.854389
Facundo Campazzo,2021,29,PG,DEN,65,21.9,0.381,0.352,0.879,6.1,2.1,3.6,1.2,0.2,1.1,10.711232876712328,10,3.899812
Facundo Campazzo,2022,30,PG,DEN,65,18.2,0.361,0.301,0.769,5.1,1.8,3.4,1.0,0.4,1.0,12.121318681318682,11,3.584677
Facundo Campazzo,2023,31,PG,DAL,8,6.5,0.231,0.273,0.5,1.3,0.3,1.1,0.8,0.0,0.4,11.808000000000002,12,0.49229
Feron Hunt,2022,22,SF,NYK,2,4.0,0.0,,,0.0,0.5,0.5,0.5,0.0,0.5,13.5,3,0.135276
Festus Ezeli,2013,23,C,GSW,78,14.4,0.438,,0.531,2.4,4.0,0.3,0.3,0.9,0.8,8.600000000000001,4,1.02096
Festus Ezeli,2015,25,C,GSW,46,11.0,0.547,,0.628,4.4,3.4,0.2,0.2,0.9,0.7,14.55709090909091,6,1.11288
Festus Ezeli,2016,26,C,GSW,46,16.7,0.548,,0.53,7.0,5.6,0.7,0.4,1.1,0.8,15.253652694610778,7,2.008748
Francisco Elson,2010,33,C,PHI,12,5.5,0.333,,0.4,1.0,1.2,0.2,0.1,0.0,0.1,10.315636363636365,14,1.7
Francisco Elson,2011,34,C,UTA,62,9.8,0.478,,0.839,2.2,1.9,0.5,0.3,0.2,0.5,9.257142857142856,15,0.854389
Francisco Elson,2012,35,C,PHI,5,3.2,0.333,,,0.4,0.2,0.2,0.2,0.2,0.2,9.0,16,0.854389
Francisco Garcia,2010,28,SG,SAC,25,23.0,0.466,0.39,0.882,8.1,2.6,1.8,0.4,0.8,0.8,12.690782608695654,9,5.8
Francisco Garcia,2011,29,SF,SAC,58,23.9,0.436,0.362,0.855,9.7,2.3,1.2,0.9,0.8,0.8,14.418075313807531,10,5.5
Francisco Garcia,2012,30,SF,SAC,49,16.3,0.376,0.29,0.8,4.8,2.0,0.6,0.7,0.8,0.4,11.846871165644174,11,6.1
Francisco Garcia,2013,31,SG-SF,HOU,58,17.7,0.393,0.374,0.857,5.5,1.6,1.1,0.8,0.7,0.6,12.154576271186441,12,6.1
Francisco Garcia,2014,32,SF,HOU,55,19.7,0.401,0.358,0.526,5.7,2.2,1.1,0.5,0.6,0.5,10.840203045685278,13,1.265977
Francisco Garcia,2015,33,SF,HOU,14,14.3,0.27,0.222,0.25,3.2,1.2,1.1,0.6,0.4,0.7,13.423216783216782,14,0.915243
Frank Jackson,2019,20,PG,NOP,61,19.2,0.434,0.314,0.74,8.1,2.2,1.1,0.4,0.0,0.8,16.177500000000002,1,1.378242
Frank Jackson,2020,21,PG,NOP,59,13.5,0.405,0.326,0.747,6.3,1.4,1.0,0.3,0.1,0.8,18.592,2,1.61852
Frank Jackson,2021,22,PG,DET,40,18.5,0.457,0.407,0.813,9.8,2.2,0.9,0.4,0.0,0.9,17.583567567567567,3,0.852004
Frank Jackson,2022,23,PG,DET,53,22.0,0.402,0.308,0.827,10.6,1.6,1.0,0.5,0.2,0.7,17.476363636363637,4,3.469042
Frank Jackson,2023,24,PG,UTA,1,5.0,0.0,0.0,0.0,0.0,2.0,1.0,0.0,0.0,0.0,21.6,5,0.119933
Frank Kaminsky,2016,22,C,CHO,81,21.1,0.41,0.337,0.73,7.5,4.1,1.2,0.5,0.5,0.7,13.63563981042654,3,2.61252
Frank Kaminsky,2017,23,C,CHO,75,26.1,0.399,0.328,0.756,11.7,4.5,2.2,0.6,0.5,1.0,17.412413793103447,4,2.73
Frank Kaminsky,2018,24,PF,CHO,79,23.2,0.429,0.38,0.799,11.1,3.6,1.6,0.5,0.2,0.8,17.06896551724138,5,3.627842
Frank Kaminsky,2019,25,C,CHO,47,16.1,0.463,0.36,0.738,8.6,3.5,1.3,0.3,0.3,0.9,18.36223602484472,6,3.627842
Frank Kaminsky,2020,26,C,PHO,39,19.9,0.45,0.331,0.678,9.7,4.5,1.9,0.4,0.3,0.9,17.750351758793972,7,4.767
Frank Kaminsky,2021,27,C,PHO,47,15.2,0.471,0.365,0.617,6.6,4.0,1.7,0.3,0.4,0.5,15.565263157894739,8,2.117043
Frank Kaminsky,2022,28,C,PHO,9,20.1,0.545,0.333,0.9,10.6,4.6,1.4,0.9,0.8,0.6,15.882985074626864,9,2.416128
Frank Kaminsky,2023,29,C,HOU,36,6.5,0.492,0.394,0.875,2.5,1.4,0.9,0.2,0.1,0.3,12.60553846153846,10,2.612008
Frank Mason III,2018,23,PG,SAC,52,18.9,0.379,0.36,0.817,7.9,2.5,2.8,0.7,0.2,1.3,18.22476190476191,4,1.184385
Frank Mason III,2019,24,PG,SAC,38,11.4,0.42,0.219,0.684,5.1,1.1,2.2,0.4,0.1,0.9,18.82105263157895,5,1.378242
Frank Ntilikina,2018,19,PG,NYK,78,21.9,0.364,0.318,0.721,5.9,2.3,3.2,0.8,0.2,1.7,13.966027397260275,1,4.15572
Frank Ntilikina,2019,20,PG,NYK,43,21.0,0.337,0.287,0.767,5.7,2.0,2.8,0.7,0.3,1.3,14.070857142857143,1,4.15572
Frank Ntilikina,2020,21,PG,NYK,57,20.8,0.393,0.321,0.864,6.3,2.1,3.0,0.9,0.3,1.2,12.876923076923077,2,4.8558
Frank Ntilikina,2021,22,PG,NYK,33,9.8,0.367,0.479,0.444,2.7,0.9,0.6,0.5,0.1,0.3,10.726530612244897,3,7.527342
Frank Ntilikina,2022,23,PG,DAL,58,11.8,0.399,0.342,0.96,4.1,1.4,1.2,0.5,0.1,0.5,13.655593220338982,4,2.069001
Frank Ntilikina,2023,24,PG,DAL,47,12.9,0.364,0.254,0.667,2.9,1.3,1.2,0.3,0.1,0.6,10.347906976744186,5,2.159083
Frank Ntilikina,2024,25,PG,CHO,5,8.6,0.111,0.125,1.0,1.0,1.2,0.8,0.0,0.0,0.2,9.108837209302328,6,2.603356
Franz Wagner,2022,20,SF,ORL,79,30.7,0.468,0.354,0.863,15.2,4.5,2.9,0.9,0.4,1.5,17.627100977198698,1,5.790803
Franz Wagner,2023,21,SF,ORL,80,32.6,0.485,0.361,0.842,18.6,4.1,3.5,1.0,0.2,2.1,19.722699386503066,2,5.575291
Franz Wagner,2024,22,SF,ORL,72,32.5,0.482,0.281,0.85,19.7,5.3,3.7,1.1,0.4,1.9,21.086030769230767,3,5.672405
Franz Wagner,2025,23,SF,ORL,60,33.7,0.463,0.295,0.871,24.2,5.7,4.7,1.3,0.4,2.3,25.62516320474777,4,7.007092
Fred VanVleet,2017,22,PG,TOR,37,7.9,0.351,0.379,0.818,2.9,1.1,0.9,0.4,0.1,0.4,16.696708860759493,3,0.543471
Fred VanVleet,2019,24,PG,TOR,64,27.5,0.41,0.378,0.843,11.0,2.6,4.8,0.9,0.3,1.3,15.044072727272729,5,8.653847
Fred VanVleet,2020,25,SG,TOR,54,35.7,0.413,0.39,0.848,17.6,3.8,6.6,1.9,0.3,2.2,18.28033613445378,6,9.346153
Fred VanVleet,2021,26,SG,TOR,52,36.5,0.389,0.366,0.885,19.6,4.2,6.3,1.7,0.7,1.8,19.852273972602738,7,25.897193
Fred VanVleet,2022,27,PG,TOR,65,37.9,0.403,0.377,0.874,20.3,4.4,6.7,1.7,0.5,2.6,19.943430079155675,8,22.752208
Fred VanVleet,2023,28,PG,TOR,69,36.7,0.393,0.342,0.898,19.3,4.1,7.2,1.8,0.6,2.0,19.52435967302452,9,22.53112
Fred VanVleet,2024,29,PG,HOU,73,36.8,0.416,0.387,0.86,17.4,3.8,8.1,1.4,0.8,1.7,16.595217391304352,10,42.018817
Fred VanVleet,2025,30,PG,HOU,60,35.2,0.378,0.345,0.81,14.1,3.7,5.6,1.6,0.4,1.5,15.55772727272727,11,42.846615
Freddie Gillespie,2021,23,PF,TOR,20,19.6,0.524,,0.697,5.6,4.9,0.5,0.7,1.0,0.6,10.190204081632652,4,0.442403
Freddie Gillespie,2022,24,PF,ORL,9,13.2,0.409,0.0,0.429,2.3,4.0,0.6,0.3,1.0,0.6,9.141818181818183,5,0.255732
Furkan Aldemir,2015,23,PF,PHI,41,13.2,0.513,0.0,0.481,2.3,4.3,0.7,0.4,0.4,0.4,7.112727272727272,4,2.963232
Furkan Korkmaz,2018,20,SG,PHI,14,5.7,0.286,0.294,0.5,1.6,0.8,0.3,0.1,0.1,0.1,14.096842105263159,1,1.74
Furkan Korkmaz,2019,21,SG,PHI,48,14.1,0.4,0.326,0.818,5.8,2.2,1.1,0.6,0.0,0.5,15.308936170212766,2,1.74
Furkan Korkmaz,2020,22,SG,PHI,72,21.7,0.43,0.402,0.755,9.8,2.3,1.1,0.6,0.2,0.8,15.289216589861756,3,1.620564
Furkan Korkmaz,2021,23,SG,PHI,55,19.3,0.401,0.375,0.732,9.1,2.1,1.5,0.9,0.2,0.8,17.0860103626943,4,2.148304
Furkan Korkmaz,2022,24,SG,PHI,67,21.1,0.387,0.289,0.81,7.6,2.6,1.9,0.5,0.1,0.7,14.113364928909952,5,5.353461
Furkan Korkmaz,2023,25,SG,PHI,37,9.5,0.432,0.391,0.722,3.8,1.1,0.6,0.3,0.1,0.6,15.309473684210525,6,5.30144
Furkan Korkmaz,2024,26,SG,PHI,35,8.6,0.395,0.35,0.7,2.5,0.9,0.7,0.4,0.1,0.3,11.570232558139535,7,5.529945
GG Jackson II,2025,20,PF,MEM,29,15.8,0.372,0.337,0.725,7.2,3.2,1.0,0.4,0.2,1.1,19.631392405063288,1,1.891857
Gabe Vincent,2021,24,PG,MIA,50,13.1,0.378,0.309,0.87,4.8,1.1,1.3,0.4,0.0,0.7,15.444274809160305,5,0.80525
Gabe Vincent,2022,25,PG,MIA,68,23.4,0.417,0.368,0.815,8.7,1.9,3.1,0.9,0.2,1.4,14.233846153846155,6,1.930149
Gabe Vincent,2023,26,PG,MIA,68,25.9,0.402,0.334,0.872,9.4,2.1,2.5,0.9,0.1,1.4,14.155366795366797,7,1.92514
Gabe Vincent,2024,27,PG,LAL,11,19.8,0.306,0.107,0.5,3.1,0.8,1.9,0.8,0.0,0.5,9.25090909090909,8,10.811996
Gabe Vincent,2025,28,PG,LAL,72,21.2,0.4,0.353,0.714,6.4,1.3,1.4,0.7,0.2,0.6,11.092075471698111,9,11.0
Gabe York,2023,29,SG,IND,3,18.7,0.381,0.333,1.0,8.0,2.0,1.7,0.7,0.0,0.0,14.068877005347593,10,0.03411
Gabriel Deck,2021,25,PF,OKC,10,21.2,0.478,0.133,0.818,8.4,4.0,2.4,0.8,0.0,0.6,14.040000000000001,6,4.716786
Gabriel Deck,2022,26,PF,OKC,7,8.0,0.571,0.5,,2.6,0.9,0.7,0.1,0.0,0.3,10.35,7,1.954813
Gabriel Lundberg,2022,27,SG,PHO,4,11.0,0.263,0.375,,3.3,1.8,2.8,0.8,0.0,0.8,18.327272727272728,8,0.092234
Gal Mekel,2014,25,PG,DAL,31,9.4,0.349,0.25,0.667,2.4,0.9,2.0,0.1,0.0,1.0,15.22723404255319,6,0.49018
Gal Mekel,2015,26,PG,NOP,4,10.8,0.15,0.0,,1.5,0.3,3.3,0.5,0.0,0.5,18.333333333333332,7,0.633974
Gani Lawal,2011,22,PF,PHO,1,2.0,,,,0.0,0.0,0.0,0.0,0.0,0.0,0.0,3,0.473604
Garret Siler,2011,24,C,PHO,21,4.8,0.548,,0.5,2.1,1.3,0.1,0.0,0.2,0.5,18.3,5,0.473604
Garrett Temple,2010,23,SG,SAS,27,12.4,0.436,0.351,0.7,5.0,1.1,0.8,0.5,0.2,1.0,16.07225806451613,4,0.088826
Garrett Temple,2011,24,PG-SG,CHA,24,9.6,0.294,0.27,0.412,2.4,1.0,1.3,0.5,0.3,1.0,15.404999999999998,5,0.080703
Garrett Temple,2013,26,SG,WAS,51,22.7,0.407,0.325,0.703,5.1,2.4,2.3,1.0,0.3,1.2,10.47964757709251,7,0.884293
Garrett Temple,2014,27,SG,WAS,75,8.5,0.362,0.207,0.698,1.8,0.9,1.0,0.5,0.1,0.6,11.706352941176469,8,0.884293
Garrett Temple,2015,28,SG,WAS,52,14.1,0.4,0.375,0.729,3.9,1.7,1.1,0.8,0.2,0.7,11.223829787234044,9,0.981084
Garrett Temple,2016,29,SF,WAS,80,24.4,0.398,0.345,0.728,7.3,2.7,1.8,0.9,0.2,0.8,11.514098360655737,10,1.100602
Garrett Temple,2017,30,SG,SAC,65,26.6,0.424,0.373,0.784,7.8,2.8,2.6,1.3,0.4,1.2,11.211428571428568,11,8.0
Garrett Temple,2018,31,SG,SAC,65,24.8,0.418,0.392,0.769,8.4,2.3,1.9,0.9,0.4,1.2,13.105161290322577,12,8.0
Garrett Temple,2019,32,SG,LAC,75,27.2,0.422,0.341,0.748,7.8,2.9,1.4,1.0,0.4,0.9,10.741764705882353,13,8.0
Garrett Temple,2020,33,SG,BRK,62,27.9,0.378,0.329,0.805,10.3,3.5,2.5,0.8,0.5,1.0,14.343225806451613,14,4.767
Garrett Temple,2021,34,SG,CHI,56,27.3,0.415,0.335,0.8,7.6,2.9,2.2,0.8,0.5,1.0,10.807912087912086,15,5.809502
Garrett Temple,2022,35,SG,NOP,59,18.6,0.376,0.319,0.683,5.2,2.4,1.3,0.7,0.4,0.7,11.628387096774194,16,5.677666
Garrett Temple,2023,36,SG,NOP,25,6.5,0.4,0.423,0.75,2.0,0.7,0.5,0.4,0.1,0.2,11.564307692307693,17,5.466314
Garrett Temple,2024,37,SG,TOR,27,10.7,0.372,0.3,0.818,3.3,1.7,1.0,0.4,0.1,0.5,12.62355140186916,18,3.291427
Garrett Temple,2025,38,SG,TOR,28,8.1,0.3,0.214,0.917,1.9,1.0,1.1,0.6,0.1,0.4,11.893333333333336,19,2.087519
Garrison Mathews,2021,24,SG,WAS,64,16.2,0.409,0.384,0.884,5.5,1.4,0.4,0.5,0.1,0.2,10.133333333333335,5,0.838523
Garrison Mathews,2022,25,SG,HOU,65,26.3,0.399,0.36,0.794,10.0,2.9,1.0,0.9,0.4,0.6,12.226311787072241,6,2.312695
Garrison Mathews,2023,26,SG,ATL,54,12.7,0.363,0.35,0.906,4.8,1.4,0.5,0.4,0.1,0.4,12.86929133858268,7,2.120576
Garrison Mathews,2024,27,SG,ATL,66,15.0,0.456,0.44,0.81,4.9,1.4,0.6,0.3,0.1,0.3,9.513599999999999,8,2.059427
Garrison Mathews,2025,28,SG,ATL,47,17.7,0.397,0.39,0.821,7.5,1.9,1.3,0.6,0.3,0.7,14.131525423728815,9,2.230253
Gary Clark,2019,24,PF,HOU,51,12.6,0.331,0.297,1.0,2.9,2.3,0.4,0.4,0.5,0.1,8.982857142857142,5,0.596873
Gary Clark,2020,25,SF-PF,ORL,42,13.5,0.406,0.351,0.9,3.7,2.6,0.4,0.1,0.5,0.2,9.301333333333334,6,0.555409
Gary Clark,2021,26,PF-SF,PHI,39,16.8,0.303,0.287,0.8,3.1,2.9,0.8,0.3,0.2,0.4,8.425714285714285,7,2.459876
Gary Clark,2022,27,PF,NOP,38,9.9,0.375,0.4,0.7,2.7,2.4,0.5,0.3,0.2,0.3,9.934545454545454,8,0.938044
Gary Forbes,2011,25,SF,DEN,63,12.6,0.454,0.328,0.678,5.2,1.8,0.8,0.4,0.1,0.7,16.045714285714286,6,0.473604
Gary Forbes,2012,26,SG,TOR,48,14.9,0.413,0.349,0.725,6.6,2.1,1.1,0.5,0.1,1.1,18.20778523489933,7,1.5
Gary Harris,2015,20,SG,DEN,55,13.1,0.304,0.204,0.745,3.4,1.2,0.5,0.7,0.1,0.7,13.729465648854964,1,1.5192
Gary Harris,2016,21,SG,DEN,76,32.1,0.469,0.354,0.82,12.3,2.9,1.9,1.3,0.2,1.3,13.673271028037384,2,1.58448
Gary Harris,2017,22,SG,DEN,57,31.3,0.502,0.42,0.776,14.9,3.1,2.9,1.2,0.1,1.3,15.591565495207668,3,1.65588
Gary Harris,2018,23,SG,DEN,67,34.4,0.485,0.396,0.827,17.5,2.6,2.9,1.8,0.2,1.8,17.22139534883721,4,2.550055
Gary Harris,2019,24,SG,DEN,57,28.8,0.424,0.339,0.799,12.9,2.8,2.2,1.0,0.3,1.2,16.874999999999996,5,16.517857
Gary Harris,2020,25,SG,DEN,56,31.8,0.42,0.333,0.815,10.4,2.9,2.1,1.4,0.3,1.1,12.57056603773585,6,17.839286
Gary Harris,2021,26,SG,ORL,39,27.7,0.4,0.34,0.821,9.9,2.0,2.0,0.7,0.3,0.9,13.750180505415164,7,23.899409
Gary Harris,2022,27,SG,ORL,61,28.4,0.434,0.384,0.874,11.1,2.0,1.8,1.0,0.1,1.0,13.695211267605636,8,24.204831
Gary Harris,2023,28,SG,ORL,48,24.7,0.45,0.431,0.9,8.3,2.0,1.2,0.9,0.3,0.6,10.587206477732794,9,13.783744
Gary Harris,2024,29,SG,ORL,54,24.0,0.441,0.371,0.756,6.9,1.7,1.6,0.9,0.3,0.6,9.677999999999999,10,13.386281
Gary Harris,2025,30,SG,ORL,48,14.8,0.383,0.356,0.583,3.0,1.3,0.6,0.5,0.3,0.4,8.104864864864865,11,7.5
Gary Neal,2011,26,SG,SAS,80,21.1,0.451,0.419,0.808,9.8,2.5,1.2,0.3,0.1,1.0,16.160758293838864,7,0.525
Gary Neal,2012,27,SG,SAS,56,21.5,0.436,0.419,0.781,9.9,2.1,2.1,0.5,0.0,1.1,17.219720930232555,8,0.854389
Gary Neal,2013,28,SG,SAS,68,21.8,0.412,0.355,0.865,9.5,2.1,1.9,0.4,0.0,1.0,16.982752293577985,9,0.854389
Gary Neal,2014,29,SG,CHA,52,21.4,0.41,0.378,0.895,10.5,1.7,1.6,0.3,0.0,1.2,18.80747663551402,10,3.25
Gary Neal,2015,30,SG,MIN,54,22.1,0.374,0.305,0.867,10.1,2.4,1.9,0.4,0.0,1.2,18.89592760180995,11,3.25
Gary Neal,2016,31,SG,WAS,40,20.2,0.465,0.41,0.855,9.8,2.1,1.2,0.5,0.0,0.7,16.780990099009898,12,2.139
Gary Payton II,2017,24,PG,MIL,6,16.5,0.364,0.111,0.6,3.3,2.0,2.2,0.5,0.7,1.7,12.549818181818184,5,0.035116
Gary Payton II,2020,27,SF,WAS,29,14.9,0.414,0.283,0.5,3.9,2.8,1.7,1.1,0.2,0.7,11.67463087248322,8,1.052909
Gary Payton II,2021,28,PG,GSW,10,4.0,0.769,0.5,0.75,2.5,1.1,0.1,0.6,0.1,0.1,14.184000000000001,9,0.304507
Gary Payton II,2022,29,PG,GSW,71,17.6,0.616,0.358,0.603,7.1,3.5,0.9,1.4,0.3,0.6,11.765454545454544,10,1.930149
Gary Payton II,2023,30,PG,GSW,22,16.7,0.594,0.5,0.857,4.6,3.1,1.4,1.0,0.2,0.7,8.47616766467066,11,8.80039
Gary Payton II,2024,31,SG,GSW,44,15.5,0.563,0.364,0.609,5.5,2.6,1.1,0.9,0.4,0.6,11.659354838709676,12,8.973957
Gary Payton II,2025,32,SG,GSW,62,15.0,0.574,0.326,0.711,6.5,3.0,1.3,0.8,0.3,0.6,13.5936,13,9.13
Gary Trent Jr.,2019,20,SG,POR,15,7.4,0.32,0.238,0.429,2.7,0.7,0.3,0.1,0.1,0.3,18.58378378378378,1,0.838464
Gary Trent Jr.,2020,21,SF,POR,61,21.8,0.444,0.418,0.822,8.9,1.6,1.0,0.8,0.3,0.3,12.893944954128438,2,1.416852
Gary Trent Jr.,2025,26,SG,MIL,74,25.6,0.431,0.416,0.848,11.1,2.3,1.2,1.0,0.1,0.6,14.101875000000001,7,2.087519
George Hill,2010,23,PG,SAS,78,29.2,0.478,0.399,0.772,12.4,2.6,2.9,0.9,0.3,1.3,14.94246575342466,4,1.08168
George Hill,2011,24,PG,SAS,76,28.3,0.453,0.377,0.863,11.6,2.6,2.5,0.9,0.3,1.3,14.226996466431096,5,0.854389
George Hill,2012,25,PG,IND,50,25.5,0.442,0.367,0.778,9.6,3.0,2.9,0.8,0.3,1.0,13.569882352941177,6,1.540493
George Hill,2013,26,PG,IND,76,34.5,0.443,0.368,0.817,14.2,3.7,4.7,1.1,0.3,1.5,14.850782608695651,7,8.0
George Hill,2014,27,PG,IND,76,32.0,0.442,0.365,0.807,10.3,3.7,3.5,1.0,0.3,1.2,11.600999999999999,8,8.0
George Hill,2015,28,PG,IND,43,29.5,0.477,0.358,0.79,16.1,4.2,5.1,1.0,0.3,1.6,18.856677966101696,9,8.0
George Hill,2016,29,PG,IND,74,34.1,0.441,0.408,0.76,12.1,4.0,3.5,1.1,0.2,1.4,12.964222873900294,10,8.0
George Hill,2017,30,PG,UTA,49,31.5,0.477,0.403,0.801,16.9,3.4,4.2,1.0,0.2,1.7,18.125714285714288,11,8.0
George Hill,2018,31,PG,CLE,67,27.0,0.46,0.415,0.786,10.0,2.7,2.8,0.9,0.4,1.3,13.232000000000003,12,19.0
George Hill,2019,32,PG,MIL,60,21.7,0.452,0.314,0.824,7.6,2.5,2.3,0.9,0.1,0.9,12.96663594470046,13,19.0
George Hill,2020,33,PG,MIL,59,21.5,0.516,0.46,0.842,9.4,3.0,3.1,0.8,0.1,1.0,13.643162790697673,14,9.133907
George Hill,2021,34,PG,PHI,30,22.4,0.482,0.388,0.8,8.7,2.0,2.4,0.8,0.2,1.0,13.41642857142857,15,11.687984
George Hill,2022,35,SG,MIL,54,23.2,0.429,0.306,0.919,6.2,2.9,2.2,0.8,0.1,0.8,9.906206896551724,16,6.1003
George Hill,2023,36,PG,IND,46,18.1,0.47,0.358,0.764,5.0,1.8,2.4,0.6,0.1,0.7,9.602651933701658,17,4.241152
George King,2022,28,SF,DAL,4,4.8,0.0,0.0,0.5,0.3,1.3,0.0,0.0,0.0,0.3,13.65,9,0.098957
Georges Niang,2017,23,PF,IND,23,4.0,0.25,0.083,1.0,0.9,0.7,0.2,0.1,0.0,0.2,16.596,4,0.65
Georges Niang,2019,25,PF,UTA,59,8.7,0.475,0.41,0.833,4.0,1.5,0.6,0.2,0.1,0.4,15.211034482758624,6,1.512601
Georges Niang,2020,26,PF,UTA,66,14.0,0.438,0.4,0.833,5.9,1.9,0.7,0.3,0.1,0.5,14.338285714285716,7,1.645357
Georges Niang,2021,27,PF,UTA,72,16.0,0.437,0.425,0.957,6.9,2.4,0.8,0.3,0.1,0.7,14.472,8,2.173605
Georges Niang,2022,28,PF,PHI,76,22.8,0.437,0.403,0.881,9.2,2.7,1.3,0.4,0.2,0.8,13.503157894736844,9,3.815946
Georges Niang,2023,29,PF,PHI,78,19.4,0.442,0.401,0.867,8.2,2.4,1.0,0.4,0.2,0.7,13.665154639175261,10,3.673897
Georges Niang,2024,30,PF,CLE,82,22.3,0.449,0.376,0.85,9.4,3.4,1.2,0.4,0.2,0.9,14.380627802690585,11,9.061482
Georges Niang,2025,31,PF,ATL,79,21.5,0.461,0.406,0.793,9.9,3.4,1.4,0.4,0.2,1.0,15.250604651162792,12,8.5
Georgios Kalaitzakis,2022,23,SF,OKC,13,16.5,0.463,0.385,0.467,6.6,1.6,0.9,0.8,0.2,1.5,16.82618181818182,4,0.578001
Georgios Papagiannis,2017,19,C,SAC,22,16.1,0.549,0.0,0.857,5.6,3.9,0.9,0.1,0.8,1.1,13.335652173913044,1,2.20224
Georgios Papagiannis,2018,20,C,POR,17,7.2,0.429,,,2.1,2.2,0.5,0.2,0.4,0.5,15.0,1,0.185397
Gerald Green,2012,26,SF,NJN,31,25.2,0.481,0.391,0.754,12.9,3.5,1.1,0.9,0.5,1.8,18.60571428571429,7,0.413413
Gerald Green,2013,27,SF,IND,60,18.0,0.366,0.314,0.8,7.0,2.4,0.8,0.3,0.4,0.9,16.968,8,3.5
Gerald Green,2014,28,SG,PHO,82,28.4,0.445,0.4,0.848,15.8,3.4,1.5,0.9,0.5,1.8,19.43492957746479,9,3.5
Gerald Green,2015,29,SG,PHO,74,19.5,0.416,0.354,0.825,11.9,2.5,1.2,0.6,0.2,1.4,23.268923076923077,10,3.5
Gerald Green,2016,30,SG,MIA,69,22.6,0.392,0.323,0.783,8.9,2.4,0.8,0.6,0.3,0.7,15.56601769911504,11,0.947276
Gerald Green,2017,31,SF,BOS,47,11.4,0.409,0.351,0.805,5.6,1.8,0.7,0.2,0.1,0.5,18.30315789473684,12,0.980431
Gerald Green,2018,32,SG,HOU,41,22.7,0.407,0.369,0.85,12.1,3.2,0.6,0.6,0.4,0.8,18.333039647577095,13,0.872854
Gerald Green,2019,33,SG,HOU,73,20.2,0.4,0.354,0.838,9.2,2.5,0.5,0.5,0.4,0.8,16.210693069306934,14,1.512601
Gerald Henderson,2010,22,SG,CHA,43,8.3,0.356,0.211,0.745,2.6,1.3,0.3,0.2,0.2,0.3,13.81012048192771,3,1.95708
Gerald Henderson,2011,23,SG,CHA,68,24.4,0.454,0.194,0.785,9.6,3.0,1.5,0.7,0.5,0.9,15.279344262295082,4,2.10384
Gerald Henderson,2012,24,SG,CHA,55,33.3,0.459,0.234,0.76,15.1,4.1,2.3,0.9,0.4,1.8,17.868108108108107,5,2.2506
Gerald Henderson,2014,26,SG,CHA,77,32.0,0.433,0.348,0.761,14.0,4.0,2.6,0.7,0.4,1.5,17.28,7,6.0
Gerald Henderson,2015,27,SG,CHO,80,28.9,0.437,0.331,0.848,12.1,3.4,2.6,0.6,0.3,1.4,16.427958477508653,8,6.0
Gerald Henderson,2016,28,SG,POR,72,19.9,0.439,0.353,0.767,8.7,2.9,1.0,0.5,0.3,0.9,16.426130653266334,9,6.0
Gerald Henderson,2017,29,SG,PHI,72,23.2,0.423,0.353,0.806,9.2,2.6,1.6,0.6,0.2,0.9,14.915172413793103,10,9.0
Gerald Wallace,2010,27,SF,CHA,76,41.0,0.484,0.371,0.776,18.2,10.0,2.1,1.5,1.1,2.3,15.688975609756099,8,9.5
Gerald Wallace,2011,28,SF-PF,POR,71,37.9,0.454,0.333,0.746,15.7,8.0,2.4,1.5,0.9,2.1,15.608232189973618,9,10.5
Gerald Wallace,2012,29,SF,NJN,58,35.8,0.454,0.307,0.8,13.8,6.7,2.8,1.5,0.6,1.9,14.59709497206704,10,9.5
Gerald Wallace,2013,30,SF,BRK,69,30.1,0.397,0.282,0.637,7.7,4.6,2.6,1.4,0.7,1.6,11.280797342192692,11,9.682435
Gerald Wallace,2014,31,SF,BOS,58,24.4,0.504,0.297,0.465,5.1,3.7,2.5,1.3,0.2,1.7,9.513442622950821,12,10.105855
Gerald Wallace,2015,32,SF,BOS,32,8.9,0.412,0.333,0.4,1.1,1.8,0.3,0.5,0.1,0.6,7.766292134831461,13,10.105855
Giannis Antetokounmpo,2015,20,SG,MIL,81,31.4,0.491,0.159,0.741,12.7,6.7,2.6,0.9,1.0,2.1,15.583184713375795,1,1.8732
Giannis Antetokounmpo,2017,22,SF,MIL,80,35.6,0.521,0.272,0.77,22.9,8.8,5.4,1.6,1.9,2.9,22.23505617977528,3,2.995421
Giannis Antetokounmpo,2018,23,PF,MIL,75,36.7,0.529,0.307,0.76,26.9,10.0,4.8,1.5,1.4,3.0,24.954768392370568,4,24.157303
Giannis Antetokounmpo,2019,24,PF,MIL,72,32.8,0.578,0.256,0.729,27.7,12.5,5.9,1.3,1.5,3.7,27.636585365853662,5,24.157303
Giannis Antetokounmpo,2020,25,PF,MIL,63,30.4,0.553,0.304,0.633,29.5,13.6,5.6,1.0,1.0,3.7,32.92105263157895,6,25.842697
Giannis Antetokounmpo,2021,26,PF,MIL,61,33.0,0.569,0.303,0.685,28.1,11.0,5.9,1.2,1.2,3.4,27.905454545454543,7,33.548245
Giannis Antetokounmpo,2022,27,PF,MIL,67,32.9,0.553,0.293,0.722,29.9,11.6,5.8,1.1,1.4,3.3,29.452158054711248,8,45.496378
Giannis Antetokounmpo,2023,28,PF,MIL,63,32.1,0.553,0.275,0.645,31.1,11.8,5.7,0.8,0.8,3.9,33.20971962616822,9,45.054279
Giannis Antetokounmpo,2024,29,PF,MIL,73,35.2,0.611,0.274,0.657,30.4,11.5,6.5,1.2,1.1,3.4,27.519545454545447,10,46.996232
Giannis Antetokounmpo,2025,30,PF,MIL,67,34.2,0.601,0.222,0.617,30.4,11.9,6.5,0.9,1.2,3.1,28.90947368421052,11,48.787676
Gilbert Arenas,2010,28,PG,WAS,32,36.5,0.411,0.348,0.739,22.6,4.2,7.2,1.3,0.3,3.7,25.505753424657534,9,16.19208
Gilbert Arenas,2012,30,PG,MEM,17,12.4,0.406,0.333,0.7,4.2,1.1,1.1,0.6,0.1,0.7,13.830967741935485,11,0.261829
Glen Davis,2010,24,PF,BOS,54,17.3,0.437,0.0,0.696,6.3,3.8,0.6,0.4,0.3,1.0,15.282312138728324,5,3.000004
Glen Davis,2011,25,C,BOS,78,29.5,0.448,0.133,0.736,11.7,5.4,1.2,1.0,0.4,1.1,15.73749152542373,6,3.000004
Glen Davis,2012,26,PF,ORL,61,23.4,0.421,0.143,0.683,9.3,5.4,0.8,0.7,0.3,1.2,17.212307692307693,7,6.3
Glen Davis,2013,27,PF,ORL,34,31.3,0.448,0.0,0.718,15.1,7.2,2.1,0.9,0.6,1.9,20.12319488817891,8,6.4
Glen Davis,2015,29,PF,LAC,74,12.2,0.459,0.0,0.632,4.0,2.3,0.5,0.6,0.3,0.5,13.196065573770491,10,0.915243
Glen Rice Jr.,2014,23,SG,WAS,11,9.9,0.297,0.294,0.714,2.9,1.8,0.6,0.5,0.1,0.8,16.23272727272727,4,0.49018
Glen Rice Jr.,2015,24,SG,WAS,5,8.6,0.2,0.143,0.667,2.2,0.8,0.4,0.0,0.0,0.4,16.44279069767442,5,0.816482
Glenn Robinson III,2015,21,SG-SF,PHI,35,7.5,0.388,0.263,0.667,2.1,1.1,0.3,0.2,0.0,0.3,12.038399999999998,2,0.507336
Glenn Robinson III,2016,22,SF,IND,45,11.3,0.43,0.378,0.692,3.8,1.5,0.6,0.4,0.2,0.4,13.367787610619466,3,1.1
Glenn Robinson III,2017,23,SF,IND,69,20.7,0.467,0.392,0.711,6.1,3.6,0.7,0.6,0.3,0.5,10.233043478260871,4,1.0505
Glenn Robinson III,2019,25,SF,DET,47,13.0,0.42,0.29,0.8,4.2,1.5,0.4,0.3,0.2,0.4,12.450461538461541,6,4.075
Glenn Robinson III,2020,26,SF,PHI,62,28.8,0.486,0.391,0.86,11.7,4.4,1.5,0.9,0.3,0.9,13.77,7,1.620564
Glenn Robinson III,2021,27,SF,SAC,23,16.0,0.424,0.364,0.913,5.3,2.0,0.9,0.2,0.1,0.5,11.790000000000001,8,1.420167
Goga Bitadze,2020,20,C,IND,54,8.7,0.467,0.19,0.727,3.2,2.0,0.4,0.2,0.7,0.5,14.747586206896553,1,2.81676
Goga Bitadze,2021,21,C,IND,45,12.5,0.428,0.253,0.738,5.1,3.3,0.8,0.2,1.3,0.4,15.310080000000001,2,3.604304
Goga Bitadze,2022,22,C,IND,50,14.6,0.52,0.288,0.681,7.0,3.5,1.1,0.4,0.8,0.9,16.609315068493153,3,3.582827
Goga Bitadze,2023,23,C,ORL,38,12.0,0.552,0.231,0.548,4.4,3.6,1.0,0.4,0.7,0.6,13.152,4,5.701719
Goga Bitadze,2024,24,C,ORL,62,15.4,0.603,0.143,0.655,5.0,4.6,1.3,0.5,1.2,0.7,11.024415584415586,5,2.127991
Goga Bitadze,2025,25,C,ORL,70,20.4,0.611,0.107,0.639,7.2,6.6,2.0,0.7,1.4,1.0,11.71058823529412,6,9.057971
Goran Dragic,2010,23,PG,PHO,80,18.0,0.452,0.394,0.736,7.9,2.1,3.0,0.6,0.1,1.6,17.16,4,1.836
Goran Dragic,2011,24,PG,HOU,70,17.6,0.435,0.361,0.624,7.5,2.0,2.9,0.7,0.1,1.7,18.07363636363636,5,1.972
Goran Dragic,2012,25,PG,HOU,66,26.5,0.462,0.337,0.805,11.7,2.5,5.3,1.3,0.2,2.4,17.356075471698112,6,2.108
Goran Dragic,2013,26,PG,PHO,77,33.5,0.443,0.319,0.748,14.7,3.1,7.4,1.6,0.3,2.8,17.675462686567165,7,7.5
Goran Dragic,2014,27,SG,PHO,76,35.1,0.505,0.408,0.76,20.3,3.2,5.9,1.4,0.3,2.8,20.123076923076923,8,7.5
Goran Dragic,2015,28,SG-PG,MIA,78,33.8,0.501,0.347,0.774,16.3,3.5,4.5,1.0,0.2,2.2,17.38224852071006,9,7.5
Goran Dragic,2016,29,PG,MIA,72,32.8,0.477,0.312,0.727,14.1,3.8,5.8,1.0,0.2,2.6,17.354634146341464,10,14.783
Goran Dragic,2017,30,PG,MIA,73,33.7,0.475,0.405,0.79,20.3,3.8,5.8,1.2,0.2,2.9,21.993115727002966,11,15.891725
Goran Dragic,2018,31,PG,MIA,75,31.7,0.45,0.37,0.801,17.3,4.1,4.8,0.8,0.2,2.2,20.53703470031546,12,18.109175
Goran Dragic,2019,32,PG,MIA,36,27.5,0.413,0.348,0.782,13.7,3.1,4.8,0.8,0.1,2.0,19.940072727272728,13,18.109175
Goran Dragic,2020,33,PG,MIA,59,28.2,0.441,0.367,0.776,16.2,3.2,5.1,0.7,0.2,2.4,21.125106382978725,14,19.2179
Goran Dragic,2021,34,PG,MIA,50,26.7,0.432,0.373,0.828,13.4,3.4,4.4,0.7,0.2,2.4,19.626067415730336,15,21.936446
Goran Dragic,2022,35,PG,BRK,21,23.7,0.377,0.254,0.818,7.5,3.1,4.1,0.9,0.2,1.6,14.436455696202533,16,22.37406
Gordon Hayward,2011,20,SF,UTA,72,16.9,0.485,0.473,0.711,5.4,1.9,1.1,0.4,0.3,1.0,12.082366863905325,1,2.35632
Gordon Hayward,2012,21,SF,UTA,66,30.5,0.456,0.346,0.832,11.8,3.5,3.1,0.8,0.6,1.7,14.329180327868853,2,2.70972
Gordon Hayward,2013,22,SF,UTA,72,29.2,0.435,0.415,0.827,14.1,3.1,3.0,0.8,0.5,1.7,17.511780821917807,3,2.70972
Gordon Hayward,2014,23,SF,UTA,77,36.4,0.413,0.304,0.816,16.2,5.1,5.2,1.4,0.5,2.8,18.154285714285717,4,3.452183
Gordon Hayward,2015,24,SF,UTA,76,34.4,0.445,0.364,0.812,19.3,4.9,4.1,1.4,0.4,2.7,20.59953488372093,5,14.746
Gordon Hayward,2016,25,SF,UTA,80,36.2,0.433,0.349,0.824,19.7,5.0,3.7,1.2,0.3,2.5,20.028729281767955,6,15.40957
Gordon Hayward,2017,26,SF,UTA,73,34.5,0.471,0.398,0.844,21.9,5.4,3.5,1.0,0.3,1.9,21.178434782608694,7,16.07314
Gordon Hayward,2018,27,SF,BOS,1,5.0,0.5,0.0,,2.0,1.0,0.0,0.0,0.0,0.0,14.4,8,29.7279
Gordon Hayward,2019,28,PF,BOS,72,25.9,0.466,0.333,0.834,11.5,4.5,3.4,0.9,0.3,1.5,15.906718146718148,9,31.214295
Gordon Hayward,2020,29,SF,BOS,52,33.5,0.5,0.383,0.855,17.5,6.7,4.1,0.7,0.4,1.8,17.765731343283583,10,32.70069
Gordon Hayward,2021,30,SF,CHO,44,34.0,0.473,0.415,0.843,19.6,5.9,4.1,1.2,0.3,2.1,20.06258823529412,11,34.732706
Gordon Hayward,2022,31,SF,CHO,49,31.9,0.459,0.391,0.846,15.9,4.6,3.6,1.0,0.4,1.7,17.62758620689655,12,34.603699
Gordon Hayward,2023,32,SF,CHO,50,31.5,0.475,0.325,0.811,14.7,4.3,4.1,0.8,0.2,2.0,17.152,13,31.888161
Gordon Hayward,2024,33,SF,OKC,51,24.4,0.464,0.411,0.742,9.8,3.5,3.1,0.8,0.3,1.3,15.131803278688526,14,34.309448
Gorgui Dieng,2014,24,C,MIN,60,13.6,0.498,1.0,0.634,4.8,5.0,0.7,0.5,0.8,0.9,14.304705882352941,5,1.35264
Gorgui Dieng,2015,25,C,MIN,73,30.0,0.506,0.167,0.783,9.7,8.3,2.0,1.0,1.7,1.7,12.1824,6,1.41348
Gorgui Dieng,2016,26,C,MIN,82,27.1,0.532,0.3,0.827,10.1,7.1,1.7,1.1,1.2,1.7,13.443542435424353,7,1.47444
Gorgui Dieng,2017,27,PF,MIN,82,32.4,0.502,0.372,0.814,10.0,7.9,1.9,1.1,1.2,1.3,11.422222222222224,8,2.348783
Gorgui Dieng,2018,28,C,MIN,79,16.9,0.479,0.311,0.775,5.9,4.6,0.9,0.6,0.5,0.7,13.147455621301777,9,14.11236
Gorgui Dieng,2019,29,C,MIN,76,13.6,0.501,0.339,0.83,6.4,4.1,0.9,0.6,0.5,0.8,16.983529411764703,10,15.170787
Gorgui Dieng,2020,30,C,MEM,63,17.4,0.456,0.355,0.772,7.4,5.6,1.2,0.8,0.9,1.0,15.525517241379312,11,16.229213
Gorgui Dieng,2021,31,C,SAS,38,14.5,0.521,0.429,0.866,6.8,3.7,1.3,0.7,0.4,0.8,14.628413793103446,12,21.433964
Gorgui Dieng,2022,32,C,ATL,44,8.4,0.473,0.426,0.731,3.5,2.8,0.8,0.3,0.3,0.5,13.98857142857143,13,4.62539
Gorgui Dieng,2023,33,C,SAS,31,11.5,0.385,0.28,0.769,3.9,3.5,1.7,0.1,0.5,1.0,15.577043478260869,14,4.352732
Gradey Dick,2024,20,SG,TOR,60,21.1,0.425,0.365,0.863,8.5,2.2,1.1,0.6,0.0,0.8,14.666161137440758,1,4.671511
Gradey Dick,2025,21,SG,TOR,54,29.4,0.41,0.35,0.858,14.4,3.6,1.8,0.9,0.2,1.5,18.093061224489798,2,4.76376
Grant Hill,2010,37,SF,PHO,81,30.0,0.478,0.438,0.817,11.3,5.5,2.4,0.7,0.4,1.3,13.636800000000001,18,3.0
Grant Hill,2011,38,SF,PHO,80,30.1,0.484,0.395,0.829,13.2,4.2,2.5,0.8,0.4,1.7,16.036146179401992,19,3.24
Grant Hill,2012,39,SF,PHO,49,28.1,0.446,0.264,0.761,10.2,3.5,2.2,0.8,0.6,1.3,14.692099644128113,20,6.5
Grant Hill,2013,40,SF,LAC,29,15.1,0.388,0.273,0.583,3.2,1.7,0.9,0.4,0.2,0.9,11.090860927152319,20,1.975
Grant Jerrett,2015,21,PF,UTA,8,6.4,0.269,0.067,1.0,2.0,1.1,0.4,0.3,0.3,0.4,21.06,2,0.816482
Grant Riller,2021,23,PG,CHO,7,3.9,0.667,0.5,,2.6,0.1,0.4,0.1,0.0,0.1,16.615384615384617,4,0.547332
Grant Williams,2020,21,PF,BOS,69,15.1,0.412,0.25,0.722,3.4,2.6,1.0,0.4,0.5,0.7,9.898807947019868,2,2.37984
Grant Williams,2021,22,PF,BOS,63,18.1,0.437,0.372,0.588,4.7,2.8,1.0,0.5,0.4,0.9,10.24707182320442,3,3.045217
Grant Williams,2022,23,PF,BOS,77,24.4,0.475,0.411,0.905,7.8,3.6,1.0,0.5,0.7,0.8,10.221639344262295,4,3.027086
Grant Williams,2023,24,PF,BOS,79,25.9,0.454,0.395,0.77,8.1,4.6,1.7,0.5,0.4,1.0,10.647104247104247,5,4.565898
Grant Williams,2024,25,PF,CHO,76,28.0,0.456,0.375,0.757,10.3,4.2,2.3,0.6,0.5,1.4,13.104000000000001,6,12.773601
Grant Williams,2025,26,PF,CHO,16,29.9,0.439,0.365,0.838,10.4,5.1,2.3,1.1,0.8,1.8,12.656588628762544,7,13.02525
Grayson Allen,2019,23,SG,UTA,38,10.9,0.376,0.323,0.75,5.6,0.6,0.7,0.2,0.2,0.9,20.820550458715598,4,2.07432
Grayson Allen,2020,24,SG,MEM,38,18.9,0.466,0.404,0.867,8.7,2.2,1.4,0.3,0.1,0.9,15.291428571428575,5,2.4294
Grayson Allen,2021,25,SG,MEM,50,25.2,0.418,0.391,0.868,10.6,3.2,2.2,0.9,0.2,1.0,14.417142857142858,6,3.101959
Grayson Allen,2022,26,SG,MIL,66,27.3,0.448,0.409,0.865,11.1,3.4,1.5,0.7,0.3,0.7,12.90197802197802,7,4.688636
Grayson Allen,2023,27,SG,MIL,72,27.4,0.44,0.399,0.905,10.4,3.3,2.3,0.9,0.2,1.0,12.471240875912411,8,9.46307
Grayson Allen,2024,28,SG,PHO,75,33.5,0.499,0.461,0.878,13.5,3.9,3.0,0.9,0.6,1.3,12.12179104477612,9,9.190197
Grayson Allen,2025,29,SG,PHO,64,24.1,0.448,0.426,0.816,10.6,3.0,2.1,0.8,0.3,1.2,14.328298755186719,10,15.625
Greg Monroe,2011,20,C,DET,80,27.8,0.551,0.0,0.622,9.4,7.5,1.3,1.2,0.6,1.0,11.882589928057554,1,2.79804
Greg Monroe,2012,21,C,DET,66,31.5,0.521,0.0,0.739,15.4,9.7,2.3,1.3,0.7,2.4,18.290285714285716,2,3.00792
Greg Monroe,2013,22,C,DET,81,33.2,0.486,0.0,0.689,16.0,9.6,3.5,1.3,0.7,2.9,19.639518072289153,3,3.21768
Greg Monroe,2014,23,PF,DET,82,32.8,0.497,0.0,0.657,15.2,9.3,2.1,1.1,0.6,2.0,17.978048780487807,4,4.086454
Greg Monroe,2015,24,PF,DET,69,31.0,0.496,,0.75,15.9,10.2,2.1,1.1,0.5,2.2,19.45858064516129,5,5.479934
Greg Monroe,2016,25,C,MIL,79,29.3,0.522,0.0,0.74,15.3,8.8,2.3,0.9,0.8,1.6,18.695426621160408,6,16.4075
Greg Monroe,2017,26,C,MIL,81,22.5,0.533,0.0,0.741,11.7,6.6,2.3,1.1,0.5,1.7,19.232,7,17.145838
Greg Monroe,2019,28,C,PHI,43,11.2,0.487,0.2,0.625,5.3,4.0,0.6,0.3,0.2,0.7,18.79714285714286,9,0.05982
Greg Monroe,2022,31,C,UTA,14,13.9,0.561,,0.522,5.4,4.6,1.6,0.6,0.7,0.9,14.772949640287768,12,0.708612
Greg Oden,2010,22,C,POR,21,23.9,0.605,,0.766,11.1,8.5,0.9,0.4,2.3,1.9,15.69539748953975,3,5.36124
Greg Oden,2014,26,C,MIA,23,9.2,0.551,,0.565,2.9,2.3,0.0,0.3,0.6,0.5,11.895652173913044,7,0.884293
Greg Smith,2012,21,C,HOU,8,8.6,0.636,,,1.8,2.5,0.1,0.3,0.6,0.1,6.279069767441861,2,0.473604
Greg Smith,2013,22,C,HOU,70,15.9,0.62,0.0,0.623,6.0,4.6,0.4,0.3,0.6,0.6,12.081509433962262,3,0.762195
Greg Smith,2014,23,C,HOU,11,9.1,0.643,,0.4,3.5,2.5,0.0,0.1,0.2,0.5,12.73846153846154,4,0.015605
Greg Smith,2015,24,PF,DAL,42,8.6,0.612,,0.513,1.9,1.9,0.2,0.2,0.3,0.3,7.9367441860465116,5,0.948163
Greg Stiemsma,2012,26,C,BOS,55,13.9,0.545,,0.707,2.9,3.2,0.5,0.7,1.5,0.6,8.049496402877699,7,0.762195
Greg Stiemsma,2013,27,C,MIN,76,15.9,0.457,,0.768,4.0,3.4,0.4,0.6,1.2,0.8,11.085283018867925,8,2.575
Greg Stiemsma,2015,29,C,TOR,17,3.9,0.75,,0.5,0.8,0.9,0.2,0.1,0.0,0.4,9.12,10,0.915243
Greg Whittington,2021,27,PF,DEN,4,3.0,0.0,0.0,,0.0,0.0,0.0,0.0,0.0,0.0,9.6,8,0.404912
Greivis Vasquez,2011,24,PG,MEM,70,12.3,0.408,0.291,0.773,3.6,1.0,2.2,0.3,0.1,1.0,13.358048780487804,5,1.03596
Greivis Vasquez,2012,25,PG,NOH,66,25.8,0.43,0.319,0.821,8.9,2.6,5.4,0.9,0.1,2.2,15.198139534883719,6,1.1136
Greivis Vasquez,2013,26,PG,NOH,78,34.4,0.433,0.342,0.805,13.9,4.3,9.0,0.8,0.1,3.2,17.874418604651165,7,1.19124
Greivis Vasquez,2014,27,PG,TOR,79,22.5,0.421,0.377,0.88,9.6,2.2,4.1,0.4,0.1,1.6,16.8256,8,2.150188
Greivis Vasquez,2015,28,PG,TOR,82,24.3,0.408,0.379,0.758,9.5,2.6,3.7,0.6,0.1,1.5,15.780740740740741,9,6.4
Greivis Vasquez,2016,29,PG,MIL,23,20.0,0.326,0.247,0.846,5.7,2.0,4.0,0.4,0.0,1.7,14.731199999999998,10,6.6
Greivis Vasquez,2017,30,PG,BRK,3,13.0,0.25,0.333,0.667,2.3,0.7,1.7,0.3,0.3,0.3,9.526153846153846,11,4.347826
Guerschon Yabusele,2018,22,PF,BOS,33,7.1,0.426,0.324,0.682,2.4,1.6,0.5,0.1,0.2,0.4,12.71661971830986,3,2.24748
Guerschon Yabusele,2019,23,PF,BOS,41,6.1,0.455,0.321,0.682,2.3,1.3,0.4,0.2,0.2,0.4,14.872131147540983,4,2.6676
Guerschon Yabusele,2025,29,C,PHI,70,27.1,0.501,0.38,0.725,11.0,5.6,2.1,0.8,0.3,1.2,13.39040590405904,10,2.087519
Gui Santos,2024,21,PF,GSW,23,8.3,0.509,0.37,0.941,3.6,2.1,0.6,0.2,0.1,0.3,13.046746987951805,2,1.060073
Gui Santos,2025,22,PF,GSW,56,13.6,0.458,0.33,0.69,4.1,3.1,1.4,0.4,0.2,0.8,11.520000000000001,3,1.891857
Gustavo Ayon,2012,26,PF,NOH,54,20.1,0.536,0.0,0.619,5.9,4.9,1.4,1.0,0.9,0.9,11.154626865671641,7,1.5675
Gustavo Ayon,2013,27,C,MIL,12,13.6,0.595,,0.083,4.3,4.9,1.0,0.8,0.3,0.8,12.547058823529413,8,1.5
Gustavo Ayon,2014,28,C,ATL,26,16.5,0.51,,0.4,4.3,4.8,1.1,1.0,0.4,1.1,11.67709090909091,9,1.5
Hakim Warrick,2010,27,PF,CHI,76,20.5,0.482,0.143,0.737,9.6,4.1,0.7,0.3,0.2,1.1,17.357268292682928,8,3.0
Hakim Warrick,2011,28,PF,PHO,80,17.7,0.511,0.091,0.721,8.4,3.7,0.9,0.4,0.1,1.0,16.734915254237286,9,4.25
Hakim Warrick,2012,29,PF,PHO,35,14.4,0.411,0.1,0.768,6.4,2.6,0.9,0.2,0.1,1.0,18.33,10,4.0
Hakim Warrick,2013,30,PF,CHA,28,17.5,0.406,0.0,0.682,6.9,3.2,0.9,0.5,0.2,1.0,17.00022857142857,11,4.0
Hamed Haddadi,2010,24,C,MEM,36,6.7,0.387,0.0,0.737,1.7,2.1,0.3,0.0,0.4,0.6,13.540298507462685,5,1.627779
Hamed Haddadi,2011,25,C,MEM,31,5.4,0.517,0.0,0.652,2.4,2.2,0.2,0.1,0.4,0.4,17.386666666666663,6,1.6
Hamed Haddadi,2012,26,C,MEM,35,5.9,0.542,0.0,0.692,2.0,2.0,0.2,0.0,0.7,0.6,14.082711864406777,7,1.3
Hamed Haddadi,2013,27,C,PHO,30,10.7,0.427,,0.519,2.8,3.7,0.4,0.2,0.9,1.0,13.780934579439254,8,1.3
Hamidou Diallo,2019,20,SG,OKC,51,10.3,0.455,0.167,0.61,3.7,1.9,0.3,0.4,0.2,0.5,14.77747572815534,1,0.838464
Hamidou Diallo,2020,21,SF,OKC,46,19.5,0.446,0.281,0.603,6.9,3.6,0.8,0.8,0.2,1.1,14.983384615384615,2,1.416852
Hamidou Diallo,2021,22,SG-SF,DET,52,23.6,0.477,0.341,0.64,11.6,5.2,1.9,0.8,0.5,1.5,18.567457627118642,3,2.027733
Hamidou Diallo,2022,23,SG,DET,58,21.9,0.496,0.247,0.65,11.0,4.8,1.3,1.2,0.3,1.0,18.338630136986303,4,6.013007
Hamidou Diallo,2023,24,SG,DET,56,17.8,0.573,0.238,0.588,9.3,3.5,1.0,0.9,0.3,1.3,18.493483146067415,5,5.513497
Hamidou Diallo,2024,25,SG,WAS,2,2.5,0.5,0.0,0.0,1.0,1.0,0.5,1.0,0.0,0.5,21.6,6,0.13887
Harrison Barnes,2013,20,SF,GSW,81,25.4,0.439,0.359,0.758,9.2,4.1,1.2,0.6,0.2,1.2,14.19023622047244,1,2.79804
Harrison Barnes,2014,21,SF,GSW,78,28.3,0.399,0.347,0.718,9.5,4.0,1.5,0.8,0.3,1.1,13.753780918727914,2,2.92392
Harrison Barnes,2015,22,SF,GSW,82,28.3,0.482,0.405,0.72,10.1,5.5,1.4,0.7,0.2,0.9,12.32904593639576,3,3.04992
Harrison Barnes,2016,23,SF,GSW,66,30.9,0.466,0.383,0.761,11.7,4.9,1.8,0.6,0.2,0.9,13.258252427184466,4,3.873398
Harrison Barnes,2017,24,PF,DAL,79,35.5,0.468,0.351,0.861,19.2,5.0,1.5,0.8,0.2,1.3,19.352788732394366,5,22.11675
Harrison Barnes,2018,25,PF,DAL,77,34.2,0.445,0.357,0.827,18.9,6.1,2.0,0.6,0.2,1.5,20.004210526315784,6,23.112004
Harrison Barnes,2019,26,PF-SF,SAC,77,32.9,0.42,0.395,0.824,16.4,4.7,1.5,0.6,0.2,1.3,17.708936170212766,7,24.107258
Harrison Barnes,2021,28,PF,SAC,58,36.2,0.497,0.391,0.83,16.1,6.6,3.5,0.7,0.2,1.6,14.423867403314917,9,27.074338
Harrison Barnes,2022,29,PF,SAC,77,33.6,0.469,0.394,0.826,16.4,5.6,2.4,0.7,0.2,1.5,15.724285714285713,10,23.455458
Harrison Barnes,2023,30,PF,SAC,82,32.5,0.473,0.374,0.847,15.0,4.5,1.6,0.7,0.1,1.0,14.178461538461539,11,19.458694
Harrison Barnes,2024,31,PF,SAC,82,29.0,0.474,0.387,0.801,12.2,3.0,1.2,0.7,0.1,0.7,13.228137931034482,12,17.505137
Harrison Barnes,2025,32,PF,SAS,82,27.2,0.508,0.433,0.809,12.3,3.8,1.7,0.5,0.2,0.6,13.177058823529414,13,18.0
Harry Giles,2021,22,C,POR,38,9.2,0.433,0.348,0.593,2.8,3.5,0.8,0.2,0.3,0.5,13.335652173913045,3,1.974967
Harry Giles,2024,25,C,LAL,23,4.3,0.46,0.214,0.538,2.4,1.3,0.3,0.1,0.1,0.3,23.14046511627907,6,2.37509
Hasheem Thabeet,2010,22,C,MEM,68,13.0,0.588,,0.581,3.1,3.6,0.2,0.2,1.3,0.6,8.628923076923076,3,4.45884
Hasheem Thabeet,2011,23,C,HOU,47,7.9,0.425,,0.543,1.1,1.6,0.1,0.2,0.3,0.4,7.327594936708861,4,4.79328
Hasheem Thabeet,2012,24,C,POR,20,7.0,0.524,,0.65,1.8,2.1,0.0,0.1,0.5,0.4,9.977142857142857,5,5.12772
Hasheem Thabeet,2013,25,C,OKC,66,11.7,0.604,,0.604,2.4,3.0,0.2,0.5,0.9,0.6,7.852307692307693,6,1.2
Hasheem Thabeet,2014,26,C,OKC,23,8.3,0.565,,0.2,1.2,1.7,0.0,0.2,0.4,0.6,7.32144578313253,7,1.2
Hassan Whiteside,2011,21,C,SAC,1,2.0,,,,0.0,0.0,0.0,0.0,0.0,0.0,0.0,2,0.730437
Hassan Whiteside,2012,22,C,SAC,18,6.1,0.444,,0.417,1.6,2.2,0.0,0.2,0.8,0.3,12.440655737704919,3,0.854389
Hassan Whiteside,2015,25,C,MIA,48,23.8,0.628,,0.5,11.8,10.0,0.1,0.6,2.6,1.2,16.263529411764704,6,0.769881
Hassan Whiteside,2016,26,C,MIA,73,29.1,0.606,,0.65,14.2,11.8,0.4,0.6,3.7,1.9,16.30515463917526,7,0.981348
Hassan Whiteside,2017,27,C,MIA,77,32.6,0.557,,0.628,17.0,14.1,0.7,0.7,2.1,2.0,18.357791411042943,8,22.11675
Hassan Whiteside,2018,28,C,MIA,54,25.3,0.54,1.0,0.703,14.0,11.4,1.0,0.7,1.7,1.7,19.77296442687747,9,25.434262
Hassan Whiteside,2019,29,C,MIA,72,23.3,0.571,0.125,0.449,12.3,11.3,0.8,0.6,1.9,1.3,18.843605150214593,10,25.434262
Hassan Whiteside,2020,30,C,POR,67,30.0,0.621,0.571,0.686,15.5,13.5,1.2,0.4,2.9,1.8,16.660800000000002,11,27.093017
Hassan Whiteside,2021,31,C,SAC,36,15.2,0.563,0.0,0.519,8.1,6.0,0.6,0.3,1.3,1.1,19.582105263157896,12,2.827417
Hassan Whiteside,2022,32,C,UTA,65,17.9,0.652,,0.623,8.2,7.6,0.4,0.3,1.6,0.8,14.166703910614524,13,2.777011
Hassani Gravett,2022,25,PG,ORL,8,21.4,0.474,0.423,0.75,6.3,2.6,2.5,0.6,0.1,1.1,10.295327102803737,6,0.122979
Haywood Highsmith,2022,25,SF,MIA,19,8.6,0.348,0.321,0.4,2.3,1.4,0.3,0.1,0.2,0.2,11.436279069767442,6,0.633332
Haywood Highsmith,2023,26,SF,MIA,54,17.9,0.431,0.339,0.464,4.4,3.5,0.8,0.7,0.3,0.8,10.09608938547486,7,1.858301
Haywood Highsmith,2024,27,PF,MIA,66,20.7,0.465,0.396,0.639,6.1,3.2,1.1,0.8,0.5,0.5,9.947826086956521,8,1.958657
Haywood Highsmith,2025,28,SF,MIA,74,24.6,0.458,0.382,0.721,6.5,3.4,1.5,0.9,0.5,0.7,9.166829268292684,9,5.2
Hedo Turkoglu,2010,30,SF,TOR,74,30.7,0.409,0.374,0.774,11.3,4.6,4.1,0.7,0.4,1.7,14.263973941368079,11,9.0
Hedo Turkoglu,2011,31,SF-PF,ORL,81,31.4,0.446,0.41,0.679,10.8,4.4,4.2,0.9,0.4,1.6,12.996687898089172,12,10.21585
Hedo Turkoglu,2012,32,SF,ORL,53,31.2,0.415,0.353,0.705,10.9,3.8,4.4,0.8,0.3,2.7,14.990769230769233,13,11.01585
Hedo Turkoglu,2013,33,SF,ORL,11,17.2,0.264,0.042,0.5,2.9,2.4,2.1,0.6,0.1,1.1,12.809302325581394,14,12.0
Hedo Turkoglu,2014,34,SF,LAC,38,10.3,0.385,0.44,0.5,3.0,2.3,0.9,0.5,0.3,0.4,12.302912621359223,15,0.473357
Hedo Turkoglu,2015,35,SF,LAC,62,11.4,0.441,0.432,0.545,3.7,1.6,0.6,0.3,0.1,0.5,11.330526315789474,16,0.915243
Henri Drell,2024,23,SF,CHI,4,7.5,0.4,0.333,0.5,2.8,1.0,1.0,0.5,0.3,0.5,15.456,4,0.40084
Henry Ellenson,2017,20,PF,DET,19,7.7,0.359,0.286,0.5,3.2,2.2,0.4,0.1,0.1,0.7,19.991688311688307,1,1.70412
Henry Ellenson,2018,21,PF,DET,38,8.7,0.363,0.333,0.862,4.0,2.1,0.5,0.1,0.0,0.5,19.249655172413796,2,1.85748
Henry Ellenson,2019,22,PF,NYK,19,13.6,0.411,0.447,0.76,6.0,3.5,0.8,0.4,0.1,0.5,16.07294117647059,3,0.341831
Henry Ellenson,2021,24,PF,TOR,2,19.0,0.357,0.222,0.75,7.5,6.0,2.5,0.0,0.0,0.0,14.930526315789473,5,0.205938
Henry Sims,2013,22,C,NOH,2,2.5,0.667,,,2.0,1.0,0.0,0.0,0.0,0.5,28.8,3,0.027859
Henry Sims,2014,23,C,PHI,46,19.0,0.474,0.0,0.744,7.6,5.2,1.1,0.6,0.4,0.9,15.241263157894737,4,0.788872
Henry Sims,2015,24,C,PHI,73,19.2,0.474,0.182,0.774,8.0,4.9,1.1,0.5,0.4,1.4,17.130000000000003,5,0.915243
Henry Sims,2016,25,C,BRK,14,18.8,0.429,,0.833,6.5,5.1,0.6,0.6,1.0,0.9,14.024680851063831,6,0.947276
Henry Walker,2010,22,SG-SF,NYK,35,21.9,0.517,0.431,0.796,9.4,2.5,1.1,0.7,0.1,0.8,13.176986301369865,3,0.73642
Henry Walker,2011,23,SG,NYK,61,12.9,0.441,0.386,0.705,4.9,2.0,0.6,0.3,0.1,0.6,13.41767441860465,4,0.854389
Henry Walker,2012,24,SG,NYK,32,19.4,0.398,0.319,0.85,5.9,2.5,1.2,0.6,0.2,1.1,12.36618556701031,5,0.88512
Henry Walker,2015,27,SF,MIA,24,26.2,0.345,0.341,0.778,7.3,3.4,1.2,1.0,0.4,1.0,11.476030534351146,8,0.196217
Herbert Jones,2025,26,SF,NOP,20,32.4,0.436,0.306,0.825,10.3,3.9,3.3,1.9,0.5,1.8,12.533333333333335,7,12.976362
Hilton Armstrong,2010,25,PF-C,SAC,33,10.2,0.354,0.0,0.469,2.2,2.5,0.6,0.5,0.4,0.7,12.494117647058824,6,2.801198
Hilton Armstrong,2011,26,C,ATL,12,6.3,0.5,1.0,0.2,1.3,1.4,0.3,0.3,0.4,0.3,9.440000000000001,7,0.854389
Hilton Armstrong,2014,29,C,GSW,15,6.5,0.474,,0.438,1.7,3.1,0.3,0.3,0.3,0.4,12.096000000000002,10,0.660619
Hollis Thompson,2014,22,SF,PHI,77,22.6,0.46,0.401,0.712,6.0,3.2,0.9,0.7,0.2,0.8,9.551150442477875,3,0.473604
Hollis Thompson,2015,23,SG,PHI,71,25.0,0.413,0.401,0.708,8.8,2.8,1.2,0.8,0.4,0.9,13.063680000000002,4,0.816482
Hollis Thompson,2016,24,SG,PHI,77,28.0,0.397,0.38,0.719,9.8,3.5,1.3,0.5,0.3,1.0,13.278857142857145,5,0.947276
Hollis Thompson,2017,25,SG,NOP,40,18.8,0.385,0.337,0.655,5.1,2.8,0.9,0.5,0.2,0.3,10.738723404255317,6,0.115344
Hunter Tyson,2024,23,PF,DEN,18,2.7,0.4,0.286,0.0,1.1,0.5,0.1,0.1,0.0,0.1,16.0,4,1.152829
Hunter Tyson,2025,24,PF,DEN,51,7.8,0.375,0.311,0.75,2.6,1.5,0.4,0.2,0.1,0.3,13.476923076923077,5,1.891857
Ian Clark,2014,22,SG,UTA,23,7.5,0.388,0.355,0.714,3.0,0.8,0.7,0.3,0.1,0.6,17.433600000000002,3,0.49018
Ian Clark,2015,23,SG,DEN,30,6.4,0.345,0.333,1.0,1.9,0.5,0.4,0.3,0.1,0.3,12.554999999999998,4,0.816482
Ian Clark,2016,24,SG,GSW,66,8.8,0.441,0.357,0.824,3.6,1.0,1.0,0.3,0.2,0.7,16.44545454545455,5,0.947276
Ian Clark,2017,25,SG,GSW,77,14.8,0.487,0.374,0.759,6.8,1.6,1.2,0.5,0.1,0.7,16.18054054054054,6,0.980431
Ian Clark,2018,26,SG,NOP,74,19.7,0.448,0.318,0.763,7.4,1.7,1.5,0.4,0.1,0.8,14.348832487309647,7,1.471382
Ian Clark,2019,27,SG,NOP,60,16.2,0.394,0.327,0.892,6.7,1.5,1.6,0.4,0.1,1.0,17.031111111111112,8,1.512601
Ian Mahinmi,2010,23,C,SAS,26,6.3,0.636,,0.66,3.9,2.0,0.1,0.1,0.3,0.6,19.954285714285717,4,0.98967
Ian Mahinmi,2011,24,C,DAL,56,8.7,0.561,0.0,0.768,3.1,2.1,0.1,0.3,0.3,0.4,11.83448275862069,5,0.88512
Ian Mahinmi,2012,25,C,DAL,61,18.7,0.546,0.0,0.639,5.8,4.7,0.2,0.6,0.5,0.8,11.081069518716577,6,0.915852
Ian Mahinmi,2013,26,C,IND,80,16.5,0.453,0.0,0.608,5.0,3.9,0.3,0.5,0.8,1.2,13.579636363636364,7,4.0
Ian Mahinmi,2014,27,C,IND,77,16.2,0.481,0.0,0.621,3.5,3.3,0.3,0.5,0.9,0.8,9.191111111111113,8,4.0
Ian Mahinmi,2015,28,C,IND,61,18.8,0.552,,0.304,4.3,5.8,0.5,0.5,0.8,1.0,10.049361702127658,9,4.0
Ian Mahinmi,2016,29,C,IND,71,25.6,0.589,,0.587,9.3,7.1,1.5,0.9,1.1,1.4,12.808125,10,4.0
Ian Mahinmi,2017,30,C,WAS,31,17.9,0.586,,0.573,5.6,4.8,0.6,1.1,0.8,1.1,11.576312849162013,11,15.944154
Ian Mahinmi,2018,31,C,WAS,77,14.9,0.556,0.0,0.703,4.8,4.1,0.7,0.5,0.5,1.3,12.679731543624161,12,15.944154
Ian Mahinmi,2019,32,C,WAS,34,14.6,0.452,0.188,0.689,4.1,3.8,0.7,0.7,0.5,0.6,11.076164383561643,13,15.944154
Ian Mahinmi,2020,33,C,WAS,38,21.3,0.495,0.192,0.619,7.4,5.7,1.3,0.8,1.2,1.2,13.554929577464787,14,15.450051
Ibou Badji,2024,21,C,POR,22,10.3,0.636,0.0,0.5,1.5,2.3,0.6,0.1,0.9,0.7,6.710679611650486,2,0.480346
Ignas Brazdeikis,2020,21,SF,NYK,9,5.9,0.273,0.111,0.8,1.9,0.6,0.4,0.0,0.1,0.2,17.475254237288134,2,0.89831
Ignas Brazdeikis,2021,22,SF,ORL,13,19.2,0.422,0.393,0.714,7.0,3.5,1.3,0.3,0.2,0.9,14.595000000000002,3,2.055097
Ignas Brazdeikis,2022,23,SF,ORL,42,12.8,0.431,0.31,0.656,5.0,1.7,0.9,0.2,0.1,0.4,14.771250000000002,4,0.534959
Ike Anigbogu,2018,19,C,IND,11,2.7,0.444,,0.833,1.2,0.8,0.0,0.1,0.3,0.2,16.266666666666666,1,1.378242
Ike Anigbogu,2019,20,C,IND,3,2.0,0.0,,,0.0,1.0,0.3,0.0,0.3,0.3,23.400000000000002,1,1.378242
Ike Diogu,2011,27,PF,LAC,36,13.1,0.561,,0.661,5.8,3.2,0.1,0.1,0.1,0.6,14.971603053435114,8,0.567917
Ike Diogu,2012,28,PF,SAS,2,7.0,0.0,,1.0,1.0,0.5,0.0,0.0,0.0,0.5,9.977142857142857,9,0.792377
Iman Shumpert,2012,21,PG,NYK,59,28.9,0.401,0.306,0.798,9.5,3.2,2.8,1.7,0.1,1.9,14.688996539792388,2,1.56312
Iman Shumpert,2013,22,SG,NYK,45,22.1,0.396,0.402,0.766,6.8,3.0,1.7,1.0,0.2,0.8,11.95656108597285,3,1.63344
Iman Shumpert,2014,23,SG,NYK,74,26.5,0.378,0.333,0.746,6.7,4.2,1.7,1.2,0.2,1.1,10.922264150943398,4,1.70376
Iman Shumpert,2015,24,SG,CLE,62,24.9,0.41,0.342,0.672,8.0,3.6,2.2,1.3,0.3,1.5,13.792771084337348,5,2.616975
Iman Shumpert,2016,25,SG,CLE,54,24.4,0.374,0.295,0.784,5.8,3.8,1.7,1.0,0.4,1.1,10.469508196721312,6,8.988765
Iman Shumpert,2017,26,SG,CLE,76,25.5,0.411,0.36,0.789,7.5,2.9,1.4,0.8,0.4,1.0,11.192470588235295,7,9.662922
Iman Shumpert,2018,27,SG,CLE,14,19.7,0.379,0.269,0.733,4.4,2.9,1.2,0.6,0.3,1.1,10.387005076142131,8,10.337079
Iman Shumpert,2019,28,SG,HOU,62,23.9,0.374,0.348,0.8,7.5,3.0,1.8,1.0,0.4,0.8,12.514142259414225,9,11.011234
Iman Shumpert,2020,29,SF,BRK,13,18.5,0.328,0.242,0.571,4.2,2.6,0.9,0.9,0.2,0.8,11.52,10,1.419138
Iman Shumpert,2021,30,SG,BRK,2,5.5,0.25,0.0,,1.0,0.5,0.0,0.5,0.0,0.5,16.363636363636363,11,0.978662
Ime Udoka,2010,32,SG,SAC,69,13.7,0.378,0.286,0.737,3.6,2.8,0.8,0.5,0.1,0.6,11.69868613138686,13,0.78665
Ime Udoka,2011,33,SF,SAS,20,6.5,0.238,0.0,0.5,0.7,1.0,0.7,0.4,0.1,0.3,8.728615384615384,14,0.70864
Immanuel Quickley,2021,21,PG,NYK,64,19.4,0.395,0.389,0.891,11.4,2.1,2.0,0.5,0.2,0.9,20.761237113402064,2,2.565979
Immanuel Quickley,2022,22,PG,NYK,78,23.1,0.392,0.346,0.881,11.3,3.2,3.5,0.7,0.0,1.3,18.302337662337663,3,2.556268
Immanuel Quickley,2023,23,PG,NYK,81,28.9,0.448,0.37,0.819,14.9,4.2,3.4,1.0,0.2,1.2,17.643737024221455,4,2.455881
Immanuel Quickley,2024,24,PG-SG,TOR,68,29.2,0.434,0.395,0.853,17.0,3.8,4.9,0.7,0.1,1.5,19.952876712328763,5,4.295501
Immanuel Quickley,2025,25,PG,TOR,33,27.8,0.42,0.378,0.867,17.1,3.5,5.8,0.7,0.1,1.8,21.776115107913668,6,32.5
Isaac Bonga,2019,19,PG,LAL,22,5.5,0.152,0.0,0.6,0.9,1.1,0.7,0.4,0.2,0.3,13.797818181818183,1,1.0
Isaac Bonga,2020,20,SF,WAS,66,18.9,0.504,0.352,0.812,5.0,3.4,1.2,0.7,0.3,0.9,9.470476190476193,1,1.416842
Isaac Bonga,2021,21,SF,WAS,40,10.8,0.37,0.277,0.625,2.0,1.7,0.6,0.3,0.2,0.6,8.959999999999999,2,2.027733
Isaac Bonga,2022,22,SF,TOR,15,4.6,0.231,0.25,0.625,0.8,0.5,0.3,0.5,0.1,0.1,9.547826086956524,3,1.999575
Isaac Humphries,2019,21,C,ATL,5,11.2,0.286,0.273,,3.0,2.2,0.0,0.2,0.0,0.0,13.500000000000002,2,0.047371
Isaac Jones,2025,24,PF,SAC,40,7.6,0.651,0.375,0.639,3.4,1.4,0.3,0.1,0.3,0.4,13.717894736842107,5,0.152957
Isaac Okoro,2021,20,SG,CLE,67,32.4,0.42,0.29,0.726,9.6,3.1,1.9,0.9,0.4,1.3,11.791111111111112,1,7.800746
Isaac Okoro,2022,21,SF,CLE,67,29.6,0.48,0.35,0.768,8.8,3.0,1.8,0.8,0.3,0.9,10.10918918918919,2,7.771488
Isaac Okoro,2023,22,SF,CLE,76,21.7,0.494,0.363,0.757,6.4,2.5,1.1,0.7,0.4,0.6,9.814562211981565,3,7.46536
Isaac Okoro,2024,23,SF,CLE,69,27.3,0.49,0.391,0.679,9.4,3.0,1.9,0.8,0.5,0.8,11.446153846153846,4,9.185866
Isaac Okoro,2025,24,SG,CLE,55,19.1,0.464,0.371,0.717,6.1,2.4,1.2,0.6,0.3,0.4,10.652984293193718,5,10.185186
Isaiah Briscoe,2019,22,PG,ORL,39,14.3,0.399,0.324,0.577,3.5,1.9,2.2,0.3,0.1,0.8,11.600559440559438,3,0.838464
Isaiah Canaan,2014,22,PG,HOU,22,11.5,0.356,0.327,0.724,4.6,1.1,1.0,0.4,0.2,1.0,17.442782608695655,3,0.570515
Isaiah Canaan,2015,23,PG,PHI,47,20.0,0.386,0.37,0.817,9.2,1.9,2.1,0.6,0.1,1.3,17.7696,4,0.816842
Isaiah Canaan,2016,24,SG,PHI,77,25.5,0.36,0.363,0.833,11.0,2.3,1.8,0.7,0.2,1.2,16.39341176470588,5,0.947276
Isaiah Canaan,2017,25,SG,CHI,39,15.2,0.364,0.266,0.909,4.6,1.3,0.9,0.6,0.0,0.5,12.438947368421056,6,1.015696
Isaiah Canaan,2018,26,PG-SG,PHO,20,21.1,0.38,0.333,0.902,8.6,2.3,3.8,0.8,0.1,1.5,16.283601895734595,7,0.997547
Isaiah Canaan,2019,27,PG,MIL,30,21.0,0.39,0.354,0.792,6.0,1.9,2.8,0.5,0.1,1.2,12.089142857142857,8,1.512601
Isaiah Collier,2025,20,PG,UTA,71,25.9,0.422,0.249,0.682,8.7,3.3,6.3,0.9,0.2,2.9,16.2180694980695,1,2.51268
Isaiah Hartenstein,2019,20,PF,HOU,28,7.9,0.488,0.333,0.786,1.9,1.7,0.5,0.3,0.4,0.5,10.11645569620253,1,0.838464
Isaiah Hartenstein,2020,21,C,HOU,23,11.6,0.657,0.0,0.679,4.7,3.9,0.8,0.4,0.5,0.7,12.811034482758622,2,1.416852
Isaiah Hartenstein,2021,22,C,CLE,46,12.2,0.55,0.333,0.648,5.1,3.9,1.2,0.4,0.8,1.0,15.816393442622953,3,1.974967
Isaiah Hartenstein,2022,23,C,LAC,68,17.9,0.626,0.467,0.689,8.3,4.9,2.4,0.7,1.1,1.2,14.955083798882685,4,1.999575
Isaiah Hartenstein,2023,24,C,NYK,82,19.8,0.535,0.216,0.676,5.0,6.5,1.2,0.6,0.8,0.8,9.447272727272725,5,9.388722
Isaiah Hartenstein,2024,25,C,NYK,75,25.3,0.644,0.333,0.707,7.8,8.3,2.5,1.2,1.1,1.2,9.994624505928854,6,9.51983
Isaiah Hartenstein,2025,26,C,OKC,57,27.9,0.581,0.0,0.675,11.2,10.7,3.8,0.8,1.1,1.7,14.224516129032258,7,30.0
Isaiah Jackson,2022,20,PF,IND,36,15.0,0.563,0.313,0.682,8.3,4.1,0.3,0.7,1.4,1.1,18.8544,1,2.834485
Isaiah Jackson,2023,21,C,IND,63,16.5,0.563,0.143,0.651,7.2,4.5,0.8,0.5,1.5,0.8,14.862545454545455,2,2.728926
Isaiah Jackson,2024,22,C,IND,59,13.1,0.665,0.0,0.716,6.5,4.0,0.8,0.6,1.0,0.7,14.69679389312977,3,2.776397
Isaiah Jackson,2025,23,C,IND,5,16.8,0.609,,0.5,7.0,5.6,1.0,0.6,1.6,1.0,14.639999999999999,4,4.435381
Isaiah Joe,2021,21,SG,PHI,41,9.3,0.361,0.368,0.75,3.7,0.9,0.5,0.3,0.1,0.3,14.570322580645163,2,1.094762
Isaiah Joe,2022,22,SG,PHI,55,11.1,0.35,0.333,0.935,3.6,1.0,0.6,0.3,0.1,0.3,12.207567567567569,3,1.755313
Isaiah Joe,2023,23,SG,OKC,73,19.1,0.441,0.409,0.82,9.5,2.4,1.2,0.7,0.1,0.5,15.297172774869107,4,1.946784
Isaiah Joe,2024,24,SG,OKC,78,18.5,0.458,0.416,0.865,8.2,2.3,1.3,0.6,0.3,0.6,13.831783783783782,5,2.056583
Isaiah Joe,2025,25,SG,OKC,74,21.7,0.44,0.412,0.821,10.2,2.6,1.6,0.6,0.1,0.5,14.519447004608296,6,12.99165
Isaiah Livers,2022,23,SF,DET,19,20.2,0.456,0.422,0.857,6.4,3.0,1.1,0.7,0.4,0.8,10.350891089108911,4,1.222559
Isaiah Livers,2023,24,PF,DET,52,23.1,0.417,0.365,0.821,6.7,2.8,0.8,0.5,0.5,0.6,10.055064935064934,5,1.657779
Isaiah Livers,2024,25,PF,DET,23,20.4,0.345,0.286,0.667,5.0,2.1,1.1,0.6,0.2,0.7,10.680000000000001,6,1.890653
Isaiah Mobley,2023,23,PF,CLE,13,6.5,0.429,0.375,1.0,2.4,1.5,0.2,0.3,0.2,0.1,13.469538461538464,4,0.539571
Isaiah Mobley,2024,24,PF,CLE,10,7.2,0.417,0.3,0.0,2.3,1.0,0.6,0.2,0.0,0.2,13.219999999999999,5,0.576415
Isaiah Mobley,2025,25,PF,PHI,1,17.0,0.286,0.333,0.5,6.0,4.0,5.0,1.0,1.0,0.0,16.687058823529412,6,0.011997
Isaiah Roby,2020,21,PF,OKC,3,3.7,0.0,,,0.0,0.7,0.0,0.0,0.0,0.3,5.837837837837837,2,1.5
Isaiah Roby,2021,22,PF,OKC,61,23.4,0.483,0.294,0.744,8.7,5.6,1.8,0.9,0.6,1.9,14.978461538461541,3,1.84995
Isaiah Roby,2022,23,PF,OKC,45,21.1,0.514,0.444,0.672,10.1,4.8,1.6,0.8,0.8,1.0,15.942369668246446,4,2.061329
Isaiah Roby,2023,24,PF,SAS,42,11.3,0.432,0.3,0.488,4.1,2.5,0.9,0.4,0.2,0.7,15.419469026548676,5,2.471192
Isaiah Stewart,2021,19,C,DET,68,21.4,0.553,0.333,0.696,7.9,6.7,0.9,0.6,1.3,1.0,12.81196261682243,1,3.803633
Isaiah Stewart,2022,20,C,DET,71,25.6,0.51,0.326,0.718,8.3,8.7,1.2,0.3,1.1,1.2,12.31875,1,3.789443
Isaiah Stewart,2023,21,C,DET,50,28.3,0.442,0.327,0.738,11.3,8.1,1.4,0.4,0.7,1.4,14.654416961130742,2,3.640308
Isaiah Stewart,2024,22,PF,DET,46,30.9,0.487,0.383,0.753,10.9,6.6,1.6,0.4,0.8,1.4,12.22368932038835,3,5.423207
Isaiah Stewart,2025,23,C,DET,72,19.9,0.559,0.321,0.759,6.0,5.5,1.7,0.4,1.4,0.9,10.54311557788945,4,15.0
Isaiah Taylor,2017,22,PG,HOU,4,13.0,0.143,0.0,0.5,0.8,0.8,0.8,0.3,0.3,0.0,5.593846153846154,3,0.255
Isaiah Taylor,2018,23,PG,ATL,67,17.4,0.418,0.25,0.702,6.6,1.4,3.1,0.5,0.1,1.3,16.601379310344832,4,1.544951
Isaiah Thomas,2012,22,PG,SAC,65,25.5,0.448,0.379,0.832,11.5,2.6,4.1,0.8,0.1,1.6,16.42164705882353,3,0.762195
Isaiah Thomas,2013,23,PG,SAC,79,26.9,0.44,0.358,0.882,13.9,2.0,4.0,0.8,0.0,1.8,18.58081784386617,4,0.762195
Isaiah Thomas,2014,24,PG,SAC,72,34.7,0.453,0.349,0.85,20.3,2.9,6.3,1.3,0.1,3.0,21.48380403458213,5,0.884293
Isaiah Thomas,2015,25,PG,BOS,67,25.8,0.42,0.373,0.868,16.4,2.3,4.2,0.9,0.1,2.1,22.727441860465117,6,7.238606
Isaiah Thomas,2016,26,PG,BOS,82,32.2,0.428,0.359,0.871,22.2,3.0,6.2,1.1,0.1,2.7,25.159751552795026,7,6.912869
Isaiah Thomas,2017,27,PG,BOS,76,33.8,0.463,0.379,0.909,28.9,2.7,5.9,0.9,0.2,2.8,27.62840236686391,8,6.587132
Isaiah Thomas,2018,28,PG,LAL,32,26.9,0.373,0.293,0.893,15.2,2.1,4.8,0.5,0.1,3.0,24.094572490706316,9,6.261395
Isaiah Thomas,2019,29,SG,DEN,12,15.1,0.343,0.279,0.63,8.1,1.1,1.9,0.4,0.1,1.5,25.776953642384107,10,1.512601
Isaiah Thomas,2020,30,PG,WAS,40,23.1,0.408,0.413,0.816,12.2,1.7,3.7,0.3,0.2,1.9,20.93922077922078,11,1.620564
Isaiah Thomas,2021,31,PG,NOP,3,16.0,0.333,0.25,1.0,7.7,1.3,1.7,0.3,0.0,2.0,25.442999999999998,12,0.194622
Isaiah Thomas,2022,32,PG,CHO,22,15.1,0.401,0.337,0.846,8.4,1.3,1.5,0.3,0.2,0.7,21.046887417218542,13,1.053345
Isaiah Thomas,2024,34,PG,PHO,6,3.2,0.3,0.5,0.0,1.3,0.0,0.5,0.0,0.0,0.0,19.124999999999996,15,0.491822
Isaiah Todd,2022,20,PF,WAS,12,6.2,0.269,0.25,0.333,1.7,1.0,0.3,0.3,0.2,0.3,15.793548387096774,1,1.734521
Isaiah Todd,2023,21,PF,WAS,6,10.2,0.158,0.1,1.0,1.5,2.0,0.7,0.2,0.0,0.3,12.818823529411766,2,1.669953
Isaiah Whitehead,2017,21,PG,BRK,73,22.5,0.402,0.295,0.805,7.4,2.5,2.6,0.6,0.5,1.9,15.296000000000001,2,1.074145
Isaiah Whitehead,2018,22,PG,BRK,16,11.3,0.465,0.389,0.684,6.3,1.6,1.3,0.5,0.1,1.5,23.664424778761063,3,1.312611
Isaiah Wong,2024,23,SG,IND,1,4.0,0.333,0.0,0.0,2.0,0.0,0.0,0.0,0.0,0.0,27.0,4,0.576415
Ish Smith,2011,22,PG,MEM,43,10.3,0.374,0.3,0.571,2.3,1.1,1.8,0.4,0.0,0.8,13.001941747572817,3,0.473604
Ish Smith,2012,23,PG,ORL,26,9.0,0.383,0.333,0.7,2.8,1.3,1.6,0.6,0.1,0.5,15.104000000000001,4,0.522472
Ish Smith,2013,24,PG,MIL,52,9.9,0.352,0.296,0.429,2.4,1.2,1.7,0.4,0.2,0.7,13.978181818181818,5,0.910941
Ish Smith,2014,25,PG,PHO,70,14.4,0.423,0.043,0.564,3.7,1.8,2.6,0.7,0.2,0.9,12.910000000000002,6,0.951463
Ish Smith,2015,26,PG,PHI,55,15.1,0.39,0.3,0.596,6.1,1.8,3.3,0.7,0.1,1.4,20.360264900662255,7,0.861405
Ish Smith,2016,27,PG,PHI,77,29.1,0.411,0.329,0.693,12.6,4.0,6.5,1.1,0.3,2.3,19.684948453608246,8,0.947276
Ish Smith,2017,28,PG,DET,81,24.1,0.439,0.267,0.706,9.4,2.9,5.2,0.8,0.4,1.4,16.688464730290452,9,6.0
Ish Smith,2018,29,PG,DET,82,24.9,0.486,0.347,0.698,10.9,2.7,4.4,0.8,0.2,1.3,16.938795180722895,10,6.0
Ish Smith,2019,30,PG,DET,56,22.3,0.419,0.326,0.758,8.9,2.6,3.6,0.5,0.2,1.1,16.6019730941704,11,6.0
Ish Smith,2020,31,PG,WAS,68,26.3,0.447,0.367,0.721,10.9,3.2,4.9,0.9,0.4,1.4,16.524410646387835,12,6.0
Ivan Johnson,2012,27,PF,ATL,56,16.7,0.513,0.333,0.72,6.4,4.0,0.6,0.8,0.3,1.2,14.857005988023953,8,0.473604
Ivan Johnson,2013,28,PF,ATL,69,15.0,0.52,0.077,0.618,6.6,3.9,0.7,0.8,0.2,1.0,16.886400000000002,9,0.962195
Ivan Rabb,2018,20,PF,MEM,36,14.3,0.566,,0.806,5.6,4.4,0.9,0.3,0.4,1.0,14.198601398601399,1,0.95
Ivan Rabb,2019,21,PF,MEM,49,14.7,0.547,0.2,0.71,5.8,4.2,1.1,0.3,0.3,0.7,13.753469387755102,2,1.378242
Ivica Zubac,2017,19,C,LAL,38,16.0,0.529,0.0,0.653,7.5,4.2,0.8,0.4,0.9,0.8,17.262,1,1.034956
Ivica Zubac,2018,20,C,LAL,43,9.5,0.5,0.0,0.765,3.7,2.9,0.6,0.2,0.3,0.6,14.885052631578946,1,1.312611
Ivica Zubac,2019,21,C,LAC,59,17.6,0.559,,0.802,8.9,6.1,1.1,0.2,0.9,1.2,17.435454545454547,2,1.544951
Ivica Zubac,2020,22,C,LAC,72,18.4,0.613,0.0,0.747,8.3,7.5,1.1,0.2,0.9,0.8,13.914782608695653,3,6.481482
Ivica Zubac,2021,23,C,LAC,72,22.3,0.652,0.25,0.789,9.0,7.2,1.3,0.3,0.9,1.1,12.359461883408073,4,8.53084
Ivica Zubac,2022,24,C,LAC,76,24.4,0.626,,0.727,10.3,8.5,1.6,0.5,1.0,1.5,13.750819672131147,5,8.694019
Ivica Zubac,2023,25,C,LAC,76,28.6,0.634,0.0,0.697,10.8,9.9,1.0,0.4,1.3,1.5,12.164475524475524,6,10.73378
Ivica Zubac,2024,26,C,LAC,68,26.4,0.649,0.0,0.723,11.7,9.2,1.4,0.3,1.2,1.2,13.439999999999998,7,11.258205
Ivica Zubac,2025,27,C,LAC,80,32.8,0.628,,0.661,16.8,12.6,2.7,0.7,1.1,1.6,16.156097560975613,8,11.74321
Izaiah Brockington,2024,24,PG,NOP,1,3.0,0.4,0.0,0.0,4.0,2.0,0.0,0.0,0.0,0.0,45.0,5,0.066254
J.J. Barea,2010,25,PG,DAL,78,19.8,0.44,0.357,0.844,7.6,1.9,3.3,0.4,0.1,1.3,15.687272727272727,6,1.6575
J.J. Barea,2011,26,PG,DAL,81,20.6,0.439,0.349,0.847,9.5,2.0,3.9,0.4,0.0,1.7,18.41242718446602,7,1.815
J.J. Barea,2012,27,PG,MIN,41,25.2,0.4,0.371,0.776,11.3,2.8,5.7,0.5,0.0,2.5,19.65142857142857,8,4.3
J.J. Barea,2013,28,PG,MIN,74,23.1,0.417,0.346,0.784,11.3,2.8,4.0,0.4,0.0,2.0,20.247272727272726,9,4.4935
J.J. Barea,2014,29,PG,MIN,79,18.6,0.387,0.316,0.79,8.4,1.9,3.8,0.3,0.0,1.6,20.26838709677419,10,4.687
J.J. Barea,2015,30,PG,DAL,77,17.7,0.42,0.323,0.809,7.5,1.7,3.4,0.4,0.0,0.9,17.141694915254238,11,0.909859
J.J. Barea,2016,31,PG,DAL,74,22.5,0.446,0.385,0.771,10.9,2.1,4.1,0.4,0.0,1.5,18.6752,12,4.29
J.J. Barea,2017,32,PG,DAL,35,22.0,0.414,0.358,0.863,10.9,2.4,5.5,0.4,0.0,1.8,20.061818181818186,13,4.09695
J.J. Barea,2019,34,PG,DAL,38,19.8,0.418,0.297,0.705,10.9,2.5,5.6,0.6,0.0,1.9,23.498181818181816,15,3.71085
J.J. O'Brien,2016,23,SF,UTA,2,3.0,0.0,,,0.0,0.5,0.0,0.5,0.0,0.0,6.0,4,0.525093
J.R. Giddens,2010,24,SF,NYK,32,7.5,0.467,0.0,0.565,2.2,1.6,0.4,0.3,0.1,0.5,12.998399999999998,5,1.02888
JD Davison,2023,20,PG,BOS,12,5.5,0.421,0.286,0.5,1.6,0.8,0.9,0.2,0.2,0.3,13.012363636363638,1,0.539571
JD Davison,2024,21,SG,BOS,8,4.9,0.417,0.429,0.75,2.0,1.3,1.3,0.1,0.1,0.3,14.84081632653061,2,0.576415
JD Davison,2025,22,PG,BOS,16,5.8,0.353,0.222,0.714,2.1,0.8,0.8,0.3,0.1,0.8,19.092413793103454,3,0.011997
JT Thor,2022,19,PF,CHO,33,7.9,0.436,0.259,0.6,2.0,1.3,0.6,0.2,0.3,0.3,10.316962025316455,1,1.445434
JT Thor,2023,20,PF,CHO,69,14.0,0.399,0.317,0.702,3.8,2.2,0.5,0.3,0.3,0.6,11.077714285714285,1,1.657779
JT Thor,2024,21,PF,CHO,63,12.4,0.437,0.346,0.55,3.2,2.3,0.5,0.2,0.4,0.2,9.383225806451613,2,1.890653
Ja Morant,2020,20,PG,MEM,67,31.0,0.477,0.335,0.776,17.8,3.9,7.3,0.9,0.3,3.3,22.44077419354839,1,8.73024
Ja Morant,2021,21,PG,MEM,63,32.6,0.449,0.303,0.728,19.1,4.0,7.4,0.9,0.2,3.2,23.185766871165644,2,11.1715
Ja Morant,2022,22,PG,MEM,57,33.1,0.493,0.344,0.761,27.4,5.7,6.7,1.2,0.4,3.4,29.596132930513594,3,11.104821
Ja Morant,2023,23,PG,MEM,61,31.9,0.466,0.307,0.748,26.2,5.9,8.1,1.1,0.3,3.4,30.316739811912225,4,12.850096
Ja Morant,2024,24,PG,MEM,9,35.3,0.471,0.275,0.813,25.1,5.6,8.1,0.8,0.6,3.0,25.520226628895184,5,35.015681
Ja Morant,2025,25,PG,MEM,50,30.4,0.454,0.309,0.824,23.2,4.1,7.3,1.2,0.2,3.7,28.795263157894738,6,36.72567
Ja'Kobe Walter,2025,20,SG,TOR,52,21.2,0.405,0.349,0.795,8.6,3.1,1.6,0.8,0.2,1.0,15.79924528301887,1,3.465
JaJuan Johnson,2012,22,PF,BOS,36,8.3,0.446,,0.667,3.2,1.6,0.2,0.1,0.4,0.4,17.054457831325298,3,1.04232
JaKarr Sampson,2015,21,SF,PHI,74,15.3,0.422,0.244,0.67,5.2,2.2,1.0,0.5,0.4,1.0,14.75764705882353,2,0.507336
JaKarr Sampson,2016,22,SF,DEN,73,15.9,0.442,0.222,0.656,5.1,2.6,0.6,0.3,0.5,1.0,13.693584905660378,3,0.258489
JaKarr Sampson,2019,25,SF,CHI,4,31.8,0.537,0.357,0.81,20.0,8.0,1.0,1.0,0.8,1.0,19.05509433962264,6,0.085458
JaKarr Sampson,2020,26,PF,IND,34,13.9,0.591,0.154,0.667,4.6,2.6,0.6,0.5,0.4,0.4,10.75338129496403,7,1.620564
JaKarr Sampson,2021,27,PF,IND,29,10.9,0.496,0.2,0.655,4.6,2.7,0.1,0.1,0.5,0.5,15.985321100917432,8,2.294633
JaMychal Green,2015,24,PF,MEM,24,6.8,0.574,0.0,0.8,2.6,1.9,0.2,0.2,0.2,0.6,14.696470588235295,5,0.134295
JaMychal Green,2016,25,PF,MEM,78,18.5,0.465,0.333,0.752,7.4,4.8,0.9,0.6,0.4,1.1,15.941189189189192,6,0.845059
JaMychal Green,2017,26,PF,MEM,77,27.3,0.5,0.379,0.802,8.9,7.1,1.1,0.6,0.4,1.2,11.43032967032967,7,0.980431
JaMychal Green,2018,27,PF,MEM,55,28.0,0.457,0.339,0.721,10.3,8.4,1.4,0.6,0.5,1.4,14.374285714285717,8,8.533333
JaMychal Green,2019,28,PF,LAC,65,21.1,0.483,0.403,0.792,9.4,6.3,0.8,0.7,0.5,1.3,15.874123222748814,9,7.666667
JaMychal Green,2020,29,PF,LAC,63,20.7,0.429,0.387,0.75,6.8,6.2,0.8,0.5,0.4,0.9,11.916521739130436,10,4.767
JaMychal Green,2021,30,PF,DEN,58,19.3,0.463,0.399,0.807,8.1,4.8,0.9,0.4,0.4,0.9,14.437305699481866,11,8.774285
JaMychal Green,2022,31,PF,DEN,67,16.2,0.486,0.266,0.871,6.4,4.2,0.9,0.6,0.4,0.9,14.257777777777779,12,9.482049
JaMychal Green,2023,32,PF,GSW,57,14.0,0.54,0.378,0.776,6.4,3.6,0.9,0.4,0.4,0.9,14.986285714285717,13,8.69436
JaQuori McLaughlin,2022,24,PG,DAL,4,2.8,0.0,0.0,,0.0,0.0,0.5,0.0,0.0,0.0,6.428571428571429,5,0.255181
JaVale McGee,2010,22,C,WAS,60,16.1,0.508,0.0,0.638,6.4,4.1,0.2,0.3,1.7,0.9,15.285465838509316,3,1.49664
JaVale McGee,2011,23,C,WAS,79,27.8,0.55,0.0,0.583,10.1,8.0,0.5,0.5,2.4,1.3,13.177553956834533,4,1.60104
JaVale McGee,2012,24,C,DEN,61,25.2,0.556,,0.461,11.3,7.8,0.5,0.6,2.2,1.4,16.554285714285715,5,2.4624
JaVale McGee,2013,25,C,DEN,79,18.1,0.575,1.0,0.591,9.1,4.8,0.3,0.4,2.0,1.1,17.614143646408838,6,10.0
JaVale McGee,2014,26,C,DEN,5,15.8,0.447,,1.0,7.0,3.4,0.4,0.2,1.4,1.6,21.16253164556962,7,10.75
JaVale McGee,2015,27,C,PHI,23,11.1,0.532,,0.667,4.6,2.7,0.1,0.1,0.9,0.8,15.61945945945946,8,11.25
JaVale McGee,2016,28,C,DAL,34,10.9,0.575,0.0,0.5,5.1,3.9,0.1,0.1,0.8,0.6,16.460917431192662,9,1.270964
JaVale McGee,2017,29,C,GSW,77,9.6,0.652,0.0,0.505,6.1,3.2,0.2,0.2,0.9,0.5,19.56,10,1.403611
JaVale McGee,2018,30,C,GSW,65,9.5,0.621,0.0,0.731,4.8,2.6,0.5,0.3,0.9,0.4,15.733894736842107,11,1.471382
JaVale McGee,2019,31,C,LAL,75,22.3,0.624,0.083,0.632,12.0,7.5,0.7,0.6,2.0,1.4,17.402690582959643,12,1.512601
JaVale McGee,2020,32,C,LAL,68,16.6,0.637,0.5,0.646,6.6,5.7,0.5,0.5,1.4,0.8,12.639036144578313,13,4.0
JaVale McGee,2021,33,C,DEN,46,14.7,0.511,0.208,0.657,7.3,5.2,0.8,0.4,1.2,1.3,19.738775510204086,14,5.118504
JaVale McGee,2022,34,C,PHO,74,15.8,0.629,0.222,0.699,9.2,6.7,0.6,0.3,1.1,1.3,19.093670886075948,15,5.781737
JaVale McGee,2023,35,C,DAL,42,8.5,0.64,0.4,0.585,4.4,2.5,0.3,0.1,0.6,0.9,18.381176470588237,16,5.790465
JaVale McGee,2024,36,C,SAC,46,7.4,0.598,0.143,0.578,4.0,2.7,0.4,0.3,0.4,0.7,19.654054054054054,17,5.709529
Jabari Brown,2015,22,SG,LAL,19,29.9,0.412,0.371,0.753,11.9,1.9,2.1,0.6,0.1,1.7,15.146488294314382,3,0.059686
Jabari Parker,2015,19,PF,MIL,25,29.5,0.49,0.25,0.697,12.3,5.5,1.7,1.2,0.2,1.9,16.528271186440676,1,4.93056
Jabari Parker,2016,20,PF,MIL,76,31.7,0.493,0.257,0.768,14.1,5.2,1.7,0.9,0.4,1.5,16.603154574132493,1,5.15244
Jabari Parker,2017,21,PF,MIL,51,33.9,0.49,0.365,0.743,20.1,6.2,2.8,1.0,0.4,1.8,20.91185840707965,2,5.37432
Jabari Parker,2019,23,PF,WAS,64,26.9,0.493,0.313,0.712,14.5,6.6,2.4,0.7,0.5,2.4,20.577546468401486,4,20.0
Jabari Parker,2020,24,PF,SAC,38,24.1,0.51,0.269,0.753,14.0,5.6,1.8,1.2,0.4,1.7,20.799336099585062,5,6.5
Jabari Parker,2021,25,PF,BOS,13,12.7,0.545,0.182,0.769,5.5,3.2,0.8,0.1,0.4,0.8,15.420472440944883,6,8.446419
Jabari Parker,2022,26,PF,BOS,12,9.3,0.474,0.5,1.0,4.4,2.3,0.5,0.3,0.1,0.7,16.459354838709675,7,1.350944
Jabari Smith Jr.,2025,21,PF,HOU,57,30.1,0.438,0.354,0.825,12.2,7.0,1.1,0.4,0.7,1.1,14.313887043189368,2,9.77088
Jabari Walker,2023,20,SF,POR,56,11.1,0.419,0.286,0.756,3.9,2.3,0.6,0.2,0.2,0.5,14.114594594594598,1,1.07914
Jabari Walker,2024,21,SF,POR,72,23.6,0.46,0.295,0.754,8.9,7.1,1.0,0.6,0.3,0.9,13.81423728813559,2,1.770967
Jabari Walker,2025,22,SF,POR,60,12.5,0.515,0.389,0.69,5.2,3.5,0.6,0.6,0.1,0.6,14.192639999999997,3,2.019699
Jack Cooley,2015,23,C,UTA,16,5.4,0.409,,0.429,1.7,1.6,0.1,0.4,0.2,0.2,14.48,4,0.059686
Jack White,2023,25,SF,DEN,17,3.9,0.421,0.333,0.667,1.2,1.0,0.2,0.2,0.1,0.1,11.889230769230771,6,0.539571
Jack White,2024,26,SF,MEM,4,16.0,0.125,0.2,0.0,1.5,3.0,0.3,1.0,0.3,0.5,10.125,7,0.724454
Jacob Evans,2019,21,SG,GSW,30,6.8,0.34,0.267,0.0,1.3,0.8,0.8,0.2,0.1,0.4,11.647058823529413,2,1.64424
Jacob Evans,2020,22,SG,MIN,29,14.4,0.336,0.333,0.862,4.4,1.4,1.1,0.4,0.4,0.9,14.85,3,1.92588
Jacob Gilyard,2023,24,PG,MEM,1,41.0,0.333,0.333,0.0,3.0,4.0,7.0,3.0,0.0,2.0,4.390243902439025,5,0.006201
Jacob Gilyard,2024,25,PG,BRK,41,17.0,0.4,0.405,1.0,4.2,1.1,3.3,0.8,0.1,0.7,9.31764705882353,6,0.722175
Jacob Toppin,2024,23,SF,NYK,9,4.2,0.556,0.25,1.0,1.4,0.8,0.3,0.0,0.1,0.1,10.182857142857145,4,0.781805
Jaden Hardy,2023,20,SG,DAL,48,14.8,0.438,0.404,0.823,8.8,1.9,1.4,0.4,0.1,1.0,20.928648648648647,1,1.07914
Jaden Hardy,2024,21,SG,DAL,73,13.5,0.407,0.362,0.776,7.3,1.8,1.5,0.3,0.1,0.8,20.906666666666666,2,1.770967
Jaden Hardy,2025,22,SG,DAL,57,15.9,0.435,0.386,0.698,8.7,1.6,1.4,0.5,0.1,1.4,21.192452830188678,3,2.019699
Jaden Ivey,2023,20,SG,DET,74,31.1,0.416,0.343,0.747,16.3,3.9,5.2,0.8,0.2,3.2,21.54443729903537,1,7.68942
Jaden Ivey,2024,21,SG,DET,77,28.8,0.429,0.336,0.749,15.4,3.4,3.8,0.7,0.5,2.5,21.02,2,7.840736
Jaden Ivey,2025,22,SG,DET,30,29.9,0.46,0.409,0.733,17.6,4.1,4.0,0.9,0.4,3.0,22.293511705685617,3,7.97724
Jaden McDaniels,2021,20,PF,MIN,63,24.0,0.447,0.364,0.6,6.8,3.7,1.1,0.6,1.0,0.7,10.212,1,2.394436
Jaden McDaniels,2022,21,PF,MIN,70,25.8,0.46,0.317,0.803,9.2,4.2,1.1,0.7,0.8,1.1,13.172093023255812,2,2.385868
Jaden McDaniels,2023,22,SF,MIN,79,30.6,0.517,0.398,0.736,12.1,3.9,1.9,0.9,1.0,1.4,13.28470588235294,3,2.291748
Jaden McDaniels,2024,23,SF,MIN,72,29.2,0.489,0.337,0.722,10.5,3.1,1.4,0.9,0.6,1.2,12.802191780821916,4,4.017325
Jaden McDaniels,2025,24,PF,MIN,82,31.9,0.477,0.33,0.813,12.2,5.7,2.0,1.3,0.9,1.2,13.659686520376175,5,23.017242
Jaden Springer,2022,19,SG,PHI,2,3.0,1.0,,,1.0,1.0,0.0,0.0,1.0,0.5,12.0,1,2.340077
Jaden Springer,2023,20,SG,PHI,16,5.6,0.486,0.4,0.75,2.6,0.9,0.5,0.4,0.2,0.2,16.84285714285715,1,2.253324
Jaden Springer,2024,21,SG-PG,BOS,49,10.3,0.399,0.208,0.833,3.3,1.6,0.9,0.7,0.3,0.7,14.316116504854369,2,2.29239
Jaden Springer,2025,22,SG,UTA,43,8.5,0.389,0.25,0.711,2.5,1.3,0.8,0.6,0.1,0.4,12.265411764705883,3,4.772772
Jae Crowder,2013,22,SF,DAL,78,17.3,0.384,0.328,0.644,5.0,2.4,1.2,0.8,0.2,0.6,11.852947976878612,3,0.600491
Jae Crowder,2014,23,SF,DAL,78,16.1,0.439,0.331,0.754,4.6,2.5,0.8,0.8,0.3,0.5,10.401987577639751,4,0.788872
Jae Crowder,2015,24,SF,BOS,82,20.1,0.42,0.293,0.773,7.7,3.6,1.1,0.9,0.3,0.6,14.235223880597013,5,0.915243
Jae Crowder,2016,25,SF,BOS,73,31.6,0.443,0.336,0.82,14.2,5.1,1.8,1.7,0.5,1.1,15.552911392405061,6,6.796117
Jae Crowder,2017,26,SF,BOS,72,32.4,0.463,0.398,0.811,13.9,5.8,2.2,1.0,0.3,1.1,13.8,7,6.286408
Jae Crowder,2018,27,SF,UTA,80,26.1,0.404,0.323,0.818,9.7,3.4,1.2,0.8,0.3,0.9,13.980689655172414,8,6.796117
Jae Crowder,2019,28,SF,UTA,80,27.1,0.399,0.331,0.721,11.9,4.8,1.7,0.8,0.4,1.1,16.206642066420663,9,7.305825
Jae Crowder,2020,29,SF-PF,MIA,65,28.8,0.401,0.343,0.776,10.5,5.9,2.5,1.1,0.4,1.1,13.294999999999998,10,7.815533
Jae Crowder,2021,30,PF,PHO,60,27.5,0.404,0.389,0.76,10.1,4.7,2.1,0.8,0.5,0.9,12.661527272727271,11,11.282645
Jae Crowder,2022,31,PF,PHO,67,28.1,0.399,0.348,0.789,9.4,5.3,1.9,1.4,0.4,0.8,12.134946619217084,12,11.240738
Jae Crowder,2023,32,SF,MIL,18,18.9,0.479,0.436,0.833,6.9,3.8,1.5,0.7,0.3,0.4,11.253333333333336,13,10.797761
Jae Crowder,2024,33,PF,MIL,50,23.1,0.422,0.349,0.722,6.2,3.2,1.3,0.8,0.2,0.5,9.674805194805193,14,3.291427
Jae Crowder,2025,34,PF,SAC,9,11.4,0.318,0.267,0.833,2.6,2.2,0.7,0.3,0.0,0.4,9.814736842105262,15,1.655619
Jae'Sean Tate,2021,25,SF,HOU,70,29.2,0.506,0.308,0.694,11.3,5.3,2.5,1.2,0.5,1.4,13.837808219178083,6,1.761858
Jae'Sean Tate,2022,26,SF,HOU,78,26.4,0.498,0.312,0.707,11.8,5.4,2.8,0.9,0.5,1.8,16.57636363636364,7,1.755313
Jae'Sean Tate,2023,27,SF,HOU,31,21.8,0.48,0.283,0.725,9.1,3.8,2.7,0.7,0.2,1.5,16.29577981651376,8,7.491164
Jae'Sean Tate,2024,28,SF,HOU,65,15.9,0.472,0.299,0.667,4.1,3.0,1.0,0.6,0.2,0.6,9.88075471698113,9,7.207997
Jae'Sean Tate,2025,29,SF,HOU,52,11.3,0.473,0.348,0.681,3.6,2.3,0.9,0.5,0.1,0.4,11.456283185840705,10,7.565217
Jahlil Okafor,2016,20,C,PHI,53,30.0,0.508,0.167,0.686,17.5,7.0,1.2,0.4,1.2,2.3,22.353599999999997,1,4.58268
Jahlil Okafor,2017,21,C,PHI,50,22.7,0.514,,0.671,11.8,4.8,1.2,0.4,1.0,1.8,19.995066079295157,2,4.78884
Jahlil Okafor,2019,23,C,NOP,59,15.8,0.586,0.2,0.663,8.2,4.7,0.7,0.3,0.7,0.9,17.453164556962022,4,1.567707
Jahlil Okafor,2020,24,C,NOP,30,15.6,0.623,0.333,0.645,8.1,4.2,1.2,0.2,0.7,1.3,17.593846153846155,5,1.702486
Jahlil Okafor,2021,25,C,DET,27,12.9,0.618,0.222,0.708,5.4,2.4,0.5,0.2,0.2,0.8,13.942325581395348,6,2.294633
Jahlil Okafor,2025,29,C,IND,1,3.0,,,,0.0,1.0,1.0,0.0,0.0,0.0,0.0,10,0.119972
Jahmi'us Ramsey,2021,19,SG,SAC,13,7.2,0.395,0.263,1.0,3.1,0.8,0.5,0.3,0.1,0.2,16.38,1,1.218691
Jahmi'us Ramsey,2022,20,SG,SAC,19,7.1,0.414,0.278,0.5,3.2,0.7,0.4,0.1,0.1,0.3,18.80112676056338,1,1.755313
Jahmi'us Ramsey,2024,22,SG,TOR,7,17.3,0.439,0.273,0.833,6.7,3.1,1.1,1.0,0.0,1.0,15.18242774566474,3,0.239048
Jaime Echenique,2022,24,C,WAS,1,3.0,,,,0.0,0.0,0.0,0.0,0.0,0.0,0.0,5,0.061489
Jaime Jaquez Jr.,2025,23,SF,MIA,66,20.7,0.461,0.311,0.754,8.6,4.4,2.5,0.9,0.2,1.5,16.46608695652174,4,3.6858
Jake LaRavia,2023,21,PF,MEM,35,11.8,0.389,0.338,0.778,3.0,1.8,0.6,0.3,0.1,0.5,10.16542372881356,2,3.231376
Jake LaRavia,2024,22,PF,MEM,35,23.0,0.389,0.34,0.826,10.8,3.7,1.7,0.8,0.3,1.3,17.78713043478261,3,3.295002
Jake LaRavia,2025,23,PF,SAC,66,20.4,0.475,0.423,0.678,6.9,3.9,2.4,0.9,0.3,1.3,12.614117647058823,4,3.35268
Jake Layman,2017,22,SF,POR,35,7.1,0.292,0.255,0.765,2.2,0.7,0.3,0.3,0.1,0.3,15.312676056338029,3,0.6
Jake Layman,2018,23,SF,POR,35,4.6,0.298,0.2,0.667,1.0,0.5,0.3,0.2,0.1,0.1,11.300869565217393,4,1.312611
Jake Layman,2019,24,SF,POR,71,18.7,0.509,0.326,0.704,7.6,3.1,0.7,0.4,0.4,0.6,13.552941176470588,5,1.544951
Jake Layman,2020,25,SF,MIN,23,22.0,0.453,0.333,0.75,9.1,2.5,0.7,0.7,0.4,1.0,15.408,6,3.581986
Jake Layman,2021,26,SF,MIN,45,13.9,0.495,0.295,0.703,5.1,1.5,0.6,0.6,0.4,0.6,13.084316546762588,7,4.583602
Jake Layman,2022,27,SF,MIN,34,6.8,0.411,0.229,0.722,2.4,1.1,0.3,0.2,0.1,0.3,13.87058823529412,8,4.556222
Jakob Poeltl,2017,21,C,TOR,54,11.6,0.583,,0.544,3.1,3.1,0.2,0.3,0.4,0.5,9.571034482758622,2,2.70396
Jakob Poeltl,2018,22,C,TOR,82,18.6,0.659,0.5,0.594,6.9,4.8,0.7,0.5,1.2,1.0,12.054193548387095,3,2.94732
Jakob Poeltl,2019,23,C,SAS,77,16.5,0.645,,0.533,5.5,5.3,1.2,0.4,0.9,0.6,10.751999999999997,4,2.94732
Jakob Poeltl,2020,24,C,SAS,66,17.7,0.624,,0.465,5.6,5.7,1.8,0.6,1.4,0.8,10.926101694915255,5,3.754886
Jakob Poeltl,2021,25,C,SAS,69,26.7,0.616,,0.508,8.6,7.9,1.9,0.7,1.8,1.2,11.045393258426968,6,9.873657
Jakob Poeltl,2022,26,C,SAS,68,29.0,0.618,1.0,0.495,13.5,9.3,2.8,0.7,1.7,1.6,15.681103448275863,7,10.11804
Jakob Poeltl,2023,27,C,TOR,72,26.5,0.629,0.0,0.592,12.5,9.1,2.7,0.9,1.2,1.7,15.666113207547166,8,9.964743
Jakob Poeltl,2024,28,C,TOR,50,26.4,0.656,0.0,0.551,11.1,8.6,2.5,0.7,1.5,1.5,13.669090909090908,9,20.079422
Jakob Poeltl,2025,29,C,TOR,57,29.6,0.627,0.333,0.674,14.5,9.6,2.8,1.2,1.2,1.9,16.054054054054053,10,19.5
Jalen Brunson,2019,22,PG,DAL,73,21.8,0.467,0.348,0.725,9.3,2.3,3.2,0.5,0.1,1.2,15.859816513761466,3,1.23
Jalen Brunson,2020,23,PG,DAL,57,17.9,0.466,0.358,0.813,8.2,2.4,3.3,0.4,0.1,1.2,17.23977653631285,4,1.416852
Jalen Brunson,2021,24,PG,DAL,68,25.0,0.523,0.405,0.795,12.6,3.4,3.5,0.5,0.0,1.2,16.369919999999997,5,2.027733
Jalen Brunson,2022,25,PG,DAL,79,31.9,0.502,0.373,0.84,16.3,3.9,4.8,0.8,0.0,1.6,17.591473354231976,6,2.083804
Jalen Brunson,2023,26,PG,NYK,68,35.0,0.491,0.416,0.829,24.0,3.5,6.2,0.9,0.2,2.1,22.887771428571433,7,29.405319
Jalen Brunson,2024,27,PG,NYK,77,35.4,0.479,0.401,0.847,28.7,3.6,6.7,0.9,0.2,2.4,27.11186440677966,8,27.12953
Jalen Brunson,2025,28,PG,NYK,65,35.4,0.488,0.383,0.821,26.0,2.9,7.3,0.9,0.1,2.5,24.443389830508476,9,24.960001
Jalen Crutcher,2024,24,PG,NOP,1,3.0,0.0,0.0,0.0,0.0,0.0,0.0,0.0,0.0,0.0,12.0,5,0.066254
Jalen Duren,2023,19,C,DET,67,24.9,0.648,0.0,0.611,9.1,8.9,1.1,0.7,0.9,1.4,12.017349397590364,1,4.372924
Jalen Duren,2024,20,C,DET,61,29.1,0.619,0.0,0.79,13.8,11.6,2.4,0.5,0.8,2.1,15.612371134020618,1,4.459361
Jalen Duren,2025,21,C,DET,78,26.1,0.692,,0.669,11.8,10.3,2.7,0.7,1.1,1.7,13.881379310344826,2,4.53684
Jalen Green,2022,19,SG,HOU,67,31.9,0.426,0.343,0.797,17.3,3.4,2.6,0.7,0.3,2.0,20.020062695924764,1,10.397969
Jalen Green,2023,20,SG,HOU,76,34.2,0.416,0.338,0.786,22.1,3.7,3.7,0.8,0.2,2.6,24.404210526315786,1,10.011069
Jalen Green,2024,21,SG,HOU,82,31.7,0.423,0.332,0.804,19.6,5.2,3.5,0.8,0.3,2.3,23.158107255520505,2,10.185395
Jalen Green,2025,22,SG,HOU,82,32.9,0.423,0.354,0.813,21.0,4.6,3.4,0.9,0.3,2.5,23.858480243161093,3,12.483048
Jalen Harris,2021,22,SG,TOR,13,13.2,0.5,0.472,0.778,7.4,1.4,1.3,0.6,0.0,1.1,18.84,3,0.547332
Jalen Hood-Schifino,2024,20,SG,LAL,21,5.2,0.222,0.133,0.6,1.6,0.6,0.4,0.1,0.1,0.4,20.353846153846153,1,3.804871
Jalen Hood-Schifino,2025,21,SG,PHI,15,21.0,0.378,0.304,0.857,7.1,1.8,2.5,0.3,0.5,1.2,14.255999999999998,2,3.87984
Jalen Johnson,2022,20,PF,ATL,22,5.5,0.537,0.231,0.714,2.4,1.2,0.1,0.1,0.1,0.4,15.918545454545454,1,3.075514
Jalen Johnson,2023,21,SF,ATL,70,14.9,0.491,0.288,0.628,5.6,4.0,1.2,0.5,0.5,0.6,13.733154362416105,2,2.961002
Jalen Johnson,2024,22,SF,ATL,56,33.7,0.511,0.355,0.728,16.0,8.7,3.6,1.2,0.8,1.8,16.498041543026705,3,3.012284
Jalen Johnson,2025,23,SF,ATL,36,35.7,0.5,0.312,0.746,18.9,10.0,5.0,1.6,1.0,2.9,19.704201680672266,4,4.510905
Jalen Lecque,2020,19,SG,PHO,5,6.4,0.4,0.0,1.0,2.0,0.4,0.4,0.0,0.0,0.4,14.49,1,0.89831
Jalen Lecque,2021,20,PG,IND,4,3.0,0.111,0.0,1.0,1.3,1.3,0.5,0.0,0.0,0.0,31.823999999999998,1,1.84995
Jalen McDaniels,2020,22,SF,CHO,16,18.3,0.471,0.375,0.824,5.6,4.1,0.8,0.5,0.2,0.7,10.984918032786886,3,0.89831
Jalen McDaniels,2021,23,SF,CHO,47,19.2,0.468,0.333,0.703,7.4,3.6,1.1,0.6,0.4,1.0,14.28,4,1.84995
Jalen McDaniels,2022,24,SF,CHO,55,16.3,0.484,0.38,0.736,6.2,3.1,1.1,0.5,0.4,0.7,12.96883435582822,5,2.061329
Jalen McDaniels,2023,25,SF,PHI,80,23.9,0.455,0.332,0.841,9.4,4.3,1.6,1.0,0.4,1.2,14.53255230125523,6,2.047077
Jalen McDaniels,2024,26,SF,TOR,50,10.8,0.344,0.169,0.73,3.4,1.6,0.7,0.4,0.1,0.6,15.69333333333333,7,4.650188
Jalen McDaniels,2025,27,SF,WAS,4,1.8,,,,0.0,0.0,0.3,0.3,0.0,0.0,0.0,8,4.861772
Jalen Pickett,2024,24,SG,DEN,27,4.5,0.429,0.36,0.75,1.6,0.5,0.8,0.1,0.0,0.3,13.152000000000001,5,1.758898
Jalen Pickett,2025,25,SG,DEN,49,13.6,0.428,0.396,0.75,4.1,1.4,2.2,0.4,0.1,0.5,11.350588235294117,6,1.891857
Jalen Slawson,2024,24,SF,SAC,12,3.1,0.667,0.0,0.0,0.7,0.6,0.2,0.1,0.1,0.2,8.129032258064516,5,0.576415
Jalen Smith,2021,20,PF,PHO,27,5.8,0.44,0.235,0.714,2.0,1.4,0.1,0.0,0.2,0.3,14.47448275862069,1,5.174222
Jalen Smith,2022,21,PF,IND,51,18.1,0.503,0.328,0.765,9.2,6.0,0.5,0.3,0.8,0.8,17.065193370165744,2,5.154997
Jalen Smith,2023,22,PF,IND,68,18.8,0.476,0.283,0.759,9.4,5.8,1.0,0.3,0.9,1.1,18.153191489361703,3,4.951714
Jalen Smith,2024,23,C,IND,61,17.2,0.592,0.424,0.692,9.9,5.5,1.0,0.3,0.6,0.7,16.635348837209307,4,5.193643
Jalen Smith,2025,24,C,CHI,64,15.0,0.466,0.324,0.809,8.2,5.6,1.0,0.3,0.7,0.6,18.278399999999998,5,8.571429
Jalen Suggs,2022,20,PG,ORL,48,27.2,0.361,0.214,0.773,11.8,3.6,4.4,1.2,0.4,3.0,21.03882352941177,1,7.623706
Jalen Suggs,2023,21,PG,ORL,53,23.5,0.419,0.327,0.723,9.9,3.0,2.9,1.3,0.5,1.8,17.108425531914897,2,7.339652
Jalen Suggs,2024,22,SG,ORL,75,27.0,0.471,0.397,0.756,12.6,3.1,2.7,1.4,0.6,1.8,16.298666666666666,3,7.467568
Jalen Suggs,2025,23,PG,ORL,35,28.6,0.41,0.314,0.882,16.2,4.0,3.7,1.5,0.9,2.9,22.61202797202797,4,9.188385
Jalen Williams,2023,21,SG,OKC,75,30.3,0.521,0.356,0.812,14.1,4.5,3.3,1.4,0.5,1.6,15.8019801980198,2,4.603219
Jalen Williams,2024,22,PF,OKC,71,31.3,0.54,0.427,0.814,19.1,4.0,4.5,1.1,0.6,1.7,19.626325878594248,3,4.694136
Jalen Williams,2025,23,SG,OKC,69,32.4,0.484,0.365,0.789,21.6,5.3,5.1,1.6,0.7,2.2,23.324444444444442,4,4.77576
Jalen Wilson,2024,23,PF,BRK,43,15.4,0.425,0.324,0.826,5.0,3.0,1.0,0.3,0.1,0.4,11.884675324675326,4,0.875256
Jalen Wilson,2025,24,PF,BRK,79,25.7,0.397,0.337,0.818,9.5,3.4,1.8,0.5,0.1,1.0,13.621167315175098,5,1.891857
Jamaal Franklin,2014,22,SG,MEM,21,7.7,0.41,0.455,1.0,1.9,1.1,0.3,0.2,0.1,0.5,11.426493506493506,3,0.535
Jamaal Franklin,2015,23,SG,DEN,3,4.3,0.5,0.5,,1.0,0.7,1.0,0.0,0.3,1.0,14.232558139534884,4,0.816482
Jamaal Magloire,2010,31,C,MIA,36,10.0,0.5,,0.356,2.1,3.4,0.0,0.3,0.3,0.5,10.094400000000002,12,0.825497
Jamaal Magloire,2011,32,C,MIA,18,8.8,0.591,,0.5,1.9,3.4,0.2,0.2,0.1,0.3,7.9363636363636365,13,0.854389
Jamaal Magloire,2012,33,C,TOR,34,11.0,0.378,,0.259,1.2,3.3,0.2,0.1,0.3,0.6,7.370181818181819,14,0.854389
Jamaal Tinsley,2010,31,PG,MEM,38,15.5,0.371,0.179,0.815,3.5,1.7,2.8,0.9,0.1,1.7,13.257290322580646,12,0.738091
Jamaal Tinsley,2012,33,PG,UTA,37,13.7,0.404,0.27,0.765,3.7,1.2,3.3,0.5,0.2,1.4,14.24233576642336,14,1.352181
Jamaal Tinsley,2013,34,PG,UTA,66,18.5,0.368,0.307,0.692,3.5,1.7,4.4,1.0,0.2,1.6,10.26681081081081,15,1.352181
Jamal Cain,2023,23,SF,MIA,18,13.3,0.561,0.35,0.773,5.4,2.9,0.7,0.6,0.1,0.3,12.256240601503757,4,0.539571
Jamal Cain,2024,24,PF,MIA,26,10.0,0.43,0.355,0.783,3.7,1.4,0.4,0.4,0.2,0.3,13.305599999999998,5,0.576415
Jamal Crawford,2010,29,SG,ATL,79,31.1,0.449,0.382,0.857,18.0,2.5,3.0,0.8,0.2,1.7,20.210932475884245,10,9.36
Jamal Crawford,2011,30,SG,ATL,76,30.2,0.421,0.341,0.854,14.2,1.7,3.2,0.8,0.2,1.9,17.756821192052982,11,10.8
Jamal Crawford,2012,31,PG,POR,60,26.9,0.384,0.308,0.927,14.0,2.0,3.2,0.9,0.2,1.9,21.00579925650558,12,5.0
Jamal Crawford,2013,32,SG,LAC,76,29.3,0.438,0.376,0.871,16.5,1.7,2.5,1.0,0.2,1.9,20.582662116040954,13,5.225
Jamal Crawford,2014,33,SG,LAC,69,30.3,0.416,0.361,0.866,18.6,2.3,3.2,0.9,0.2,2.0,22.29861386138614,14,5.225
Jamal Crawford,2015,34,SG,LAC,64,26.6,0.396,0.327,0.901,15.8,1.9,2.5,0.9,0.2,1.4,21.946466165413533,15,5.45
Jamal Crawford,2016,35,SG,LAC,79,26.9,0.404,0.34,0.904,14.2,1.8,2.3,0.7,0.2,1.4,19.80133828996283,16,5.675
Jamal Crawford,2017,36,SG,LAC,82,26.3,0.413,0.36,0.857,12.3,1.6,2.6,0.7,0.2,1.6,18.205323193916346,17,13.253012
Jamal Crawford,2018,37,SG,MIN,80,20.7,0.415,0.331,0.903,10.3,1.2,2.3,0.5,0.1,1.2,19.33217391304348,18,4.328
Jamal Crawford,2019,38,SG,PHO,64,18.9,0.397,0.332,0.845,7.9,1.3,3.6,0.5,0.2,1.5,17.234285714285715,19,1.512601
Jamal Murray,2017,19,SG,DEN,82,21.5,0.404,0.334,0.883,9.9,2.6,2.1,0.6,0.3,1.4,18.35162790697675,1,3.21084
Jamal Murray,2018,20,PG,DEN,81,31.7,0.451,0.378,0.905,16.7,3.7,3.4,1.0,0.3,2.1,18.810851735015774,1,3.35532
Jamal Murray,2019,21,PG,DEN,75,32.6,0.437,0.367,0.848,18.2,4.2,4.8,0.9,0.4,2.1,21.003680981595092,2,3.4998
Jamal Murray,2020,22,PG,DEN,59,32.3,0.456,0.346,0.881,18.5,4.0,4.8,1.1,0.3,2.2,20.913436532507742,3,4.444746
Jamal Murray,2021,23,PG,DEN,48,35.5,0.477,0.408,0.869,21.2,4.0,4.8,1.3,0.3,2.3,20.49261971830986,4,33.251996
Jamal Murray,2023,25,PG,DEN,65,32.8,0.454,0.398,0.833,20.0,4.0,6.2,1.0,0.2,2.2,21.569268292682924,6,33.558751
Jamal Murray,2024,26,PG,DEN,59,31.5,0.481,0.425,0.853,21.2,4.1,6.5,1.0,0.7,2.1,23.044571428571427,7,34.838724
Jamal Murray,2025,27,PG,DEN,67,36.1,0.474,0.393,0.886,21.4,3.9,6.0,1.4,0.5,2.1,20.371412742382272,8,36.0162
Jamal Shead,2025,22,PG,TOR,75,19.6,0.405,0.323,0.768,7.1,1.5,4.2,0.8,0.1,1.6,15.972244897959182,3,1.862265
Jamaree Bouyea,2023,23,PG,WAS,5,14.2,0.429,0.333,0.5,3.0,1.2,0.8,0.8,0.4,0.8,9.572957746478872,4,0.124038
Jamaree Bouyea,2024,24,PG,SAS,9,10.6,0.357,0.111,0.0,2.3,2.1,1.2,0.1,0.0,1.0,13.924528301886792,5,0.175876
Jamario Moon,2010,29,SF,CLE,61,17.2,0.462,0.32,0.8,4.9,3.1,0.8,0.6,0.5,0.4,9.853953488372094,10,3.0
Jamario Moon,2011,30,SF,LAC,59,17.7,0.407,0.309,0.882,4.3,2.8,0.9,0.5,0.6,0.4,9.624406779661017,11,3.0
Jamario Moon,2012,31,SF,CHA,8,15.4,0.292,0.2,1.0,2.3,2.8,0.6,0.1,0.6,1.0,9.659220779220778,12,0.096017
Jameel Warney,2018,24,PF,DAL,3,9.0,0.583,,0.6,5.7,3.0,0.0,0.0,0.0,0.3,20.192,5,0.543471
Jameer Nelson,2010,27,PG,ORL,65,28.6,0.449,0.381,0.845,12.6,3.0,5.4,0.7,0.0,2.1,17.360559440559438,8,8.1
Jameer Nelson,2011,28,PG,ORL,76,30.5,0.446,0.401,0.802,13.1,3.0,6.0,1.0,0.0,2.6,17.143081967213114,9,7.8
Jameer Nelson,2012,29,PG,ORL,57,29.9,0.427,0.377,0.807,11.9,3.2,5.7,0.7,0.1,2.4,16.446822742474918,10,8.6
Jameer Nelson,2013,30,PG,ORL,56,35.3,0.392,0.341,0.873,14.7,3.7,7.4,1.3,0.1,2.8,17.83886685552408,11,8.6
Jameer Nelson,2015,32,PG,DEN,63,22.3,0.407,0.345,0.667,8.3,2.3,4.0,0.7,0.1,1.7,16.08538116591928,13,2.732
Jameer Nelson,2016,33,PG,DEN,39,26.6,0.368,0.299,0.857,7.7,2.9,4.9,0.6,0.1,1.7,13.528421052631579,14,4.345
Jameer Nelson,2017,34,PG,DEN,75,27.3,0.444,0.388,0.714,9.2,2.6,5.1,0.7,0.1,1.7,13.387252747252747,15,4.540525
James Anderson,2011,21,SF,SAS,26,11.0,0.383,0.391,0.778,3.6,0.9,0.7,0.1,0.2,0.5,12.78981818181818,2,1.3614
James Anderson,2012,22,SG,SAS,51,11.8,0.379,0.279,0.75,3.7,1.5,0.8,0.2,0.0,0.6,13.545762711864404,3,1.40254
James Anderson,2013,23,SG-SF,SAS,39,10.3,0.413,0.35,0.857,3.8,1.8,1.1,0.4,0.1,0.6,14.358058252427181,4,0.532737
James Anderson,2016,26,SG,SAC,51,14.1,0.376,0.267,0.759,3.5,1.7,0.8,0.4,0.3,0.8,11.652765957446809,7,1.015421
James Bouknight,2022,21,SG,CHO,31,9.8,0.348,0.347,0.871,4.6,1.7,0.8,0.2,0.0,0.5,19.983673469387753,2,4.80393
James Bouknight,2023,22,SG,CHO,34,15.1,0.358,0.303,0.667,5.6,2.1,1.2,0.4,0.1,0.9,16.679205298013247,3,4.62523
James Bouknight,2024,23,SG,CHO,14,5.8,0.439,0.433,0.5,3.6,0.6,0.4,0.1,0.1,0.1,18.893793103448278,4,4.705875
James Ennis III,2015,24,SF,MIA,62,17.0,0.409,0.326,0.84,5.0,2.8,0.8,0.4,0.3,0.6,11.138823529411765,5,0.507336
James Ennis III,2016,25,SF,NOP,22,15.0,0.478,0.448,0.735,7.2,1.9,1.0,0.7,0.2,0.9,15.984,6,0.845059
James Ennis III,2017,26,SF,MEM,64,23.5,0.455,0.372,0.782,6.7,4.0,1.0,0.7,0.3,0.9,10.18417021276596,7,2.898
James Ennis III,2019,28,SF,PHI,58,21.2,0.469,0.353,0.716,6.7,3.1,0.7,0.7,0.4,0.6,10.725283018867923,9,1.621415
James Ennis III,2020,29,SF-SG,ORL,69,18.3,0.446,0.325,0.806,6.6,3.6,0.9,0.5,0.3,0.8,13.015081967213114,10,1.882867
James Harden,2010,20,SG,OKC,76,22.9,0.403,0.375,0.808,9.9,3.2,1.8,1.1,0.3,1.4,16.361921397379913,1,4.00416
James Harden,2011,21,SG,OKC,82,26.7,0.436,0.349,0.843,12.2,3.1,2.1,1.1,0.3,1.3,15.435505617977531,2,4.30452
James Harden,2012,22,SG,OKC,62,31.4,0.491,0.39,0.846,16.8,4.1,3.7,1.0,0.2,2.2,17.128662420382167,3,4.60476
James Harden,2013,23,SG,HOU,78,38.3,0.438,0.368,0.851,25.9,4.9,5.8,1.8,0.5,3.8,23.863394255874677,4,5.820417
James Harden,2014,24,SG,HOU,73,38.0,0.456,0.366,0.866,25.4,4.7,6.1,1.6,0.4,3.6,22.835368421052628,5,13.70125
James Harden,2015,25,SG,HOU,81,36.8,0.44,0.375,0.868,27.4,5.7,7.0,1.9,0.7,4.0,26.01,6,14.728844
James Harden,2016,26,SG,HOU,82,38.1,0.439,0.359,0.86,29.0,6.1,7.5,1.7,0.6,4.6,27.201259842519683,7,15.756438
James Harden,2017,27,PG,HOU,81,36.4,0.44,0.347,0.847,29.1,8.1,11.2,1.5,0.5,5.7,29.07296703296703,8,26.5401
James Harden,2018,28,SG,HOU,72,35.4,0.449,0.367,0.858,30.4,5.4,8.8,1.8,0.7,4.4,29.434576271186447,9,28.299399
James Harden,2019,29,PG,HOU,78,36.8,0.442,0.368,0.879,36.1,6.6,7.5,2.0,0.7,5.0,33.593478260869574,10,30.421854
James Harden,2020,30,SG,HOU,68,36.5,0.444,0.355,0.865,34.3,6.6,7.5,1.8,0.9,4.5,31.553753424657533,11,38.199
James Harden,2021,31,PG-SG,BRK,44,36.6,0.466,0.362,0.861,24.6,7.9,10.8,1.2,0.8,4.0,23.52,12,50.277018
James Harden,2022,32,PG-SG,PHI,65,37.2,0.41,0.33,0.877,22.0,7.7,10.3,1.3,0.6,4.4,22.556129032258063,13,51.23873
James Harden,2023,33,PG,PHI,58,36.8,0.441,0.385,0.867,21.0,6.1,10.7,1.2,0.5,3.4,20.179565217391303,14,34.989504
James Harden,2024,34,PG,LAC,72,34.3,0.428,0.381,0.878,16.6,5.1,8.5,1.1,0.8,2.6,16.91055393586006,15,36.740807
James Harden,2025,35,PG,LAC,79,35.3,0.41,0.352,0.874,22.8,5.8,8.7,1.5,0.7,4.3,24.38617563739377,16,33.653846
James Johnson,2010,22,PF,CHI,65,11.6,0.452,0.326,0.729,3.9,2.0,0.7,0.3,0.7,1.0,14.536551724137931,3,1.59408
James Johnson,2011,23,SF,TOR,38,21.6,0.456,0.235,0.662,7.1,3.7,2.3,0.9,1.0,1.7,14.56,4,1.7136
James Johnson,2012,24,SF,TOR,62,25.2,0.45,0.317,0.704,9.1,4.7,2.0,1.1,1.4,1.6,15.48,5,2.812006
James Johnson,2013,25,SF,SAC,54,16.3,0.413,0.095,0.597,5.1,2.7,1.1,0.8,0.9,1.3,15.521963190184048,6,2.812006
James Johnson,2014,26,SF,MEM,52,18.4,0.464,0.253,0.844,7.4,3.2,2.1,0.8,1.1,1.3,15.550434782608699,7,0.63461
James Johnson,2015,27,PF,TOR,70,19.6,0.589,0.216,0.657,7.9,3.7,1.4,0.8,1.0,1.1,13.885714285714286,8,2.5
James Johnson,2016,28,PF,TOR,57,16.2,0.475,0.303,0.574,5.0,2.2,1.2,0.5,0.6,0.9,12.506666666666668,9,2.5
James Johnson,2017,29,PF,MIA,76,27.4,0.479,0.34,0.707,12.8,4.9,3.6,1.0,1.1,2.3,17.91065693430657,10,4.0
James Johnson,2018,30,PF,MIA,73,26.6,0.503,0.308,0.698,10.8,4.9,3.8,1.0,0.7,1.9,15.249924812030075,11,14.6517
James Johnson,2019,31,PF,MIA,55,21.2,0.433,0.336,0.714,7.8,3.2,2.5,0.6,0.5,1.3,14.895849056603776,12,14.6517
James Johnson,2020,32,PF-C,MIN,32,19.3,0.479,0.363,0.646,8.4,3.7,2.3,0.8,1.0,1.5,16.526424870466318,13,15.3494
James Johnson,2021,33,PF,NOP,51,20.5,0.446,0.258,0.592,7.2,3.5,1.9,0.8,0.8,1.1,14.329756097560976,14,19.556463
James Johnson,2022,34,PF,BRK,62,19.2,0.469,0.271,0.527,5.5,3.5,2.1,0.5,0.5,0.8,11.6175,15,3.054712
James Johnson,2023,35,PF,IND,18,9.0,0.449,0.2,0.5,2.8,1.7,0.8,0.4,0.3,0.4,13.104000000000001,16,4.072637
James Johnson,2024,36,PF,IND,9,5.2,0.3,0.0,1.0,0.9,0.4,0.9,0.6,0.1,0.6,12.37846153846154,17,3.953496
James Johnson,2025,37,PF,IND,12,3.1,0.364,0.0,0.0,0.7,0.5,0.3,0.0,0.2,0.3,14.446451612903225,18,2.087519
James Jones,2010,29,SF,MIA,36,14.0,0.361,0.411,0.821,4.1,1.3,0.5,0.3,0.1,0.3,10.162285714285714,10,4.33
James Jones,2011,30,SF,MIA,81,19.1,0.422,0.429,0.833,5.9,2.0,0.5,0.4,0.2,0.3,9.4165445026178,11,1.146337
James Jones,2012,31,SG,MIA,51,13.1,0.38,0.404,0.833,3.6,1.0,0.4,0.3,0.2,0.2,9.244580152671755,12,1.5
James Jones,2013,32,SF,MIA,38,5.8,0.344,0.302,0.5,1.6,0.6,0.3,0.1,0.2,0.1,10.824827586206897,13,1.5
James Jones,2014,33,SF,MIA,20,11.8,0.456,0.519,0.636,4.9,1.2,0.5,0.2,0.2,0.2,11.788474576271184,14,1.5
James Jones,2015,34,SF,CLE,57,11.7,0.368,0.36,0.848,4.4,1.1,0.4,0.2,0.1,0.2,12.467692307692307,15,0.915243
James Jones,2016,35,SF,CLE,48,9.6,0.408,0.394,0.808,3.7,1.0,0.3,0.2,0.2,0.3,13.200000000000001,16,0.947276
James Jones,2017,36,SF,CLE,48,7.9,0.478,0.47,0.65,2.8,0.8,0.3,0.1,0.2,0.2,10.371645569620254,17,0.980431
James Michael McAdoo,2015,22,PF,GSW,15,9.1,0.545,,0.56,4.1,2.5,0.1,0.3,0.6,0.4,16.014065934065936,3,0.167122
James Michael McAdoo,2016,23,PF,GSW,41,6.4,0.536,0.5,0.531,2.9,1.4,0.4,0.2,0.2,0.4,16.47,4,0.845059
James Michael McAdoo,2017,24,PF,GSW,52,8.8,0.53,0.25,0.5,2.8,1.8,0.3,0.3,0.6,0.4,12.485454545454543,5,0.980431
James Nunnally,2021,30,SF,NOP,9,5.3,0.385,0.333,0.5,1.7,1.0,0.3,0.0,0.0,0.2,11.46566037735849,11,0.131221
James Posey,2010,33,SF,NOH,77,22.5,0.365,0.335,0.825,5.2,4.3,1.5,0.5,0.2,0.7,9.024000000000001,14,6.0318
James Posey,2011,34,SF,IND,49,17.1,0.336,0.316,0.733,4.9,3.0,0.7,0.5,0.1,0.5,11.646315789473682,15,7.1488
James Singleton,2010,28,PF-SF,WAS,57,17.1,0.382,0.189,0.855,4.5,4.8,0.5,0.5,0.8,0.9,12.387368421052631,9,1.030189
James Singleton,2012,30,PF,WAS,12,21.8,0.547,0.222,0.933,8.2,6.8,1.3,0.8,0.7,0.8,12.669357798165137,11,0.151585
James Southerland,2014,23,SF,NOP,4,7.5,0.333,0.5,0.5,3.5,2.0,0.0,0.3,0.5,0.3,20.735999999999997,4,0.49018
James White,2013,30,SF,NYK,57,7.6,0.431,0.341,0.579,2.2,0.8,0.5,0.2,0.1,0.3,11.52,11,0.854389
James Wiseman,2021,19,C,GSW,39,21.4,0.519,0.316,0.628,11.5,5.8,0.7,0.3,0.9,1.5,19.964859813084114,1,10.639468
James Wiseman,2023,21,C,DET,45,19.3,0.558,0.2,0.701,10.0,5.9,0.7,0.2,0.6,1.1,17.84704663212435,2,10.182327
James Wiseman,2024,22,C,DET,63,17.3,0.613,0.0,0.706,7.1,5.3,0.9,0.2,0.6,1.0,13.534335260115604,3,12.479556
James Wiseman,2025,23,C,IND,1,5.0,0.5,0.0,1.0,6.0,1.0,0.0,0.0,0.0,0.0,35.136,4,2.237691
James Young,2015,19,SG,BOS,31,10.7,0.353,0.258,0.552,3.4,1.4,0.4,0.3,0.1,0.2,13.108037383177571,1,1.67448
James Young,2016,20,SG,BOS,29,6.9,0.306,0.231,0.25,1.0,0.9,0.3,0.2,0.0,0.2,7.533913043478259,1,1.74984
James Young,2017,21,SG,BOS,29,7.6,0.431,0.343,0.667,2.3,0.9,0.1,0.3,0.1,0.1,10.57263157894737,2,1.8252
Jamison Battle,2025,23,SF,TOR,59,17.7,0.429,0.405,0.889,7.1,2.7,0.9,0.3,0.2,0.5,13.285423728813559,4,1.0
Jamorko Pickett,2022,24,PF,DET,13,13.5,0.36,0.333,0.5,3.8,2.5,0.5,0.0,0.5,0.4,11.434666666666667,5,0.534959
Jan Vesely,2012,21,PF,WAS,57,18.9,0.537,0.0,0.532,4.7,4.4,0.8,0.7,0.6,1.1,10.255238095238097,2,3.06504
Jan Vesely,2013,22,PF,WAS,51,11.8,0.5,0.0,0.308,2.5,2.4,0.5,0.3,0.3,0.5,9.311186440677966,3,3.34092
Jan Vesely,2014,23,PF,DEN,54,14.4,0.514,,0.339,3.6,3.5,0.4,1.0,0.6,0.7,10.85,4,3.34092
Jannero Pargo,2010,30,PG,CHI,63,13.2,0.346,0.275,0.933,5.5,1.2,1.4,0.5,0.0,0.8,19.385454545454543,11,1.99
Jannero Pargo,2012,32,PG,ATL,50,13.4,0.415,0.384,0.95,5.6,1.5,1.9,0.4,0.0,1.0,16.86089552238806,13,0.854389
Jannero Pargo,2014,34,PG,CHA,29,8.3,0.441,0.4,0.727,4.7,0.7,1.8,0.5,0.0,0.9,22.450120481927712,15,0.884293
Jannero Pargo,2015,35,PG,CHO,9,8.1,0.429,0.409,1.0,4.6,0.3,0.9,0.0,0.0,0.3,19.05777777777778,16,0.915243
Jarace Walker,2024,20,PF,IND,33,10.3,0.409,0.4,0.889,3.6,1.9,1.2,0.5,0.3,0.5,13.742912621359222,1,6.23951
Jarace Walker,2025,21,PF,IND,75,15.8,0.472,0.405,0.667,6.1,3.1,1.5,0.7,0.3,1.0,14.117468354430377,2,6.36252
Jared Butler,2022,21,SG,UTA,42,8.6,0.404,0.318,0.688,3.8,1.1,1.5,0.4,0.2,0.8,19.155348837209306,2,1.069919
Jared Butler,2023,22,SG,OKC,6,12.8,0.469,0.5,0.0,6.2,0.7,1.3,0.8,0.0,0.8,17.15625,3,1.775616
Jared Butler,2024,23,SG,WAS,40,14.2,0.488,0.308,0.861,6.3,1.5,3.2,0.7,0.2,1.3,16.975774647887324,4,1.863557
Jared Butler,2025,24,SG,PHI,60,17.4,0.448,0.355,0.824,9.0,1.8,3.7,0.7,0.2,1.3,19.77931034482759,5,0.745726
Jared Cunningham,2013,21,SG,DAL,8,3.3,0.429,0.667,1.0,2.0,0.4,0.1,0.1,0.0,0.3,24.349090909090908,2,1.15632
Jared Cunningham,2014,22,SG,SAC,13,6.2,0.286,0.143,0.813,2.0,0.5,0.6,0.2,0.0,0.2,13.51741935483871,3,0.046404
Jared Cunningham,2015,23,SG,LAC,19,4.7,0.364,0.308,0.538,1.8,0.5,0.5,0.2,0.0,0.4,18.444255319148937,4,0.915243
Jared Cunningham,2016,24,SG,MIL,44,9.3,0.343,0.308,0.655,2.7,0.9,0.5,0.3,0.0,0.5,13.44,5,0.947276
Jared Dudley,2010,24,SF,PHO,82,24.3,0.459,0.458,0.754,8.2,3.4,1.4,1.0,0.2,0.8,11.182222222222222,5,1.30764
Jared Dudley,2011,25,SF,PHO,82,26.1,0.477,0.415,0.743,10.6,3.9,1.3,1.1,0.2,0.9,13.500689655172414,6,2.151068
Jared Dudley,2012,26,SG,PHO,65,31.1,0.485,0.383,0.726,12.7,4.6,1.7,0.8,0.3,1.1,14.0064308681672,7,4.25
Jared Dudley,2013,27,SF,PHO,79,27.5,0.468,0.391,0.796,10.9,3.1,2.6,0.9,0.1,1.3,14.03869090909091,8,4.25
Jared Dudley,2014,28,SF,LAC,74,23.4,0.438,0.36,0.655,6.9,2.2,1.4,0.6,0.1,0.8,11.003076923076923,9,4.25
Jared Dudley,2015,29,SG,MIL,72,23.8,0.468,0.385,0.716,7.2,3.1,1.8,1.0,0.2,0.9,10.884705882352943,10,4.25
Jared Dudley,2016,30,PF,WAS,81,25.9,0.478,0.42,0.735,7.9,3.5,2.1,0.9,0.2,1.0,10.463629343629346,11,4.375
Jared Dudley,2017,31,PF,PHO,64,21.3,0.454,0.379,0.662,6.8,3.5,1.9,0.7,0.3,1.1,11.729577464788733,12,10.47
Jared Dudley,2018,32,PF,PHO,48,14.3,0.393,0.363,0.771,3.2,2.0,1.6,0.5,0.2,0.6,8.57958041958042,13,10.0
Jared Dudley,2019,33,PF,BRK,59,20.7,0.423,0.351,0.696,4.9,2.6,1.4,0.6,0.3,0.7,8.96,14,9.53
Jared Dudley,2020,34,PF,LAL,45,8.1,0.4,0.429,1.0,1.5,1.2,0.6,0.3,0.1,0.2,6.666666666666667,15,1.620564
Jared Dudley,2021,35,PF,LAL,12,6.8,0.222,0.333,,0.5,1.8,0.4,0.1,0.1,0.2,5.294117647058823,16,3.125642
Jared Harper,2021,23,PG,NYK,8,2.0,0.0,0.0,0.75,0.4,0.3,0.1,0.0,0.0,0.4,20.160000000000004,4,0.634313
Jared Harper,2022,24,PG,NOP,5,8.6,0.538,0.417,1.0,7.4,0.4,2.8,0.8,0.2,0.4,24.915348837209304,5,0.098383
Jared Jeffries,2010,28,PF-SF,HOU,70,25.6,0.439,0.296,0.625,5.3,4.1,1.4,0.9,1.0,1.1,8.926875,9,6.4666
Jared Jeffries,2011,29,PF,NYK,42,14.3,0.349,0.222,0.414,1.8,2.8,0.9,0.7,0.4,0.5,7.069090909090908,10,0.221136
Jared Jeffries,2012,30,PF,NYK,39,18.7,0.41,0.188,0.681,4.4,3.9,0.7,0.7,0.6,0.7,9.99529411764706,11,0.854389
Jared Jeffries,2013,31,PF,POR,38,9.2,0.296,0.0,0.522,1.2,1.6,0.4,0.2,0.2,0.4,8.076521739130436,12,1.475106
Jared McCain,2025,20,SG,PHI,23,25.7,0.46,0.383,0.875,15.3,2.4,2.6,0.7,0.0,1.6,20.389727626459145,1,4.02036
Jared Rhoden,2023,23,SG,DET,14,14.1,0.386,0.25,1.0,3.2,2.6,0.3,0.3,0.1,0.2,8.874893617021277,4,0.325602
Jared Rhoden,2024,24,SG,DET,17,14.4,0.5,0.387,0.625,4.9,1.9,0.8,0.2,0.8,0.4,11.300000000000002,5,0.576415
Jared Rhoden,2025,25,SG,TOR,14,16.2,0.483,0.308,0.88,8.4,3.0,1.1,0.7,0.1,0.6,16.871111111111112,6,0.119972
Jared Sullinger,2013,20,PF,BOS,45,19.8,0.493,0.2,0.746,6.0,5.9,0.8,0.5,0.5,0.6,11.30181818181818,1,1.30692
Jared Sullinger,2014,21,PF,BOS,74,27.6,0.427,0.269,0.778,13.3,8.1,1.6,0.5,0.7,1.6,19.419130434782605,2,1.36572
Jared Sullinger,2015,22,PF,BOS,58,27.0,0.439,0.283,0.744,13.3,7.6,2.3,0.8,0.7,1.3,19.290666666666667,3,1.42452
Jared Sullinger,2016,23,PF,BOS,81,23.6,0.435,0.282,0.64,10.3,8.3,2.3,0.9,0.6,1.3,18.579661016949153,4,2.56926
Jared Sullinger,2017,24,PF,TOR,11,10.7,0.319,0.167,0.5,3.4,2.5,0.3,0.4,0.1,0.4,16.849345794392526,5,5.628
Jarell Eddie,2016,24,SF,WAS,26,5.7,0.308,0.319,1.0,2.4,0.9,0.2,0.2,0.0,0.0,16.623157894736842,5,0.561716
Jarell Eddie,2017,25,SF,PHO,5,12.4,0.316,0.25,0.889,4.8,1.4,0.0,0.2,0.0,0.2,13.912258064516129,6,0.057672
Jarell Martin,2016,21,PF,MEM,27,14.1,0.466,0.0,0.726,5.7,3.2,0.6,0.3,0.3,0.7,15.349787234042553,2,1.23084
Jarell Martin,2017,22,PF,MEM,42,13.3,0.384,0.36,0.8,3.9,3.9,0.2,0.4,0.2,0.7,13.06827067669173,3,1.28616
Jarell Martin,2018,23,PF,MEM,73,22.8,0.446,0.347,0.767,7.7,4.4,1.0,0.5,0.7,1.2,13.74315789473684,4,1.471382
Jarell Martin,2019,24,PF,ORL,42,7.8,0.413,0.351,0.818,2.7,1.7,0.4,0.1,0.2,0.3,13.532307692307691,5,2.416222
Jaren Jackson Jr.,2019,19,PF,MEM,58,26.1,0.506,0.359,0.766,13.8,4.7,1.1,0.9,1.4,1.7,18.477241379310342,1,5.91504
Jaren Jackson Jr.,2020,20,C,MEM,57,28.5,0.469,0.394,0.747,17.4,4.6,1.4,0.7,1.6,1.7,20.655157894736842,1,6.92748
Jaren Jackson Jr.,2025,25,C,MEM,74,29.8,0.488,0.375,0.781,22.2,5.6,2.0,1.2,1.5,2.1,25.219328859060404,6,25.257798
Jarnell Stokes,2015,21,PF,MEM,19,6.6,0.568,,0.536,3.0,1.8,0.2,0.3,0.3,0.4,16.145454545454548,2,0.725
Jarnell Stokes,2016,22,C,MIA,7,2.6,0.6,,0.5,1.0,0.6,0.1,0.1,0.0,0.0,11.52,3,0.845059
Jarnell Stokes,2017,23,C,DEN,2,3.5,1.0,,0.5,1.5,1.0,1.0,0.5,0.0,0.0,9.668571428571427,4,0.980431
Jarred Vanderbilt,2019,19,PF,DEN,17,4.1,0.474,0.0,0.6,1.4,1.4,0.2,0.4,0.1,0.5,16.366829268292683,1,0.838464
Jarred Vanderbilt,2020,20,PF,MIN,11,4.2,0.625,0.0,1.0,1.1,0.8,0.2,0.3,0.1,0.6,11.897142857142855,1,1.416852
Jarred Vanderbilt,2021,21,PF,MIN,64,17.8,0.606,0.2,0.559,5.4,5.8,1.2,1.0,0.7,0.8,10.524943820224719,2,2.027733
Jarred Vanderbilt,2022,22,PF,MIN,74,25.4,0.587,0.143,0.656,6.9,8.4,1.3,1.3,0.6,1.0,9.48472440944882,3,4.683207
Jarred Vanderbilt,2023,23,PF,LAL,78,24.1,0.548,0.322,0.691,7.9,7.5,2.4,1.1,0.3,1.2,11.639502074688796,4,4.637699
Jarred Vanderbilt,2024,24,PF,LAL,29,20.0,0.518,0.296,0.667,5.2,4.8,1.2,1.2,0.2,1.0,9.770399999999999,5,4.777872
Jarred Vanderbilt,2025,25,PF,LAL,36,16.1,0.488,0.281,0.556,4.1,5.1,1.1,1.0,0.3,0.8,10.375155279503105,6,10.714286
Jarrell Brantley,2021,24,PF,UTA,28,4.9,0.481,0.429,1.0,2.3,1.0,0.5,0.3,0.1,0.3,16.486530612244895,5,0.622246
Jarrell Brantley,2023,26,PF,UTA,4,9.8,0.571,0.444,1.0,5.5,1.5,0.8,0.0,0.5,0.5,15.50204081632653,7,0.111883
Jarrett Allen,2018,19,C,BRK,72,20.0,0.589,0.333,0.776,8.2,5.4,0.7,0.4,1.2,1.1,13.464000000000002,1,2.03412
Jarrett Allen,2019,20,C,BRK,80,26.2,0.59,0.133,0.709,10.9,8.4,1.4,0.5,1.5,1.3,13.658015267175575,1,2.03412
Jarrett Allen,2020,21,C,BRK,70,26.5,0.649,0.0,0.633,11.1,9.6,1.6,0.6,1.3,1.1,12.791547169811318,2,2.37684
Jarrett Allen,2021,22,C,CLE,63,29.6,0.618,0.316,0.703,12.8,10.0,1.7,0.5,1.4,1.6,13.772432432432431,3,4.764964
Jarrett Allen,2022,23,C,CLE,56,32.3,0.677,0.1,0.708,16.1,10.8,1.6,0.8,1.3,1.7,14.765572755417958,4,23.12695
Jarrett Allen,2023,24,C,CLE,68,32.6,0.644,0.1,0.733,14.3,9.8,1.7,0.8,1.2,1.4,13.308957055214721,5,21.20576
Jarrett Allen,2024,25,C,CLE,77,31.7,0.634,0.0,0.742,16.5,10.5,2.7,0.7,1.1,1.6,15.903596214511042,6,20.594279
Jarrett Allen,2025,26,C,CLE,82,28.0,0.706,0.0,0.718,13.5,9.7,1.9,0.9,0.9,1.2,13.49485714285714,7,20.0
Jarrett Culver,2020,20,SG,MIN,63,23.9,0.404,0.299,0.462,9.2,3.4,1.7,0.9,0.6,1.3,16.773891213389124,1,5.81364
Jarrett Culver,2021,21,SG,MIN,34,14.7,0.411,0.245,0.604,5.3,3.1,0.7,0.5,0.3,0.8,15.467755102040817,2,7.439233
Jarrett Culver,2022,22,SG,MEM,37,9.1,0.378,0.255,0.471,3.5,1.3,0.9,0.5,0.1,0.5,17.786373626373628,3,7.395027
Jarrett Culver,2023,23,SG,ATL,10,13.7,0.395,0.083,0.692,4.4,3.8,0.6,0.6,0.2,0.7,14.64175182481752,4,0.275987
Jarrett Jack,2010,26,PG,TOR,82,27.4,0.481,0.412,0.842,11.4,2.7,5.0,0.7,0.1,2.0,15.07795620437956,7,5.0
Jarrett Jack,2011,27,SG-PG,NOH,83,20.7,0.408,0.306,0.85,8.9,2.1,2.9,0.7,0.1,1.3,17.641739130434786,8,4.6
Jarrett Jack,2012,28,PG,NOH,45,34.0,0.456,0.348,0.872,15.6,3.9,6.3,0.7,0.2,2.4,17.84329411764706,9,5.0
Jarrett Jack,2013,29,SG,GSW,79,29.7,0.452,0.404,0.843,12.9,3.1,5.6,0.8,0.1,2.0,16.84848484848485,10,5.4
Jarrett Jack,2014,30,PG,CLE,80,28.2,0.41,0.341,0.839,9.5,2.8,4.1,0.7,0.3,1.7,14.343829787234043,11,6.3
Jarrett Jack,2015,31,PG,BRK,80,28.0,0.439,0.267,0.881,12.0,3.1,4.7,0.9,0.2,2.4,17.784,12,6.3
Jarrett Jack,2016,32,PG,BRK,32,32.1,0.391,0.304,0.893,12.8,4.3,7.4,1.1,0.2,2.9,17.540186915887848,13,6.3
Jarrett Jack,2017,33,PG,NOP,2,16.5,0.667,0.0,1.0,3.0,0.0,2.5,1.0,0.0,1.5,7.505454545454546,14,0.057672
Jarrod Uthoff,2017,23,PF,DAL,9,12.8,0.421,0.333,0.714,4.4,2.4,1.0,0.2,0.4,0.3,13.646250000000002,4,0.047953
Jarron Collins,2010,31,C,PHO,34,7.7,0.387,,0.4,1.0,1.8,0.2,0.1,0.1,0.3,7.05038961038961,12,0.825497
Jarron Cumberland,2022,24,SG,POR,3,4.0,0.5,0.0,,0.7,1.0,0.3,0.0,0.0,0.0,6.3,5,0.061489
Jarvis Hayes,2010,28,SF,NJN,45,23.0,0.421,0.335,0.778,7.8,2.4,0.9,0.6,0.2,0.6,12.640695652173912,9,2.0628
Jarvis Varnado,2013,24,PF,MIA,13,4.5,0.429,,0.5,0.6,0.7,0.2,0.1,0.2,0.5,9.056000000000001,5,0.788872
Jarvis Varnado,2014,25,PF,PHI,24,14.1,0.6,,0.519,4.1,2.6,0.5,0.4,1.2,0.4,9.875744680851064,6,0.171696
Jason Collins,2010,31,C,ATL,24,4.8,0.348,0.0,0.0,0.7,0.6,0.2,0.1,0.1,0.2,9.33,12,0.825497
Jason Collins,2011,32,C,ATL,49,12.1,0.479,1.0,0.659,2.0,2.1,0.4,0.2,0.2,0.5,6.700165289256198,13,0.854389
Jason Collins,2012,33,C,ATL,30,10.3,0.4,,0.467,1.3,1.6,0.3,0.1,0.1,0.3,6.361165048543689,14,0.854389
Jason Collins,2013,34,C,WAS,38,10.1,0.31,,0.719,1.1,1.6,0.2,0.3,0.3,0.5,5.888316831683169,15,0.854389
Jason Collins,2014,35,C,BRK,22,7.8,0.458,0.0,0.75,1.1,0.9,0.2,0.4,0.0,0.3,6.867692307692309,16,0.275691
Jason Hart,2010,31,PG,NOH,5,4.4,0.5,,,0.4,0.4,1.2,0.4,0.2,0.6,8.181818181818182,12,0.825497
Jason Kapono,2010,28,SF,PHI,57,17.1,0.419,0.368,0.6,5.7,1.2,0.7,0.4,0.1,0.6,12.698947368421049,9,6.21296
Jason Kapono,2011,29,SF,PHI,24,4.7,0.25,0.125,0.5,0.7,0.5,0.2,0.1,0.0,0.1,10.294468085106383,10,6.64144
Jason Kapono,2012,30,SG,LAL,27,10.0,0.382,0.296,1.0,2.0,0.5,0.4,0.1,0.0,0.2,8.0784,11,0.854389
Jason Kidd,2010,36,PG,DAL,80,36.0,0.423,0.425,0.808,10.3,5.6,9.1,1.8,0.4,2.4,11.328000000000001,17,8.1
Jason Kidd,2011,37,PG,DAL,80,33.2,0.361,0.34,0.87,7.9,4.4,8.2,1.7,0.4,2.2,10.995180722891567,18,8.6105
Jason Kidd,2012,38,PG,DAL,48,28.7,0.363,0.354,0.786,6.2,4.1,5.5,1.7,0.2,1.9,9.864250871080142,19,10.121
Jason Kidd,2013,39,SG,NYK,76,26.9,0.372,0.351,0.833,6.0,4.3,3.3,1.6,0.3,1.0,8.91836431226766,20,3.09
Jason Maxiell,2010,26,C,DET,76,20.4,0.511,0.0,0.574,6.8,5.3,0.5,0.5,0.5,0.9,12.847058823529412,7,5.0
Jason Maxiell,2011,27,PF,DET,57,16.3,0.492,,0.515,4.2,3.0,0.3,0.4,0.4,0.8,10.70723926380368,8,5.0
Jason Maxiell,2012,28,PF,DET,65,22.6,0.478,0.0,0.547,6.5,5.1,0.6,0.5,0.8,1.1,12.271858407079648,9,5.0
Jason Maxiell,2013,29,PF,DET,72,24.8,0.446,,0.621,6.9,5.7,0.8,0.4,1.3,1.1,12.019354838709676,10,5.0
Jason Maxiell,2015,31,PF,CHO,61,14.4,0.422,,0.577,3.3,3.3,0.3,0.3,0.7,0.5,10.32,12,0.915243
Jason Preston,2023,23,PG,LAC,14,8.9,0.439,0.278,0.0,2.9,1.6,1.9,0.1,0.0,0.7,14.739775280898876,4,1.657779
Jason Preston,2024,24,PG,UTA,7,10.1,0.316,0.0,0.0,1.7,2.4,2.3,0.3,0.1,0.3,10.693069306930694,5,0.324648
Jason Richardson,2010,29,SG,PHO,79,31.5,0.474,0.393,0.739,15.7,5.1,1.8,0.8,0.4,1.2,16.928,10,13.333332
Jason Richardson,2011,30,SG,ORL,80,33.9,0.447,0.395,0.73,15.6,4.1,1.8,1.2,0.2,1.2,16.22654867256637,11,14.444443
Jason Richardson,2012,31,SG,ORL,54,29.5,0.408,0.368,0.594,11.6,3.6,2.0,1.0,0.4,1.1,15.464135593220337,12,5.395
Jason Richardson,2013,32,SG,PHI,33,28.4,0.402,0.341,0.606,10.5,3.8,1.5,1.2,0.5,0.8,14.501408450704226,13,5.799625
Jason Richardson,2015,34,SG,PHI,19,21.9,0.348,0.323,0.773,9.1,3.5,2.0,0.7,0.2,0.8,17.63506849315069,15,6.601125
Jason Smith,2010,23,PF,PHI,56,11.8,0.431,0.345,0.69,3.4,2.4,0.6,0.4,0.5,0.6,12.362033898305082,4,1.41888
Jason Smith,2011,24,C,NOH,77,14.3,0.443,0.0,0.843,4.3,3.1,0.5,0.3,0.4,0.7,12.82909090909091,5,2.187913
Jason Smith,2012,25,PF,NOH,40,23.7,0.52,0.111,0.702,9.9,4.9,0.9,0.5,1.0,1.0,15.53620253164557,6,2.5
Jason Smith,2013,26,C,NOH,51,17.2,0.49,0.0,0.843,8.2,3.6,0.7,0.3,0.9,1.1,18.167441860465118,7,2.5
Jason Smith,2014,27,PF,NOP,31,26.8,0.465,,0.78,9.7,5.8,0.9,0.4,0.9,0.9,14.378507462686569,8,2.5
Jason Smith,2015,28,C,NYK,82,21.8,0.434,0.357,0.83,8.0,4.0,1.7,0.4,0.5,1.3,15.417247706422017,9,3.278
Jason Smith,2016,29,C,ORL,76,15.5,0.485,0.25,0.806,7.2,2.9,0.8,0.4,0.9,0.8,18.106838709677415,10,4.3
Jason Smith,2017,30,C,WAS,74,14.4,0.529,0.474,0.686,5.7,3.5,0.5,0.3,0.7,0.8,13.77,11,5.0
Jason Smith,2018,31,C,WAS,33,8.6,0.391,0.125,0.905,3.4,1.6,0.4,0.1,0.4,0.5,17.849302325581398,12,5.45
Jason Smith,2019,32,PF-C,NOP,20,9.5,0.356,0.346,0.875,3.3,2.6,0.7,0.2,0.4,0.7,15.354947368421051,13,5.45
Jason Terry,2010,32,SG,DAL,77,33.0,0.438,0.365,0.866,16.6,1.8,3.8,1.2,0.2,1.4,17.934545454545454,13,9.075
Jason Terry,2011,33,SG,DAL,82,31.3,0.451,0.362,0.85,15.8,1.9,4.1,1.1,0.2,2.0,18.91322683706071,14,9.873
Jason Terry,2012,34,SG,DAL,63,31.7,0.43,0.378,0.883,15.1,2.4,3.6,1.2,0.2,2.0,18.161261829652997,15,11.158
Jason Terry,2013,35,SG,BOS,79,26.9,0.434,0.372,0.87,10.1,2.0,2.5,0.8,0.1,1.3,13.714795539033458,16,5.0
Jason Terry,2014,36,PG,BRK,35,16.3,0.362,0.379,0.667,4.5,1.1,1.6,0.4,0.0,0.8,11.652515337423312,17,5.625313
Jason Terry,2015,37,SG,HOU,77,21.3,0.422,0.39,0.813,7.0,1.6,1.9,0.9,0.2,1.0,11.939154929577464,18,5.850313
Jason Terry,2016,38,SG,HOU,72,17.5,0.402,0.356,0.818,5.9,1.1,1.4,0.7,0.1,0.7,12.589714285714285,19,0.947276
Jason Terry,2017,39,SG,MIL,74,18.4,0.432,0.427,0.828,4.1,1.4,1.3,0.6,0.3,0.5,7.779130434782609,20,0.980431
Jason Thompson,2010,23,C,SAC,75,31.4,0.472,0.1,0.715,12.5,8.5,1.7,0.5,1.0,1.9,16.083057324840766,4,2.03592
Jason Thompson,2011,24,PF,SAC,75,23.3,0.507,0.0,0.605,8.8,6.1,1.2,0.4,0.6,1.3,14.814077253218883,5,2.178
Jason Thompson,2012,25,PF,SAC,64,25.9,0.535,0.0,0.602,9.1,6.9,1.2,0.7,0.7,1.1,12.832123552123551,6,3.001284
Jason Thompson,2013,26,PF,SAC,82,27.9,0.502,0.0,0.694,10.9,6.7,1.0,0.6,0.7,1.2,14.709677419354838,7,5.25
Jason Thompson,2014,27,PF,SAC,82,24.5,0.506,,0.579,7.1,6.4,0.6,0.4,0.7,1.2,11.74334693877551,8,5.64375
Jason Thompson,2015,28,PF,SAC,81,24.6,0.47,0.0,0.622,6.1,6.5,1.0,0.4,0.7,1.0,10.378536585365852,9,6.0375
Jason Thompson,2016,29,C,TOR,47,10.0,0.481,0.333,0.704,3.1,2.9,0.6,0.3,0.4,0.3,11.1024,10,0.245177
Jason Williams,2010,34,PG,ORL,82,20.8,0.444,0.38,0.756,6.0,1.5,3.6,0.6,0.0,1.1,11.284615384615384,15,0.825497
Jason Williams,2011,35,PG,MEM,27,10.9,0.328,0.263,,2.0,1.1,1.9,0.4,0.0,0.7,10.568807339449542,16,0.524964
Javin DeLaurier,2022,23,C,MIL,1,3.0,,,,0.0,1.0,0.0,1.0,0.0,0.0,0.0,4,0.061489
Javon Freeman-Liberty,2024,24,PG,TOR,22,18.3,0.444,0.238,0.917,7.0,3.2,1.8,0.5,0.2,1.1,14.565245901639344,5,0.87456
Javonte Green,2020,26,SG,BOS,48,9.8,0.5,0.273,0.667,3.4,1.9,0.5,0.5,0.2,0.5,12.842448979591834,7,0.89831
Javonte Green,2021,27,SF-SG,CHI,41,11.5,0.52,0.333,0.75,3.6,1.7,0.4,0.7,0.1,0.5,10.768695652173914,8,1.84995
Javonte Green,2022,28,SF,CHI,65,23.4,0.542,0.356,0.833,7.2,4.2,0.9,1.0,0.5,0.5,9.476923076923077,9,1.930149
Javonte Green,2023,29,SG,CHI,32,15.0,0.565,0.371,0.667,5.2,2.8,0.7,0.8,0.7,0.6,11.078399999999998,10,1.92514
Javonte Green,2024,30,SF,CHI,9,25.6,0.6,0.37,0.769,12.2,7.4,0.6,1.1,0.9,0.8,13.663125000000003,11,0.269057
Javonte Green,2025,31,SG,CLE,68,18.5,0.429,0.326,0.724,5.1,3.2,0.8,1.0,0.5,0.5,10.087783783783783,12,2.32835
Jawad Williams,2010,26,PG,CLE,54,13.7,0.393,0.323,0.711,4.1,1.5,0.6,0.2,0.1,0.3,11.69868613138686,7,0.73642
Jawad Williams,2011,27,SF,CLE,26,15.0,0.325,0.289,0.75,4.0,1.8,0.8,0.3,0.1,0.6,13.487999999999998,8,1.029389
Jawun Evans,2018,21,PG,LAC,48,16.2,0.352,0.278,0.776,4.8,1.8,2.1,0.8,0.1,0.9,14.755555555555558,2,0.815615
Jawun Evans,2019,22,PG,OKC,8,8.1,0.214,0.0,,0.8,1.5,1.3,0.4,0.0,0.8,11.555555555555557,3,1.378242
Jaxson Hayes,2020,19,C,NOP,64,16.9,0.672,0.25,0.647,7.4,4.0,0.9,0.4,0.9,0.8,13.036686390532545,1,4.86204
Jaxson Hayes,2021,20,C,NOP,60,16.1,0.625,0.429,0.775,7.5,4.3,0.6,0.4,0.6,0.7,14.04223602484472,1,6.221614
Jaxson Hayes,2022,21,C,NOP,70,20.0,0.616,0.351,0.766,9.3,4.5,0.6,0.5,0.8,0.8,13.838399999999998,2,6.18447
Jaxson Hayes,2023,22,C,NOP,47,13.0,0.551,0.103,0.699,5.0,2.8,0.7,0.4,0.4,0.7,13.270153846153846,3,7.213152
Jaxson Hayes,2024,23,C,LAL,70,12.5,0.72,0.0,0.622,4.3,3.0,0.5,0.5,0.4,0.6,10.448640000000001,4,2.22933
Jaxson Hayes,2025,24,C,LAL,56,19.5,0.722,0.0,0.622,6.8,4.8,1.0,0.6,0.9,0.8,10.323692307692307,5,2.463946
Jay Huff,2022,23,C,LAL,4,5.0,0.0,0.0,,0.0,1.0,0.3,0.3,0.3,0.3,7.92,4,0.261331
Jay Huff,2023,24,C,WAS,7,13.6,0.6,0.5,0.938,7.3,3.0,1.4,0.4,0.6,0.7,14.061176470588236,5,0.124038
Jay Huff,2024,25,C,DEN,20,2.5,0.6,0.333,1.0,1.2,0.6,0.1,0.1,0.2,0.1,13.5936,6,0.576415
Jay Huff,2025,26,C,MEM,64,11.7,0.515,0.405,0.786,6.9,2.0,0.6,0.3,0.9,0.5,17.526153846153846,7,2.088033
Jay Scrubb,2021,20,SG,LAC,4,21.0,0.389,0.222,1.0,8.8,3.5,0.3,1.0,0.0,1.8,19.494857142857143,1,0.547332
Jay Scrubb,2022,21,SG,LAC,18,6.7,0.391,0.286,0.7,2.7,0.9,0.4,0.2,0.2,0.4,17.537910447761192,2,0.534959
Jay Scrubb,2023,22,SG,ORL,2,15.0,0.714,1.0,0.5,6.5,3.0,0.5,1.0,0.0,1.5,13.056,3,0.052716
Jaylen Adams,2019,22,PG,ATL,34,12.6,0.345,0.338,0.778,3.2,1.8,1.9,0.4,0.1,0.8,11.805714285714286,3,0.270014
Jaylen Adams,2021,24,PG,MIL,7,2.6,0.125,0.0,,0.3,0.4,0.3,0.0,0.0,0.0,15.23076923076923,5,0.547332
Jaylen Brown,2017,20,SF,BOS,78,17.2,0.454,0.341,0.685,6.6,2.8,0.8,0.4,0.2,0.9,14.659534883720932,1,4.743
Jaylen Brown,2018,21,SG,BOS,70,30.7,0.465,0.395,0.644,14.5,4.9,1.6,1.0,0.4,1.8,17.298762214983714,2,4.95648
Jaylen Brown,2019,22,SG,BOS,74,25.9,0.465,0.344,0.658,13.0,4.2,1.4,0.9,0.4,1.3,18.330810810810814,3,5.16996
Jaylen Brown,2020,23,SG,BOS,57,33.9,0.481,0.382,0.724,20.3,6.4,2.1,1.1,0.4,2.2,20.91185840707965,4,6.534829
Jaylen Brown,2021,24,SG,BOS,58,34.5,0.484,0.397,0.764,24.7,6.0,3.4,1.2,0.6,2.7,24.826434782608693,5,30.510084
Jaylen Brown,2022,25,SF,BOS,66,33.6,0.473,0.358,0.758,23.6,6.1,3.5,1.1,0.3,2.7,24.869999999999997,6,30.94262
Jaylen Brown,2023,26,SF,BOS,67,35.9,0.491,0.335,0.765,26.6,6.9,3.5,1.1,0.4,2.9,25.815710306406686,7,31.571968
Jaylen Brown,2024,27,SF,BOS,70,33.5,0.499,0.354,0.703,23.0,5.5,3.6,1.2,0.5,2.4,23.848119402985073,8,32.776163
Jaylen Brown,2025,28,SF,BOS,63,34.3,0.463,0.324,0.764,22.2,5.8,4.5,1.2,0.3,2.6,23.661341107871724,9,49.2058
Jaylen Clark,2025,23,SG,MIN,40,13.1,0.467,0.431,0.784,4.1,1.3,0.7,0.9,0.1,0.2,9.882137404580154,4,0.492323
Jaylen Hoard,2021,21,SF,OKC,19,16.8,0.5,0.0,0.683,6.1,3.4,1.3,0.7,0.3,0.9,13.86,2,0.157465
Jaylen Hoard,2022,22,SF,OKC,7,34.3,0.489,0.36,0.429,14.7,12.0,2.4,0.9,0.7,1.1,15.617492711370266,3,0.221856
Jaylen Morris,2018,22,SG,ATL,6,16.3,0.406,0.2,,4.7,2.7,1.2,0.3,0.2,1.0,13.91411042944785,3,1.378242
Jaylen Morris,2019,23,SG,MIL,4,7.3,0.4,0.333,0.5,2.5,1.3,1.0,0.5,0.0,0.3,14.893150684931507,4,1.378242
Jaylen Morris,2022,26,SG,SAS,3,5.3,0.0,0.0,0.5,0.7,0.7,0.7,0.0,0.0,0.3,19.507924528301885,7,0.110928
Jaylen Nowell,2020,20,SG,MIN,15,10.1,0.358,0.115,0.941,3.8,0.9,1.3,0.2,0.1,0.2,14.913267326732674,1,1.4
Jaylen Nowell,2021,21,SG,MIN,42,18.1,0.424,0.333,0.818,9.0,2.3,1.5,0.5,0.3,0.7,18.44154696132596,2,1.84995
Jaylen Nowell,2022,22,SG,MIN,62,15.7,0.475,0.394,0.783,8.5,2.0,2.1,0.4,0.2,0.6,18.25222929936306,3,2.061329
Jaylen Nowell,2023,23,SG,MIN,65,19.3,0.448,0.289,0.778,10.8,2.6,2.0,0.6,0.1,1.0,21.003108808290154,4,2.047077
Jaylen Nowell,2024,24,SG,DET,13,16.5,0.436,0.207,0.778,6.2,1.8,1.5,0.3,0.2,0.5,14.853818181818182,5,0.40999
Jaylen Nowell,2025,25,SG,NOP,8,21.0,0.356,0.296,0.636,8.4,2.5,2.3,0.1,0.5,1.0,18.37028571428571,6,0.446743
Jaylen Sims,2025,26,SG,CHO,6,18.7,0.429,0.4,0.8,7.0,1.0,2.0,0.5,0.2,1.3,13.668449197860964,7,0.073153
Jaylen Wells,2025,21,SG,MEM,79,25.9,0.425,0.352,0.822,10.4,3.4,1.7,0.6,0.1,0.9,14.244324324324324,2,1.157153
Jaylin Williams,2023,20,PF,OKC,49,18.7,0.436,0.407,0.704,5.9,4.9,1.6,0.6,0.2,0.8,11.712513368983958,1,2.120576
Jaylin Williams,2024,21,C,OKC,69,13.0,0.417,0.368,0.805,4.0,3.4,1.6,0.4,0.4,0.5,11.254153846153846,2,2.059427
Jaylin Williams,2025,22,PF,OKC,47,16.7,0.439,0.399,0.767,5.9,5.6,2.6,0.5,0.6,0.7,12.209820359281439,3,2.019699
Jaylon Tyson,2025,22,SG,CLE,47,9.6,0.43,0.345,0.792,3.6,2.0,0.9,0.3,0.1,0.6,15.075000000000003,3,3.32616
Jaysean Paige,2022,27,PG,DET,1,7.0,0.0,0.0,,0.0,1.0,1.0,0.0,0.0,1.0,20.571428571428573,8,0.061489
Jayson Tatum,2018,19,SF,BOS,80,30.5,0.475,0.434,0.826,13.9,5.0,1.6,1.0,0.7,1.4,15.589770491803279,1,5.6454
Jayson Tatum,2019,20,SF,BOS,79,31.1,0.45,0.373,0.855,15.7,6.0,2.1,1.1,0.7,1.5,18.377363344051446,1,6.7008
Jayson Tatum,2020,21,PF,BOS,66,34.3,0.45,0.403,0.812,23.4,7.0,3.0,1.4,0.9,2.3,24.106355685131202,2,7.83
Jayson Tatum,2021,22,SF,BOS,64,35.8,0.459,0.386,0.868,26.4,7.4,4.3,1.2,0.5,2.7,25.77519553072626,3,12.061535
Jayson Tatum,2022,23,SF,BOS,76,35.9,0.453,0.353,0.853,26.9,8.0,4.4,1.0,0.6,2.9,26.30105849582173,4,32.497412
Jayson Tatum,2023,24,PF,BOS,74,36.9,0.466,0.35,0.854,30.1,8.8,4.6,1.1,0.7,2.9,27.02048780487805,5,32.181628
Jayson Tatum,2024,25,PF,BOS,74,35.7,0.471,0.376,0.833,26.9,8.1,4.9,1.0,0.6,2.5,24.95596638655462,6,33.568737
Jayson Tatum,2025,26,PF,BOS,72,36.4,0.452,0.343,0.814,26.8,8.7,6.0,1.1,0.5,2.9,25.59956043956044,7,34.84834
Jeenathan Williams,2023,23,SG,POR,5,25.4,0.615,0.375,0.667,10.6,3.0,2.0,0.6,0.4,0.8,12.563149606299215,4,0.055817
Jeenathan Williams,2025,25,SG,HOU,20,7.4,0.435,0.231,0.625,3.3,0.7,0.5,0.4,0.2,0.7,19.342702702702702,6,0.515881
Jeff Adrien,2011,24,PF,GSW,23,8.5,0.426,,0.579,2.5,2.5,0.4,0.2,0.2,0.4,12.926117647058822,5,0.133723
Jeff Adrien,2012,25,PF,HOU,8,7.9,0.438,,0.583,2.6,2.8,0.1,0.0,0.3,0.3,13.488607594936708,6,0.762195
Jeff Adrien,2013,26,PF,CHA,52,13.7,0.429,0.0,0.65,4.0,3.8,0.7,0.3,0.5,0.6,12.182189781021899,7,0.916099
Jeff Adrien,2014,27,PF,MIL,53,18.1,0.52,,0.639,6.8,5.8,0.7,0.5,0.7,0.7,13.66011049723757,8,0.916099
Jeff Adrien,2015,28,PF,MIN,17,12.6,0.432,,0.579,3.5,4.5,0.9,0.2,0.5,0.5,11.622857142857141,9,0.742962
Jeff Ayres,2013,25,PF,IND,37,10.0,0.484,0.5,0.913,3.9,2.8,0.4,0.2,0.3,0.6,15.350399999999997,6,1.5
Jeff Ayres,2014,26,PF,SAS,73,13.0,0.58,,0.691,3.3,3.5,0.8,0.2,0.3,0.9,10.113230769230768,7,1.75
Jeff Ayres,2015,27,PF,SAS,51,7.5,0.579,,0.75,2.7,2.3,0.3,0.2,0.2,0.5,12.998399999999998,8,1.82875
Jeff Ayres,2016,28,C,LAC,17,6.3,0.522,0.0,1.0,1.8,1.3,0.3,0.0,0.2,0.4,11.291428571428572,9,0.111444
Jeff Dowtin,2022,24,PG,ORL,9,12.0,0.308,0.111,1.0,2.1,2.0,1.1,0.6,0.1,0.6,10.764000000000001,5,0.353564
Jeff Dowtin,2023,25,PG,TOR,25,10.4,0.439,0.313,0.667,2.4,0.9,1.2,0.4,0.1,0.2,9.263076923076923,6,0.539571
Jeff Dowtin,2024,26,PG,PHI,12,11.8,0.556,0.474,0.75,4.3,1.7,2.3,0.6,0.1,0.4,10.775593220338983,7,0.277237
Jeff Foote,2012,24,C,NOH,4,9.8,0.333,,,1.0,1.5,0.0,0.0,0.3,0.5,7.346938775510203,5,0.038194
Jeff Foster,2010,33,C,IND,16,15.9,0.478,0.0,0.556,3.1,5.1,1.3,0.2,0.3,0.9,9.201509433962265,14,6.0775
Jeff Foster,2011,34,C,IND,56,16.8,0.479,0.0,0.563,3.3,6.3,0.8,0.4,0.6,0.5,8.348571428571429,15,6.655
Jeff Foster,2012,35,C,IND,11,12.8,0.5,1.0,0.667,2.3,3.8,0.4,0.7,0.1,0.6,7.177499999999999,16,3.0
Jeff Green,2010,23,PF,OKC,82,37.1,0.453,0.333,0.74,15.1,6.0,1.6,1.3,0.9,1.6,15.31989218328841,4,3.51696
Jeff Green,2011,24,PF-SF,BOS,75,32.4,0.449,0.303,0.811,13.3,4.8,1.4,0.7,0.5,1.3,15.16888888888889,5,4.455988
Jeff Green,2013,26,PF,BOS,81,27.8,0.467,0.385,0.808,12.8,3.9,1.6,0.7,0.8,1.6,16.90187050359712,7,8.385
Jeff Green,2014,27,SF,BOS,82,34.2,0.412,0.341,0.795,16.9,4.6,1.7,0.7,0.6,2.0,19.149473684210527,8,8.7
Jeff Green,2015,28,SF,MEM,78,31.5,0.43,0.332,0.833,15.0,4.2,1.7,0.7,0.4,1.4,17.632,9,9.2
Jeff Green,2016,29,SF,LAC,80,28.2,0.43,0.315,0.745,11.7,4.2,1.7,0.7,0.5,1.2,16.253617021276597,10,9.65
Jeff Green,2017,30,PF,ORL,69,22.2,0.394,0.275,0.863,9.2,3.1,1.2,0.5,0.2,1.1,16.63135135135135,11,15.0
Jeff Green,2019,32,PF,WAS,77,27.2,0.475,0.347,0.888,12.3,4.0,1.8,0.6,0.5,1.3,15.072352941176474,13,1.512601
Jeff Green,2020,33,PF-C,HOU,48,20.0,0.462,0.339,0.802,9.4,2.8,1.0,0.5,0.4,0.9,16.0848,14,0.439475
Jeff Green,2021,34,C,BRK,68,27.0,0.492,0.412,0.776,11.0,3.9,1.6,0.5,0.4,0.8,12.874666666666668,15,3.125642
Jeff Green,2022,35,C,DEN,75,24.7,0.524,0.315,0.833,10.3,3.1,1.3,0.4,0.4,0.9,13.327287449392713,16,5.203563
Jeff Green,2023,36,PF,DEN,56,19.5,0.488,0.288,0.744,7.8,2.6,1.2,0.3,0.3,0.8,14.075076923076923,17,4.771296
Jeff Green,2024,37,PF,HOU,78,16.8,0.456,0.331,0.819,6.5,2.3,0.9,0.2,0.4,0.6,13.14857142857143,18,8.237711
Jeff Green,2025,38,PF,HOU,32,12.4,0.504,0.367,0.808,5.4,1.8,0.6,0.2,0.1,0.3,12.92516129032258,19,8.0
Jeff Teague,2010,21,PG,ATL,71,10.1,0.396,0.219,0.837,3.2,0.9,1.7,0.5,0.2,0.7,14.99881188118812,2,1.37388
Jeff Teague,2011,22,PG,ATL,70,13.8,0.438,0.375,0.794,5.2,1.5,2.0,0.6,0.4,0.9,15.172173913043478,3,1.47684
Jeff Teague,2012,23,PG,ATL,66,33.1,0.476,0.342,0.757,12.6,2.4,4.9,1.6,0.6,2.0,14.60882175226586,4,1.57992
Jeff Teague,2013,24,PG,ATL,80,32.9,0.451,0.359,0.881,14.6,2.3,7.2,1.5,0.4,2.9,17.87088145896656,5,2.433077
Jeff Teague,2014,25,PG,ATL,79,32.2,0.438,0.329,0.846,16.5,2.6,6.7,1.1,0.2,2.9,20.361242236024843,6,8.0
Jeff Teague,2015,26,PG,ATL,73,30.5,0.46,0.343,0.862,15.9,2.5,7.0,1.7,0.4,2.8,19.990032786885248,7,8.0
Jeff Teague,2016,27,PG,ATL,79,28.5,0.439,0.4,0.837,15.7,2.7,5.9,1.2,0.3,2.8,21.4938947368421,8,8.0
Jeff Teague,2017,28,PG,IND,82,32.4,0.442,0.357,0.867,15.3,4.0,7.8,1.2,0.4,2.6,17.715555555555554,9,8.8
Jeff Teague,2018,29,PG,MIN,70,33.0,0.446,0.368,0.845,14.2,3.0,7.0,1.5,0.3,2.5,16.686545454545456,10,19.0
Jeff Teague,2019,30,PG,MIN,42,30.1,0.423,0.333,0.804,12.1,2.5,8.2,1.0,0.4,2.3,16.48584717607973,11,19.0
Jeff Teague,2020,31,PG,ATL,59,24.8,0.436,0.368,0.873,10.9,2.4,5.2,0.7,0.3,2.0,17.059354838709677,12,19.0
Jeff Teague,2021,32,PG,MIL,55,17.3,0.433,0.439,0.848,6.7,1.6,2.4,0.6,0.2,1.2,15.05757225433526,13,4.110433
Jeff Withey,2014,23,C,NOP,58,11.8,0.535,0.0,0.712,3.3,2.6,0.4,0.3,0.9,0.3,9.372203389830508,4,0.49018
Jeff Withey,2015,24,C,NOP,37,7.0,0.5,,0.68,2.6,1.7,0.3,0.1,0.5,0.3,13.453714285714284,5,0.816482
Jeff Withey,2016,25,C,UTA,51,12.9,0.537,0.0,0.729,4.3,3.4,0.4,0.4,1.0,0.5,11.79906976744186,6,0.947276
Jeff Withey,2017,26,C,UTA,51,8.5,0.534,0.0,0.75,2.9,2.4,0.1,0.3,0.6,0.3,11.418352941176469,7,1.015696
Jeff Withey,2018,27,C,DAL,9,4.3,0.375,0.2,0.5,1.7,1.1,0.0,0.0,0.3,0.2,17.48093023255814,8,1.57723
Jemerrio Jones,2019,23,SF,LAL,6,23.8,0.364,0.2,0.5,4.5,8.2,2.2,1.2,0.8,0.8,9.729075630252101,4,0.052108
Jemerrio Jones,2022,26,SF,LAL,2,7.5,0.667,,,2.0,1.5,0.0,0.5,0.0,0.0,7.2,7,0.098957
Jerami Grant,2015,20,SF,PHI,65,21.2,0.352,0.314,0.591,6.3,3.0,1.2,0.6,1.0,1.3,13.618867924528304,1,0.884879
Jerami Grant,2016,21,PF,PHI,77,26.8,0.419,0.24,0.658,9.7,4.7,1.8,0.7,1.6,1.4,14.840597014925374,2,0.845059
Jerami Grant,2017,22,PF,OKC,80,19.1,0.463,0.371,0.612,5.5,2.6,0.6,0.4,1.0,0.6,10.351413612565443,3,0.980431
Jerami Grant,2018,23,PF,OKC,81,20.3,0.535,0.291,0.675,8.4,3.9,0.7,0.4,1.0,0.7,13.513300492610837,4,1.524305
Jerami Grant,2019,24,PF,OKC,80,32.7,0.497,0.392,0.71,13.6,5.2,1.0,0.8,1.3,0.8,13.576513761467888,5,8.653847
Jerami Grant,2020,25,PF,DEN,71,26.6,0.478,0.389,0.75,12.0,3.5,1.2,0.7,0.8,0.9,14.930526315789473,6,9.346153
Jerami Grant,2021,26,SF,DET,54,33.9,0.429,0.35,0.845,22.3,4.6,2.8,0.6,1.1,2.0,23.486017699115042,7,23.216072
Jerami Grant,2022,27,PF,DET,47,31.9,0.426,0.358,0.838,19.2,4.1,2.4,0.9,1.0,1.8,21.57742946708464,8,23.129841
Jerami Grant,2023,28,PF,POR,63,35.7,0.475,0.401,0.813,20.5,4.5,2.4,0.8,0.8,1.8,18.832941176470587,9,22.218335
Jerami Grant,2024,29,PF,POR,54,33.9,0.451,0.402,0.817,21.0,3.5,2.8,0.8,0.6,2.1,21.61274336283186,10,28.405902
Jerami Grant,2025,30,PF,POR,47,32.4,0.373,0.365,0.849,14.4,3.5,2.1,0.9,1.0,1.4,16.822222222222223,11,29.793104
Jeremiah Martin,2021,24,PG,CLE,9,8.3,0.273,0.25,0.2,2.4,0.8,0.4,0.6,0.2,0.7,20.229397590361447,5,0.071234
Jeremiah Robinson-Earl,2022,21,C,OKC,49,22.2,0.414,0.352,0.741,7.5,5.6,1.0,0.6,0.3,0.8,12.784864864864863,2,2.312695
Jeremiah Robinson-Earl,2023,22,PF,OKC,43,18.9,0.444,0.333,0.833,6.8,4.2,1.0,0.6,0.3,0.4,12.647619047619049,3,2.120576
Jeremiah Robinson-Earl,2024,23,PF,NOP,39,8.6,0.474,0.333,0.75,2.9,1.9,0.5,0.3,0.1,0.4,12.45767441860465,4,2.624578
Jeremiah Robinson-Earl,2025,24,PF,NOP,66,18.8,0.455,0.341,0.836,6.3,4.8,1.3,0.6,0.1,0.8,12.354893617021276,5,2.19697
Jeremy Evans,2011,23,SF,UTA,49,9.4,0.661,0.0,0.703,3.6,2.0,0.5,0.3,0.3,0.4,11.68851063829787,4,0.473604
Jeremy Evans,2012,24,SF,UTA,29,7.5,0.643,0.0,0.5,2.1,1.7,0.4,0.2,0.8,0.2,8.9472,5,0.762195
Jeremy Evans,2013,25,PF,UTA,37,5.8,0.614,0.0,0.636,2.0,1.6,0.3,0.2,0.4,0.2,11.147586206896554,6,1.794872
Jeremy Evans,2014,26,SF,UTA,66,18.3,0.527,0.0,0.68,6.1,4.7,0.7,0.6,0.7,0.6,11.968524590163934,7,1.660257
Jeremy Evans,2015,27,SF,UTA,38,7.0,0.552,0.4,0.828,2.4,1.9,0.3,0.3,0.3,0.1,10.038857142857143,8,1.794871
Jeremy Evans,2016,28,SF,DAL,30,8.4,0.542,0.25,0.714,2.4,1.8,0.1,0.2,0.3,0.2,9.034285714285714,9,1.100602
Jeremy Evans,2018,30,SF,ATL,1,5.0,1.0,,,2.0,1.0,0.0,0.0,0.0,1.0,14.4,11,1.471382
Jeremy Lamb,2013,20,SF,OKC,23,6.4,0.353,0.3,1.0,3.1,0.8,0.2,0.1,0.1,0.3,20.0475,1,2.11116
Jeremy Lamb,2014,21,SG,OKC,78,19.7,0.432,0.356,0.797,8.5,2.4,1.5,0.7,0.3,0.8,16.358984771573603,2,2.11116
Jeremy Lamb,2015,22,SG,OKC,47,13.5,0.416,0.342,0.891,6.3,2.3,0.9,0.4,0.1,0.6,17.141333333333332,3,2.202
Jeremy Lamb,2016,23,SG,CHO,66,18.6,0.451,0.309,0.727,8.8,3.8,1.2,0.6,0.5,0.8,17.558709677419355,4,3.034356
Jeremy Lamb,2017,24,SG,CHO,62,18.4,0.46,0.281,0.853,9.7,4.3,1.2,0.4,0.4,0.6,18.43826086956522,5,6.511628
Jeremy Lamb,2018,25,SG,CHO,80,24.6,0.457,0.37,0.861,12.9,4.1,2.3,0.8,0.4,1.2,18.649756097560974,6,7.488372
Jeremy Lamb,2019,26,SG,CHO,79,28.5,0.44,0.348,0.888,15.3,5.5,2.2,1.1,0.4,1.0,18.760421052631578,7,7.488372
Jeremy Lamb,2020,27,SG,IND,46,28.1,0.451,0.335,0.836,12.5,4.3,2.1,1.2,0.5,1.1,16.08597864768683,8,10.5
Jeremy Lamb,2021,28,SG,IND,36,21.3,0.435,0.406,0.947,10.1,3.6,1.5,0.9,0.6,0.6,15.589859154929577,9,12.79626
Jeremy Lamb,2022,29,SF-SG,SAC,56,16.7,0.383,0.324,0.84,7.3,2.8,1.4,0.6,0.4,0.7,16.676407185628747,10,12.141649
Jeremy Lin,2011,22,PG,GSW,29,9.8,0.389,0.2,0.76,2.6,1.2,1.4,1.1,0.3,0.6,12.842448979591834,3,0.473604
Jeremy Lin,2012,23,PG,NYK,35,26.9,0.446,0.32,0.798,14.6,3.1,6.2,1.6,0.3,3.6,22.467211895910783,4,0.762195
Jeremy Lin,2013,24,PG,HOU,82,32.2,0.441,0.339,0.785,13.4,3.0,6.1,1.6,0.4,2.9,17.10111801242236,5,8.374646
Jeremy Lin,2014,25,PG,HOU,71,28.9,0.446,0.358,0.823,12.5,2.6,4.1,1.0,0.4,2.5,16.726920415224914,6,8.374646
Jeremy Lin,2015,26,PG,LAL,74,25.8,0.424,0.369,0.795,11.2,2.6,4.6,1.1,0.4,2.2,17.55906976744186,7,8.374646
Jeremy Lin,2016,27,SG,CHO,78,26.3,0.412,0.336,0.815,11.7,3.2,3.0,0.7,0.5,1.9,17.559239543726235,8,2.139
Jeremy Lin,2017,28,PG,BRK,36,24.5,0.438,0.372,0.816,14.5,3.8,5.1,1.2,0.4,2.4,22.35820408163265,9,11.483254
Jeremy Lin,2018,29,PG,BRK,1,25.0,0.417,0.5,1.0,18.0,0.0,4.0,0.0,0.0,3.0,26.035199999999996,10,12.516746
Jeremy Lin,2019,30,PG,TOR,74,19.4,0.44,0.294,0.838,9.6,2.4,3.1,0.6,0.2,1.7,18.98721649484536,11,0.487109
Jeremy Pargo,2012,25,PG,MEM,44,9.6,0.333,0.263,0.593,2.9,0.8,1.3,0.3,0.0,1.0,17.490000000000002,6,1.0
Jeremy Pargo,2013,26,PG-SG,PHI,39,16.8,0.396,0.338,0.677,6.8,1.3,2.4,0.3,0.1,1.3,18.008571428571425,7,0.264527
Jeremy Sochan,2023,19,PF,SAS,56,26.0,0.453,0.246,0.698,11.0,5.3,2.5,0.8,0.4,1.7,17.340923076923076,1,5.368789
Jeremy Sochan,2024,20,PF,SAS,74,29.6,0.438,0.308,0.771,11.6,6.4,3.4,0.8,0.5,1.9,16.097837837837837,1,5.474947
Jeremy Sochan,2025,21,PF,SAS,54,25.3,0.535,0.308,0.696,11.4,6.5,2.4,0.8,0.5,1.6,16.09612648221344,2,5.57004
Jeremy Tyler,2012,20,C,GSW,42,13.5,0.421,0.0,0.558,4.9,3.3,0.4,0.4,0.5,0.9,17.141333333333336,1,0.65
Jeremy Tyler,2013,21,C,ATL,21,3.2,0.375,,0.667,1.0,1.0,0.0,0.0,0.1,0.3,17.235000000000003,2,0.762195
Jeremy Tyler,2014,22,C,NYK,41,9.7,0.517,,0.542,3.6,2.7,0.2,0.1,0.5,0.6,14.578144329896906,3,0.556584
Jerian Grant,2016,23,PG,NYK,76,16.6,0.394,0.22,0.78,5.6,1.9,2.3,0.7,0.1,1.1,14.972530120481926,4,1.57236
Jerian Grant,2017,24,PG,CHI,63,16.3,0.425,0.366,0.89,5.9,1.8,1.9,0.7,0.1,0.7,13.313374233128833,5,1.64304
Jerian Grant,2018,25,PG,CHI,74,22.8,0.416,0.326,0.745,8.4,2.3,4.6,0.9,0.1,1.2,14.368421052631577,6,2.639314
Jerian Grant,2019,26,PG,ORL,60,15.7,0.418,0.364,0.65,4.2,1.6,2.6,0.7,0.1,0.9,11.254012738853504,7,2.639314
Jericho Sims,2022,23,PF,NYK,41,13.5,0.722,,0.414,2.2,4.1,0.5,0.3,0.5,0.5,5.621333333333333,4,0.534959
Jericho Sims,2023,24,C,NYK,52,15.6,0.776,0.0,0.75,3.4,4.7,0.5,0.3,0.5,0.5,6.304615384615385,5,1.738704
Jericho Sims,2024,25,C,NYK,45,13.0,0.691,0.0,0.667,2.0,3.3,0.6,0.2,0.4,0.4,5.04,6,1.985181
Jericho Sims,2025,26,C,MIL,53,11.9,0.634,,0.615,1.8,3.7,0.6,0.2,0.4,0.6,6.014117647058823,7,2.092344
Jermaine O'Neal,2010,31,C,MIA,70,28.4,0.529,0.0,0.72,13.6,6.9,1.3,0.4,1.4,1.8,17.503098591549296,12,23.016
Jermaine O'Neal,2011,32,C,BOS,24,18.0,0.459,0.0,0.674,5.4,3.7,0.5,0.1,1.3,1.1,12.783999999999999,13,5.765
Jermaine O'Neal,2012,33,C,BOS,25,22.8,0.433,,0.677,5.0,5.4,0.4,0.3,1.7,0.8,9.675789473684208,14,6.2262
Jermaine O'Neal,2013,34,C,PHO,55,18.7,0.482,,0.835,8.3,5.3,0.8,0.3,1.4,1.3,17.179893048128346,15,0.854389
Jermaine O'Neal,2014,35,PF,GSW,44,20.1,0.504,,0.75,7.9,5.5,0.6,0.3,0.9,1.2,14.54328358208955,16,2.0
Jermaine Samuels,2024,25,SF,HOU,14,4.3,0.643,0.0,1.0,1.4,0.9,0.2,0.1,0.1,0.0,8.74046511627907,6,0.576415
Jermaine Taylor,2010,23,SG,HOU,31,9.8,0.378,0.227,0.717,4.1,1.5,0.5,0.3,0.1,0.6,18.587755102040816,4,0.725
Jermaine Taylor,2011,24,SG,SAC,34,14.2,0.48,0.311,0.75,6.6,1.8,0.9,0.4,0.1,1.4,19.145915492957744,5,0.780871
Jerome Dyson,2012,24,PG,NOH,9,20.0,0.396,0.125,0.778,7.4,2.1,2.0,1.2,0.2,2.2,16.668,5,0.06493
Jerome Jordan,2012,25,C,NYK,21,5.1,0.515,,0.8,2.0,1.3,0.2,0.0,0.3,0.1,13.55294117647059,6,0.473604
Jerome Jordan,2015,28,C,BRK,44,8.7,0.532,,0.864,3.1,2.4,0.3,0.2,0.3,0.5,12.579310344827586,9,0.816482
Jerome Robinson,2019,21,SG,LAC,33,9.7,0.4,0.316,0.667,3.4,1.2,0.6,0.3,0.1,0.4,14.221855670103094,2,3.0462
Jerome Robinson,2020,22,SG,WAS,63,15.5,0.371,0.32,0.702,5.1,2.0,1.4,0.4,0.3,0.8,14.158451612903226,3,3.56772
Jerome Robinson,2021,23,SG,WAS,17,17.9,0.295,0.262,0.8,4.9,2.2,1.5,0.7,0.4,1.1,14.536759776536313,4,4.554883
Jerome Robinson,2024,26,SG,GSW,22,3.7,0.333,0.118,0.636,1.4,0.3,0.2,0.0,0.1,0.1,17.708108108108107,7,0.576415
Jerry Stackhouse,2010,35,SG,MIL,42,20.4,0.408,0.346,0.797,8.5,2.4,1.7,0.5,0.2,1.6,17.30117647058824,16,0.42246
Jerry Stackhouse,2011,36,SG,MIA,7,7.1,0.25,0.25,0.714,1.7,1.0,0.4,0.0,0.3,0.3,12.371830985915494,17,0.854389
Jerry Stackhouse,2012,37,SF,ATL,30,9.1,0.37,0.342,0.913,3.6,0.8,0.5,0.3,0.1,0.4,16.029890109890108,18,0.854389
Jerry Stackhouse,2013,38,SF,BRK,37,14.7,0.384,0.337,0.87,4.9,0.9,0.9,0.2,0.1,0.6,13.381224489795917,19,0.854389
Jerryd Bayless,2010,21,SG,POR,74,17.6,0.414,0.315,0.831,8.5,1.6,2.3,0.4,0.1,1.3,18.924545454545452,2,2.14308
Jerryd Bayless,2011,22,PG,TOR,71,21.1,0.422,0.336,0.806,9.2,2.3,3.7,0.5,0.1,1.8,17.70312796208531,3,2.2926
Jerryd Bayless,2012,23,PG,TOR,31,22.7,0.424,0.423,0.852,11.4,2.1,3.8,0.8,0.1,1.7,18.76440528634361,4,3.04228
Jerryd Bayless,2013,24,PG,MEM,80,22.1,0.419,0.353,0.836,8.7,2.2,3.3,0.7,0.2,1.5,16.224434389140267,5,3.0
Jerryd Bayless,2014,25,PG,BOS,72,23.4,0.402,0.358,0.797,9.3,2.0,2.7,0.8,0.1,1.1,16.006153846153847,6,3.135
Jerryd Bayless,2015,26,PG,MIL,77,22.3,0.426,0.308,0.883,7.8,2.7,3.0,0.8,0.2,1.7,14.839103139013455,7,3.0
Jerryd Bayless,2016,27,SG,MIL,52,28.9,0.423,0.437,0.778,10.4,2.7,3.1,0.9,0.2,1.4,13.139377162629758,8,3.0
Jerryd Bayless,2017,28,PG,PHI,3,23.7,0.344,0.4,0.9,11.0,4.0,4.3,0.0,0.0,3.0,23.015696202531647,9,9.424084
Jerryd Bayless,2018,29,SG,PHI,39,23.7,0.416,0.37,0.795,7.9,2.1,1.4,0.6,0.2,1.2,12.735189873417722,10,8.575916
Jerryd Bayless,2019,30,PG,MIN,34,19.3,0.357,0.296,0.571,6.1,1.8,3.5,0.5,0.1,0.9,15.019274611398961,11,8.575916
Jett Howard,2024,20,SF,ORL,18,3.7,0.333,0.28,0.5,1.6,0.4,0.3,0.1,0.1,0.2,19.342702702702702,1,5.17619
Jett Howard,2025,21,SF,ORL,60,11.7,0.374,0.296,0.696,4.5,1.2,0.7,0.2,0.2,0.6,15.926153846153849,2,5.27832
Jevon Carter,2019,23,PG,MEM,39,14.8,0.303,0.333,0.813,4.4,1.7,1.8,0.7,0.3,0.8,14.234594594594595,4,0.838464
Jevon Carter,2020,24,PG,PHO,58,16.3,0.416,0.425,0.852,4.9,2.0,1.4,0.8,0.3,0.6,11.087116564417176,5,1.416852
Jevon Carter,2021,25,PG,PHO,60,12.0,0.422,0.371,0.571,4.1,1.5,1.2,0.5,0.2,0.3,12.132,6,4.783363
Jevon Carter,2022,26,PG,MIL,66,13.7,0.387,0.388,0.833,4.2,1.7,1.5,0.4,0.2,0.5,11.646131386861317,7,4.749291
Jevon Carter,2023,27,PG,MIL,81,22.3,0.423,0.421,0.816,8.0,2.5,2.4,0.8,0.4,1.0,13.26995515695067,8,6.388234
Jevon Carter,2024,28,PG,CHI,72,13.9,0.378,0.329,0.571,5.0,0.8,1.3,0.5,0.2,0.5,14.617553956834529,9,6.374419
Jevon Carter,2025,29,PG,CHI,36,8.9,0.377,0.333,0.8,4.3,1.1,1.1,0.4,0.1,0.3,18.33168539325842,10,6.5
Jimmer Fredette,2012,22,PG,SAC,61,18.6,0.386,0.361,0.833,7.6,1.2,1.8,0.5,0.0,1.1,16.939354838709676,3,2.33904
Jimmer Fredette,2013,23,SG,SAC,69,14.0,0.421,0.417,0.859,7.2,1.0,1.3,0.4,0.0,1.0,19.326857142857143,4,2.33904
Jimmer Fredette,2014,24,SG,CHI,49,10.6,0.471,0.476,0.905,5.6,1.1,1.3,0.3,0.1,1.0,19.616603773584906,5,0.239279
Jimmer Fredette,2015,25,PG,NOP,50,10.2,0.38,0.188,0.956,3.6,0.8,1.2,0.3,0.0,0.7,15.51529411764706,6,0.915243
Jimmer Fredette,2016,26,SG,NYK,6,3.0,0.4,0.5,0.8,1.5,0.0,0.2,0.2,0.0,0.3,17.424000000000003,7,0.874837
Jimmer Fredette,2019,29,SG,PHO,6,10.8,0.276,0.0,1.0,3.7,1.2,1.3,0.5,0.0,0.8,20.133333333333333,10,0.208509
Jimmy Butler,2012,22,SG,CHI,42,8.5,0.405,0.182,0.768,2.6,1.3,0.3,0.3,0.1,0.3,11.740235294117646,3,1.02096
Jimmy Butler,2013,23,SF,CHI,82,26.0,0.467,0.381,0.803,8.6,4.0,1.4,1.0,0.4,0.8,11.398153846153848,4,1.11288
Jimmy Butler,2014,24,SG,CHI,67,38.7,0.397,0.283,0.769,13.1,4.9,2.6,1.9,0.5,1.5,13.023255813953487,5,1.11288
Jimmy Butler,2015,25,SG,CHI,65,38.7,0.462,0.378,0.834,20.0,5.8,3.3,1.8,0.6,1.4,17.23162790697674,6,2.008748
Jimmy Butler,2016,26,SG,CHI,67,36.9,0.454,0.312,0.832,20.9,5.3,4.8,1.6,0.6,2.0,20.02341463414634,7,16.4075
Jimmy Butler,2017,27,SF,CHI,76,37.0,0.455,0.367,0.865,23.9,6.2,5.5,1.9,0.4,2.1,21.90745945945946,8,17.552209
Jimmy Butler,2018,28,SG,MIN,59,36.7,0.474,0.35,0.854,22.2,5.3,4.9,2.0,0.4,1.8,20.175694822888286,9,19.30107
Jimmy Butler,2019,29,SF-SG,PHI,65,33.6,0.462,0.347,0.855,18.7,5.3,4.0,1.9,0.6,1.5,19.14,10,20.445779
Jimmy Butler,2020,30,SF,MIA,58,33.8,0.455,0.244,0.834,19.9,6.7,6.0,1.8,0.6,2.2,20.560473372781065,11,32.742
Jimmy Butler,2021,31,SF,MIA,52,33.6,0.497,0.245,0.863,21.5,6.9,7.1,2.1,0.3,2.1,21.235714285714284,12,41.897515
Jimmy Butler,2022,32,SF,MIA,57,33.9,0.48,0.233,0.87,21.4,5.9,5.5,1.6,0.5,2.1,21.36637168141593,13,41.647244
Jimmy Butler,2023,33,SF,MIA,64,33.4,0.539,0.35,0.85,22.9,5.9,5.3,1.8,0.3,1.6,20.832574850299405,14,39.923342
Jimmy Butler,2024,34,PF,MIA,60,34.0,0.499,0.414,0.858,20.8,5.3,5.0,1.3,0.3,1.7,19.363764705882353,15,46.526554
Jimmy Butler,2025,35,SF,GSW,55,31.7,0.504,0.308,0.842,17.5,5.4,5.4,1.4,0.3,1.3,17.4026498422713,16,48.798677
Joakim Noah,2010,24,C,CHI,64,30.1,0.504,,0.744,10.7,11.0,2.1,0.5,1.6,1.8,13.629767441860466,5,2.45568
Joakim Noah,2011,25,C,CHI,48,32.8,0.525,0.0,0.739,11.7,10.4,2.2,1.0,1.5,1.9,13.18829268292683,6,3.128536
Joakim Noah,2012,26,C,CHI,64,30.4,0.508,0.0,0.748,10.2,9.8,2.5,0.6,1.4,1.4,12.443684210526317,7,12.0
Joakim Noah,2013,27,C,CHI,66,36.8,0.481,0.0,0.751,11.9,11.1,4.0,1.2,2.1,2.7,13.484347826086955,8,11.1
Joakim Noah,2014,28,C,CHI,80,35.3,0.475,0.0,0.737,12.6,11.3,5.4,1.2,1.5,2.4,14.530538243626063,9,11.1
Joakim Noah,2015,29,C,CHI,67,30.6,0.445,0.0,0.603,7.2,9.6,4.7,0.7,1.1,1.8,10.992941176470588,10,12.7
Joakim Noah,2016,30,C,CHI,29,21.9,0.383,0.0,0.489,4.3,8.8,3.8,0.6,1.0,1.8,11.67780821917808,11,13.4
Joakim Noah,2017,31,C,NYK,46,22.1,0.49,0.0,0.436,5.0,8.8,2.2,0.7,0.8,1.3,10.503529411764706,12,17.0
Joakim Noah,2018,32,C,NYK,7,5.7,0.5,,0.5,1.7,2.0,0.6,0.3,0.3,0.6,14.29894736842105,13,18.53
Joakim Noah,2019,33,C,MEM,42,16.5,0.516,0.0,0.716,7.1,5.7,2.1,0.5,0.7,1.2,16.241454545454545,14,1.093858
Jock Landale,2022,26,C,SAS,54,10.9,0.495,0.326,0.829,4.9,2.6,0.8,0.2,0.3,0.6,15.694678899082568,7,1.069919
Jock Landale,2023,27,C,PHO,69,14.2,0.528,0.25,0.752,6.6,4.1,1.0,0.2,0.4,0.9,16.377464788732397,8,1.657779
Jock Landale,2024,28,C,HOU,56,13.6,0.515,0.25,0.8,4.9,3.1,1.2,0.4,0.6,0.6,12.78,9,8.237711
Jock Landale,2025,29,C,HOU,42,11.9,0.533,0.423,0.675,4.8,3.3,0.9,0.3,0.2,0.5,13.734453781512604,10,8.0
Jodie Meeks,2010,22,SG,PHI,60,12.0,0.388,0.318,0.795,4.7,1.7,0.7,0.3,0.1,0.4,15.624,3,0.65
Jodie Meeks,2011,23,SG,PHI,74,27.9,0.425,0.397,0.894,10.5,2.3,1.1,0.9,0.1,0.8,12.273548387096776,4,0.762195
Jodie Meeks,2012,24,SG,PHI,66,24.9,0.409,0.365,0.906,8.4,2.4,0.8,0.6,0.0,0.4,11.670361445783133,5,0.854389
Jodie Meeks,2013,25,SG,LAL,78,21.3,0.387,0.357,0.896,7.9,2.2,0.9,0.7,0.1,0.7,13.568450704225349,6,1.55
Jodie Meeks,2014,26,SG,LAL,77,33.2,0.463,0.401,0.857,15.7,2.5,1.8,1.4,0.1,1.4,15.718554216867469,7,1.55
Jodie Meeks,2015,27,SG,DET,60,24.4,0.416,0.349,0.906,11.1,1.7,1.3,1.0,0.1,1.0,16.35934426229508,8,6.0
Jodie Meeks,2016,28,SG,DET,3,14.3,0.35,0.444,1.0,7.3,1.7,1.0,0.0,0.0,0.3,19.06237762237762,9,6.27
Jodie Meeks,2017,29,SG,ORL,36,20.5,0.402,0.409,0.878,9.1,2.1,1.3,0.9,0.1,1.0,15.8470243902439,10,6.54
Jodie Meeks,2018,30,SG,WAS,77,14.5,0.399,0.343,0.863,6.3,1.6,0.9,0.4,0.1,0.5,15.54206896551724,11,3.4545
Jodie Meeks,2019,31,SG,TOR,8,13.0,0.538,0.444,1.0,6.4,1.5,1.0,0.1,0.1,0.3,14.521846153846154,12,3.4545
Joe Alexander,2010,23,SF,CHI,8,3.6,0.167,0.0,0.667,0.5,0.6,0.3,0.1,0.1,0.0,9.76,4,2.58336
Joe Harris,2015,23,SG,CLE,51,9.7,0.4,0.369,0.6,2.7,0.8,0.5,0.1,0.0,0.5,11.25278350515464,4,0.884879
Joe Harris,2016,24,SG,CLE,5,3.0,0.25,0.25,,0.6,0.6,0.4,0.0,0.0,0.2,12.0,5,0.845059
Joe Harris,2017,25,SG,BRK,52,21.9,0.425,0.385,0.714,8.2,2.8,1.0,0.6,0.2,1.1,13.966027397260275,6,0.980431
Joe Harris,2019,27,SG,BRK,76,30.2,0.5,0.474,0.827,13.7,3.8,2.4,0.5,0.2,1.6,14.533509933774836,8,8.333333
Joe Harris,2020,28,SF,BRK,69,30.8,0.486,0.424,0.719,14.5,4.3,2.1,0.6,0.2,1.5,15.74649350649351,9,7.666667
Joe Harris,2021,29,SF,BRK,69,31.0,0.505,0.475,0.778,14.1,3.6,1.9,0.7,0.2,0.9,13.350193548387097,10,19.586113
Joe Harris,2022,30,SF,BRK,14,30.2,0.452,0.466,0.833,11.3,4.0,1.0,0.5,0.1,1.1,12.130331125827816,11,20.070889
Joe Harris,2023,31,SG,BRK,74,20.6,0.457,0.426,0.643,7.6,2.2,1.4,0.5,0.2,0.6,11.666796116504853,12,19.766797
Joe Harris,2024,32,SG,DET,16,10.6,0.359,0.333,0.5,2.4,0.8,0.6,0.2,0.1,0.3,9.319245283018867,13,20.520727
Joe Ingles,2015,27,SF,UTA,79,21.2,0.415,0.356,0.75,5.0,2.2,2.3,0.9,0.1,1.2,10.052830188679247,8,0.507336
Joe Ingles,2016,28,SF,UTA,81,15.3,0.426,0.386,0.722,4.2,1.9,1.2,0.7,0.0,0.8,10.56,9,2.05
Joe Ingles,2017,29,SF,UTA,82,24.0,0.452,0.441,0.735,7.1,3.2,2.7,1.2,0.1,1.3,10.728,10,2.15
Joe Ingles,2018,30,SF,UTA,82,31.4,0.467,0.44,0.795,11.5,4.2,4.8,1.1,0.2,1.9,12.771974522292995,11,14.136364
Joe Ingles,2019,31,PF,UTA,82,31.3,0.448,0.391,0.707,12.1,4.0,5.7,1.2,0.2,2.4,14.791054313099043,12,13.045455
Joe Ingles,2020,32,PF,UTA,72,29.7,0.445,0.399,0.787,9.8,3.9,5.2,0.9,0.2,2.0,12.450909090909093,13,11.954546
Joe Ingles,2021,33,SF,UTA,67,27.9,0.489,0.451,0.844,12.1,3.6,4.7,0.7,0.2,1.7,13.770322580645162,14,12.630075
Joe Ingles,2022,34,SF,UTA,45,24.9,0.404,0.347,0.773,7.2,2.9,3.5,0.5,0.1,1.0,10.872289156626506,15,15.074567
Joe Ingles,2023,35,SF,MIL,46,22.7,0.435,0.409,0.857,6.9,2.8,3.3,0.7,0.1,1.2,10.815859030837006,16,6.869606
Joe Ingles,2024,36,SF,ORL,68,17.2,0.436,0.435,0.824,4.4,2.1,3.0,0.6,0.1,1.0,9.46046511627907,17,11.326853
Joe Ingles,2025,37,SF,MIN,19,6.0,0.261,0.2,,0.8,0.6,1.2,0.1,0.0,0.5,10.2,18,2.087519
Joe Johnson,2010,28,SG,ATL,76,38.0,0.458,0.369,0.818,21.3,4.6,4.9,1.1,0.1,1.9,20.501052631578943,9,14.976754
Joe Johnson,2011,29,SG,ATL,72,35.5,0.443,0.297,0.802,18.2,4.0,4.7,0.7,0.1,2.0,19.872,10,16.3245
Joe Johnson,2012,30,SG,ATL,60,35.5,0.454,0.388,0.849,18.8,3.7,3.9,0.8,0.2,1.9,19.028281690140847,11,18.038573
Joe Johnson,2013,31,SG,BRK,72,36.7,0.423,0.375,0.82,16.3,3.0,3.5,0.7,0.2,1.7,16.938637602179835,12,19.752645
Joe Johnson,2014,32,SG,BRK,79,32.6,0.454,0.401,0.815,15.8,3.4,2.7,0.6,0.1,1.5,17.116564417177912,13,21.466718
Joe Johnson,2015,33,SG,BRK,80,34.9,0.435,0.359,0.801,14.4,4.8,3.7,0.7,0.2,1.7,15.955530085959884,14,23.18079
Joe Johnson,2016,34,SF,MIA,81,33.4,0.439,0.383,0.831,12.2,3.6,3.9,0.8,0.0,2.0,14.43449101796407,15,0.261894
Joe Johnson,2017,35,SF,UTA,78,23.6,0.436,0.411,0.818,9.2,3.1,1.8,0.5,0.2,0.9,14.247457627118644,16,11.0
Joe Johnson,2018,36,SF,HOU,55,21.9,0.406,0.276,0.889,6.8,3.1,1.5,0.3,0.1,0.9,12.743013698630138,17,0.473835
Joe Johnson,2022,40,SG,BOS,1,2.0,1.0,,,2.0,0.0,0.0,0.0,0.0,0.0,18.0,20,0.175557
Joe Smith,2010,34,PF,ATL,64,9.3,0.399,0.143,0.813,3.0,2.5,0.3,0.1,0.3,0.3,14.136774193548383,15,0.825497
Joe Smith,2011,35,PF,LAL,16,4.3,0.188,,1.0,0.5,1.3,0.3,0.0,0.3,0.3,11.252093023255814,16,0.854389
Joe Wieskamp,2022,22,SG,SAS,29,7.1,0.357,0.326,0.538,2.1,0.5,0.3,0.1,0.1,0.1,11.03323943661972,3,0.65179
Joe Wieskamp,2023,23,SF,TOR,9,5.6,0.214,0.25,0.0,1.0,0.4,0.3,0.0,0.0,0.1,10.92857142857143,4,3.084654
Joe Young,2016,23,PG,IND,41,9.4,0.367,0.217,0.8,3.8,1.2,1.6,0.4,0.0,0.8,19.777021276595743,4,1.007026
Joe Young,2017,24,PG,IND,33,4.1,0.361,0.217,0.733,2.1,0.5,0.5,0.1,0.0,0.2,23.004878048780494,5,1.052342
Joel Anthony,2010,27,C,MIA,80,16.5,0.478,,0.717,2.7,3.1,0.2,0.3,1.4,0.6,6.824727272727273,8,0.825497
Joel Anthony,2011,28,C,MIA,75,19.5,0.535,,0.644,2.0,3.5,0.3,0.1,1.2,0.5,4.135384615384616,9,3.3
Joel Anthony,2012,29,C,MIA,64,21.1,0.559,,0.69,3.4,3.9,0.1,0.6,1.3,0.7,6.114881516587677,10,3.7
Joel Anthony,2013,30,C,MIA,62,9.1,0.515,,0.607,1.4,1.9,0.2,0.2,0.7,0.4,6.804395604395606,11,3.8
Joel Anthony,2015,32,C,DET,49,8.3,0.581,,0.682,1.8,1.9,0.1,0.2,1.0,0.2,7.269397590361445,13,3.8
Joel Anthony,2017,34,C,SAS,19,6.4,0.625,,0.625,1.3,1.6,0.2,0.1,0.3,0.2,6.615,15,0.346034
Joel Bolomboy,2017,23,PF,UTA,12,4.4,0.563,0.25,0.5,1.8,1.4,0.2,0.1,0.2,0.2,14.072727272727272,4,0.6
Joel Embiid,2017,22,C,PHI,31,25.4,0.466,0.367,0.783,20.2,7.8,2.1,0.9,2.5,3.8,29.871496062992126,3,4.82616
Joel Embiid,2018,23,C,PHI,63,30.3,0.483,0.308,0.769,22.9,11.0,3.2,0.6,1.8,3.7,28.224950495049505,4,25.25
Joel Embiid,2019,24,C,PHI,64,33.7,0.484,0.3,0.804,27.5,13.6,3.7,0.7,1.9,3.5,28.46243323442136,5,25.46725
Joel Embiid,2020,25,C,PHI,51,29.5,0.477,0.331,0.807,23.0,11.6,3.0,0.9,1.3,3.1,27.5064406779661,6,27.50463
Joel Embiid,2021,26,C,PHI,51,31.1,0.513,0.377,0.859,28.5,10.6,2.8,1.0,1.4,3.1,29.411189710610934,7,36.002595
Joel Embiid,2022,27,C,PHI,68,33.8,0.499,0.371,0.814,30.6,11.7,4.2,1.1,1.5,3.1,29.70745562130178,8,36.516749
Joel Embiid,2023,28,C,PHI,66,34.6,0.548,0.33,0.857,33.1,10.2,4.2,1.0,1.7,3.4,29.8071676300578,9,35.643458
Joel Embiid,2024,29,C,PHI,39,33.6,0.529,0.388,0.883,34.7,11.0,5.6,1.2,1.7,3.8,32.89714285714286,10,49.021953
Joel Embiid,2025,30,C,PHI,19,30.2,0.444,0.299,0.882,23.8,8.2,4.5,0.7,0.9,3.3,28.38993377483444,11,51.415938
Joel Freeland,2013,25,PF,POR,51,9.4,0.408,,0.667,2.6,2.3,0.3,0.3,0.2,0.4,13.097872340425532,6,3.013512
Joel Freeland,2014,26,C,POR,52,14.0,0.475,0.0,0.69,3.3,4.0,0.7,0.2,0.4,0.6,10.193142857142858,7,2.897976
Joel Freeland,2015,27,C,POR,48,12.9,0.49,,0.84,3.5,4.0,0.3,0.2,0.5,0.5,10.66046511627907,8,3.013512
Joel Przybilla,2010,30,C,POR,30,22.7,0.523,,0.647,4.1,7.9,0.3,0.3,1.4,1.3,7.8470484581497795,11,6.857725
Joel Przybilla,2011,31,C,CHA,36,14.4,0.568,,0.519,1.8,4.0,0.4,0.1,0.4,0.8,5.880000000000001,12,7.72547
Joel Przybilla,2012,32,C,POR,27,16.6,0.458,,0.611,2.0,5.1,0.2,0.1,0.6,0.8,6.306506024096386,13,0.420304
Joel Przybilla,2013,33,C,MIL,12,5.7,0.25,,0.0,0.2,1.8,0.3,0.1,0.2,0.3,4.3452631578947365,14,0.854389
Joey Dorsey,2010,26,PF,SAC,15,7.1,0.45,,0.417,1.5,2.9,0.1,0.2,0.1,0.4,10.404507042253522,7,0.047651
Joey Dorsey,2011,27,C,TOR,43,12.1,0.525,,0.477,3.1,4.4,0.6,0.6,0.4,0.9,11.484297520661158,8,0.854389
Joey Dorsey,2015,31,PF,HOU,69,12.4,0.552,0.0,0.289,2.7,4.0,0.4,0.6,0.4,0.6,9.371612903225808,12,0.948163
Joey Graham,2010,27,SF,DEN,63,12.0,0.52,0.154,0.74,4.2,2.0,0.3,0.4,0.1,0.7,13.283999999999999,8,0.825497
Joey Graham,2011,28,SF,CLE,39,15.0,0.458,0.3,0.806,5.2,2.2,0.5,0.2,0.2,0.7,13.670399999999999,9,0.99268
Joffrey Lauvergne,2015,23,C,DEN,24,11.2,0.404,0.188,0.643,3.9,3.2,0.5,0.3,0.4,0.9,16.482857142857146,4,1.790281
Joffrey Lauvergne,2016,24,C,DEN,59,17.6,0.513,0.245,0.899,7.9,4.9,0.9,0.2,0.3,0.9,16.01181818181818,5,1.709719
Joffrey Lauvergne,2017,25,PF-C,CHI,70,14.0,0.44,0.337,0.63,5.4,3.6,1.0,0.4,0.1,0.8,15.531428571428572,6,1.709719
Joffrey Lauvergne,2018,26,C,SAS,55,9.7,0.516,0.0,0.638,4.1,3.1,0.7,0.2,0.1,0.6,16.68618556701031,7,1.524305
Johan Petro,2010,24,C,DEN,36,12.1,0.535,0.0,0.667,3.4,3.6,0.4,0.3,0.4,0.6,10.901157024793388,5,0.825497
Johan Petro,2011,25,C,NJN,77,11.6,0.445,0.0,0.536,3.5,2.8,0.6,0.4,0.4,0.6,14.201379310344826,6,3.25
Johan Petro,2012,26,C,NJN,59,15.6,0.419,1.0,0.838,4.2,3.8,0.8,0.4,0.4,0.6,12.14769230769231,7,3.25
Johan Petro,2013,27,C,ATL,31,11.4,0.436,0.25,0.917,3.5,3.6,0.5,0.3,0.3,0.8,14.134736842105262,8,3.5
John Butler,2023,20,C,POR,19,11.6,0.321,0.229,0.75,2.4,0.9,0.6,0.4,0.5,0.1,9.273103448275862,1,0.533368
John Collins,2018,20,PF,ATL,74,24.1,0.576,0.34,0.715,10.5,7.3,1.3,0.6,1.1,1.4,14.78838174273859,1,2.29908
John Collins,2019,21,PF,ATL,61,30.0,0.56,0.348,0.763,19.5,9.8,2.0,0.4,0.6,2.0,21.043200000000002,2,2.29908
John Collins,2020,22,PF,ATL,41,33.2,0.583,0.401,0.8,21.6,10.1,1.5,0.8,1.6,1.8,19.765301204819277,3,2.68656
John Collins,2021,23,PF,ATL,63,29.3,0.556,0.399,0.833,17.6,7.4,1.2,0.5,1.0,1.3,18.316996587030715,4,5.042094
John Collins,2022,24,PF,ATL,54,30.8,0.526,0.364,0.793,16.2,7.8,1.8,0.6,1.0,1.1,16.78909090909091,5,26.595993
John Collins,2023,25,PF,ATL,71,30.0,0.508,0.292,0.803,13.1,6.5,1.2,0.6,1.0,1.1,14.639999999999999,6,24.916768
John Collins,2024,26,PF,UTA,68,28.0,0.532,0.371,0.795,15.1,8.5,1.1,0.6,0.9,1.4,17.470285714285716,7,26.092952
John Collins,2025,27,PF,UTA,40,30.5,0.527,0.399,0.848,19.0,8.2,2.0,1.0,1.0,2.6,20.896524590163935,8,26.58
John Henson,2013,22,PF,MIL,63,13.1,0.482,0.0,0.533,6.0,4.7,0.5,0.3,0.7,0.7,18.54412213740458,3,1.82328
John Henson,2014,23,PF,MIL,70,26.5,0.538,0.0,0.514,11.1,7.1,1.6,0.6,1.7,1.6,16.03018867924528,4,1.90536
John Henson,2015,24,C,MIL,67,18.3,0.566,,0.569,7.0,4.7,0.9,0.4,2.0,1.3,14.518032786885247,5,1.98732
John Henson,2016,25,C,MIL,57,16.8,0.564,0.0,0.59,7.0,3.9,0.9,0.3,1.9,1.1,15.265714285714285,6,2.943221
John Henson,2017,26,C,MIL,58,19.4,0.515,0.0,0.692,6.8,5.1,1.0,0.5,1.3,0.9,12.974845360824743,7,12.517606
John Henson,2018,27,C,MIL,76,25.9,0.572,0.143,0.57,8.8,6.8,1.5,0.6,1.4,1.1,11.987027027027027,8,11.327466
John Henson,2019,28,C,MIL,14,13.4,0.463,0.355,0.6,5.6,5.1,1.0,0.5,0.8,0.9,16.14089552238806,9,11.327466
John Henson,2020,29,C,DET,40,15.0,0.556,0.222,0.5,5.5,4.1,1.4,0.6,1.1,0.9,13.7472,10,9.732396
John Jenkins,2013,21,SG,ATL,61,14.8,0.446,0.384,0.843,6.1,1.5,0.9,0.2,0.2,0.7,14.555675675675676,2,1.20456
John Jenkins,2014,22,SG,ATL,13,12.2,0.381,0.222,1.0,3.1,1.7,0.8,0.1,0.1,0.8,12.192786885245903,3,1.2588
John Jenkins,2015,23,SG,ATL,24,12.4,0.495,0.404,0.842,5.6,1.6,0.5,0.4,0.0,0.3,13.796129032258065,4,1.31292
John Jenkins,2016,24,SG,PHO,43,11.2,0.444,0.314,0.833,4.1,1.3,0.8,0.2,0.0,0.6,14.670000000000002,5,0.981348
John Jenkins,2017,25,SG,PHO,4,3.3,0.4,0.5,1.0,1.8,0.3,0.3,0.0,0.0,0.0,16.581818181818182,6,1.050961
John Jenkins,2019,27,SG,NYK,26,12.8,0.4,0.379,0.833,4.7,1.4,0.8,0.0,0.1,0.3,12.959999999999997,8,0.48652
John Konchar,2021,24,SG,MEM,43,13.4,0.5,0.375,0.833,4.3,3.0,1.1,0.7,0.2,0.4,10.499104477611938,5,2.559252
John Konchar,2022,25,SG,MEM,72,17.9,0.515,0.413,0.551,4.8,4.6,1.5,0.6,0.3,0.4,8.66413407821229,6,2.543964
John Konchar,2023,26,SG,MEM,72,20.8,0.431,0.339,0.778,5.1,4.3,1.4,1.1,0.3,0.5,8.86153846153846,7,2.438662
John Konchar,2024,27,SF,MEM,55,21.3,0.423,0.317,0.84,4.3,4.7,2.0,0.9,0.9,0.8,8.146478873239435,8,2.471313
John Konchar,2025,28,SG,MEM,46,12.1,0.451,0.371,0.875,2.4,3.3,0.9,0.7,0.3,0.3,7.104793388429751,9,6.165
John Lucas III,2011,28,PG,CHI,2,5.0,0.333,0.0,0.0,1.0,0.0,0.5,0.0,0.0,0.0,13.968,9,0.130165
John Lucas III,2012,29,PG,CHI,49,14.8,0.399,0.393,0.875,7.5,1.6,2.2,0.4,0.0,0.9,20.695135135135132,10,0.915852
John Lucas III,2013,30,PG,TOR,63,13.1,0.386,0.377,0.72,5.3,1.0,1.7,0.4,0.0,0.4,16.147786259541984,11,1.5
John Lucas III,2014,31,PG,UTA,42,14.1,0.326,0.298,0.625,3.8,0.9,1.0,0.3,0.0,0.5,13.215319148936171,12,1.6
John Lucas III,2015,32,PG,DET,21,13.0,0.404,0.31,1.0,4.7,0.8,2.9,0.4,0.0,0.8,16.305230769230768,13,0.269189
John Lucas III,2017,34,PG,MIN,5,2.2,0.25,0.0,,0.4,0.0,0.2,0.4,0.0,0.0,13.09090909090909,15,0.980431
John Salmons,2010,30,SG,MIL,81,34.9,0.441,0.382,0.83,15.4,3.3,2.8,1.2,0.3,1.5,15.856504297994272,11,6.429151
John Salmons,2011,31,SG,MIL,73,35.0,0.415,0.379,0.813,14.0,3.6,3.5,1.0,0.4,1.9,16.0992,12,8.0
John Salmons,2012,32,SF,SAC,46,27.2,0.409,0.295,0.644,7.5,2.9,2.0,0.8,0.2,1.0,11.832352941176472,13,8.083
John Salmons,2013,33,SF,SAC,76,30.0,0.399,0.371,0.773,8.8,2.7,3.0,0.7,0.3,1.1,11.7792,14,8.083
John Salmons,2014,34,SG-SF,TOR,78,22.1,0.363,0.387,0.769,5.2,2.1,1.9,0.6,0.2,0.7,10.275475113122171,15,7.583
John Salmons,2015,35,SF,NOP,21,12.9,0.333,0.308,0.5,2.0,1.0,0.6,0.4,0.2,0.2,7.222325581395349,16,2.0
John Wall,2011,20,PG,WAS,69,37.8,0.409,0.296,0.766,16.4,4.6,8.3,1.8,0.5,3.8,19.43619047619048,1,5.14428
John Wall,2012,21,PG,WAS,66,36.2,0.423,0.071,0.789,16.3,4.5,8.0,1.4,0.9,3.9,19.97303867403315,2,5.53008
John Wall,2013,22,PG,WAS,49,32.7,0.441,0.267,0.804,18.5,4.0,7.6,1.3,0.8,3.2,23.04,3,7.459925
John Wall,2014,23,PG,WAS,82,36.3,0.433,0.351,0.805,19.3,4.1,8.8,1.8,0.5,3.6,21.830082644628103,4,7.459925
John Wall,2015,24,PG,WAS,79,35.9,0.445,0.3,0.785,17.6,4.6,10.0,1.7,0.6,3.8,20.681448467966575,5,14.746
John Wall,2016,25,PG,WAS,77,36.2,0.424,0.351,0.791,19.9,4.9,10.2,1.9,0.8,4.1,23.44972375690607,6,15.85195
John Wall,2017,26,PG,WAS,78,36.4,0.451,0.327,0.801,23.1,4.2,10.7,2.0,0.6,4.1,25.21186813186813,7,16.9579
John Wall,2018,27,PG,WAS,41,34.4,0.42,0.371,0.726,19.4,3.7,9.6,1.4,1.1,3.9,23.856279069767442,8,19.1698
John Wall,2019,28,PG,WAS,32,34.5,0.444,0.302,0.697,20.7,3.6,8.7,1.5,0.9,3.8,24.542608695652174,9,19.1698
John Wall,2021,30,PG,HOU,40,32.2,0.404,0.317,0.749,20.6,3.2,6.9,1.1,0.8,3.5,26.86807453416149,11,50.277018
John Wall,2023,32,PG,LAC,34,22.2,0.408,0.303,0.681,11.4,2.7,5.2,0.8,0.4,2.4,22.300540540540542,13,50.200141
Johnny Davis,2023,20,SG,WAS,28,15.1,0.386,0.243,0.519,5.8,2.3,1.0,0.4,0.3,0.6,17.02251655629139,1,5.100324
Johnny Davis,2024,21,SG,WAS,50,12.3,0.403,0.35,0.583,3.0,1.4,0.6,0.4,0.2,0.3,10.595121951219511,2,5.200879
Johnny Davis,2025,22,SG,WAS,34,7.1,0.41,0.241,0.6,2.4,1.1,0.3,0.4,0.2,0.2,13.568450704225354,3,5.29116
Johnny Furphy,2025,20,SG,IND,50,7.6,0.38,0.3,0.818,2.1,1.4,0.4,0.4,0.2,0.2,10.307368421052633,1,1.850842
Johnny Juzang,2023,21,SF,UTA,18,12.9,0.337,0.238,0.5,4.8,2.2,0.4,0.2,0.2,0.2,16.989767441860465,2,0.539571
Johnny Juzang,2024,22,SG,UTA,20,18.6,0.464,0.416,0.714,7.2,1.8,1.2,0.2,0.1,0.7,12.596129032258064,3,0.576415
Johnny Juzang,2025,23,SG,UTA,64,19.8,0.429,0.376,0.849,8.9,2.9,1.1,0.6,0.1,0.6,15.185454545454546,4,3.087519
Jon Brockman,2010,22,PF,SAC,52,12.6,0.534,,0.597,2.8,4.1,0.4,0.3,0.1,0.4,8.365714285714287,3,0.457588
Jon Brockman,2011,23,C,MIL,63,10.7,0.511,,0.678,2.2,2.9,0.3,0.2,0.0,0.4,7.7248598130841115,4,1.0
Jon Brockman,2012,24,PF,MIL,35,6.8,0.333,0.0,0.467,1.1,2.1,0.3,0.1,0.0,0.3,9.40235294117647,5,1.0
Jon Leuer,2012,22,PF,MIL,46,12.1,0.508,0.333,0.75,4.7,2.6,0.5,0.3,0.4,0.4,14.47140495867769,3,0.473604
Jon Leuer,2013,23,PF-C,MEM,28,6.7,0.481,0.0,0.462,2.0,1.3,0.3,0.2,0.0,0.3,13.002985074626865,4,0.762195
Jon Leuer,2014,24,PF,MEM,49,13.1,0.492,0.469,0.787,6.2,3.2,0.4,0.4,0.3,0.6,16.598473282442747,5,0.9
Jon Leuer,2015,25,PF,MEM,63,13.1,0.443,0.241,0.627,4.5,3.3,0.7,0.3,0.1,0.6,14.55389312977099,6,0.9675
Jon Leuer,2016,26,PF,PHO,67,18.7,0.481,0.382,0.762,8.5,5.6,1.1,0.6,0.4,1.1,16.864171122994655,7,1.035
Jon Leuer,2017,27,PF,DET,75,25.9,0.48,0.293,0.867,10.2,5.4,1.5,0.4,0.3,0.9,14.122007722007723,8,10.991957
Jon Leuer,2018,28,PF,DET,8,17.0,0.417,0.0,0.867,5.4,4.0,0.6,0.1,0.4,0.9,13.205647058823532,9,10.002681
Jon Leuer,2019,29,PF,DET,41,9.8,0.584,0.091,0.742,3.8,2.4,0.3,0.3,0.1,0.6,13.782857142857143,10,10.002681
Jon Teske,2022,24,C,MEM,3,2.7,0.0,,0.0,0.0,0.7,0.3,0.3,0.0,0.0,8.106666666666666,5,0.061489
Jonah Bolden,2019,23,PF,PHI,44,14.5,0.494,0.354,0.481,4.7,3.8,0.9,0.4,0.9,0.8,11.82786206896552,4,1.69
Jonah Bolden,2020,24,C,PHO,7,6.7,0.364,0.0,0.5,1.4,1.3,0.0,0.4,0.3,0.3,11.627462686567165,5,1.69845
Jonas Jerebko,2010,22,PF,DET,80,27.9,0.481,0.313,0.71,9.3,6.0,0.7,1.0,0.4,1.0,12.216774193548389,3,0.457588
Jonas Jerebko,2012,24,PF,DET,64,22.9,0.468,0.302,0.806,8.7,4.8,0.7,0.6,0.3,1.0,14.047860262008736,5,4.5
Jonas Jerebko,2013,25,PF,DET,49,18.2,0.449,0.301,0.773,7.7,3.8,0.9,0.8,0.2,0.9,16.006153846153847,6,4.5
Jonas Jerebko,2014,26,PF,DET,64,11.6,0.471,0.419,0.729,4.2,2.7,0.6,0.3,0.1,0.7,13.642758620689655,7,4.5
Jonas Jerebko,2015,27,PF,BOS,75,16.4,0.446,0.386,0.848,6.0,3.8,0.9,0.6,0.2,0.6,13.381463414634146,8,4.5
Jonas Jerebko,2016,28,PF,BOS,78,15.1,0.413,0.398,0.782,4.4,3.7,0.8,0.3,0.3,0.7,11.539072847682123,9,5.0
Jonas Jerebko,2017,29,PF,BOS,78,15.8,0.435,0.346,0.703,3.8,3.5,0.9,0.3,0.2,0.5,9.387341772151897,10,5.0
Jonas Jerebko,2018,30,PF,UTA,74,15.3,0.466,0.414,0.807,5.8,3.3,0.6,0.3,0.2,0.4,12.592941176470589,11,4.0
Jonas Jerebko,2019,31,PF,GSW,73,16.7,0.459,0.367,0.8,6.3,3.9,1.3,0.4,0.2,0.6,12.899640718562875,12,1.512601
Jonas Valanciunas,2013,20,C,TOR,62,23.9,0.557,,0.789,8.9,6.0,0.7,0.3,1.3,1.5,13.134728033472804,1,3.37464
Jonas Valanciunas,2014,21,C,TOR,81,28.2,0.531,0.0,0.762,11.3,8.8,0.7,0.3,0.9,1.7,14.56340425531915,2,3.52644
Jonas Valanciunas,2015,22,C,TOR,80,26.2,0.572,0.0,0.786,12.0,8.7,0.5,0.4,1.2,1.4,15.306870229007632,3,3.67836
Jonas Valanciunas,2016,23,C,TOR,60,26.0,0.565,,0.761,12.8,9.1,0.7,0.4,1.3,1.4,16.45476923076923,4,4.660482
Jonas Valanciunas,2017,24,C,TOR,80,25.8,0.557,0.5,0.811,12.0,9.5,0.7,0.5,0.8,1.3,15.750697674418607,5,14.382023
Jonas Valanciunas,2018,25,C,TOR,77,22.4,0.568,0.405,0.806,12.7,8.6,1.1,0.4,0.9,1.5,18.62357142857143,6,16.539326
Jonas Valanciunas,2019,26,C,MEM,49,22.3,0.559,0.292,0.795,15.6,8.6,1.4,0.4,1.1,1.8,23.362869955156953,7,16.539326
Jonas Valanciunas,2020,27,C,MEM,70,26.4,0.585,0.352,0.74,14.9,11.3,1.9,0.4,1.1,1.8,18.649090909090912,8,16.0
Jonas Valanciunas,2021,28,C,MEM,62,28.3,0.592,0.368,0.773,17.1,12.5,1.8,0.6,0.9,1.6,19.147420494699645,9,18.280371
Jonas Valanciunas,2022,29,C,NOP,74,30.3,0.544,0.361,0.82,17.8,11.4,2.6,0.6,0.8,2.4,19.97940594059406,10,16.188865
Jonas Valanciunas,2025,32,C,SAC,81,18.8,0.55,0.216,0.879,10.4,7.7,2.0,0.5,0.6,1.5,19.302127659574467,13,9.9
Jonathan Bender,2010,29,SF,NYK,25,11.7,0.4,0.359,0.923,4.7,2.1,0.6,0.1,0.7,1.1,17.04615384615385,10,0.597271
Jonathan Gibson,2017,29,PG,DAL,17,13.6,0.368,0.333,0.724,6.2,1.3,1.5,0.5,0.0,1.2,19.98,10,0.469943
Jonathan Gibson,2018,30,PG,BOS,4,10.0,0.609,0.5,,8.5,0.8,1.0,0.0,0.0,0.8,23.759999999999998,11,0.044495
Jonathan Isaac,2018,20,PF,ORL,27,19.9,0.379,0.348,0.76,5.4,3.7,0.7,1.2,1.1,1.0,12.29427135678392,1,4.96908
Jonathan Isaac,2019,21,PF,ORL,75,26.6,0.429,0.323,0.815,9.6,5.5,1.1,0.8,1.3,1.0,13.387669172932329,2,4.96908
Jonathan Isaac,2020,22,PF,ORL,34,28.8,0.47,0.34,0.779,11.9,6.8,1.4,1.6,2.3,1.4,15.265000000000002,3,5.80644
Jonathan Isaac,2023,25,PF,ORL,11,11.3,0.415,0.4,0.556,5.0,4.0,0.5,1.3,0.4,0.4,17.68778761061947,6,18.449011
Jonathan Isaac,2024,26,PF,ORL,58,15.8,0.51,0.375,0.72,6.8,4.5,0.5,0.7,1.2,0.5,13.707341772151898,7,17.917023
Jonathan Isaac,2025,27,PF,ORL,71,15.4,0.414,0.258,0.682,5.4,4.4,0.6,0.9,1.1,0.5,13.464935064935064,8,25.0
Jonathan Kuminga,2022,19,SF,GSW,70,16.9,0.513,0.336,0.684,9.3,3.3,0.9,0.4,0.3,1.1,18.933017751479294,1,6.321011
Jonathan Kuminga,2023,20,PF,GSW,67,20.8,0.525,0.37,0.652,9.9,3.4,1.9,0.6,0.5,1.4,16.830000000000002,1,6.085883
Jonathan Kuminga,2024,21,PF,GSW,74,26.3,0.529,0.321,0.746,16.1,4.8,2.2,0.7,0.5,1.6,20.477566539923952,2,6.191505
Jonathan Kuminga,2025,22,PF,GSW,47,24.3,0.454,0.305,0.668,15.3,4.6,2.2,0.8,0.4,1.5,23.40740740740741,3,7.636307
Jonathan Mogbo,2025,23,PF,TOR,63,20.4,0.438,0.243,0.732,6.2,4.9,2.3,0.9,0.5,1.1,13.009411764705883,4,1.862265
Jonathon Simmons,2016,26,SG,SAS,55,14.8,0.504,0.383,0.75,6.0,1.7,1.1,0.4,0.1,1.0,14.954594594594596,7,0.525093
Jonathon Simmons,2017,27,SG,SAS,78,17.8,0.42,0.294,0.75,6.2,2.1,1.6,0.6,0.3,1.0,14.456629213483147,8,0.874636
Jonathon Simmons,2018,28,SG,ORL,69,29.4,0.465,0.338,0.768,13.9,3.5,2.5,0.8,0.2,2.1,17.926530612244896,9,6.0
Jonathon Simmons,2019,29,SG-SF,PHI,56,19.0,0.38,0.269,0.742,6.5,2.3,2.3,0.5,0.3,1.2,15.62778947368421,10,6.0
Jonny Flynn,2010,20,PG,MIN,81,28.9,0.417,0.358,0.826,13.5,2.4,4.4,1.0,0.0,2.9,20.1201384083045,1,2.96928
Jonny Flynn,2011,21,PG,MIN,53,18.5,0.365,0.31,0.762,5.3,1.5,3.4,0.6,0.1,2.1,15.668756756756755,2,3.192
Jonny Flynn,2012,22,PG,POR,29,14.3,0.351,0.294,0.744,4.5,1.3,3.3,0.2,0.1,1.2,15.78965034965035,3,3.41472
Jontay Porter,2021,21,PF,MEM,11,4.9,0.533,0.375,0.6,2.0,1.3,0.1,0.3,0.1,0.6,16.310204081632648,2,2.315513
Jontay Porter,2024,24,PF,TOR,26,13.8,0.385,0.333,0.833,4.4,3.2,2.3,0.8,0.8,0.8,13.325217391304346,5,0.42403
Jordan Adams,2015,20,SG,MEM,30,8.3,0.407,0.4,0.609,3.1,0.9,0.5,0.5,0.2,0.5,16.273734939759034,1,1.34412
Jordan Adams,2016,21,SG,MEM,2,7.5,0.333,0.0,0.6,3.5,1.0,1.5,1.5,0.0,1.0,24.48,2,1.4046
Jordan Bell,2018,23,C,GSW,57,14.2,0.627,0.0,0.682,4.6,3.6,1.8,0.6,1.0,0.9,11.286760563380282,4,1.378242
Jordan Bell,2019,24,C,GSW,68,11.6,0.516,0.0,0.61,3.3,2.7,1.1,0.3,0.8,0.6,11.37103448275862,5,1.378242
Jordan Bell,2020,25,C,MEM,29,8.8,0.522,0.333,0.613,3.2,2.8,0.6,0.1,0.3,0.7,14.252727272727272,6,1.620564
Jordan Bell,2021,26,C,GSW,6,13.7,0.318,0.0,0.5,2.5,4.0,1.2,0.5,0.8,0.7,11.908905109489051,7,0.721913
Jordan Bell,2022,27,C,CHI,1,2.0,,,,0.0,1.0,0.0,1.0,0.0,0.0,0.0,8,0.118908
Jordan Bone,2021,23,PG,ORL,14,14.0,0.426,0.313,,4.0,1.7,1.3,0.1,0.0,0.2,10.542857142857143,4,0.164949
Jordan Clarkson,2015,22,PG,LAL,59,25.0,0.448,0.314,0.829,11.9,3.2,3.5,0.9,0.2,1.6,18.55872,3,0.507336
Jordan Clarkson,2016,23,SG,LAL,79,32.3,0.433,0.347,0.804,15.5,4.0,2.4,1.1,0.1,1.7,18.662043343653252,4,0.845059
Jordan Clarkson,2017,24,SG,LAL,82,29.2,0.445,0.329,0.798,14.7,3.0,2.6,1.1,0.1,2.0,19.7013698630137,5,12.5
Jordan Clarkson,2018,25,SG,CLE,81,23.3,0.451,0.352,0.8,13.9,2.7,2.7,0.7,0.1,1.6,22.2674678111588,6,12.5
Jordan Clarkson,2019,26,SG,CLE,81,27.3,0.448,0.324,0.844,16.8,3.3,2.4,0.7,0.2,1.7,22.88703296703296,7,12.5
Jordan Clarkson,2020,27,SG,UTA,71,24.0,0.454,0.368,0.836,15.2,2.6,1.9,0.6,0.2,1.4,21.918000000000003,8,13.4375
Jordan Clarkson,2021,28,SG,UTA,68,26.7,0.425,0.347,0.896,18.4,4.0,2.5,0.9,0.1,1.7,24.841348314606744,9,14.014951
Jordan Clarkson,2022,29,SG,UTA,79,27.1,0.419,0.318,0.828,16.0,3.5,2.5,0.8,0.2,1.6,22.1419926199262,10,14.361836
Jordan Clarkson,2023,30,SG,UTA,61,32.6,0.444,0.338,0.816,20.8,4.0,4.4,0.5,0.2,3.0,23.919018404907973,11,14.144242
Jordan Clarkson,2024,31,SG,UTA,55,30.6,0.413,0.294,0.881,17.1,3.4,5.0,0.6,0.1,2.7,22.503529411764703,12,24.185539
Jordan Clarkson,2025,32,SG,UTA,37,26.0,0.408,0.362,0.797,16.2,3.2,3.7,0.8,0.2,2.3,23.976,13,14.092577
Jordan Crawford,2011,22,SG,WAS,42,24.5,0.384,0.258,0.869,11.7,2.5,2.8,0.9,0.1,2.0,21.717551020408166,3,1.04232
Jordan Crawford,2012,23,SG,WAS,64,27.4,0.4,0.289,0.793,14.7,2.6,3.0,0.9,0.1,2.2,22.60905109489051,4,1.12044
Jordan Crawford,2013,24,SG,BOS,70,24.4,0.415,0.337,0.811,11.6,3.0,3.2,0.6,0.1,2.0,19.78819672131148,5,1.19868
Jordan Crawford,2014,25,SG-PG,GSW,81,23.0,0.415,0.316,0.864,11.0,2.3,3.5,0.6,0.1,1.7,19.28973913043478,6,2.162419
Jordan Crawford,2017,28,SG,NOP,19,23.3,0.482,0.389,0.769,14.1,1.8,3.0,0.6,0.1,1.3,20.728583690987122,9,0.173099
Jordan Crawford,2018,29,SG,NOP,5,10.6,0.444,0.571,1.0,6.6,0.8,2.6,0.2,0.2,1.0,22.034716981132078,10,0.05819
Jordan Farmar,2010,23,PG,LAL,82,18.0,0.435,0.376,0.671,7.2,1.6,1.5,0.6,0.1,0.9,15.280000000000001,4,1.94724
Jordan Farmar,2011,24,PG,NJN,73,24.6,0.392,0.359,0.82,9.6,2.4,5.0,0.8,0.1,1.9,16.706341463414635,5,3.75
Jordan Farmar,2012,25,PG,NJN,39,21.3,0.467,0.44,0.905,10.4,1.6,3.3,0.6,0.1,1.7,17.75323943661972,6,4.0
Jordan Farmar,2014,27,PG,LAL,41,22.2,0.415,0.438,0.746,10.1,2.5,4.9,0.9,0.2,2.3,19.16108108108108,8,0.884293
Jordan Farmar,2015,28,PG,LAC,36,14.7,0.386,0.361,0.909,4.6,1.2,1.9,0.6,0.1,0.9,13.302857142857144,9,2.077
Jordan Farmar,2017,30,PG,SAC,2,17.5,0.333,0.444,,6.0,1.5,4.5,1.0,0.0,1.5,15.428571428571429,11,0.980431
Jordan Ford,2024,25,PG,SAC,6,3.7,0.571,0.667,1.0,2.0,0.3,0.3,0.0,0.0,0.2,14.905945945945943,6,0.576415
Jordan Goodwin,2022,23,SG,WAS,2,3.0,0.0,0.0,,0.0,0.5,0.0,0.0,0.0,0.0,18.0,4,0.061489
Jordan Goodwin,2023,24,PG,WAS,62,17.8,0.448,0.322,0.768,6.6,3.3,2.7,0.9,0.4,0.9,14.327191011235955,5,1.357387
Jordan Goodwin,2024,25,PG,MEM,57,18.5,0.369,0.298,0.746,6.5,4.4,2.7,0.8,0.3,1.0,15.840000000000002,6,2.273654
Jordan Goodwin,2025,26,PG,LAL,29,18.7,0.438,0.382,0.818,5.6,3.9,1.4,1.0,0.4,0.9,11.697112299465243,7,0.223718
Jordan Hall,2023,21,SF,SAS,9,9.2,0.321,0.2,0.778,3.1,1.3,1.2,0.1,0.0,0.8,16.982608695652175,2,0.204663
Jordan Hamilton,2012,21,SF,DEN,26,9.9,0.432,0.362,0.4,4.4,2.4,0.8,0.2,0.1,0.6,18.138181818181817,2,1.12152
Jordan Hamilton,2013,22,SF,DEN,40,9.9,0.418,0.37,0.5,5.2,2.4,0.6,0.4,0.2,0.5,21.119999999999997,3,1.12152
Jordan Hamilton,2014,23,SF,HOU,60,17.0,0.391,0.354,0.784,6.7,3.2,0.9,0.7,0.3,0.8,15.873882352941177,4,1.16988
Jordan Hamilton,2015,24,SF,LAC,14,8.7,0.4,0.476,,2.7,1.1,0.5,0.1,0.0,0.3,11.586206896551724,5,0.150591
Jordan Hamilton,2016,25,SF,NOP,11,27.6,0.422,0.289,0.667,11.4,5.6,2.3,0.7,0.3,1.5,16.742608695652173,6,1.015421
Jordan Hawkins,2024,21,SG,NOP,67,17.3,0.382,0.366,0.838,7.8,2.2,1.0,0.3,0.1,0.6,16.497572254335257,2,4.438269
Jordan Hawkins,2025,22,SG,NOP,56,23.6,0.372,0.331,0.816,10.8,2.8,1.2,0.5,0.4,1.0,17.835254237288137,3,4.52568
Jordan Hill,2010,22,PF,HOU,47,13.3,0.493,0.0,0.676,5.2,3.7,0.4,0.3,0.4,0.6,14.93052631578947,3,2.48328
Jordan Hill,2011,23,C,HOU,72,15.6,0.491,0.0,0.706,5.6,4.3,0.4,0.2,0.7,0.9,14.603076923076927,4,2.66952
Jordan Hill,2012,24,C,LAL,39,14.1,0.497,0.0,0.638,5.0,4.8,0.4,0.4,0.7,0.8,14.114042553191489,5,2.85576
Jordan Hill,2013,25,PF,LAL,29,15.8,0.497,0.0,0.656,6.7,5.7,0.4,0.3,0.7,0.9,16.231898734177214,6,3.5636
Jordan Hill,2014,26,PF,LAL,72,20.8,0.549,0.0,0.685,9.7,7.4,0.8,0.4,0.9,1.0,16.096153846153847,7,3.5
Jordan Hill,2015,27,C,LAL,70,26.8,0.459,0.273,0.738,12.0,7.9,1.5,0.5,0.7,1.5,18.343880597014923,8,9.0
Jordan Hill,2016,28,C,IND,73,20.7,0.506,0.0,0.712,8.8,6.2,1.2,0.5,0.5,1.3,16.60521739130435,9,4.0
Jordan Hill,2017,29,C,MIN,7,6.7,0.385,,1.0,1.7,2.0,0.0,0.1,0.0,0.6,14.142089552238806,10,4.0
Jordan McLaughlin,2021,24,PG,MIN,51,18.4,0.413,0.359,0.767,5.0,2.1,3.8,1.0,0.1,1.0,11.668695652173914,5,0.613928
Jordan McLaughlin,2022,25,PG,MIN,62,14.5,0.44,0.318,0.75,3.8,1.5,2.9,0.9,0.2,0.6,10.089931034482758,6,2.312695
Jordan McLaughlin,2023,26,PG,MIN,43,15.8,0.421,0.308,0.833,3.7,1.4,3.4,0.7,0.1,0.8,9.970632911392405,7,2.290222
Jordan McLaughlin,2024,27,PG,MIN,56,11.2,0.483,0.472,0.722,3.5,1.3,2.0,0.6,0.1,0.3,9.745714285714286,8,2.491907
Jordan McLaughlin,2025,28,PG,SAS,46,6.8,0.431,0.413,0.773,2.1,0.7,1.1,0.3,0.0,0.3,11.223529411764707,9,2.087519
Jordan McRae,2016,24,PG,CLE,22,8.9,0.436,0.455,0.75,4.5,0.9,1.1,0.1,0.0,0.7,19.30247191011236,5,0.111196
Jordan McRae,2017,25,SG,CLE,37,10.4,0.387,0.353,0.794,4.4,1.1,0.5,0.2,0.2,0.4,16.947692307692307,6,0.874636
Jordan McRae,2019,27,SG,WAS,27,12.3,0.469,0.286,0.8,5.9,1.5,1.1,0.5,0.3,0.6,17.4790243902439,8,0.017092
Jordan McRae,2020,28,SG,DET,37,21.2,0.407,0.357,0.761,11.5,3.4,2.5,0.6,0.4,1.2,21.015849056603773,9,1.645357
Jordan Mickey,2016,21,PF,BOS,16,3.6,0.364,,0.5,1.3,0.8,0.1,0.0,0.7,0.1,17.64,2,1.17096
Jordan Mickey,2017,22,PF,BOS,25,5.6,0.441,0.0,0.571,1.5,1.4,0.3,0.1,0.2,0.4,13.26857142857143,3,1.223653
Jordan Miller,2024,24,SF,LAC,8,3.5,0.556,0.5,1.0,1.6,0.6,0.0,0.0,0.0,0.1,13.700571428571433,5,0.576415
Jordan Miller,2025,25,SF,LAC,37,11.4,0.433,0.211,0.8,4.1,1.6,0.9,0.5,0.1,0.7,14.829473684210525,6,1.05
Jordan Nwora,2021,22,SF,MIL,30,9.1,0.459,0.452,0.76,5.7,2.0,0.2,0.5,0.2,0.8,22.35956043956044,3,1.094762
Jordan Nwora,2022,23,SF,MIL,62,19.1,0.403,0.348,0.837,7.9,3.6,1.0,0.4,0.3,0.9,16.412984293193716,4,1.755313
Jordan Nwora,2023,24,SF,IND,62,19.2,0.436,0.408,0.791,8.7,3.7,1.4,0.4,0.2,1.1,16.7175,5,2.968806
Jordan Nwora,2024,25,SF,TOR,52,13.7,0.462,0.336,0.83,7.0,2.9,1.2,0.5,0.3,1.0,19.024817518248174,6,3.089141
Jordan Poole,2020,20,SG,GSW,57,22.4,0.333,0.279,0.798,8.8,2.1,2.4,0.6,0.2,1.3,17.71714285714286,1,1.96476
Jordan Poole,2021,21,SG,GSW,51,19.4,0.432,0.351,0.882,12.0,1.8,1.9,0.5,0.2,1.0,20.99134020618557,2,2.514501
Jordan Poole,2022,22,SG,GSW,76,30.0,0.448,0.364,0.925,18.5,3.4,4.0,0.8,0.3,2.5,21.528000000000002,3,2.499375
Jordan Poole,2023,23,PG,GSW,82,30.0,0.43,0.336,0.87,20.4,2.7,4.5,0.8,0.3,3.1,25.132800000000007,4,4.136606
Jordan Poole,2024,24,SG,WAS,78,30.1,0.413,0.326,0.877,17.4,2.7,4.4,1.1,0.3,2.4,22.523322259136208,5,28.786021
Jordan Poole,2025,25,SG,WAS,68,29.4,0.432,0.378,0.883,20.5,3.0,4.5,1.3,0.4,3.0,24.808163265306124,6,29.651786
Jordan Schakel,2022,23,SG,WAS,4,7.5,0.091,0.167,1.0,1.3,2.0,0.0,0.3,0.0,0.3,15.936,4,0.061489
Jordan Schakel,2023,24,SF,WAS,2,3.0,0.5,1.0,0.0,1.5,0.0,0.5,0.5,0.0,0.0,12.0,5,0.102332
Jordan Walsh,2024,19,SF,BOS,9,9.2,0.4,0.222,0.5,1.7,2.2,0.6,0.6,0.1,0.3,8.170434782608696,1,1.152829
Jordan Walsh,2025,20,PF,BOS,52,7.8,0.361,0.273,0.583,1.6,1.3,0.4,0.2,0.2,0.3,9.175384615384617,1,1.891857
Jordan Williams,2012,21,C,NJN,43,14.8,0.507,,0.652,4.6,3.6,0.3,0.5,0.3,0.5,11.335135135135134,2,0.473604
Jorge Gutierrez,2014,25,PG,BRK,15,16.3,0.463,0.25,0.75,4.1,1.5,2.0,0.7,0.1,0.9,10.716073619631903,6,0.054785
Jorge Gutierrez,2015,26,PG,MIL,20,8.8,0.537,0.0,0.692,2.7,1.3,1.1,0.3,0.0,0.6,12.305454545454545,7,0.096056
Jorge Gutierrez,2016,27,PG,CHO,12,5.3,0.545,0.0,0.909,1.8,0.6,1.4,0.3,0.0,0.5,12.19924528301887,8,0.189455
Jose Alvarado,2022,23,PG,NOP,54,15.4,0.446,0.291,0.679,6.1,1.9,2.8,1.3,0.1,0.7,15.28831168831169,4,2.226438
Jose Alvarado,2023,24,PG,NOP,61,21.5,0.411,0.336,0.813,9.0,2.3,3.0,1.1,0.2,1.3,16.52986046511628,5,1.657779
Jose Alvarado,2024,25,PG,NOP,56,18.4,0.412,0.377,0.673,7.1,2.3,2.1,1.1,0.3,0.7,14.274782608695654,6,1.890653
Jose Alvarado,2025,26,PG,NOP,56,24.4,0.392,0.359,0.811,10.3,2.4,4.6,1.3,0.3,1.5,16.778360655737707,7,1.988598
Jose Calderon,2010,28,PG,TOR,68,26.7,0.482,0.398,0.798,10.3,2.1,5.9,0.7,0.1,1.5,14.238202247191012,9,8.219009
Jose Calderon,2011,29,PG,TOR,68,30.9,0.44,0.365,0.854,9.8,3.0,8.9,1.2,0.1,2.2,13.584466019417476,10,9.0
Jose Calderon,2012,30,PG,TOR,53,33.9,0.457,0.371,0.882,10.5,3.0,8.8,0.9,0.1,2.0,12.288849557522123,11,10.561982
Jose Calderon,2013,31,PG,DET,73,29.6,0.491,0.461,0.9,11.3,2.4,7.1,0.8,0.1,1.7,13.237297297297296,12,11.046591
Jose Calderon,2014,32,PG,DAL,81,30.5,0.456,0.449,0.825,11.4,2.4,4.7,0.9,0.1,1.3,12.808918032786886,13,6.79157
Jose Calderon,2015,33,PG,NYK,42,30.2,0.415,0.415,0.906,9.1,3.0,4.7,0.7,0.0,1.8,12.578543046357618,14,7.097191
Jose Calderon,2016,34,PG,NYK,72,28.1,0.459,0.414,0.875,7.6,3.2,4.1,0.9,0.1,1.2,10.003131672597863,15,7.402812
Jose Calderon,2017,35,PG,ATL,41,13.1,0.41,0.313,0.917,3.4,1.8,2.1,0.3,0.0,1.0,12.179541984732827,16,0.247991
Jose Calderon,2019,37,PG,DET,49,12.9,0.375,0.246,0.818,2.3,1.2,2.3,0.3,0.1,0.7,8.89674418604651,18,1.512601
Josh Akognon,2013,26,PG,DAL,3,3.0,0.5,0.5,,1.7,0.3,0.3,0.0,0.0,0.0,15.600000000000001,7,0.473604
Josh Boone,2010,25,PF,NJN,63,16.6,0.525,,0.328,4.0,5.0,0.5,0.5,0.8,0.6,9.750361445783131,6,2.056968
Josh Childress,2011,27,SG,PHO,54,16.6,0.565,0.063,0.492,5.0,2.9,0.8,0.6,0.4,0.8,11.459277108433733,8,6.5
Josh Childress,2012,28,SF,PHO,34,14.4,0.485,0.167,0.0,2.9,2.8,1.0,0.4,0.2,0.3,8.11,9,6.5
Josh Childress,2013,29,SF,BRK,14,7.1,0.286,0.333,0.5,1.0,1.1,0.4,0.1,0.1,0.0,7.828732394366198,10,0.854389
Josh Christopher,2022,20,SG,HOU,74,18.0,0.448,0.296,0.735,7.9,2.5,2.0,0.9,0.2,1.5,17.92,1,2.612466
Josh Christopher,2023,21,SG,HOU,64,12.3,0.465,0.236,0.75,5.8,1.1,1.1,0.5,0.2,0.9,18.72,2,2.515172
Josh Davis,2012,31,PF,MEM,15,8.7,0.37,0.308,0.5,1.9,1.8,0.4,0.5,0.1,0.2,9.186206896551726,12,0.854389
Josh Giddey,2022,19,SG,OKC,54,31.5,0.419,0.263,0.709,12.5,7.8,6.4,0.9,0.4,3.2,18.582857142857144,1,6.924209
Josh Giddey,2023,20,SG,OKC,76,31.1,0.482,0.325,0.731,16.6,7.9,6.2,0.8,0.4,2.8,21.224951768488744,1,6.666454
Josh Giddey,2024,21,SG,OKC,80,25.1,0.475,0.337,0.806,12.3,6.4,4.8,0.6,0.6,2.1,19.224860557768924,2,6.782767
Josh Giddey,2025,22,PG,CHI,70,30.2,0.465,0.378,0.781,14.6,8.1,7.2,1.2,0.6,2.9,18.724768211920534,3,8.352367
Josh Green,2021,20,SG,DAL,39,11.4,0.452,0.16,0.565,2.6,2.0,0.7,0.4,0.1,0.4,9.675789473684208,1,3.432761
Josh Green,2022,21,SG,DAL,67,15.5,0.508,0.359,0.689,4.8,2.4,1.2,0.7,0.2,0.7,11.166967741935483,2,3.41992
Josh Green,2023,22,SG,DAL,60,25.7,0.537,0.402,0.723,9.1,3.0,1.7,0.7,0.1,1.2,11.63206225680934,3,3.285196
Josh Green,2024,23,SG,DAL,57,26.4,0.479,0.385,0.684,8.2,3.2,2.3,0.8,0.2,1.1,11.100000000000001,4,4.906936
Josh Green,2025,24,SG,CHO,68,27.8,0.428,0.391,0.681,7.4,2.5,1.6,1.1,0.2,1.0,9.950503597122303,5,12.654321
Josh Hall,2021,20,SF,OKC,21,16.0,0.303,0.108,0.5,4.1,2.8,1.3,0.2,0.0,1.2,15.354000000000001,1,0.547332
Josh Harrellson,2012,22,PF,NYK,37,14.6,0.423,0.339,0.615,4.4,3.9,0.3,0.6,0.5,0.5,11.855342465753424,3,0.473604
Josh Harrellson,2013,23,C,MIA,6,5.2,0.444,0.2,0.5,1.7,1.2,0.0,0.2,0.2,0.5,14.760000000000002,4,0.061467
Josh Harrellson,2014,24,C,DET,32,9.9,0.463,0.387,0.714,2.9,2.4,0.5,0.2,0.5,0.3,10.865454545454545,5,0.884293
Josh Hart,2018,22,SG,LAL,63,23.2,0.469,0.396,0.702,7.9,4.2,1.3,0.7,0.3,0.7,11.420689655172415,3,1.39452
Josh Hart,2019,23,SG,LAL,67,25.6,0.407,0.336,0.688,7.8,3.7,1.4,1.0,0.6,0.9,11.711250000000001,4,1.65516
Josh Hart,2020,24,SF,NOP,65,27.0,0.423,0.342,0.739,10.1,6.5,1.7,1.0,0.4,1.2,13.58933333333333,5,1.65516
Josh Hart,2021,25,SF,NOP,47,28.7,0.439,0.326,0.775,9.2,8.0,2.3,0.8,0.3,1.0,11.459790940766549,6,4.254645
Josh Hart,2022,26,SG-SF,POR,54,33.2,0.504,0.343,0.758,14.9,7.2,4.1,1.1,0.2,2.1,15.523373493975901,7,13.87617
Josh Hart,2023,27,SF-SG,NYK,76,32.3,0.529,0.372,0.75,9.8,7.8,3.8,1.2,0.3,1.5,10.378699690402478,8,13.741332
Josh Hart,2024,28,SF,NYK,81,33.4,0.434,0.31,0.791,9.4,8.3,4.1,0.9,0.3,1.5,11.334610778443114,9,13.345093
Josh Hart,2025,29,SG,NYK,77,37.6,0.525,0.333,0.776,13.6,9.6,5.9,1.5,0.4,2.1,12.72255319148936,10,18.144
Josh Howard,2010,29,SF,WAS,35,26.2,0.405,0.267,0.784,12.7,3.6,1.4,0.7,0.3,1.3,19.45648854961832,10,10.89
Josh Howard,2011,30,SF,WAS,18,22.7,0.358,0.241,0.617,8.4,4.1,1.3,0.7,0.3,1.1,17.831894273127755,11,3.0
Josh Howard,2012,31,SF,UTA,43,23.0,0.399,0.243,0.773,8.7,3.7,1.2,0.7,0.2,1.2,16.610086956521737,12,2.15
Josh Howard,2013,32,SF,MIN,11,18.8,0.403,0.313,0.583,6.7,3.3,0.4,0.9,0.3,0.9,16.054468085106382,13,0.773976
Josh Huestis,2016,24,PF,OKC,5,11.0,0.417,0.667,0.0,2.8,2.0,0.0,0.2,0.4,0.6,10.970181818181818,5,1.14024
Josh Huestis,2017,25,PF,OKC,2,15.5,0.545,0.5,0.0,7.0,4.5,1.5,0.0,1.5,0.0,13.28516129032258,6,1.19148
Josh Huestis,2018,26,PF,OKC,69,14.2,0.33,0.287,0.3,2.3,2.3,0.3,0.2,0.6,0.4,7.940281690140846,7,1.471382
Josh Jackson,2018,20,SF,PHO,77,25.4,0.417,0.263,0.634,13.1,4.6,1.5,1.0,0.5,1.9,22.08755905511811,1,5.09004
Josh Jackson,2019,21,SG,PHO,79,25.2,0.413,0.324,0.671,11.5,4.4,2.3,0.9,0.7,2.2,19.982857142857142,2,6.04152
Josh Jackson,2020,22,SF,MEM,22,17.3,0.44,0.319,0.7,9.0,3.0,1.6,0.8,0.4,1.3,19.793757225433527,3,7.05948
Josh Jackson,2021,23,SG,DET,62,25.2,0.419,0.3,0.729,13.4,4.1,2.3,0.9,0.8,2.3,21.771428571428576,4,5.809502
Josh Jackson,2022,24,SF,SAC,51,16.3,0.4,0.254,0.714,6.4,2.8,1.1,0.5,0.4,0.9,16.476073619631904,5,5.787924
Josh McRoberts,2010,22,C,IND,42,12.5,0.521,0.348,0.5,4.3,3.0,1.0,0.4,0.4,0.5,12.66048,3,0.825497
Josh McRoberts,2011,23,PF,IND,72,22.2,0.547,0.383,0.739,7.4,5.3,2.1,0.7,0.8,1.3,12.07783783783784,4,0.88512
Josh McRoberts,2012,24,PF,LAL,50,14.4,0.475,0.429,0.639,2.8,3.4,1.0,0.3,0.4,0.6,8.27,5,3.0
Josh McRoberts,2013,25,PF,CHA,67,22.2,0.455,0.286,0.765,6.0,4.9,2.1,0.5,0.4,1.0,10.819459459459459,6,2.652
Josh McRoberts,2015,27,PF,MIA,17,17.4,0.528,0.421,0.615,4.2,2.6,1.9,0.7,0.2,1.3,9.831724137931035,8,5.305
Josh McRoberts,2016,28,PF,MIA,42,14.2,0.372,0.245,0.7,3.6,2.5,1.9,0.4,0.2,0.7,11.763380281690141,9,5.543725
Josh McRoberts,2017,29,PF,MIA,22,17.3,0.373,0.419,0.667,4.9,3.4,2.3,0.5,0.2,1.0,13.684161849710984,10,5.78245
Josh McRoberts,2018,30,PF,DAL,2,3.0,0.0,0.0,,0.0,0.0,0.0,0.0,0.0,0.0,6.0,11,6.021175
Josh Minott,2023,20,SF,MIN,15,6.4,0.5,0.333,1.0,3.1,1.7,0.3,0.3,0.4,0.2,15.8625,1,1.07914
Josh Minott,2024,21,SF,MIN,32,2.8,0.472,0.4,0.857,1.6,0.5,0.3,0.2,0.2,0.1,17.691428571428574,2,1.770967
Josh Minott,2025,22,SF,MIN,46,6.0,0.489,0.326,0.895,2.6,1.0,0.4,0.3,0.3,0.2,14.256000000000002,3,2.019699
Josh Okogie,2019,20,SG,MIN,74,23.7,0.386,0.279,0.728,7.7,2.9,1.2,1.2,0.4,0.9,13.318481012658228,1,2.16072
Josh Okogie,2020,21,SG,MIN,62,25.0,0.427,0.266,0.796,8.6,4.3,1.6,1.1,0.4,1.4,13.196159999999999,2,2.53068
Josh Okogie,2021,22,SG,MIN,59,20.3,0.402,0.269,0.769,5.4,2.6,1.1,0.9,0.5,0.7,10.27152709359606,3,3.230799
Josh Okogie,2022,23,SG,MIN,49,10.5,0.404,0.298,0.686,2.7,1.4,0.5,0.5,0.2,0.5,10.422857142857143,4,4.727037
Josh Okogie,2023,24,SG,PHO,72,18.8,0.391,0.335,0.724,7.3,3.5,1.5,0.8,0.5,0.9,15.10468085106383,5,2.086832
Josh Okogie,2024,25,SG,PHO,60,16.0,0.417,0.309,0.745,4.6,2.6,1.1,0.8,0.4,0.6,10.682999999999998,6,2.899609
Josh Okogie,2025,26,SG,CHO,40,15.6,0.443,0.348,0.741,7.1,2.8,0.8,1.2,0.5,0.8,16.20923076923077,7,8.25
Josh Powell,2010,27,PF,LAL,63,9.2,0.366,0.438,0.645,2.7,1.8,0.6,0.1,0.1,0.5,14.947826086956525,8,0.959111
Josh Powell,2011,28,PF,ATL,54,12.1,0.452,0.0,0.8,4.1,2.5,0.4,0.1,0.1,1.0,15.625785123966942,9,0.854389
Josh Powell,2014,31,PF,HOU,1,19.0,0.333,,,4.0,5.0,0.0,0.0,1.0,1.0,13.263157894736842,12,0.013958
Josh Richardson,2016,22,SG,MIA,52,21.3,0.452,0.461,0.667,6.6,2.1,1.4,0.7,0.5,0.7,10.864225352112674,3,0.525093
Josh Richardson,2017,23,SG,MIA,53,30.5,0.394,0.33,0.779,10.2,3.2,2.6,1.1,0.7,1.2,13.644590163934426,4,0.874636
Josh Richardson,2018,24,SF,MIA,81,33.2,0.451,0.378,0.845,12.9,3.5,2.9,1.5,0.9,1.7,14.521445783132528,5,9.3672
Josh Richardson,2019,25,SG,MIA,73,34.8,0.412,0.357,0.861,16.6,3.6,4.1,1.1,0.5,1.5,17.594482758620693,6,9.3672
Josh Richardson,2020,26,SG,PHI,55,30.8,0.43,0.341,0.809,13.7,3.2,2.9,0.9,0.7,1.9,17.233246753246753,7,10.116576
Josh Richardson,2021,27,SG,DAL,59,30.3,0.427,0.33,0.917,12.1,3.3,2.6,1.0,0.4,1.3,14.960792079207922,8,13.242242
Josh Richardson,2022,28,SG,SAS,65,24.6,0.438,0.415,0.889,10.2,2.8,1.8,0.9,0.4,1.0,14.558048780487802,9,13.431355
Josh Richardson,2023,29,SG,NOP,65,23.5,0.431,0.365,0.852,10.1,2.7,2.7,1.1,0.3,1.3,15.821617021276598,10,12.931372
Josh Richardson,2024,30,SG,MIA,43,25.7,0.444,0.347,0.944,9.9,2.8,2.4,0.6,0.3,0.8,13.268171206225684,11,2.977383
Josh Richardson,2025,31,SG,MIA,8,18.8,0.289,0.273,1.0,4.0,1.5,1.5,1.0,0.1,1.0,11.527659574468084,12,3.051153
Josh Selby,2012,20,PG,MEM,28,8.5,0.347,0.133,0.786,2.3,0.5,1.1,0.3,0.0,1.0,16.178823529411765,1,0.55
Josh Selby,2013,21,PG,MEM,10,5.9,0.273,0.167,0.636,2.0,0.5,0.4,0.2,0.0,0.7,20.64813559322034,2,0.762195
Josh Smith,2010,24,PF,ATL,81,35.4,0.505,0.0,0.618,15.7,8.7,4.2,1.6,2.1,2.4,17.275932203389832,5,10.8
Josh Smith,2011,25,PF,ATL,77,34.4,0.477,0.331,0.725,16.5,8.5,3.3,1.3,1.6,2.6,18.73674418604651,6,11.7
Josh Smith,2012,26,PF,ATL,66,35.3,0.458,0.257,0.63,18.8,9.6,3.9,1.4,1.7,2.5,21.779490084985834,7,12.4
Josh Smith,2013,27,PF,ATL,76,35.3,0.465,0.303,0.517,17.5,8.4,4.2,1.2,1.8,3.0,20.85348441926346,8,13.2
Josh Smith,2014,28,SF,DET,77,35.5,0.419,0.264,0.532,16.4,6.8,3.3,1.4,1.4,2.6,20.602140845070426,9,13.5
Josh Smith,2015,29,PF,HOU,83,27.7,0.419,0.316,0.498,12.4,6.4,3.3,1.0,1.4,2.5,20.48750902527076,10,2.077
Josh Smith,2016,30,PF,HOU,55,16.0,0.364,0.287,0.552,6.0,3.5,1.6,0.6,0.9,1.4,18.512999999999998,11,0.947276
Josh Smith,2018,32,PF,NOP,3,4.0,0.25,,,0.7,1.3,0.0,0.0,0.0,0.0,11.700000000000001,13,1.37994
Jrue Holiday,2010,19,PG,PHI,73,24.2,0.442,0.39,0.756,8.0,2.6,3.8,1.1,0.2,2.1,14.471404958677685,1,1.51428
Jrue Holiday,2011,20,PG,PHI,82,35.4,0.446,0.365,0.823,14.0,4.0,6.5,1.5,0.4,2.7,16.271186440677965,1,1.62792
Jrue Holiday,2012,21,PG,PHI,65,33.8,0.432,0.38,0.783,13.5,3.3,4.5,1.6,0.3,2.1,16.71337278106509,2,2.674852
Jrue Holiday,2013,22,PG,PHI,78,37.5,0.431,0.368,0.752,17.7,4.2,8.0,1.6,0.4,3.7,20.701439999999998,3,2.674852
Jrue Holiday,2014,23,PG,NOP,34,33.6,0.447,0.39,0.81,14.3,4.2,7.9,1.6,0.4,3.1,18.57428571428572,4,9.713484
Jrue Holiday,2015,24,PG,NOP,40,32.6,0.446,0.378,0.855,14.8,3.4,6.9,1.6,0.6,2.3,18.260613496932518,5,9.904495
Jrue Holiday,2016,25,PG,NOP,65,28.2,0.439,0.336,0.843,16.8,3.0,6.0,1.4,0.3,2.6,23.555744680851067,6,10.595507
Jrue Holiday,2017,26,PG,NOP,67,32.7,0.454,0.356,0.708,15.4,3.9,7.3,1.5,0.7,2.9,19.045871559633028,7,11.286518
Jrue Holiday,2018,27,SG,NOP,81,36.1,0.494,0.337,0.786,19.0,4.5,6.0,1.5,0.8,2.6,19.222603878116345,8,25.686667
Jrue Holiday,2019,28,SG,NOP,67,35.9,0.472,0.325,0.768,21.2,5.0,7.7,1.6,0.8,3.1,22.221727019498612,9,25.976111
Jrue Holiday,2020,29,SG,NOP,61,34.7,0.455,0.353,0.709,19.1,4.8,6.7,1.6,0.8,3.0,21.599999999999998,10,26.231111
Jrue Holiday,2021,30,PG,MIL,59,32.3,0.503,0.392,0.787,17.7,4.5,6.1,1.6,0.6,2.2,19.072198142414862,11,32.936368
Jrue Holiday,2022,31,PG,MIL,67,32.9,0.501,0.411,0.761,18.3,4.5,6.8,1.6,0.4,2.7,19.792340425531915,12,36.044894
Jrue Holiday,2023,32,PG,MIL,67,32.6,0.479,0.384,0.859,19.3,5.1,7.4,1.2,0.4,2.9,21.361472392638035,13,36.388575
Jrue Holiday,2024,33,PG,BOS,69,32.8,0.48,0.429,0.833,12.5,5.4,4.8,0.9,0.8,1.8,13.434146341463416,14,38.738196
Jrue Holiday,2025,34,PG,BOS,62,30.6,0.443,0.353,0.909,11.1,4.3,3.9,1.1,0.4,1.2,12.856470588235291,15,30.0
Juan Toscano-Anderson,2020,26,SG,GSW,13,20.9,0.46,0.348,0.6,5.3,4.0,2.0,1.0,0.4,1.2,10.638086124401916,7,0.350189
Juan Toscano-Anderson,2021,27,SG,GSW,53,20.9,0.579,0.402,0.71,5.7,4.4,2.8,0.8,0.5,1.2,9.239425837320574,8,1.150399
Juan Toscano-Anderson,2022,28,SF,GSW,73,13.6,0.489,0.322,0.571,4.1,2.4,1.7,0.7,0.2,0.9,12.01764705882353,9,1.967632
Juan Toscano-Anderson,2023,29,SF,UTA,52,13.5,0.448,0.186,0.792,3.0,2.4,1.3,0.3,0.2,0.7,9.92,10,2.261889
Juan Toscano-Anderson,2024,30,SF,SAC,11,4.8,0.25,0.25,0.0,0.6,1.3,0.4,0.1,0.1,0.2,9.750000000000002,11,0.46124
Jules Bernard,2024,24,SG,WAS,19,7.8,0.453,0.379,0.556,3.9,1.4,0.8,0.2,0.1,0.4,18.55384615384616,5,0.427342
Julian Champagnie,2023,21,SF,SAS,17,18.8,0.454,0.402,0.824,9.7,3.5,0.6,0.4,0.3,0.6,16.544680851063827,2,0.539571
Julian Champagnie,2024,22,SF,SAS,74,19.8,0.408,0.365,0.815,6.8,2.8,1.4,0.6,0.6,0.8,12.232727272727274,3,3.089141
Julian Champagnie,2025,23,SF,SAS,82,23.6,0.415,0.371,0.904,9.9,3.9,1.4,0.7,0.4,0.9,14.467118644067796,4,3.0
Julian Phillips,2024,20,SF,CHI,40,8.1,0.416,0.316,0.684,2.2,0.9,0.3,0.2,0.2,0.3,10.755555555555556,1,1.647542
Julian Phillips,2025,21,SF,CHI,79,14.2,0.446,0.327,0.789,4.6,2.1,0.5,0.5,0.3,0.3,11.002816901408451,2,1.891857
Julian Strawther,2024,21,SF,DEN,50,10.9,0.369,0.297,0.71,4.5,1.2,0.9,0.3,0.1,0.5,17.0554128440367,2,2.503279
Julian Strawther,2025,22,SG,DEN,65,21.3,0.432,0.349,0.822,9.0,2.2,1.3,0.6,0.2,0.9,15.23830985915493,3,2.55252
Julian Wright,2010,22,SF,NOH,68,12.8,0.5,0.333,0.61,3.8,2.1,0.6,0.4,0.3,0.6,11.992499999999996,3,2.00004
Julian Wright,2011,23,SF,TOR,52,14.7,0.513,0.2,0.512,3.6,2.3,1.1,0.8,0.4,0.8,10.413061224489796,4,2.858057
Julius Randle,2015,20,PF,LAL,1,14.0,0.333,,0.0,2.0,0.0,0.0,0.0,0.0,1.0,12.54857142857143,1,2.99736
Julius Randle,2016,21,PF,LAL,81,28.2,0.429,0.278,0.715,11.3,10.2,1.8,0.7,0.4,1.8,17.300425531914897,2,3.13224
Julius Randle,2017,22,PF,LAL,74,28.8,0.488,0.27,0.723,13.2,8.6,3.6,0.7,0.5,2.3,17.965,3,3.26712
Julius Randle,2018,23,C,LAL,82,26.7,0.558,0.222,0.718,16.1,8.0,2.6,0.5,0.5,2.6,21.42202247191011,4,4.149242
Julius Randle,2019,24,PF,NOP,73,30.6,0.524,0.344,0.731,21.4,8.7,3.1,0.7,0.6,2.8,24.29176470588235,5,8.641
Julius Randle,2020,25,PF,NYK,64,32.5,0.46,0.277,0.733,19.5,9.7,3.1,0.8,0.3,3.0,23.394461538461538,6,18.0
Julius Randle,2021,26,PF,NYK,71,37.6,0.456,0.411,0.811,24.1,10.2,6.0,0.9,0.3,3.4,23.591489361702127,7,24.184931
Julius Randle,2022,27,PF,NYK,72,35.3,0.411,0.308,0.756,20.1,9.9,5.1,0.7,0.5,3.4,23.623342776203966,8,22.895681
Julius Randle,2023,28,PF,NYK,77,35.5,0.459,0.343,0.757,25.1,10.0,4.1,0.6,0.3,2.8,24.78016901408451,9,25.192443
Julius Randle,2024,29,PF,NYK,46,35.4,0.472,0.311,0.781,24.0,9.2,5.0,0.5,0.3,3.5,25.021016949152543,10,27.744448
Julius Randle,2025,30,PF,MIN,69,32.3,0.485,0.344,0.806,18.7,7.1,4.7,0.7,0.2,2.8,20.681609907120748,11,33.07392
Julyan Stone,2012,23,SG,DEN,22,8.1,0.419,0.182,0.727,1.6,1.1,1.7,0.4,0.3,0.5,9.422222222222224,4,0.473604
Julyan Stone,2013,24,PG,DEN,4,7.0,1.0,,0.75,1.8,0.8,0.5,0.3,0.0,0.5,7.405714285714285,5,0.762195
Julyan Stone,2014,25,SG,TOR,21,5.7,0.412,0.25,0.667,0.9,1.0,0.6,0.1,0.0,0.2,6.593684210526316,6,0.884293
Julyan Stone,2018,29,SG,CHO,23,7.6,0.462,0.462,0.5,0.8,1.3,1.1,0.2,0.1,0.3,4.47157894736842,10,1.656092
Justin Anderson,2016,22,SF,DAL,55,11.8,0.406,0.265,0.8,3.8,2.4,0.5,0.3,0.5,0.4,12.325423728813558,3,1.449
Justin Anderson,2017,23,SF,PHI,75,16.4,0.424,0.299,0.791,7.1,3.3,0.9,0.5,0.3,0.9,16.56878048780488,4,1.51416
Justin Anderson,2018,24,SF,PHI,38,13.7,0.431,0.33,0.737,6.2,2.4,0.7,0.4,0.2,0.4,16.134306569343067,5,2.516048
Justin Anderson,2019,25,SF,ATL,48,9.6,0.408,0.312,0.743,3.7,1.8,0.5,0.5,0.3,0.5,15.404999999999998,6,2.516048
Justin Anderson,2022,28,SF,IND,16,19.8,0.379,0.254,0.789,6.4,2.9,2.1,0.5,0.4,0.5,12.596363636363638,9,0.515532
Justin Champagnie,2022,20,SF,TOR,36,7.8,0.463,0.357,1.0,2.3,2.0,0.3,0.2,0.1,0.2,10.301538461538462,1,0.534959
Justin Champagnie,2023,21,SF,BOS,5,6.8,0.333,0.2,0.0,2.2,1.6,0.8,0.2,0.0,0.0,15.882352941176471,2,0.90468
Justin Champagnie,2024,22,SF,WAS,15,15.7,0.41,0.289,0.8,5.9,3.5,1.3,0.7,0.6,0.7,14.537579617834398,3,0.261971
Justin Champagnie,2025,23,SF,WAS,62,21.6,0.511,0.383,0.685,8.8,5.7,1.0,1.0,0.6,0.9,13.38,4,1.8
Justin Edwards,2025,21,SF,PHI,44,26.3,0.455,0.363,0.696,10.1,3.4,1.6,1.0,0.4,1.1,13.879847908745246,2,0.425619
Justin Hamilton,2014,23,C,MIA,8,9.0,0.45,0.333,1.0,3.3,0.9,0.0,0.6,0.0,0.5,13.056000000000001,4,0.098036
Justin Hamilton,2015,24,C,MIN,41,17.4,0.478,0.323,0.83,5.3,3.3,0.9,0.7,0.7,0.6,11.139310344827587,5,0.816482
Justin Hamilton,2017,26,C,BRK,64,18.4,0.459,0.306,0.75,6.9,4.1,0.9,0.5,0.7,0.7,13.601739130434785,7,3.0
Justin Harper,2012,22,PF,ORL,14,6.0,0.29,0.154,0.0,1.4,0.9,0.1,0.1,0.2,0.4,15.863999999999999,3,0.473604
Justin Harper,2017,27,PF,PHI,3,10.3,0.417,0.286,,4.0,1.7,0.7,0.0,0.0,1.3,18.52427184466019,8,0.057672
Justin Holiday,2013,23,SG,PHI,9,15.8,0.333,0.25,0.75,4.7,1.6,1.7,0.3,0.7,1.0,15.256708860759492,4,0.04736
Justin Holiday,2015,25,SG,GSW,59,11.1,0.387,0.321,0.822,4.3,1.2,0.8,0.7,0.2,0.5,15.736216216216219,6,0.816482
Justin Holiday,2016,26,SG,CHI,53,14.6,0.386,0.343,0.73,4.5,1.7,1.1,0.6,0.4,0.7,13.088219178082191,7,0.947276
Justin Holiday,2017,27,SG,NYK,82,20.0,0.433,0.355,0.825,7.7,2.7,1.2,0.8,0.4,0.8,14.112,8,1.015696
Justin Holiday,2018,28,SG,CHI,72,31.5,0.371,0.359,0.823,12.2,4.0,2.1,1.1,0.4,1.3,15.099428571428573,9,4.384616
Justin Holiday,2019,29,SG,MEM,82,31.8,0.386,0.348,0.896,10.5,3.9,1.8,1.5,0.4,1.3,12.873962264150943,10,4.384616
Justin Holiday,2020,30,SF,IND,73,25.0,0.428,0.405,0.791,8.3,3.3,1.3,1.2,0.6,0.6,11.082239999999999,11,4.767
Justin Holiday,2021,31,SG,IND,72,30.3,0.413,0.382,0.788,10.5,3.6,1.7,1.0,0.6,0.8,11.914455445544556,12,6.971402
Justin Holiday,2022,32,SF-SG,SAC,74,27.8,0.394,0.367,0.806,10.1,2.6,1.7,0.8,0.4,0.9,13.146474820143887,13,6.945508
Justin Holiday,2023,33,SG,DAL,46,15.3,0.377,0.322,0.625,4.5,1.2,0.9,0.4,0.4,0.5,11.736470588235294,14,6.348977
Justin Holiday,2024,34,SG,DEN,58,14.9,0.454,0.404,0.75,4.0,1.2,1.2,0.6,0.2,0.2,8.56268456375839,15,3.291427
Justin Jackson,2018,22,SF,SAC,68,22.1,0.442,0.308,0.722,6.7,2.8,1.1,0.4,0.2,0.6,11.435294117647057,3,2.36556
Justin Jackson,2019,23,SF,DAL,81,19.9,0.447,0.355,0.785,7.2,2.6,1.2,0.4,0.2,0.4,12.37386934673367,4,2.80788
Justin Jackson,2020,24,PF,DAL,65,16.1,0.396,0.294,0.84,5.5,2.4,0.8,0.2,0.2,0.2,12.8616149068323,5,3.28092
Justin Jackson,2021,25,SF,MIL,34,17.0,0.403,0.308,0.838,7.2,2.3,1.5,0.4,0.1,0.9,16.695529411764706,6,6.22707
Justin Jackson,2022,26,SF,PHO,7,5.3,0.333,0.333,1.0,2.1,1.0,0.3,0.0,0.0,0.1,15.840000000000003,7,0.356724
Justin Jackson,2023,27,SF,BOS,23,4.7,0.259,0.25,0.5,0.9,0.7,0.4,0.2,0.2,0.1,10.294468085106383,8,1.946784
Justin Jackson,2024,28,SF,MIN,2,0.5,0.0,0.0,0.0,0.0,0.0,0.0,0.0,0.0,0.0,0.0,9,0.149618
Justin James,2020,23,SF,SAC,36,6.4,0.417,0.31,0.476,2.5,0.9,0.5,0.2,0.3,0.2,15.5475,4,0.89831
Justin James,2021,24,SF,SAC,36,8.6,0.468,0.368,0.583,3.9,0.8,0.6,0.2,0.1,0.4,16.493023255813956,5,1.84995
Justin Minaya,2023,23,SF,POR,4,22.3,0.304,0.25,0.0,4.3,3.8,1.0,0.5,1.3,1.0,11.190672645739909,4,0.037211
Justin Minaya,2024,24,SF,POR,34,11.2,0.297,0.245,0.556,1.8,1.6,0.6,0.3,0.3,0.3,8.46,5,0.576415
Justin Patton,2018,20,C,MIN,1,4.0,0.5,,,2.0,0.0,0.0,1.0,0.0,0.0,18.0,1,2.24748
Justin Patton,2019,21,C,PHI,3,7.0,0.286,0.0,0.5,1.7,2.0,1.0,0.7,0.0,0.0,13.412571428571427,2,2.6676
Justin Patton,2020,22,C,OKC,5,4.8,0.4,0.25,,1.8,1.0,0.4,0.0,0.0,0.4,18.0,3,1.620564
Justin Patton,2021,23,C,HOU,13,19.0,0.414,0.265,0.75,5.4,3.8,1.1,0.9,1.1,0.3,11.050105263157894,4,0.326149
Justin Robinson,2020,22,PG,WAS,9,5.4,0.417,0.6,,1.4,0.6,0.8,0.0,0.1,0.3,10.666666666666666,3,0.89831
Justin Robinson,2021,23,PG,OKC,9,9.8,0.333,0.286,0.6,2.3,0.8,1.0,0.3,0.0,0.2,10.153469387755102,4,0.241349
Justin Robinson,2022,24,PG,DET,25,12.2,0.301,0.295,0.5,3.1,0.8,1.3,0.4,0.0,0.7,13.37311475409836,5,0.307533
Justise Winslow,2016,19,SF,MIA,78,28.6,0.422,0.276,0.684,6.4,5.2,1.5,0.9,0.3,1.2,9.767832167832168,1,2.48172
Justise Winslow,2017,20,SF,MIA,18,34.7,0.356,0.2,0.617,10.9,5.2,3.7,1.4,0.3,1.8,16.022593659942363,1,2.59344
Justise Winslow,2018,21,PF,MIA,68,24.7,0.424,0.38,0.635,7.8,5.4,2.2,0.8,0.5,1.1,13.059109311740894,2,3.448926
Justise Winslow,2019,22,SF,MIA,66,29.7,0.433,0.375,0.628,12.6,5.4,4.3,1.1,0.3,2.2,17.483636363636364,3,3.448926
Justise Winslow,2020,23,SG,MIA,11,32.0,0.388,0.222,0.667,11.3,6.6,4.0,0.6,0.5,2.2,16.875,4,13.0
Justise Winslow,2021,24,SF,MEM,26,19.5,0.352,0.185,0.571,6.8,4.5,1.9,0.6,0.5,1.4,18.59446153846154,5,15.842988
Justise Winslow,2022,25,SF,POR,48,16.1,0.428,0.227,0.591,5.7,4.2,1.8,0.7,0.5,1.0,15.687950310559005,6,4.512575
Justise Winslow,2023,26,SF,POR,29,26.8,0.409,0.311,0.714,6.8,5.0,3.4,1.0,0.4,1.5,11.740298507462686,7,4.344594
Jusuf Nurkic,2015,20,C,DEN,62,17.8,0.446,0.0,0.636,6.9,6.2,0.8,0.8,1.1,1.4,17.239550561797753,1,1.76268
Jusuf Nurkic,2016,21,C,DEN,32,17.1,0.417,0.0,0.616,8.2,5.5,1.3,0.8,1.4,1.7,22.45052631578947,2,1.842
Jusuf Nurkic,2017,22,C,POR,65,21.4,0.507,0.0,0.571,10.2,7.2,1.9,0.8,1.1,2.2,19.86392523364486,3,1.92132
Jusuf Nurkic,2018,23,C,POR,79,26.4,0.505,0.0,0.63,14.3,9.0,1.8,0.8,1.4,2.3,21.6,4,2.947305
Jusuf Nurkic,2019,24,C,POR,72,27.4,0.508,0.103,0.773,15.6,10.4,3.2,1.0,1.4,2.3,21.079708029197082,5,11.111111
Jusuf Nurkic,2020,25,C,POR,8,31.6,0.495,0.2,0.886,17.6,10.3,4.0,1.4,2.0,2.4,20.43341772151899,6,13.125
Jusuf Nurkic,2021,26,C,POR,37,23.8,0.514,0.4,0.619,11.5,9.0,3.4,1.0,1.1,2.0,18.701848739495798,7,15.707578
Jusuf Nurkic,2022,27,C,POR,56,28.2,0.535,0.268,0.69,15.0,11.1,2.8,1.1,0.6,2.6,19.674893617021276,8,13.87617
Jusuf Nurkic,2025,30,C,CHO,51,20.8,0.477,0.305,0.664,8.9,7.8,2.3,0.8,0.7,1.9,17.134615384615387,11,18.125
Juwan Howard,2010,36,C,POR,73,22.4,0.509,0.0,0.786,6.0,4.6,0.8,0.4,0.1,1.0,10.510714285714286,17,0.825497
Juwan Howard,2011,37,PF,MIA,57,10.4,0.44,,0.829,2.4,2.1,0.4,0.2,0.1,0.4,9.913846153846155,18,0.854389
Juwan Howard,2012,38,PF,MIA,28,6.8,0.309,,0.8,1.5,1.7,0.4,0.1,0.0,0.7,15.225882352941179,19,0.854389
Juwan Howard,2013,39,PF,MIA,7,7.3,0.526,,1.0,3.0,1.1,0.9,0.0,0.0,0.6,16.49095890410959,20,0.135697
Juwan Morgan,2020,22,PF,UTA,21,6.4,0.577,0.375,0.75,1.7,1.4,0.3,0.0,0.1,0.3,8.932500000000001,3,0.746054
Juwan Morgan,2021,23,PF,UTA,29,5.1,0.467,0.308,0.429,1.2,1.0,0.3,0.1,0.0,0.1,8.385882352941179,4,1.84995
Juwan Morgan,2022,24,PF,BOS,2,15.5,0.667,0.5,,2.5,2.0,0.5,0.0,0.0,0.0,3.4838709677419355,5,0.244042
KJ Martin,2024,23,SF,PHI,60,12.4,0.536,0.286,0.537,3.7,2.2,0.9,0.4,0.2,0.5,11.055483870967741,4,1.988049
KJ Martin,2025,24,PF,UTA,43,21.2,0.552,0.259,0.787,6.4,2.9,1.1,0.4,0.5,0.6,9.82188679245283,5,7.975
KZ Okpala,2020,20,PF,MIA,5,5.2,0.6,0.0,0.5,1.4,1.0,0.2,0.4,0.2,0.2,9.526153846153845,1,0.89831
KZ Okpala,2021,21,PF,MIA,37,12.1,0.375,0.24,0.533,2.5,1.8,0.5,0.3,0.3,0.4,9.44925619834711,2,1.84995
KZ Okpala,2022,22,PF,MIA,21,11.6,0.435,0.346,0.727,3.7,2.0,0.7,0.2,0.3,0.2,11.544827586206898,3,2.061329
KZ Okpala,2023,23,PF,SAC,35,7.1,0.421,0.333,0.875,1.3,1.0,0.4,0.2,0.2,0.2,7.03774647887324,4,2.016808
Kai Jones,2022,21,C,CHO,21,3.0,0.643,0.5,0.375,1.0,0.5,0.2,0.0,0.1,0.3,14.112,2,3.20373
Kai Jones,2023,22,C,CHO,46,12.0,0.558,0.211,0.731,3.4,2.7,0.3,0.4,0.7,0.7,10.692,3,3.08442
Kaiser Gates,2024,27,SF,NOP,1,7.0,0.0,0.0,0.0,0.0,1.0,0.0,0.0,0.0,0.0,20.571428571428573,8,0.03644
Kalin Lucas,2015,25,PG,MEM,1,6.0,0.0,,,0.0,0.0,0.0,1.0,0.0,0.0,6.0,6,0.486446
Kareem Rush,2010,29,SG,LAC,7,8.3,0.364,0.333,,1.3,0.9,0.6,0.3,0.4,0.4,8.674698795180722,10,0.825497
Karim Mane,2021,20,PG,ORL,10,8.8,0.231,0.5,0.8,1.1,1.4,0.4,0.0,0.2,0.3,7.445454545454544,1,0.419908
Karl-Anthony Towns,2016,20,C,MIN,82,32.0,0.542,0.341,0.811,18.3,10.5,2.0,0.7,1.7,2.2,20.0205,1,5.7036
Karl-Anthony Towns,2017,21,C,MIN,82,37.0,0.542,0.367,0.832,25.1,12.3,2.7,0.7,1.3,2.6,22.269405405405408,2,5.96016
Karl-Anthony Towns,2018,22,C,MIN,82,35.6,0.545,0.421,0.858,21.3,12.3,2.4,0.8,1.4,1.9,18.562247191011235,3,6.21684
Karl-Anthony Towns,2019,23,C,MIN,77,33.1,0.518,0.4,0.836,24.4,12.4,3.4,0.9,1.6,3.1,24.745377643504533,4,7.839435
Karl-Anthony Towns,2020,24,C,MIN,35,33.9,0.508,0.412,0.796,26.5,10.8,4.4,0.9,1.2,3.1,25.23185840707965,5,27.285
Karl-Anthony Towns,2021,25,C,MIN,50,33.8,0.486,0.387,0.859,24.8,10.6,4.5,0.8,1.1,3.2,24.952899408284026,6,35.912155
Karl-Anthony Towns,2022,26,C,MIN,74,33.5,0.529,0.41,0.822,24.6,9.8,3.6,1.0,1.1,3.1,23.934089552238802,7,36.599093
Karl-Anthony Towns,2023,27,PF,MIN,29,33.0,0.495,0.366,0.874,20.8,8.1,4.8,0.7,0.6,3.0,21.674181818181818,8,35.873148
Karl-Anthony Towns,2024,28,PF,MIN,62,32.7,0.504,0.416,0.873,21.8,8.3,3.0,0.7,0.7,2.9,22.313394495412844,9,37.086384
Karl-Anthony Towns,2025,29,C,NYK,72,35.0,0.526,0.42,0.829,24.4,12.8,3.1,1.0,0.7,2.7,22.73965714285714,10,49.2058
Karlo Matkovic,2025,23,PF,NOP,42,18.8,0.574,0.318,0.773,7.7,5.0,1.1,0.5,1.0,1.0,13.480851063829787,4,1.407153
Kawhi Leonard,2012,20,SF,SAS,64,24.0,0.493,0.376,0.773,7.9,5.1,1.1,1.3,0.4,0.7,11.424,1,1.80984
Kawhi Leonard,2013,21,SF,SAS,58,31.2,0.494,0.374,0.825,11.9,6.0,1.6,1.7,0.6,1.1,12.886153846153846,2,1.80984
Kawhi Leonard,2014,22,SF,SAS,66,29.1,0.522,0.379,0.802,12.8,6.2,2.0,1.7,0.8,1.2,14.642474226804124,3,1.88784
Kawhi Leonard,2015,23,SF,SAS,64,31.8,0.479,0.349,0.802,16.5,7.2,2.5,2.3,0.8,1.5,18.131320754716977,4,2.894059
Kawhi Leonard,2016,24,SF,SAS,72,33.1,0.506,0.443,0.874,21.2,6.8,2.6,1.8,1.0,1.5,20.255709969788516,5,16.4075
Kawhi Leonard,2017,25,SF,SAS,74,33.4,0.485,0.38,0.88,25.5,5.8,3.5,1.8,0.7,2.1,24.755928143712573,6,17.638063
Kawhi Leonard,2018,26,SF,SAS,9,23.3,0.468,0.314,0.816,16.2,4.7,2.3,2.0,1.0,1.8,24.640686695278973,7,18.868626
Kawhi Leonard,2019,27,SF,TOR,60,34.0,0.496,0.371,0.854,26.6,7.3,3.3,1.8,0.4,2.0,25.331294117647058,8,23.114067
Kawhi Leonard,2020,28,SF,LAC,57,32.4,0.47,0.378,0.886,27.1,7.1,4.9,1.8,0.6,2.6,28.47111111111111,9,32.742
Kawhi Leonard,2021,29,SF,LAC,52,34.1,0.512,0.398,0.885,24.8,6.5,5.2,1.6,0.4,2.0,23.23425219941349,10,41.897515
Kawhi Leonard,2023,31,SF,LAC,52,33.6,0.512,0.416,0.871,23.8,6.5,3.9,1.4,0.5,1.7,22.36714285714286,12,45.054279
Kawhi Leonard,2024,32,SF,LAC,68,34.3,0.525,0.417,0.885,23.7,6.1,3.6,1.6,0.9,1.8,21.776326530612245,13,46.996232
Kawhi Leonard,2025,33,SF,LAC,37,31.9,0.498,0.411,0.81,21.5,5.9,3.1,1.6,0.5,1.9,22.74206896551724,14,49.2058
Kay Felder,2017,21,PG,CLE,42,9.2,0.392,0.318,0.714,4.0,1.0,1.4,0.4,0.2,0.7,19.67478260869565,2,0.543471
Keegan Murray,2023,22,SF,SAC,80,29.8,0.453,0.411,0.765,12.2,4.6,1.2,0.8,0.5,0.8,13.336912751677854,3,8.491252
Keegan Murray,2024,23,SF,SAC,77,33.6,0.454,0.358,0.831,15.2,5.5,1.7,1.0,0.8,0.8,15.21857142857143,4,8.658864
Keegan Murray,2025,24,PF,SAC,76,34.3,0.444,0.343,0.833,12.4,6.7,1.4,0.8,0.9,0.8,12.590553935860063,5,8.80956
Keifer Sykes,2022,28,PG,IND,32,17.7,0.363,0.3,0.882,5.6,1.4,1.9,0.4,0.1,1.0,14.48135593220339,9,0.64564
Keita Bates-Diop,2019,23,SF,MIN,30,16.8,0.423,0.25,0.643,5.0,2.8,0.6,0.6,0.5,0.5,11.991428571428571,4,0.838464
Keita Bates-Diop,2020,24,PF-SF,MIN,44,16.9,0.427,0.33,0.72,6.5,2.9,0.7,0.4,0.5,0.4,13.735384615384618,5,1.416852
Keita Bates-Diop,2021,25,SF,SAS,30,8.2,0.448,0.294,0.667,2.6,1.6,0.4,0.4,0.2,0.2,11.88878048780488,6,0.547332
Keita Bates-Diop,2022,26,SF,SAS,59,16.2,0.517,0.309,0.754,5.7,3.9,0.7,0.5,0.2,0.8,12.755555555555556,7,1.999575
Keita Bates-Diop,2023,27,SF,SAS,67,21.7,0.508,0.394,0.793,9.7,3.7,1.5,0.7,0.3,0.8,14.38009216589862,8,1.991984
Keita Bates-Diop,2024,28,SF,BRK,53,12.5,0.434,0.304,0.762,3.7,2.1,0.7,0.5,0.4,0.3,10.80576,9,2.416341
Keith Bogans,2010,29,SF,SAS,79,19.7,0.403,0.357,0.74,4.4,2.2,1.2,0.6,0.2,0.7,8.705786802030458,10,0.825497
Keith Bogans,2011,30,SG,CHI,82,17.8,0.404,0.38,0.656,4.4,1.8,1.2,0.5,0.1,0.5,8.850337078651686,11,1.6
Keith Bogans,2012,31,SF,NJN,5,18.8,0.381,0.25,0.4,4.2,2.2,0.6,0.4,0.0,0.6,10.03404255319149,12,1.728
Keith Bogans,2013,32,SG,BRK,74,19.0,0.38,0.343,0.647,4.2,1.6,1.0,0.4,0.1,0.7,8.693052631578947,13,0.854389
Keith Bogans,2014,33,SG,BOS,6,9.2,0.5,0.5,1.0,2.0,0.5,0.5,0.2,0.0,0.2,5.556521739130435,14,5.058198
Kel'el Ware,2025,20,C,MIA,64,22.2,0.554,0.315,0.687,9.3,7.4,0.9,0.6,1.1,0.9,14.010810810810812,1,4.2318
Kelan Martin,2021,25,SF,IND,35,9.2,0.449,0.4,0.9,4.5,2.2,0.5,0.3,0.3,0.5,17.73391304347826,6,1.761858
Kelan Martin,2022,26,SF,BOS,30,15.0,0.409,0.293,0.692,5.7,1.8,0.7,0.4,0.3,0.5,15.3024,7,1.149131
Keldon Johnson,2020,20,SF,SAS,17,17.7,0.596,0.591,0.795,9.1,3.4,0.9,0.8,0.1,0.8,14.530169491525426,1,1.9506
Keldon Johnson,2021,21,SF,SAS,69,28.5,0.479,0.331,0.74,12.8,6.0,1.8,0.6,0.3,1.1,15.829894736842103,2,2.495928
Keldon Johnson,2022,22,SF,SAS,75,31.9,0.466,0.398,0.756,17.0,6.1,2.1,0.8,0.2,1.2,18.128652037617556,3,2.481198
Keldon Johnson,2023,23,SF,SAS,63,32.7,0.452,0.329,0.749,22.0,5.0,2.9,0.7,0.2,2.1,24.317064220183486,4,4.10652
Keldon Johnson,2024,24,SF,SAS,69,29.5,0.454,0.346,0.792,15.7,5.5,2.8,0.7,0.3,1.4,18.68094915254237,5,20.594279
Keldon Johnson,2025,25,SF,SAS,77,23.9,0.482,0.318,0.773,12.7,4.8,1.6,0.6,0.3,1.0,18.225941422594143,6,19.0
Keljin Blevins,2021,25,SF,POR,17,4.4,0.25,0.25,,0.7,0.6,0.2,0.1,0.0,0.3,12.272727272727272,6,0.547332
Keljin Blevins,2022,26,SF,POR,31,11.3,0.306,0.292,0.545,3.1,1.5,0.6,0.4,0.0,0.5,13.622654867256635,7,0.534959
Kelly Olynyk,2014,22,C,BOS,70,20.0,0.466,0.351,0.811,8.7,5.2,1.6,0.5,0.4,1.5,17.006400000000003,3,1.98636
Kelly Olynyk,2015,23,C,BOS,64,22.2,0.475,0.349,0.684,10.3,4.7,1.7,1.0,0.6,1.5,17.39027027027027,4,2.07576
Kelly Olynyk,2016,24,C,BOS,69,20.2,0.455,0.405,0.75,10.0,4.1,1.5,0.8,0.5,1.1,17.885940594059406,5,2.16516
Kelly Olynyk,2017,25,C,BOS,75,20.5,0.512,0.354,0.732,9.0,4.8,2.0,0.6,0.4,1.3,15.46068292682927,6,3.094014
Kelly Olynyk,2018,26,PF,MIA,76,23.4,0.497,0.379,0.77,11.5,5.7,2.7,0.8,0.5,1.9,17.403076923076924,7,12.537527
Kelly Olynyk,2019,27,PF,MIA,79,22.9,0.463,0.354,0.822,10.0,4.7,1.8,0.7,0.5,1.4,14.953362445414848,8,12.537527
Kelly Olynyk,2020,28,C,MIA,67,19.4,0.462,0.406,0.86,8.2,4.6,1.7,0.7,0.3,1.1,14.214432989690723,9,12.667885
Kelly Olynyk,2021,29,C-PF,HOU,70,28.5,0.484,0.342,0.829,13.5,7.0,2.9,1.1,0.6,1.8,16.294736842105266,10,15.623197
Kelly Olynyk,2022,30,C,DET,40,19.1,0.448,0.336,0.775,9.1,4.4,2.8,0.8,0.5,1.5,18.22240837696335,11,14.101799
Kelly Olynyk,2023,31,C,UTA,68,28.6,0.499,0.394,0.853,12.5,6.2,3.7,0.9,0.5,2.5,15.35160839160839,12,13.576858
Kelly Olynyk,2024,32,C,TOR,78,22.6,0.555,0.387,0.833,9.8,5.3,4.4,0.9,0.4,1.9,14.833274336283186,13,12.557487
Kelly Olynyk,2025,33,C,NOP,44,20.3,0.5,0.418,0.769,8.7,4.7,2.9,0.8,0.4,1.7,15.783251231527093,14,12.804878
Kelly Oubre Jr.,2016,20,SF,WAS,63,10.7,0.427,0.316,0.633,3.7,2.1,0.2,0.3,0.1,0.5,13.969345794392522,1,1.92024
Kelly Oubre Jr.,2017,21,SF,WAS,79,20.3,0.421,0.287,0.758,6.3,3.3,0.6,0.7,0.2,0.6,12.009458128078816,2,2.00664
Kelly Oubre Jr.,2018,22,SF,WAS,81,27.5,0.403,0.341,0.82,11.8,4.5,1.2,1.0,0.4,1.1,15.93949090909091,3,3.20863
Kelly Oubre Jr.,2019,23,SF,PHO,69,28.0,0.445,0.32,0.775,15.2,4.7,1.2,1.2,0.9,1.5,19.594285714285714,4,3.20863
Kelly Oubre Jr.,2020,24,SF,PHO,56,34.5,0.452,0.352,0.78,18.7,6.4,1.5,1.3,0.7,1.5,19.02886956521739,5,15.625
Kelly Oubre Jr.,2025,29,SF,PHI,60,34.6,0.47,0.293,0.751,15.1,6.1,1.8,1.5,0.5,1.3,15.673526011560696,10,7.983
Kemba Walker,2012,21,PG,CHA,66,27.2,0.366,0.305,0.789,12.1,3.5,4.4,0.9,0.3,1.8,19.598823529411764,2,2.35632
Kemba Walker,2013,22,PG,CHA,82,34.9,0.423,0.322,0.798,17.7,3.5,5.7,2.0,0.4,2.4,20.197134670487102,3,2.56836
Kemba Walker,2014,23,PG,CHA,73,35.8,0.393,0.333,0.837,17.7,4.2,6.1,1.2,0.4,2.3,20.135865921787712,4,2.56836
Kemba Walker,2015,24,PG,CHO,62,34.2,0.385,0.304,0.827,17.3,3.5,5.1,1.4,0.5,1.6,20.446315789473687,5,3.272091
Kemba Walker,2016,25,PG,CHO,81,35.6,0.427,0.371,0.847,20.9,4.4,5.2,1.6,0.5,2.1,21.11056179775281,6,12.0
Kemba Walker,2017,26,PG,CHO,79,34.7,0.444,0.399,0.847,23.2,3.9,5.5,1.1,0.3,2.1,23.21844380403458,7,12.0
Kemba Walker,2018,27,PG,CHO,80,34.2,0.431,0.384,0.864,22.1,3.1,5.6,1.1,0.3,2.2,22.665263157894735,8,12.0
Kemba Walker,2019,28,PG,CHO,82,34.9,0.434,0.356,0.844,25.6,4.4,5.9,1.2,0.4,2.6,26.324355300859605,9,12.0
Kemba Walker,2020,29,PG,BOS,56,31.1,0.425,0.381,0.864,20.4,3.9,4.8,0.9,0.5,2.1,23.026109324758846,10,32.742
Kemba Walker,2021,30,PG,BOS,43,31.8,0.42,0.36,0.899,19.3,4.0,4.9,1.1,0.3,2.0,21.781132075471696,11,41.897515
Kemba Walker,2022,31,PG,NYK,37,25.6,0.403,0.367,0.845,11.6,3.0,3.5,0.7,0.2,1.3,17.06625,12,40.434514
Kemba Walker,2023,32,PG,DAL,9,16.0,0.421,0.25,0.81,8.0,1.8,2.1,0.2,0.2,0.4,17.352,13,39.528872
Kendall Brown,2023,19,SG,IND,6,6.7,0.571,0.0,0.5,1.5,1.0,0.5,0.7,0.0,0.3,8.768955223880596,1,0.539571
Kendall Brown,2024,20,SG,IND,15,4.2,0.533,0.0,0.625,1.4,0.3,0.3,0.0,0.0,0.1,11.314285714285715,1,1.132685
Kendall Marshall,2013,21,PG,PHO,48,14.6,0.371,0.315,0.571,3.0,0.9,3.0,0.5,0.1,1.2,10.928219178082193,2,2.00556
Kendall Marshall,2014,22,PG,LAL,54,29.0,0.406,0.399,0.528,8.0,2.9,8.8,0.9,0.1,2.8,13.54096551724138,3,0.54757
Kendall Marshall,2015,23,PG,MIL,28,14.9,0.455,0.391,0.889,4.2,1.0,3.1,0.8,0.0,1.3,12.157852348993288,4,0.915243
Kendall Marshall,2016,24,PG,PHI,30,13.3,0.364,0.327,0.692,3.7,0.9,2.4,0.5,0.1,1.4,14.82225563909774,5,2.144772
Kendrick Nunn,2020,24,PG,MIA,67,29.3,0.439,0.35,0.85,15.3,2.7,3.3,0.8,0.2,1.7,19.60955631399317,5,1.416852
Kendrick Nunn,2021,25,PG,MIA,56,29.5,0.485,0.381,0.933,14.6,3.2,2.6,0.9,0.3,1.4,16.6991186440678,6,2.027733
Kendrick Nunn,2023,27,SG-PG,WAS,70,13.8,0.424,0.354,0.854,7.1,1.6,1.3,0.4,0.1,0.9,19.73217391304348,8,5.566512
Kendrick Perkins,2010,25,C,BOS,78,27.6,0.602,0.0,0.582,10.1,7.6,1.0,0.3,1.7,2.1,13.544347826086955,6,4.5
Kendrick Perkins,2011,26,C,OKC,29,25.6,0.515,,0.556,6.0,8.0,0.9,0.3,0.9,1.9,10.546875,7,6.69672
Kendrick Perkins,2012,27,C,OKC,65,26.8,0.489,,0.652,5.1,6.6,1.2,0.4,1.1,1.8,8.795820895522388,8,7.123626
Kendrick Perkins,2013,28,C,OKC,78,25.1,0.457,0.0,0.611,4.2,6.0,1.4,0.6,1.1,1.4,8.312988047808764,9,8.477437
Kendrick Perkins,2014,29,C,OKC,62,19.5,0.451,0.0,0.552,3.4,4.9,1.1,0.4,0.5,1.5,9.385846153846154,10,8.727437
Kendrick Perkins,2015,30,C,CLE,68,16.9,0.449,0.0,0.506,3.6,4.7,0.8,0.2,0.6,1.4,11.13656804733728,11,0.274573
Kendrick Perkins,2016,31,C,NOP,37,14.6,0.533,,0.44,2.5,3.5,0.8,0.3,0.3,1.1,8.403287671232878,12,0.947276
Kendrick Perkins,2018,33,C,CLE,1,15.0,0.5,,0.5,3.0,1.0,2.0,1.0,0.0,1.0,9.312000000000001,14,2.445085
Kennedy Chandler,2023,20,PG,MEM,36,7.8,0.422,0.133,0.462,2.2,1.1,1.6,0.3,0.1,0.5,13.735384615384616,1,1.272345
Kenneth Faried,2012,22,PF,DEN,46,22.5,0.586,,0.665,10.2,7.7,0.8,0.7,1.0,1.2,15.174399999999999,3,1.25472
Kenneth Faried,2013,23,PF,DEN,80,28.1,0.552,,0.613,11.5,9.2,1.0,1.0,1.0,1.4,14.671601423487543,4,1.31124
Kenneth Faried,2014,24,PF,DEN,80,27.2,0.545,0.0,0.65,13.7,8.6,1.2,0.9,0.9,1.7,18.153529411764705,5,1.36764
Kenneth Faried,2015,25,PF,DEN,75,27.8,0.507,0.125,0.691,12.6,8.9,1.2,0.8,0.8,1.6,16.927769784172664,6,2.249768
Kenneth Faried,2016,26,PF,DEN,67,25.3,0.558,0.5,0.613,12.5,8.7,1.2,0.5,0.9,1.4,17.291383399209487,7,11.235955
Kenneth Faried,2017,27,PF,DEN,61,21.2,0.548,0.0,0.693,9.6,7.6,0.9,0.7,0.7,1.0,15.561509433962264,8,12.078652
Kenneth Faried,2018,28,PF,DEN,32,14.4,0.514,0.0,0.706,5.9,4.8,0.6,0.4,0.4,0.7,15.009999999999998,9,12.921348
Kenneth Faried,2019,29,C,HOU,37,19.7,0.589,0.32,0.646,10.4,6.8,0.5,0.5,0.6,0.9,16.97299492385787,10,0.683661
Kenny Thomas,2010,32,PF,SAC,26,12.0,0.486,,0.583,1.6,3.3,0.6,0.4,0.4,0.7,6.659999999999999,13,8.775
Kenrich Williams,2019,24,SF,NOP,46,23.5,0.384,0.333,0.684,6.1,4.8,1.8,1.0,0.4,0.8,10.839829787234041,5,0.838464
Kenrich Williams,2020,25,PF,NOP,39,21.3,0.347,0.258,0.346,3.5,4.8,1.5,0.7,0.5,0.6,7.957183098591548,6,1.416852
Kenrich Williams,2021,26,PF,OKC,66,21.6,0.533,0.444,0.571,8.0,4.1,2.3,0.8,0.3,1.2,13.066666666666666,7,2.437382
Kenrich Williams,2022,27,SF,OKC,49,21.9,0.461,0.339,0.545,7.4,4.5,2.2,0.9,0.2,0.9,12.96,8,2.312695
Kenrich Williams,2023,28,PF,OKC,53,22.8,0.517,0.373,0.436,8.0,4.9,2.0,0.8,0.3,0.6,11.696842105263157,9,2.120576
Kenrich Williams,2024,29,PF,OKC,69,14.9,0.468,0.397,0.5,4.7,3.0,1.3,0.6,0.1,0.5,11.326711409395973,10,6.358483
Kenrich Williams,2025,30,PF,OKC,69,16.4,0.483,0.386,0.718,6.3,3.5,1.4,0.6,0.1,0.6,13.09170731707317,11,6.669
Kent Bazemore,2013,23,SG,GSW,61,4.4,0.371,0.294,0.614,2.0,0.4,0.4,0.3,0.1,0.3,20.519999999999996,4,0.473604
Kent Bazemore,2014,24,SG,LAL,67,13.6,0.429,0.336,0.606,6.0,1.7,1.4,0.6,0.2,1.2,18.54,5,0.788872
Kent Bazemore,2015,25,SG,ATL,75,17.7,0.426,0.364,0.6,5.2,3.0,1.0,0.7,0.4,1.0,12.146440677966103,6,2.0
Kent Bazemore,2016,26,SF,ATL,75,27.8,0.441,0.357,0.815,11.6,5.1,2.3,1.3,0.5,1.8,16.03165467625899,7,2.0
Kent Bazemore,2017,27,SF,ATL,73,26.9,0.409,0.346,0.708,11.0,3.2,2.4,1.2,0.7,1.7,16.878513011152418,8,15.730338
Kent Bazemore,2018,28,SG,ATL,65,27.5,0.42,0.394,0.796,12.9,3.8,3.5,1.5,0.7,2.4,18.54196363636364,9,18.089887
Kent Bazemore,2019,29,SG,ATL,67,24.5,0.402,0.32,0.726,11.6,3.9,2.3,1.3,0.6,1.8,19.46057142857143,10,18.089887
Kent Bazemore,2020,30,SF,SAC,68,24.8,0.375,0.344,0.769,8.8,4.3,1.4,1.1,0.6,1.3,14.760000000000002,11,19.269662
Kent Bazemore,2021,31,SF,GSW,67,19.9,0.449,0.408,0.692,7.2,3.4,1.6,1.0,0.5,1.2,13.799396984924627,12,2.827417
Kent Bazemore,2022,32,SF,LAL,39,14.0,0.324,0.363,0.765,3.4,1.8,0.9,0.6,0.2,0.5,10.99542857142857,13,2.777011
Kentavious Caldwell-Pope,2014,20,SG,DET,80,19.8,0.396,0.319,0.77,5.9,2.0,0.7,0.9,0.2,0.4,11.912727272727272,1,2.65308
Kentavious Caldwell-Pope,2015,21,SG,DET,82,31.5,0.401,0.345,0.696,12.7,3.1,1.3,1.1,0.2,1.1,15.81257142857143,2,2.77248
Kentavious Caldwell-Pope,2016,22,SG,DET,76,36.7,0.42,0.309,0.811,14.5,3.7,1.8,1.4,0.2,1.4,15.027792915531334,3,2.89176
Kentavious Caldwell-Pope,2017,23,SG,DET,76,33.3,0.399,0.35,0.832,13.8,3.3,2.5,1.2,0.2,1.1,15.520000000000003,4,3.678319
Kentavious Caldwell-Pope,2018,24,SG,LAL,74,33.2,0.426,0.383,0.789,13.4,5.2,2.2,1.4,0.2,1.3,14.360963855421687,5,17.745894
Kentavious Caldwell-Pope,2019,25,SG,LAL,82,24.8,0.43,0.347,0.867,11.4,2.9,1.3,0.9,0.2,0.8,15.729677419354838,6,12.0
Kentavious Caldwell-Pope,2020,26,SG,LAL,69,25.5,0.467,0.385,0.775,9.3,2.1,1.6,0.8,0.2,0.9,12.508235294117647,7,8.089282
Kentavious Caldwell-Pope,2021,27,SG,LAL,67,28.4,0.431,0.41,0.866,9.7,2.7,1.9,0.9,0.4,1.0,11.849577464788732,8,14.713286
Kentavious Caldwell-Pope,2022,28,SG,WAS,77,30.2,0.435,0.39,0.89,13.2,3.4,1.9,1.1,0.3,1.3,15.472847682119209,9,15.077455
Kentavious Caldwell-Pope,2023,29,SG,DEN,76,31.3,0.462,0.423,0.824,10.8,2.7,2.4,1.5,0.5,1.1,11.621214057507988,10,14.849018
Kentavious Caldwell-Pope,2024,30,SG,DEN,76,31.6,0.46,0.406,0.894,10.1,2.4,2.4,1.3,0.6,1.0,10.663291139240505,11,15.14188
Kentavious Caldwell-Pope,2025,31,SG,ORL,77,29.6,0.439,0.342,0.863,8.7,2.2,1.8,1.3,0.4,0.8,10.25027027027027,12,22.757
Kenyon Martin,2010,32,PF,DEN,58,34.2,0.456,0.276,0.557,11.5,9.4,1.9,1.2,1.1,1.6,14.29052631578947,13,15.852511
Kenyon Martin,2011,33,PF,DEN,48,25.7,0.511,0.222,0.583,8.6,6.2,2.3,0.9,0.7,1.2,13.111284046692607,14,16.545454
Kenyon Martin,2012,34,PF,LAC,42,22.4,0.441,0.231,0.37,5.2,4.3,0.4,1.0,1.0,0.8,10.562142857142858,15,2.5
Kenyon Martin,2013,35,C,NYK,18,23.9,0.602,,0.425,7.2,5.3,0.4,0.9,0.9,0.9,10.646359832635984,16,0.170878
Kenyon Martin,2014,36,PF,NYK,32,19.8,0.512,0.0,0.579,4.3,4.2,1.6,0.8,0.8,0.8,8.843636363636362,17,0.884293
Kenyon Martin,2015,37,PF,MIL,11,9.5,0.409,,1.0,1.8,1.7,0.5,0.5,0.5,0.3,9.049263157894735,18,0.414551
Keon Ellis,2023,23,SG,SAC,16,4.4,0.438,0.5,0.571,1.5,0.5,0.4,0.3,0.1,0.1,10.44,4,0.539571
Keon Ellis,2024,24,SG,SAC,57,17.2,0.461,0.417,0.743,5.4,2.2,1.5,0.9,0.5,0.6,10.389767441860464,5,0.703737
Keon Ellis,2025,25,SG,SAC,80,24.4,0.489,0.433,0.849,8.3,2.7,1.5,1.5,0.8,0.9,10.599344262295084,6,2.120693
Keon Johnson,2022,19,SG,POR,37,18.8,0.353,0.34,0.804,7.2,2.2,2.1,0.8,0.3,1.2,17.647659574468083,1,2.952432
Keon Johnson,2023,20,SG,POR,40,10.4,0.376,0.346,0.659,4.7,1.1,1.5,0.5,0.2,1.1,20.907692307692308,1,2.842674
Keon Johnson,2024,21,SG,BRK,5,12.2,0.381,0.4,0.917,6.2,1.4,0.6,0.6,0.2,1.0,18.46032786885246,2,3.442091
Keon Johnson,2025,22,SG,BRK,79,24.4,0.389,0.314,0.77,10.6,3.8,2.2,1.0,0.4,1.5,17.98819672131148,3,2.162606
Keshad Johnson,2025,23,SF,MIA,16,6.1,0.692,0.429,0.444,2.7,1.8,0.3,0.3,0.3,0.3,12.771147540983609,4,0.724883
Kessler Edwards,2022,21,SF,BRK,48,20.6,0.412,0.353,0.842,5.9,3.6,0.6,0.6,0.5,0.9,11.666796116504853,2,0.535632
Kessler Edwards,2023,22,SF,SAC,36,10.7,0.387,0.309,0.733,2.8,1.7,0.6,0.4,0.2,0.4,10.685607476635516,3,1.736715
Kessler Edwards,2024,23,SF,SAC,54,5.1,0.415,0.385,0.556,1.7,0.8,0.3,0.2,0.1,0.1,11.915294117647061,4,1.985181
Kevin Durant,2010,21,SF,OKC,82,39.5,0.476,0.365,0.9,30.1,7.6,2.8,1.4,1.0,3.3,25.59918987341772,2,4.79688
Kevin Durant,2011,22,SF,OKC,78,38.9,0.462,0.35,0.88,27.7,6.8,2.7,1.1,1.0,2.8,24.365244215938304,3,6.053663
Kevin Durant,2012,23,SF,OKC,66,38.6,0.496,0.387,0.86,28.0,8.0,3.5,1.3,1.2,3.8,25.035854922279793,4,15.506632
Kevin Durant,2013,24,SF,OKC,81,38.5,0.51,0.416,0.905,28.1,7.9,4.6,1.4,1.3,3.5,23.64966233766234,5,17.832626
Kevin Durant,2014,25,SF,OKC,81,38.5,0.503,0.391,0.873,32.0,7.4,5.5,1.3,0.7,3.5,26.795220779220777,6,17.832627
Kevin Durant,2015,26,SF,OKC,27,33.8,0.51,0.403,0.854,25.4,6.6,4.1,0.9,0.9,2.7,24.254201183431952,7,18.995624
Kevin Durant,2016,27,SF,OKC,72,35.8,0.505,0.387,0.898,28.2,8.2,5.0,1.0,1.2,3.5,25.87977653631285,8,20.158622
Kevin Durant,2017,28,PF,GSW,62,33.4,0.537,0.375,0.875,25.1,8.3,4.8,1.1,1.6,2.2,23.096047904191618,9,26.5401
Kevin Durant,2019,30,SF,GSW,78,34.6,0.521,0.353,0.885,26.0,6.4,5.9,0.7,1.1,2.9,24.409248554913294,11,30.0
Kevin Durant,2021,32,PF,BRK,35,33.1,0.537,0.45,0.882,26.9,7.1,5.6,0.7,1.3,3.4,25.65897280966767,13,48.880434
Kevin Durant,2022,33,PF,BRK,55,37.2,0.518,0.383,0.91,29.9,7.4,6.4,0.9,0.9,3.5,26.183225806451613,14,48.588451
Kevin Durant,2023,34,PF-SF,PHO,47,35.6,0.56,0.404,0.919,29.1,6.7,5.0,0.7,1.4,3.3,25.001797752808987,15,46.779742
Kevin Durant,2024,35,PF,PHO,75,37.2,0.523,0.413,0.856,27.1,6.6,5.0,0.9,1.2,3.3,24.06193548387097,16,49.065286
Kevin Durant,2025,36,PF,PHO,62,36.5,0.527,0.43,0.839,26.6,6.0,4.2,0.8,1.2,3.1,23.426630136986304,17,51.179021
Kevin Garnett,2010,33,PF,BOS,69,29.9,0.521,0.2,0.837,14.3,7.3,2.7,1.0,0.8,1.5,16.986220735785952,14,16.417044
Kevin Garnett,2011,34,PF,BOS,71,31.3,0.528,0.2,0.862,14.9,8.9,2.4,1.3,0.8,1.6,16.750926517571884,15,18.832044
Kevin Garnett,2012,35,C,BOS,60,31.1,0.503,0.333,0.857,15.8,8.2,2.9,0.9,1.0,1.8,18.76167202572347,16,21.247044
Kevin Garnett,2013,36,C,BOS,68,29.7,0.496,0.125,0.786,14.8,7.8,2.3,1.1,0.9,1.6,18.69090909090909,17,11.566265
Kevin Garnett,2014,37,C,BRK,54,20.5,0.441,0.0,0.809,6.5,6.6,1.5,0.8,0.7,1.3,14.568585365853655,18,12.433735
Kevin Garnett,2015,38,PF,MIN,47,20.3,0.467,0.143,0.8,6.9,6.6,1.6,1.0,0.4,1.0,14.080788177339903,19,12.0
Kevin Garnett,2016,39,PF,MIN,38,14.6,0.47,0.0,0.667,3.2,3.9,1.6,0.7,0.3,0.4,9.034520547945206,20,8.5
Kevin Huerter,2019,20,SG,ATL,75,27.3,0.419,0.385,0.732,9.7,3.3,2.9,0.9,0.3,1.5,13.98857142857143,1,2.25096
Kevin Huerter,2020,21,SG,ATL,56,31.4,0.413,0.38,0.828,12.2,4.1,3.8,0.9,0.5,1.6,14.886114649681529,2,2.63628
Kevin Huerter,2021,22,SG,ATL,69,30.8,0.432,0.363,0.781,11.9,3.3,3.5,1.2,0.3,1.1,14.138181818181819,3,3.365928
Kevin Huerter,2022,23,SG,ATL,74,29.6,0.454,0.389,0.808,12.1,3.4,2.7,0.7,0.4,1.2,14.36108108108108,4,4.918358
Kevin Huerter,2023,24,SG,SAC,75,29.4,0.485,0.402,0.725,15.2,3.3,2.9,1.1,0.3,1.3,16.58938775510204,5,15.383643
Kevin Huerter,2024,25,SG,SAC,64,24.4,0.443,0.361,0.766,10.2,3.5,2.6,0.7,0.4,0.8,14.618360655737707,6,16.13525
Kevin Huerter,2025,26,SG,CHI,69,24.3,0.425,0.338,0.714,9.9,3.0,2.3,1.0,0.3,1.0,14.974814814814815,7,16.830357
Kevin Jones,2013,23,PF,CLE,32,10.4,0.402,,0.6,3.0,2.4,0.3,0.3,0.2,0.3,13.22307692307692,4,0.390027
Kevin Knox,2021,21,SF,NYK,42,11.0,0.392,0.393,0.8,3.9,1.5,0.5,0.3,0.1,0.4,13.156363636363638,2,5.592185
Kevin Knox,2022,22,SF,ATL,30,7.4,0.365,0.278,0.727,3.1,1.5,0.3,0.1,0.1,0.2,16.092972972972973,3,6.759982
Kevin Knox,2023,23,PF-SF,POR,63,15.1,0.458,0.349,0.767,6.6,2.8,0.5,0.4,0.2,0.8,15.59205298013245,4,3.180864
Kevin Knox,2024,24,SF,DET,31,18.1,0.462,0.33,0.909,7.2,2.4,0.7,0.4,0.2,0.7,13.938563535911602,5,2.208036
Kevin Knox,2025,25,SF,GSW,14,6.0,0.5,0.267,0.75,3.3,1.2,0.4,0.1,0.3,0.3,18.983999999999998,6,0.503883
Kevin Love,2010,21,PF,MIN,60,28.6,0.45,0.33,0.815,14.0,11.0,2.3,0.7,0.4,2.0,18.659580419580422,2,3.40104
Kevin Love,2011,22,PF,MIN,73,35.8,0.47,0.417,0.85,20.2,15.2,2.5,0.6,0.4,2.1,19.299217877094975,3,3.63828
Kevin Love,2012,23,PF,MIN,55,39.0,0.448,0.372,0.824,26.0,13.3,2.0,0.9,0.5,2.3,23.350153846153848,4,4.609701
Kevin Love,2013,24,PF,MIN,18,34.3,0.352,0.217,0.704,18.3,14.0,2.3,0.7,0.5,2.2,23.380058309037903,5,13.66875
Kevin Love,2014,25,PF,MIN,77,36.3,0.457,0.376,0.821,26.1,12.5,4.4,0.8,0.5,2.5,24.404628099173557,6,14.693906
Kevin Love,2015,26,PF,CLE,75,33.8,0.434,0.367,0.804,16.4,9.7,2.2,0.7,0.5,1.6,17.245917159763316,7,15.719063
Kevin Love,2016,27,PF,CLE,77,31.5,0.419,0.36,0.822,16.0,9.9,2.4,0.8,0.5,1.8,18.633142857142857,8,19.689
Kevin Love,2017,28,PF,CLE,60,31.4,0.427,0.373,0.871,19.0,11.1,1.9,0.9,0.4,2.0,21.38904458598726,9,21.165675
Kevin Love,2018,29,C,CLE,59,28.0,0.458,0.415,0.88,17.6,9.3,1.7,0.7,0.4,1.5,20.41714285714286,10,24.119025
Kevin Love,2019,30,PF,CLE,22,27.2,0.385,0.361,0.904,17.0,10.9,2.2,0.3,0.2,1.9,22.616470588235295,11,24.119025
Kevin Love,2020,31,PF,CLE,56,31.8,0.45,0.374,0.854,17.6,9.8,3.2,0.6,0.3,2.5,19.48981132075472,12,28.94283
Kevin Love,2021,32,PF,CLE,25,24.9,0.409,0.365,0.824,12.2,7.4,2.5,0.6,0.1,1.5,18.043373493975906,13,38.094169
Kevin Love,2022,33,PF,CLE,74,22.5,0.43,0.392,0.838,13.6,7.2,2.2,0.4,0.2,1.3,20.460800000000003,14,36.145407
Kevin Love,2023,34,PF,MIA,62,20.0,0.389,0.334,0.879,8.2,6.4,1.9,0.3,0.2,1.1,15.408000000000001,15,32.399186
Kevin Love,2024,35,PF,MIA,55,16.8,0.44,0.344,0.787,8.8,6.1,2.1,0.3,0.2,0.9,17.74285714285714,16,3.949713
Kevin Love,2025,36,PF,MIA,23,10.9,0.357,0.358,0.696,5.3,4.1,1.0,0.7,0.2,0.6,19.948623853211007,17,3.85
Kevin Martin,2010,26,SG,HOU,46,35.5,0.417,0.333,0.876,20.6,3.6,2.4,1.0,0.1,2.0,20.642704225352112,7,9.68017
Kevin Martin,2011,27,SG,HOU,80,32.5,0.436,0.383,0.888,23.5,3.2,2.5,1.0,0.2,2.3,24.14326153846154,8,10.600005
Kevin Martin,2012,28,SG,HOU,40,31.6,0.413,0.347,0.894,17.1,2.7,2.8,0.7,0.1,1.8,19.572151898734177,9,11.51984
Kevin Martin,2013,29,SG,OKC,77,27.7,0.45,0.426,0.89,14.0,2.3,1.4,0.9,0.1,1.3,16.6457761732852,10,12.439675
Kevin Martin,2014,30,SG,MIN,68,32.0,0.43,0.387,0.891,19.1,3.0,1.8,1.0,0.1,1.6,21.150000000000002,11,6.5
Kevin Martin,2015,31,SG,MIN,39,33.4,0.427,0.393,0.881,20.0,3.6,2.3,0.8,0.0,1.9,21.617245508982034,12,6.7925
Kevin Martin,2016,32,SG,SAS,55,19.9,0.372,0.36,0.89,9.3,2.0,1.1,0.5,0.1,1.0,18.025326633165832,13,0.2006
Kevin Murphy,2013,22,SG,UTA,17,3.1,0.25,0.2,,0.9,0.2,0.1,0.1,0.0,0.2,20.903225806451612,3,0.473604
Kevin Ollie,2010,37,PG,OKC,25,10.5,0.4,0.0,1.0,1.8,1.0,0.8,0.4,0.0,0.2,7.3097142857142865,18,0.825497
Kevin Pangos,2022,29,PG,CLE,24,6.9,0.326,0.231,0.75,1.6,0.5,1.3,0.1,0.0,0.3,11.937391304347825,10,1.814515
Kevin Porter Jr.,2020,19,SF,CLE,50,23.2,0.442,0.335,0.723,10.0,3.2,2.2,0.9,0.3,1.9,17.34827586206897,1,1.29096
Kevin Porter Jr.,2025,24,SG,MIL,75,19.8,0.449,0.311,0.769,10.3,3.7,3.4,1.1,0.2,1.8,20.93090909090909,5,3.366937
Kevin Seraphin,2011,21,PF,WAS,58,10.9,0.449,,0.71,2.7,2.6,0.2,0.3,0.5,0.7,11.295412844036697,2,1.56312
Kevin Seraphin,2012,22,C,WAS,57,20.6,0.531,0.0,0.671,7.9,4.9,0.6,0.3,1.3,1.2,14.728543689320386,3,1.68036
Kevin Seraphin,2013,23,C,WAS,79,21.8,0.461,,0.693,9.1,4.4,0.7,0.3,0.7,1.6,18.46899082568807,4,2.761114
Kevin Seraphin,2014,24,C,WAS,53,10.9,0.505,,0.871,4.7,2.4,0.3,0.1,0.5,0.8,17.385688073394498,5,2.761114
Kevin Seraphin,2015,25,C,WAS,79,15.6,0.513,0.0,0.707,6.6,3.6,0.7,0.1,0.7,1.2,16.93846153846154,6,3.898692
Kevin Seraphin,2016,26,C,NYK,48,11.0,0.41,0.0,0.826,3.9,2.6,1.0,0.2,0.8,0.9,17.73818181818182,7,2.814
Kevin Seraphin,2017,27,PF,IND,49,11.4,0.551,0.0,0.636,4.7,2.9,0.5,0.1,0.4,0.6,15.082105263157892,8,1.8
Kevon Harris,2023,25,SG,ORL,34,13.4,0.439,0.372,0.756,4.1,2.1,0.5,0.5,0.1,0.6,11.358805970149254,6,0.539571
Kevon Harris,2024,26,SG,ORL,2,3.0,0.667,0.0,0.0,2.0,1.0,0.5,0.0,0.0,0.5,24.0,7,0.576415
Kevon Looney,2016,19,PF,GSW,5,4.2,0.571,0.5,,1.8,2.0,0.0,0.0,0.0,0.2,13.714285714285712,1,1.13196
Kevon Looney,2017,20,C,GSW,53,8.4,0.523,0.222,0.618,2.5,2.3,0.5,0.3,0.3,0.3,10.988571428571428,1,1.18284
Kevon Looney,2018,21,C,GSW,66,13.8,0.58,0.2,0.545,4.0,3.3,0.6,0.5,0.8,0.5,10.24695652173913,2,1.471382
Kevon Looney,2019,22,C,GSW,80,18.5,0.625,0.1,0.619,6.3,5.2,1.5,0.6,0.7,0.6,10.648216216216216,3,1.512601
Kevon Looney,2020,23,C,GSW,20,13.1,0.367,0.071,0.75,3.4,3.3,1.0,0.6,0.3,0.6,13.366717557251908,4,4.464226
Kevon Looney,2021,24,C,GSW,61,19.0,0.548,0.235,0.646,4.1,5.3,2.0,0.3,0.4,0.6,7.866947368421053,5,5.875834
Kevon Looney,2022,25,C,GSW,82,21.1,0.571,0.0,0.6,6.0,7.3,2.0,0.6,0.6,0.8,9.998104265402842,6,5.988228
Kevon Looney,2023,26,C,GSW,82,23.9,0.63,0.0,0.606,7.0,9.3,2.5,0.6,0.6,0.5,9.091882845188286,7,8.482304
Kevon Looney,2024,27,C,GSW,74,16.1,0.597,0.0,0.675,4.5,5.7,1.8,0.4,0.4,0.7,9.579130434782607,8,7.722854
Kevon Looney,2025,28,C,GSW,76,15.0,0.514,0.4,0.566,4.5,6.1,1.6,0.6,0.5,0.5,11.4528,9,8.0
Keyon Dooling,2010,29,PG,NJN,53,18.3,0.398,0.376,0.77,6.9,1.0,2.5,0.6,0.0,1.1,15.20262295081967,10,3.564
Keyon Dooling,2011,30,PG,MIL,80,22.0,0.397,0.346,0.83,7.1,1.5,3.0,0.7,0.1,1.1,13.300363636363636,11,2.08
Keyon Dooling,2012,31,SG,BOS,46,14.4,0.405,0.333,0.742,4.0,0.8,1.1,0.3,0.0,0.7,11.270000000000001,12,2.2464
Keyon Dooling,2013,32,PG,MEM,7,11.7,0.476,0.417,0.857,4.4,0.1,1.1,0.1,0.0,0.7,12.73846153846154,13,0.075387
Keyontae Johnson,2024,23,SF,OKC,9,7.3,0.313,0.333,0.0,1.2,1.1,0.4,0.1,0.0,0.4,10.849315068493151,4,0.576415
Keyonte George,2024,20,PG,UTA,75,27.0,0.391,0.334,0.848,13.0,2.8,4.4,0.5,0.1,2.5,19.62666666666667,1,4.005356
Keyonte George,2025,21,PG,UTA,67,31.5,0.391,0.343,0.818,16.8,3.8,5.6,0.7,0.1,2.7,20.905142857142856,2,4.0842
Khem Birch,2018,25,C,ORL,42,13.8,0.54,,0.689,4.2,4.3,0.8,0.4,0.5,0.5,10.852173913043478,6,1.378242
Khem Birch,2019,26,C,ORL,50,12.9,0.603,0.0,0.699,4.8,3.8,0.8,0.4,0.6,0.4,11.575813953488375,7,1.378242
Khem Birch,2020,27,C,ORL,48,19.2,0.51,0.0,0.653,4.4,4.6,1.0,0.4,0.5,0.6,8.4825,8,3.0
Khem Birch,2021,28,C,TOR,67,22.8,0.497,0.25,0.705,7.2,5.8,1.3,0.7,0.7,0.7,11.425263157894738,9,3.670087
Khem Birch,2022,29,C,TOR,55,18.0,0.485,0.0,0.746,4.5,4.3,1.0,0.5,0.5,0.5,9.344000000000001,10,7.342806
Khem Birch,2023,30,C,TOR,20,8.1,0.594,0.5,0.8,2.2,1.3,0.4,0.3,0.3,0.4,9.475555555555557,11,7.06947
Khris Middleton,2013,21,SG,DET,27,17.6,0.44,0.311,0.844,6.1,1.9,1.0,0.6,0.1,0.4,12.534545454545453,2,0.473604
Khris Middleton,2014,22,SF,MIL,82,30.0,0.44,0.414,0.861,12.1,3.8,2.1,1.0,0.2,1.5,15.1776,3,0.788872
Khris Middleton,2015,23,SF,MIL,79,30.1,0.467,0.407,0.859,13.4,4.4,2.3,1.5,0.1,1.4,15.883056478405317,4,0.915243
Khris Middleton,2016,24,SG,MIL,79,36.1,0.444,0.396,0.888,18.2,3.8,4.2,1.7,0.2,2.3,18.464709141274238,5,14.7
Khris Middleton,2017,25,SF,MIL,29,30.7,0.45,0.433,0.88,14.7,4.2,3.4,1.4,0.2,2.2,17.716221498371336,6,15.2
Khris Middleton,2018,26,SF,MIL,82,36.4,0.466,0.359,0.884,20.1,5.2,4.0,1.5,0.3,2.3,19.51912087912088,7,1.3
Khris Middleton,2019,27,SF,MIL,77,31.1,0.441,0.378,0.837,18.3,6.0,4.3,1.0,0.1,2.3,21.641672025723473,8,13.0
Khris Middleton,2020,28,SF,MIL,62,29.9,0.497,0.415,0.916,20.9,6.2,4.3,0.9,0.1,2.2,23.03036789297659,9,30.603448
Khris Middleton,2021,29,SF,MIL,68,33.4,0.476,0.414,0.898,20.4,6.0,5.4,1.1,0.1,2.6,21.492215568862278,10,40.279853
Khris Middleton,2022,30,SF,MIL,66,32.4,0.443,0.373,0.89,20.1,5.4,5.4,1.2,0.3,2.9,22.595555555555556,11,41.050337
Khris Middleton,2023,31,SF,MIL,33,24.3,0.436,0.315,0.902,15.1,4.2,4.9,0.7,0.2,2.2,23.502222222222223,12,40.274272
Khris Middleton,2024,32,SF,MIL,55,27.0,0.493,0.381,0.833,15.1,4.7,5.3,0.9,0.3,2.3,19.95733333333333,13,30.19223
Khris Middleton,2025,33,SF,WAS,37,22.8,0.475,0.361,0.857,11.9,3.7,4.1,0.9,0.2,1.5,18.33473684210526,14,31.0
Khyri Thomas,2019,22,SG,DET,26,7.5,0.319,0.286,0.636,2.3,0.8,0.3,0.3,0.2,0.2,14.764800000000003,3,0.838464
Khyri Thomas,2020,23,SG,DET,8,7.6,0.294,0.357,0.5,2.1,0.1,0.4,0.4,0.0,0.4,12.88421052631579,4,1.416852
Khyri Thomas,2021,24,SG,HOU,5,30.6,0.485,0.333,1.0,16.4,3.6,5.0,1.8,1.2,1.2,17.872941176470587,5,1.293376
Killian Hayes,2021,19,PG,DET,26,25.8,0.353,0.278,0.824,6.8,2.7,5.3,1.0,0.4,3.2,15.639069767441862,1,6.467741
Killian Hayes,2022,20,PG,DET,66,25.0,0.383,0.263,0.77,6.9,3.2,4.2,1.2,0.5,1.7,13.22496,1,6.443954
Killian Hayes,2023,21,PG,DET,76,28.3,0.377,0.28,0.821,10.3,2.9,6.2,1.4,0.4,2.3,17.376678445229683,2,6.189706
Killian Hayes,2024,22,PG,DET,42,24.0,0.413,0.297,0.66,6.9,2.8,4.9,0.9,0.5,1.2,12.641999999999998,3,7.634253
Killian Hayes,2025,23,PG,BRK,6,27.0,0.419,0.381,0.833,9.0,3.0,5.2,0.7,0.7,1.5,12.773333333333333,4,0.119972
Killian Tillie,2021,22,C,MEM,18,10.1,0.333,0.303,0.818,3.2,1.3,0.4,0.3,0.4,0.1,12.703366336633668,3,0.547332
Killian Tillie,2022,23,C,MEM,36,12.8,0.339,0.314,0.625,3.3,1.7,0.6,0.6,0.4,0.4,11.21625,4,2.198939
Kim English,2013,24,SG,DET,41,9.9,0.375,0.28,0.724,2.9,0.9,0.6,0.4,0.1,0.5,12.756363636363636,5,0.473604
Kirk Hinrich,2010,29,SG,CHI,74,33.5,0.409,0.371,0.752,10.9,3.5,4.5,1.1,0.3,1.5,13.282388059701493,10,9.5
Kirk Hinrich,2011,30,SG-PG,ATL,72,30.0,0.446,0.399,0.841,10.2,2.5,4.0,1.0,0.2,1.7,13.430399999999997,11,9.1
Kirk Hinrich,2012,31,SG,ATL,48,25.8,0.414,0.346,0.781,6.6,2.1,2.8,0.8,0.2,1.2,10.61581395348837,12,8.0
Kirk Hinrich,2013,32,PG,CHI,60,29.4,0.377,0.39,0.714,7.7,2.6,5.2,1.1,0.4,1.7,11.515102040816327,13,4.059
Kirk Hinrich,2014,33,PG,CHI,73,29.0,0.393,0.351,0.76,9.1,2.6,3.9,1.1,0.4,1.6,13.466482758620689,14,4.059
Kirk Hinrich,2015,34,SG,CHI,66,24.4,0.373,0.345,0.7,5.7,1.8,2.2,0.7,0.2,1.1,10.699672131147542,15,2.732
Kirk Hinrich,2016,35,PG,ATL,46,13.7,0.38,0.387,0.938,3.0,1.5,1.6,0.3,0.0,0.7,9.543941605839414,16,2.85494
Klay Thompson,2012,21,SG,GSW,66,24.4,0.443,0.414,0.868,12.5,2.4,2.0,0.7,0.3,1.6,19.351475409836066,2,2.12652
Klay Thompson,2013,22,SG,GSW,82,35.8,0.422,0.401,0.841,16.6,3.7,2.2,1.0,0.5,1.9,17.53340782122905,3,2.22216
Klay Thompson,2014,23,SG,GSW,81,35.4,0.444,0.417,0.795,18.4,3.1,2.2,0.9,0.5,1.7,18.520677966101694,4,2.31792
Klay Thompson,2015,24,SG,GSW,77,31.9,0.463,0.439,0.879,21.7,3.2,2.9,1.1,0.8,1.9,22.85492163009404,5,3.07588
Klay Thompson,2016,25,SG,GSW,80,33.3,0.47,0.425,0.873,22.1,3.8,2.1,0.8,0.6,1.7,21.872432432432433,6,15.501
Klay Thompson,2017,26,SG,GSW,78,34.0,0.468,0.414,0.853,22.3,3.7,2.1,0.8,0.5,1.6,21.633882352941182,7,16.663575
Klay Thompson,2018,27,SG,GSW,73,34.3,0.488,0.44,0.837,20.0,3.8,2.5,0.8,0.5,1.8,19.492478134110787,8,17.82615
Klay Thompson,2019,28,SG,GSW,78,34.0,0.467,0.402,0.816,21.5,3.8,2.4,1.1,0.6,1.5,21.578823529411764,9,18.988725
Klay Thompson,2022,31,SG,GSW,32,29.4,0.429,0.385,0.902,20.4,3.9,2.8,0.5,0.5,1.3,24.372244897959185,12,43.918911
Klay Thompson,2023,32,SG,GSW,69,33.0,0.436,0.412,0.879,21.9,4.1,2.4,0.7,0.4,1.8,22.62109090909091,13,43.047777
Klay Thompson,2024,33,SF,GSW,77,29.7,0.432,0.387,0.927,17.9,3.3,2.3,0.6,0.5,1.5,20.596363636363634,14,44.503661
Klay Thompson,2025,34,SF,DAL,72,27.3,0.412,0.391,0.905,14.0,3.4,2.0,0.7,0.4,1.2,18.25054945054945,15,15.873016
Kobe Brown,2024,24,PF,LAC,44,9.0,0.411,0.292,0.5,2.0,1.4,0.6,0.3,0.1,0.2,8.8,5,2.485066
Kobe Brown,2025,25,PF,LAC,40,6.8,0.458,0.231,0.714,1.9,1.6,0.6,0.2,0.1,0.3,11.583529411764706,6,2.53392
Kobe Bryant,2010,31,SG,LAL,73,38.8,0.456,0.329,0.811,27.0,5.4,5.0,1.5,0.3,3.2,25.93855670103093,12,23.034375
Kobe Bryant,2011,32,SG,LAL,82,33.9,0.451,0.323,0.828,25.3,5.1,4.7,1.2,0.1,3.0,27.742300884955753,13,24.80625
Kobe Bryant,2012,33,SG,LAL,58,38.5,0.43,0.303,0.845,27.9,5.4,4.6,1.2,0.3,3.5,27.988363636363633,14,25.244493
Kobe Bryant,2013,34,SG,LAL,78,38.6,0.463,0.324,0.839,27.3,5.6,6.0,1.4,0.3,3.7,25.759585492227977,15,30.453805
Kobe Bryant,2014,35,SG,LAL,6,29.5,0.425,0.188,0.857,13.8,4.3,6.3,1.2,0.2,5.7,23.72338983050847,16,30.453805
Kobe Bryant,2015,36,SG,LAL,35,34.5,0.373,0.293,0.813,22.3,5.7,5.6,1.3,0.2,3.7,28.31582608695652,17,23.5
Kobe Bryant,2016,37,SF,LAL,66,28.2,0.358,0.285,0.826,17.6,3.7,2.8,0.9,0.2,2.0,26.542978723404254,18,25.0
Kobe Bufkin,2024,20,SG,ATL,17,11.5,0.37,0.225,0.5,4.8,1.9,1.6,0.4,0.3,0.6,19.471304347826084,1,4.2159
Kobe Bufkin,2025,21,SG,ATL,10,12.4,0.383,0.211,0.722,5.3,2.1,1.7,0.3,0.2,0.8,18.267096774193547,2,4.299
Kobi Simmons,2023,25,PG,CHO,5,5.6,0.167,0.2,1.0,1.0,0.8,1.0,0.0,0.4,0.2,10.131428571428572,6,0.034772
Kobi Simmons,2024,26,PG,TOR,4,16.8,0.429,0.25,0.0,5.0,1.8,3.0,1.5,0.5,0.3,12.0,7,0.123823
Kosta Koufos,2010,20,C,UTA,36,4.8,0.468,,0.6,1.5,1.3,0.2,0.1,0.1,0.4,14.07,1,1.21404
Kosta Koufos,2011,21,C,DEN,50,8.7,0.453,0.0,0.558,3.2,2.6,0.1,0.2,0.5,0.6,16.535172413793106,2,1.29864
Kosta Koufos,2012,22,C,DEN,48,16.5,0.599,,0.6,5.5,5.4,0.3,0.5,0.9,0.7,11.310545454545455,3,2.203792
Kosta Koufos,2013,23,C,DEN,81,22.4,0.581,0.0,0.558,8.0,6.9,0.4,0.5,1.3,0.7,12.169285714285714,4,3.0
Kosta Koufos,2014,24,C,MEM,80,16.9,0.495,,0.645,6.4,5.2,0.5,0.4,0.9,0.8,14.970887573964497,5,3.0
Kosta Koufos,2015,25,C,MEM,81,16.6,0.508,,0.647,5.2,5.3,0.5,0.4,0.8,0.9,12.448192771084338,6,3.0
Kosta Koufos,2016,26,C,SAC,78,19.0,0.532,,0.548,6.8,5.4,0.4,0.5,0.9,0.6,13.020631578947368,7,7.7
Kosta Koufos,2017,27,C,SAC,71,20.0,0.551,0.0,0.613,6.6,5.7,0.7,0.5,0.7,0.9,12.232800000000001,8,8.0465
Kosta Koufos,2018,28,C,SAC,71,19.6,0.571,,0.446,6.7,6.6,1.2,0.7,0.5,0.7,12.19591836734694,9,8.393
Kosta Koufos,2019,29,C,SAC,42,12.0,0.477,,0.417,3.7,4.2,0.9,0.4,0.4,0.6,13.391999999999998,10,8.7395
Kostas Antetokounmpo,2021,23,PF,LAL,15,3.7,0.3,,0.462,0.8,1.3,0.1,0.1,0.3,0.7,17.474594594594596,4,0.547332
Kostas Papanikolaou,2015,24,SF,HOU,43,18.5,0.35,0.292,0.722,4.2,2.7,2.0,0.7,0.3,1.3,11.823567567567567,5,4.797664
Kostas Papanikolaou,2016,25,SF,DEN,26,11.3,0.364,0.313,0.643,2.6,1.5,0.6,0.5,0.2,0.8,11.214159292035399,6,0.800321
Kris Dunn,2017,22,PG,MIN,78,17.1,0.377,0.288,0.61,3.8,2.1,2.4,1.0,0.5,1.1,11.477894736842103,3,3.87252
Kris Dunn,2018,23,PG,CHI,52,29.3,0.429,0.321,0.737,13.4,4.3,6.0,2.0,0.5,2.9,20.479453924914676,4,4.221
Kris Dunn,2019,24,PG,CHI,46,30.2,0.425,0.354,0.797,11.3,4.1,6.0,1.5,0.5,2.3,16.64105960264901,5,4.221
Kris Dunn,2020,25,PG,CHI,51,24.9,0.444,0.259,0.741,7.3,3.6,3.4,2.0,0.3,1.3,12.266024096385541,6,5.348007
Kris Dunn,2021,26,PG,ATL,4,11.3,0.083,0.0,0.75,1.3,1.5,0.5,0.5,0.5,0.8,13.507964601769912,7,5.809502
Kris Dunn,2022,27,PG,POR,14,24.0,0.431,0.091,0.944,7.6,3.5,5.6,1.6,0.2,2.3,15.258000000000001,8,6.148796
Kris Dunn,2023,28,PG,UTA,22,25.8,0.537,0.472,0.774,13.2,4.5,5.6,1.1,0.5,1.6,17.380465116279073,9,1.060289
Kris Dunn,2024,29,PG,UTA,66,18.9,0.47,0.369,0.688,5.4,2.9,3.8,1.0,0.4,1.2,11.657142857142858,10,2.663338
Kris Dunn,2025,30,PG,LAC,74,24.1,0.439,0.335,0.682,6.4,3.4,2.8,1.7,0.4,1.0,10.504232365145228,11,5.168
Kris Humphries,2010,24,PF,NJN,69,17.7,0.441,0.0,0.668,7.1,5.5,0.5,0.5,0.7,1.0,16.539661016949157,5,2.9
Kris Humphries,2011,25,PF,NJN,74,27.9,0.527,0.0,0.665,10.0,10.4,1.1,0.4,1.1,1.4,13.476129032258067,6,3.2
Kris Humphries,2012,26,PF,NJN,62,34.9,0.481,,0.752,13.8,11.0,1.5,0.8,1.2,1.9,15.14269340974212,7,8.0
Kris Humphries,2013,27,PF,BRK,65,18.3,0.448,0.0,0.789,5.8,5.6,0.5,0.2,0.5,0.9,12.857704918032788,8,12.0
Kris Humphries,2014,28,PF,BOS,69,19.9,0.501,0.0,0.813,8.4,5.9,1.0,0.4,0.9,0.9,15.42030150753769,9,12.0
Kris Humphries,2015,29,PF,WAS,64,21.0,0.473,0.0,0.744,8.0,6.5,0.9,0.5,0.4,0.7,14.557714285714285,10,4.25
Kris Humphries,2016,30,PF,ATL,53,15.8,0.41,0.315,0.798,6.5,4.1,0.7,0.3,0.4,0.7,15.958481012658225,11,1.0
Kris Humphries,2017,31,PF,ATL,56,12.3,0.407,0.352,0.78,4.6,3.7,0.5,0.3,0.4,0.5,14.517073170731706,12,4.0
Kris Joseph,2013,24,SF,BRK,10,5.4,0.143,0.0,0.625,0.9,0.7,0.1,0.3,0.0,0.2,13.01333333333333,5,0.027859
Kris Murray,2024,23,SF,POR,62,21.7,0.396,0.268,0.661,6.1,3.6,1.3,0.9,0.3,0.9,11.938064516129035,4,2.932114
Kris Murray,2025,24,SF,POR,69,15.1,0.419,0.225,0.456,4.2,2.6,1.0,0.5,0.2,0.6,11.806092715231788,5,2.99004
Kristaps Porzingis,2016,20,PF,NYK,72,28.4,0.421,0.333,0.838,14.3,7.3,1.3,0.7,1.9,1.7,19.58704225352113,1,4.13172
Kristaps Porzingis,2017,21,PF,NYK,66,32.8,0.45,0.357,0.786,18.1,7.2,1.5,0.7,2.0,1.8,20.164390243902442,2,4.31772
Kristaps Porzingis,2018,22,PF,NYK,48,32.4,0.439,0.395,0.793,22.7,6.6,1.2,0.8,2.4,1.9,25.45333333333333,3,5.697054
Kristaps Porzingis,2020,24,C,DAL,57,31.8,0.427,0.352,0.799,20.4,9.5,1.8,0.7,2.0,1.6,22.867924528301884,5,27.285
Kristaps Porzingis,2021,25,C,DAL,43,30.9,0.476,0.376,0.855,20.1,8.9,1.6,0.5,1.3,1.2,21.56271844660194,6,35.912155
Kristaps Porzingis,2022,26,PF,WAS,51,29.0,0.459,0.31,0.867,20.2,8.1,2.3,0.7,1.6,1.6,23.665655172413793,7,36.599093
Kristaps Porzingis,2025,29,C,BOS,42,28.8,0.483,0.412,0.809,19.5,6.8,2.1,0.7,1.5,1.3,21.334999999999994,10,29.268293
Kurt Thomas,2010,37,C,MIL,70,15.0,0.476,,0.8,3.0,4.2,0.7,0.4,0.7,0.7,9.091199999999999,18,3.8
Kurt Thomas,2011,38,PF,CHI,52,22.7,0.511,1.0,0.625,4.1,5.8,1.2,0.6,0.8,0.8,7.396651982378855,19,1.8
Kurt Thomas,2012,39,C,POR,53,15.2,0.465,,0.7,3.0,3.5,0.9,0.5,0.6,0.6,8.943157894736842,20,1.352181
Kurt Thomas,2013,40,PF,NYK,39,10.1,0.542,1.0,0.462,2.5,2.3,0.5,0.3,0.4,0.2,8.66851485148515,20,1.352181
Kwame Brown,2010,27,C,DET,48,13.8,0.5,0.0,0.337,3.3,3.7,0.5,0.3,0.3,0.9,11.42608695652174,8,4.0
Kwame Brown,2011,28,C,CHA,66,26.0,0.517,,0.589,7.9,6.8,0.7,0.4,0.6,1.0,11.409230769230769,9,0.854389
Kwame Brown,2012,29,C,GSW,9,20.8,0.525,,0.441,6.3,6.3,0.4,0.9,0.0,1.6,13.278461538461539,10,6.75
Kwame Brown,2013,30,C,PHI,22,12.2,0.459,,0.368,1.9,3.4,0.4,0.3,0.5,0.4,7.365245901639344,11,2.819044
Ky Bowman,2020,22,PG,GSW,45,22.6,0.417,0.308,0.829,7.4,2.7,2.9,1.0,0.2,1.6,14.48920353982301,3,0.350189
Kyle Anderson,2015,21,SF,SAS,33,10.8,0.348,0.273,0.643,2.2,2.2,0.8,0.5,0.2,0.3,10.586666666666668,2,1.09368
Kyle Anderson,2016,22,SF,SAS,78,16.0,0.468,0.324,0.747,4.5,3.1,1.6,0.8,0.4,0.8,11.439,3,1.14288
Kyle Anderson,2017,23,SF,SAS,72,14.2,0.445,0.375,0.789,3.4,2.9,1.3,0.7,0.4,0.5,9.512112676056338,4,1.19208
Kyle Anderson,2018,24,SF,SAS,74,26.7,0.527,0.333,0.712,7.9,5.4,2.7,1.6,0.8,1.3,10.89438202247191,5,2.151704
Kyle Anderson,2019,25,SF,MEM,43,29.8,0.543,0.265,0.578,8.0,5.8,3.0,1.3,0.9,1.3,10.099328859060403,6,8.641
Kyle Anderson,2020,26,SF,MEM,67,19.9,0.474,0.282,0.667,5.8,4.3,2.4,0.8,0.6,1.0,11.62854271356784,7,9.07305
Kyle Anderson,2021,27,PF,MEM,69,27.3,0.468,0.36,0.783,12.4,5.7,3.6,1.2,0.8,1.2,15.676483516483517,8,11.583784
Kyle Anderson,2022,28,PF,MEM,69,21.5,0.446,0.33,0.638,7.6,5.3,2.7,1.1,0.7,1.0,14.16558139534884,9,11.490798
Kyle Anderson,2023,29,PF,MIN,69,28.4,0.509,0.41,0.735,9.4,5.3,4.9,1.1,0.9,1.5,12.143661971830987,10,9.309846
Kyle Anderson,2024,30,PF,MIN,79,22.6,0.46,0.229,0.708,6.4,3.5,4.2,0.9,0.6,1.2,11.864070796460178,11,9.49346
Kyle Anderson,2025,31,PF,MIA,61,16.4,0.469,0.357,0.738,5.9,3.4,2.4,0.7,0.5,0.6,13.355121951219514,12,8.780488
Kyle Filipowski,2025,21,C,UTA,72,21.1,0.502,0.35,0.65,9.6,6.1,1.9,0.7,0.3,1.4,16.17440758293839,2,3.0
Kyle Guy,2021,23,PG,SAC,31,7.6,0.33,0.283,0.8,2.8,1.1,1.0,0.2,0.0,0.4,16.408421052631578,4,0.655519
Kyle Guy,2022,24,SG,MIA,19,9.8,0.4,0.35,0.667,3.9,0.9,0.9,0.4,0.1,0.7,16.03102040816326,5,0.442972
Kyle Korver,2010,28,SG,UTA,52,18.3,0.493,0.536,0.796,7.2,2.1,1.7,0.5,0.2,0.8,12.975737704918034,9,5.163636
Kyle Korver,2011,29,SG,CHI,82,20.1,0.434,0.415,0.885,8.3,1.8,1.5,0.4,0.2,0.7,14.299701492537311,10,5.0
Kyle Korver,2012,30,SG,CHI,65,22.6,0.432,0.435,0.833,8.1,2.4,1.7,0.6,0.2,0.8,12.010619469026548,11,5.0
Kyle Korver,2013,31,SF,ATL,74,30.5,0.461,0.457,0.859,10.9,4.0,2.0,0.9,0.5,0.9,11.19422950819672,12,5.0
Kyle Korver,2014,32,SG,ATL,71,33.9,0.475,0.472,0.926,12.0,4.0,2.9,1.0,0.3,1.4,11.226902654867258,13,6.760563
Kyle Korver,2015,33,SG,ATL,75,32.2,0.487,0.492,0.898,12.1,4.1,2.6,0.7,0.6,1.4,11.29639751552795,14,6.253521
Kyle Korver,2016,34,SG,ATL,80,30.0,0.435,0.398,0.833,9.2,3.3,2.1,0.8,0.4,1.2,11.0496,15,5.746479
Kyle Korver,2017,35,SG,CLE,67,26.2,0.464,0.451,0.905,10.1,2.8,1.6,0.5,0.3,1.0,12.316946564885496,16,5.239437
Kyle Korver,2018,36,SG,CLE,73,21.6,0.459,0.436,0.889,9.2,2.3,1.2,0.4,0.4,0.8,13.066666666666666,17,7.56
Kyle Korver,2019,37,SG-PF,UTA,70,19.1,0.416,0.397,0.822,8.6,2.3,1.2,0.4,0.2,0.8,15.34240837696335,18,7.56
Kyle Korver,2020,38,SF,MIL,58,16.6,0.43,0.418,0.854,6.7,2.1,1.2,0.4,0.2,0.8,13.463132530120479,19,1.620564
Kyle Kuzma,2018,22,PF,LAL,77,31.2,0.45,0.366,0.707,16.1,6.3,1.8,0.6,0.4,1.8,19.024615384615384,3,1.42356
Kyle Kuzma,2019,23,PF,LAL,70,33.1,0.456,0.303,0.752,18.7,5.5,2.5,0.6,0.4,1.9,20.647250755287008,4,1.68984
Kyle Kuzma,2020,24,PF,LAL,61,25.0,0.436,0.316,0.735,12.8,4.5,1.3,0.5,0.4,1.5,19.584,5,1.9746
Kyle Kuzma,2021,25,SF,LAL,68,28.7,0.443,0.361,0.691,12.9,6.1,1.9,0.5,0.6,1.7,16.828432055749126,6,4.341195
Kyle Kuzma,2022,26,PF,WAS,66,33.4,0.452,0.341,0.712,17.1,8.5,3.5,0.6,0.9,2.6,19.672814371257488,7,15.032517
Kyle Kuzma,2023,27,PF,WAS,64,35.0,0.448,0.333,0.73,21.2,7.2,3.7,0.6,0.5,3.0,23.0688,8,13.783744
Kyle Kuzma,2024,28,PF,WAS,70,32.6,0.463,0.336,0.775,22.2,6.6,4.2,0.5,0.7,2.7,25.394355828220856,9,26.327914
Kyle Kuzma,2025,29,PF,MIL,65,29.8,0.436,0.307,0.634,14.8,5.7,2.3,0.6,0.3,2.2,20.010201342281878,10,24.456061
Kyle Lowry,2010,23,PG,HOU,68,24.3,0.397,0.272,0.827,9.1,3.6,4.5,0.9,0.1,1.7,15.069629629629627,4,2.034996
Kyle Lowry,2011,24,PG,HOU,75,34.2,0.426,0.376,0.765,13.5,4.1,6.7,1.4,0.3,2.1,15.10736842105263,5,5.75
Kyle Lowry,2012,25,PG,HOU,47,32.1,0.409,0.374,0.864,14.3,4.5,6.6,1.6,0.3,2.8,17.437009345794394,6,5.75
Kyle Lowry,2013,26,PG,TOR,68,29.7,0.401,0.362,0.795,11.6,4.7,6.4,1.4,0.4,2.3,15.806060606060605,7,5.75
Kyle Lowry,2014,27,PG,TOR,79,36.2,0.423,0.38,0.813,17.9,4.7,7.4,1.5,0.2,2.5,18.254585635359117,8,6.21
Kyle Lowry,2015,28,PG,TOR,70,34.5,0.412,0.338,0.808,17.8,4.7,6.8,1.6,0.2,2.5,20.222608695652173,9,12.0
Kyle Lowry,2016,29,PG,TOR,77,37.0,0.427,0.388,0.811,21.2,4.7,6.4,2.1,0.4,2.9,20.73989189189189,10,12.0
Kyle Lowry,2017,30,PG,TOR,60,37.4,0.464,0.412,0.819,22.4,4.8,7.0,1.5,0.3,2.9,20.102245989304816,11,12.0
Kyle Lowry,2018,31,PG,TOR,78,32.2,0.427,0.399,0.854,16.2,5.6,6.9,1.1,0.2,2.3,17.722732919254657,12,31.2
Kyle Lowry,2019,32,PG,TOR,65,34.0,0.411,0.347,0.83,14.2,4.8,8.7,1.4,0.5,2.8,16.43294117647059,13,31.2
Kyle Lowry,2020,33,PG,TOR,58,36.2,0.416,0.352,0.857,19.4,5.0,7.5,1.4,0.4,3.1,19.38828729281768,14,34.996296
Kyle Lowry,2021,34,PG,TOR,46,34.8,0.436,0.396,0.875,17.2,5.4,7.3,1.0,0.3,2.7,17.83448275862069,15,37.170089
Kyle Lowry,2022,35,PG,MIA,63,33.9,0.44,0.377,0.851,13.4,4.5,7.5,1.1,0.3,2.7,14.79504424778761,16,31.203029
Kyle Lowry,2023,36,PG,MIA,55,31.2,0.404,0.345,0.859,11.2,4.1,5.1,1.0,0.4,1.9,13.615384615384617,17,30.041494
Kyle Lowry,2024,37,PG,PHI,60,28.2,0.432,0.392,0.84,8.1,3.2,4.2,1.0,0.4,1.4,10.56,18,30.564525
Kyle Lowry,2025,38,PG,PHI,35,18.8,0.35,0.33,0.818,3.9,1.9,2.7,0.9,0.3,0.6,8.226382978723402,19,2.087519
Kyle O'Quinn,2013,22,C,ORL,57,11.2,0.513,0.0,0.667,4.1,3.7,0.9,0.2,0.5,0.6,14.31,3,0.788872
Kyle O'Quinn,2014,23,C,ORL,69,17.2,0.501,0.0,0.687,6.2,5.3,1.1,0.6,1.3,1.1,14.709767441860466,4,0.788872
Kyle O'Quinn,2015,24,PF,ORL,51,16.2,0.492,0.279,0.772,5.8,3.9,1.2,0.6,0.8,1.1,13.964444444444446,5,0.915243
Kyle O'Quinn,2016,25,PF,NYK,65,11.8,0.476,0.227,0.767,4.8,3.8,1.1,0.3,0.8,0.9,16.767457627118645,6,3.75
Kyle O'Quinn,2017,26,C,NYK,79,15.6,0.521,0.118,0.771,6.3,5.6,1.5,0.5,1.3,1.0,15.424615384615384,7,3.91875
Kyle O'Quinn,2019,28,C,IND,45,8.2,0.507,0.083,0.81,3.5,2.6,1.2,0.2,0.6,0.7,17.209756097560977,9,4.449
Kyle O'Quinn,2020,29,C,PHI,29,10.8,0.494,0.259,0.55,3.5,4.0,1.8,0.2,0.8,0.7,13.026666666666666,10,1.620564
Kyle Singler,2013,24,SF,DET,82,28.0,0.428,0.35,0.806,8.8,4.0,0.9,0.7,0.5,1.2,12.419999999999998,5,1.0
Kyle Singler,2014,25,SF,DET,82,28.5,0.447,0.382,0.826,9.6,3.7,0.9,0.7,0.5,1.0,11.706947368421053,6,1.045
Kyle Singler,2015,26,SF,OKC,80,21.8,0.386,0.398,0.769,6.0,2.4,1.1,0.6,0.3,0.7,10.91229357798165,7,1.09
Kyle Singler,2016,27,SF,OKC,68,14.4,0.389,0.309,0.659,3.4,2.1,0.4,0.4,0.1,0.5,10.16,8,4.5
Kyle Singler,2017,28,SF,OKC,32,12.0,0.41,0.189,0.765,2.8,1.5,0.3,0.2,0.2,0.3,9.360000000000001,9,4.8375
Kyle Singler,2018,29,SF,OKC,12,4.9,0.333,0.4,0.538,1.9,0.8,0.2,0.1,0.0,0.3,18.984489795918368,10,4.6665
Kyle Weaver,2010,23,SG,OKC,12,12.0,0.364,0.368,0.833,3.0,1.5,0.9,0.5,0.5,0.3,9.959999999999999,4,0.870968
Kyle Weaver,2011,24,SG,UTA,5,13.8,0.36,0.429,0.875,5.6,2.0,1.4,0.4,0.4,1.4,18.532173913043476,5,0.854389
Kyle Wiltjer,2017,24,PF,HOU,14,3.1,0.286,0.308,0.5,0.9,0.7,0.1,0.2,0.1,0.4,16.769032258064513,5,0.543471
Kylor Kelley,2025,27,C,NOP,11,11.5,0.636,,0.6,3.1,3.5,0.5,0.1,0.3,0.4,8.752695652173912,8,0.073153
Kyrie Irving,2012,19,PG,CLE,51,30.5,0.469,0.399,0.872,18.5,3.7,5.4,1.1,0.4,3.1,22.865311475409836,1,5.14428
Kyrie Irving,2013,20,PG,CLE,59,34.7,0.452,0.391,0.855,22.5,3.7,5.9,1.5,0.4,3.2,24.334755043227663,1,5.37576
Kyrie Irving,2014,21,PG,CLE,71,35.2,0.43,0.358,0.861,20.8,3.6,6.1,1.5,0.3,2.7,22.71681818181818,2,5.60724
Kyrie Irving,2015,22,PG,CLE,75,36.4,0.468,0.415,0.863,21.7,3.2,5.2,1.5,0.3,2.5,20.923516483516483,3,7.07073
Kyrie Irving,2016,23,PG,CLE,53,31.5,0.448,0.321,0.885,19.6,3.0,4.7,1.1,0.3,2.3,23.410285714285717,4,16.407501
Kyrie Irving,2017,24,PG,CLE,72,35.1,0.473,0.401,0.905,25.2,3.2,5.8,1.2,0.3,2.5,24.8451282051282,5,17.638063
Kyrie Irving,2018,25,PG,BOS,60,32.2,0.491,0.408,0.889,24.4,3.8,5.1,1.1,0.3,2.3,24.97192546583851,6,18.868626
Kyrie Irving,2019,26,PG,BOS,67,33.0,0.487,0.401,0.873,23.8,5.0,6.9,1.5,0.5,2.6,24.79418181818182,7,20.099189
Kyrie Irving,2020,27,PG,BRK,20,32.9,0.478,0.394,0.922,27.4,5.2,6.4,1.4,0.5,2.6,28.060303951367786,8,31.742
Kyrie Irving,2021,28,PG,BRK,54,34.9,0.506,0.402,0.922,26.9,4.8,6.0,1.4,0.7,2.4,25.02464183381089,9,41.097748
Kyrie Irving,2022,29,PG,BRK,29,37.6,0.469,0.418,0.915,27.4,4.4,5.8,1.4,0.6,2.5,24.545106382978723,10,40.852255
Kyrie Irving,2023,30,PG,DAL,60,37.4,0.494,0.379,0.905,27.1,5.1,5.5,1.1,0.8,2.1,23.3172192513369,11,41.263288
Kyrie Irving,2024,31,SG,DAL,58,35.0,0.497,0.411,0.905,25.6,5.0,5.2,1.3,0.5,1.8,23.537828571428573,12,39.167268
Kyrie Irving,2025,32,SG,DAL,50,36.1,0.473,0.401,0.916,24.7,4.8,4.6,1.3,0.5,2.2,22.928310249307476,13,41.0
Kyrylo Fesenko,2010,23,C,UTA,49,8.3,0.547,0.0,0.421,2.6,1.8,0.3,0.1,0.4,0.5,12.699759036144577,4,0.87
Kyrylo Fesenko,2011,24,C,UTA,53,8.6,0.44,0.0,0.391,2.0,2.0,0.3,0.1,0.3,0.5,11.704186046511628,5,1.0875
Kyrylo Fesenko,2012,25,C,IND,3,5.7,0.4,,0.667,2.7,3.0,0.3,0.7,0.0,0.0,16.294736842105262,6,0.435
Kyshawn George,2025,21,SG,WAS,68,26.5,0.372,0.322,0.753,8.7,4.2,2.5,1.0,0.7,1.4,13.606641509433963,2,2.82552
LaMarcus Aldridge,2010,24,PF,POR,78,37.5,0.495,0.313,0.757,17.9,8.0,2.1,0.9,0.6,1.3,17.295360000000002,5,5.844827
LaMarcus Aldridge,2011,25,PF,POR,81,39.6,0.5,0.174,0.791,21.8,8.8,2.1,1.0,1.2,1.9,19.836363636363636,6,11.244
LaMarcus Aldridge,2012,26,PF,POR,55,36.3,0.512,0.182,0.814,21.7,8.0,2.4,0.9,0.8,2.0,21.123966942148765,7,14.0
LaMarcus Aldridge,2013,27,PF,POR,74,37.7,0.484,0.143,0.81,21.1,9.1,2.6,0.8,1.2,1.9,20.786419098143234,8,13.5
LaMarcus Aldridge,2014,28,PF,POR,69,36.2,0.458,0.2,0.822,23.2,11.1,2.6,0.9,1.0,1.8,24.55160220994475,9,14.878
LaMarcus Aldridge,2015,29,PF,POR,71,35.4,0.466,0.352,0.845,23.4,10.2,1.7,0.7,1.0,1.7,24.248135593220336,10,16.006
LaMarcus Aldridge,2016,30,PF,SAS,74,30.6,0.513,0.0,0.858,18.0,8.5,1.5,0.5,1.1,1.3,20.240000000000002,11,19.689
LaMarcus Aldridge,2017,31,PF,SAS,72,32.4,0.477,0.411,0.812,17.3,7.3,1.9,0.6,1.2,1.4,19.635555555555552,12,20.575005
LaMarcus Aldridge,2018,32,C,SAS,75,33.5,0.51,0.293,0.837,23.1,8.5,2.0,0.6,1.2,1.5,23.461253731343284,13,21.46101
LaMarcus Aldridge,2019,33,C,SAS,81,33.2,0.519,0.238,0.847,21.3,9.2,2.4,0.5,1.3,1.8,22.059759036144577,14,22.347015
LaMarcus Aldridge,2020,34,C,SAS,53,33.1,0.493,0.389,0.827,18.9,7.4,2.4,0.7,1.6,1.4,19.55963746223565,15,26.0
LaMarcus Aldridge,2021,35,C,BRK,26,25.9,0.473,0.388,0.872,13.5,4.5,1.9,0.4,1.1,1.0,18.336370656370658,16,21.483506
LaMarcus Aldridge,2022,36,C,BRK,47,22.3,0.55,0.304,0.873,12.9,5.5,0.9,0.3,1.0,0.9,18.674798206278027,17,3.054712
LaMelo Ball,2022,20,PG,CHO,75,32.3,0.429,0.389,0.872,20.1,6.7,7.6,1.6,0.4,3.3,23.860309597523226,1,9.518775
LaMelo Ball,2023,21,PG,CHO,36,35.2,0.411,0.376,0.836,23.3,6.4,8.4,1.3,0.3,3.6,25.666363636363634,2,9.143838
LaMelo Ball,2024,22,PG,CHO,22,32.3,0.433,0.355,0.865,23.9,5.1,8.0,1.8,0.2,3.8,27.939566563467498,3,11.224536
LaMelo Ball,2025,23,PG,CHO,47,32.0,0.405,0.339,0.843,25.2,4.9,7.4,1.1,0.3,3.6,30.438000000000002,4,35.147
Lamar Odom,2010,30,PF,LAL,82,31.5,0.463,0.319,0.693,10.8,9.8,3.3,0.9,0.7,1.8,13.600000000000001,11,7.5
Lamar Odom,2011,31,PF,LAL,82,32.2,0.53,0.382,0.675,14.4,8.7,3.0,0.6,0.7,1.7,15.562732919254657,12,8.2
Lamar Odom,2012,32,SF,DAL,50,20.5,0.352,0.252,0.592,6.6,4.2,1.7,0.4,0.4,1.0,15.594146341463412,13,8.9
Lamar Patterson,2016,24,SG,ATL,35,11.3,0.35,0.245,0.727,2.4,1.4,1.1,0.3,0.1,0.7,10.39858407079646,5,0.525093
Lamar Patterson,2017,25,SG,ATL,5,8.0,0.2,0.167,0.667,1.8,1.4,1.2,0.2,0.0,0.8,18.288,6,0.246956
Lamar Stevens,2021,23,PF,CLE,40,12.5,0.456,0.16,0.725,4.1,2.4,0.6,0.4,0.3,0.6,13.16736,4,1.218691
Lamar Stevens,2022,24,PF,CLE,63,16.1,0.489,0.277,0.707,6.1,2.6,0.7,0.5,0.3,0.7,14.149565217391304,5,1.755313
Lamar Stevens,2023,25,PF,CLE,62,18.1,0.448,0.316,0.702,5.3,3.3,0.5,0.4,0.3,0.4,10.732375690607734,6,1.890091
Lamar Stevens,2024,26,PF,MEM,38,14.7,0.45,0.304,0.778,7.2,3.3,0.7,0.6,0.6,0.6,18.406530612244897,7,2.566411
Lamar Stevens,2025,27,PF,MEM,17,9.1,0.46,0.296,0.727,4.4,2.2,0.5,0.3,0.2,0.6,18.055384615384618,8,0.623856
Lance Stephenson,2011,20,SG,IND,12,9.6,0.333,0.0,0.786,3.1,1.5,1.8,0.3,0.0,1.3,19.23,1,0.75
Lance Stephenson,2012,21,SG,IND,42,10.5,0.376,0.133,0.471,2.5,1.3,1.1,0.5,0.1,0.9,13.974857142857145,2,0.81
Lance Stephenson,2013,22,SG,IND,78,29.2,0.46,0.33,0.652,8.8,3.9,2.9,1.0,0.2,1.4,12.032876712328768,3,0.87
Lance Stephenson,2014,23,SG,IND,78,35.3,0.491,0.352,0.711,13.8,7.2,4.6,0.7,0.1,2.7,15.29745042492918,4,1.005
Lance Stephenson,2015,24,SG,CHO,61,25.8,0.376,0.171,0.627,8.2,4.5,3.9,0.6,0.1,2.1,16.59348837209302,5,9.0
Lance Stephenson,2016,25,SF,MEM,69,19.9,0.481,0.385,0.784,8.3,3.2,1.9,0.6,0.1,1.4,16.288643216080402,6,9.0
Lance Stephenson,2017,26,SG,IND,18,20.1,0.45,0.3,0.615,6.8,2.9,3.3,0.3,0.2,1.4,15.059104477611939,7,4.0
Lance Stephenson,2019,28,SG,LAL,68,16.5,0.426,0.371,0.685,7.2,3.2,2.1,0.6,0.1,1.3,17.856,9,4.449
Lance Stephenson,2022,31,SG-SF,IND,46,17.7,0.455,0.3,0.788,8.3,2.8,3.6,0.5,0.1,1.6,19.012881355932205,12,1.867297
Lance Thomas,2012,23,PF,NOH,42,15.0,0.452,0.0,0.839,4.0,3.0,0.3,0.2,0.2,0.6,10.223999999999998,4,0.305551
Lance Thomas,2013,24,SF,NOH,59,10.9,0.5,,0.729,2.5,1.9,0.3,0.2,0.1,0.2,8.058715596330277,5,0.762195
Lance Thomas,2015,26,PF-SF,NYK,62,24.0,0.412,0.318,0.727,7.1,3.1,1.1,0.6,0.1,1.2,13.506,7,0.403784
Lance Thomas,2016,27,PF,NYK,59,22.3,0.442,0.404,0.857,8.2,2.2,0.9,0.4,0.1,1.0,13.52825112107623,8,1.636842
Lance Thomas,2017,28,PF,NYK,46,21.0,0.398,0.447,0.843,6.0,3.1,0.8,0.5,0.1,0.5,10.772571428571428,9,6.191
Lance Thomas,2018,29,PF,NYK,73,18.5,0.382,0.403,0.83,4.1,2.4,0.6,0.4,0.2,0.5,8.772324324324325,10,7.11965
Lance Thomas,2019,30,PF,NYK,46,17.0,0.396,0.278,0.75,4.5,2.5,0.6,0.4,0.2,0.5,10.910117647058824,11,7.11965
Lance Thomas,2020,31,PF,BRK,7,14.0,0.348,0.308,1.0,3.4,1.9,0.9,0.0,0.0,0.9,11.478857142857143,12,7.11965
Landry Fields,2011,22,SG,NYK,82,31.0,0.497,0.393,0.769,9.7,6.4,1.9,1.0,0.2,1.3,10.90683870967742,3,0.473604
Landry Fields,2012,23,SG,NYK,66,28.7,0.46,0.256,0.562,8.8,4.2,2.6,1.2,0.3,1.5,12.824529616724739,4,0.762195
Landry Fields,2013,24,SF,TOR,51,20.3,0.457,0.143,0.642,4.7,4.1,1.2,0.6,0.2,0.8,10.001970443349755,5,6.25
Landry Fields,2014,25,SF,TOR,30,10.7,0.403,0.0,0.636,2.3,2.0,0.7,0.3,0.1,0.4,9.78392523364486,6,6.25
Landry Fields,2015,26,SF,TOR,26,8.3,0.488,0.5,0.833,1.8,1.0,0.6,0.4,0.0,0.3,8.622650602409639,7,6.25
Landry Shamet,2019,21,SG,LAC,79,22.8,0.431,0.422,0.806,9.1,1.7,1.5,0.5,0.1,0.6,12.991578947368419,2,1.703649
Landry Shamet,2020,22,SG,LAC,53,27.4,0.404,0.375,0.855,9.3,1.9,1.9,0.4,0.2,0.8,11.583065693430658,3,1.99512
Landry Shamet,2021,23,SG,BRK,61,23.0,0.408,0.387,0.846,9.3,1.8,1.6,0.5,0.2,0.8,13.886608695652173,4,2.547113
Landry Shamet,2022,24,SG,PHO,69,20.8,0.394,0.368,0.84,8.3,1.8,1.6,0.4,0.1,0.6,14.067692307692308,5,4.357512
Landry Shamet,2023,25,SG,PHO,40,20.2,0.377,0.377,0.882,8.7,1.7,2.3,0.7,0.1,0.9,15.989702970297028,6,10.072736
Landry Shamet,2024,26,SG,WAS,46,15.8,0.431,0.338,0.826,7.1,1.3,1.2,0.5,0.2,0.7,16.26835443037975,7,10.554568
Landry Shamet,2025,27,SG,NYK,50,15.2,0.461,0.397,0.667,5.7,1.2,0.5,0.5,0.0,0.4,12.258947368421055,8,1.34369
Langston Galloway,2015,23,PG,NYK,45,32.4,0.399,0.352,0.808,11.8,4.2,3.3,1.2,0.3,1.4,15.053333333333335,4,0.235762
Langston Galloway,2016,24,PG,NYK,82,24.8,0.393,0.344,0.754,7.6,3.5,2.5,0.9,0.3,0.7,12.361935483870969,5,0.845059
Langston Galloway,2017,25,PG,SAC,74,20.2,0.38,0.39,0.797,7.9,2.1,1.3,0.6,0.1,0.6,14.963168316831686,6,5.2
Langston Galloway,2018,26,SG,DET,58,14.9,0.371,0.344,0.805,6.2,1.6,1.0,0.6,0.1,0.3,15.724026845637585,7,7.0
Langston Galloway,2019,27,SG,DET,80,21.8,0.388,0.355,0.844,8.4,2.1,1.1,0.5,0.1,0.3,13.422385321100917,8,7.0
Langston Galloway,2020,28,SG,DET,66,25.8,0.435,0.399,0.859,10.3,2.3,1.5,0.7,0.2,0.6,13.07720930232558,9,7.333333
Langston Galloway,2021,29,SG,PHO,40,11.0,0.449,0.424,0.957,4.8,1.1,0.7,0.2,0.0,0.3,13.954909090909092,10,2.47223
Langston Galloway,2022,30,SG,MIL,7,15.3,0.231,0.125,,2.0,2.6,1.7,0.1,0.0,0.9,10.823529411764707,11,0.446496
Larry Hughes,2010,31,SG,CHA,45,24.8,0.355,0.309,0.832,9.1,3.2,3.0,1.2,0.3,1.7,16.548387096774192,12,0.160244
Larry Hughes,2012,33,PG,ORL,9,12.7,0.227,0.143,0.5,1.3,0.6,0.8,0.2,0.0,1.3,10.73763779527559,14,0.854389
Larry Nance Jr.,2016,23,PF,LAL,63,20.1,0.527,0.1,0.681,5.5,5.0,0.7,0.9,0.4,0.7,10.402388059701492,4,1.1556
Larry Nance Jr.,2017,24,PF,LAL,63,22.9,0.526,0.278,0.738,7.1,5.9,1.5,1.3,0.6,0.9,11.274759825327513,5,1.20768
Larry Nance Jr.,2018,25,C,CLE,66,21.5,0.581,0.167,0.664,8.7,6.8,1.2,1.3,0.6,0.8,13.435534883720932,6,2.272391
Larry Nance Jr.,2019,26,C,CLE,67,26.8,0.52,0.337,0.716,9.4,8.2,3.2,1.5,0.6,1.4,12.599999999999998,7,2.272391
Larry Nance Jr.,2020,27,PF,CLE,56,26.3,0.531,0.352,0.676,10.1,7.3,2.2,1.0,0.4,1.1,12.828593155893536,8,12.727273
Larry Nance Jr.,2025,32,PF,ATL,24,19.3,0.516,0.447,0.692,8.5,4.3,1.6,0.8,0.5,0.7,13.84041450777202,13,11.205
Larry Owens,2011,28,SF,WAS,12,11.9,0.469,0.462,0.444,3.3,1.3,0.7,0.8,0.4,0.4,10.443025210084032,9,0.022287
Larry Owens,2012,29,SF,NJN,7,10.7,0.364,0.4,0.75,1.9,1.9,0.6,0.0,0.1,0.3,7.280747663551403,10,0.022287
Larry Sanders,2011,22,C,MIL,60,14.5,0.433,,0.56,4.3,3.0,0.3,0.4,1.2,0.6,13.536,3,1.73196
Larry Sanders,2012,23,PF,MIL,52,12.4,0.457,0.0,0.474,3.6,3.1,0.6,0.6,1.5,0.8,13.37806451612903,4,1.86192
Larry Sanders,2013,24,C,MIL,71,27.3,0.506,0.0,0.618,9.8,9.5,1.2,0.7,2.8,1.2,13.893626373626374,5,1.99176
Larry Sanders,2014,25,C,MIL,23,25.4,0.469,0.0,0.473,7.7,7.2,0.8,0.8,1.7,1.1,12.97700787401575,6,3.053368
Larry Sanders,2015,26,C,MIL,27,21.7,0.5,,0.5,7.3,6.1,0.9,1.0,1.4,1.0,13.59041474654378,7,11.0
Larry Sanders,2017,28,C,CLE,5,2.6,0.25,,1.0,0.8,0.8,0.0,0.2,0.2,0.4,19.052307692307693,9,0.207722
Lauri Markkanen,2018,20,PF,CHI,68,29.7,0.434,0.362,0.843,15.2,7.5,1.2,0.6,0.6,1.2,18.128484848484845,1,4.53612
Lauri Markkanen,2019,21,PF,CHI,52,32.3,0.43,0.361,0.872,18.7,9.0,1.4,0.7,0.6,1.6,20.69944272445821,2,4.53612
Lauri Markkanen,2020,22,PF,CHI,50,29.8,0.425,0.344,0.824,14.7,6.3,1.5,0.8,0.5,1.6,17.83570469798658,3,5.3004
Lauri Markkanen,2021,23,PF,CHI,51,25.8,0.48,0.402,0.826,13.6,5.3,0.9,0.5,0.3,1.0,16.733023255813954,4,8.203631
Lauri Markkanen,2022,24,PF,CLE,61,30.8,0.445,0.358,0.868,14.8,5.7,1.3,0.7,0.5,0.9,15.83064935064935,5,18.144143
Lauri Markkanen,2023,25,SF,UTA,66,34.4,0.499,0.391,0.875,25.6,8.6,1.9,0.6,0.6,1.9,22.855813953488372,6,17.468726
Lauri Markkanen,2024,26,PF,UTA,55,33.1,0.48,0.399,0.899,23.2,8.2,2.0,0.9,0.5,1.4,21.534743202416916,7,17.772862
Lauri Markkanen,2025,27,PF,UTA,47,31.4,0.423,0.346,0.876,19.0,5.9,1.5,0.7,0.4,1.4,20.65528662420382,8,42.1764
Lavoy Allen,2012,22,PF,PHI,41,15.2,0.473,,0.786,4.1,4.2,0.8,0.3,0.4,0.5,11.20736842105263,3,0.473604
Lavoy Allen,2013,23,C,PHI,79,21.1,0.454,0.0,0.717,5.8,5.0,0.9,0.3,0.7,0.7,11.520000000000001,4,3.0
Lavoy Allen,2014,24,PF,IND,65,16.5,0.447,0.154,0.66,4.7,4.8,1.1,0.4,0.5,0.7,12.331636363636363,5,3.06
Lavoy Allen,2015,25,C,IND,63,17.0,0.472,,0.702,5.0,5.1,1.2,0.2,0.7,0.6,11.875764705882352,6,0.915243
Lavoy Allen,2016,26,PF,IND,79,20.2,0.516,,0.63,5.4,5.4,1.0,0.3,0.5,0.9,10.685940594059408,7,4.05
Lavoy Allen,2017,27,PF,IND,61,14.3,0.458,0.0,0.697,2.9,3.6,0.9,0.3,0.4,0.5,8.86153846153846,8,4.0
Lazar Hayward,2011,24,SF,MIN,42,10.0,0.357,0.283,0.786,3.8,1.7,0.7,0.3,0.2,0.5,16.704,5,1.02096
Lazar Hayward,2012,25,SF,OKC,26,5.4,0.342,0.286,0.583,1.4,0.6,0.2,0.1,0.0,0.3,13.466666666666665,6,1.09752
Lazar Hayward,2013,26,SF,MIN,4,7.8,0.2,0.0,1.0,2.5,1.0,0.8,0.5,0.0,0.0,14.584615384615386,7,0.542788
LeBron James,2010,25,SF,CLE,76,39.0,0.503,0.333,0.767,29.7,7.3,8.6,1.6,1.0,3.4,25.835076923076922,6,15.779912
LeBron James,2011,26,SF,MIA,79,38.8,0.51,0.33,0.759,26.7,7.5,7.0,1.6,0.6,3.6,24.212783505154643,7,14.5
LeBron James,2012,27,SF,MIA,62,37.5,0.531,0.362,0.771,27.1,7.9,6.2,1.9,0.8,3.4,24.829439999999998,8,17.545
LeBron James,2013,28,PF,MIA,76,37.9,0.565,0.406,0.753,26.8,8.0,7.3,1.7,0.9,3.0,22.682849604221637,9,19.0675
LeBron James,2014,29,PF,MIA,77,37.7,0.567,0.379,0.75,27.1,6.9,6.3,1.6,0.3,3.5,23.341750663129975,10,19.0675
LeBron James,2015,30,SF,CLE,69,36.1,0.488,0.354,0.71,25.3,6.0,7.4,1.6,0.7,3.9,25.716565096952905,11,20.6444
LeBron James,2016,31,SF,CLE,76,35.6,0.52,0.309,0.731,25.3,7.4,6.8,1.4,0.6,3.3,25.03820224719101,12,22.9705
LeBron James,2017,32,SF,CLE,74,37.8,0.548,0.363,0.674,26.4,8.6,8.7,1.2,0.6,4.1,24.25523809523809,13,30.96345
LeBron James,2019,34,SF,LAL,55,35.2,0.51,0.339,0.665,27.4,8.5,8.3,1.3,0.6,3.6,27.454090909090908,15,35.65415
LeBron James,2020,35,PG,LAL,67,34.6,0.493,0.348,0.693,25.3,7.8,10.2,1.2,0.5,3.9,26.85225433526011,16,37.436858
LeBron James,2021,36,PG,LAL,45,33.4,0.513,0.365,0.698,25.0,7.7,7.8,1.1,0.6,3.7,26.415808383233536,17,47.796549
LeBron James,2022,37,SF,LAL,56,37.2,0.524,0.359,0.756,30.3,8.2,6.2,1.3,1.1,3.5,27.038709677419355,18,47.61902
LeBron James,2023,38,PF,LAL,55,35.5,0.5,0.321,0.768,28.9,8.3,6.8,0.9,0.6,3.2,28.39030985915493,19,47.156296
LeBron James,2024,39,PF,LAL,71,35.3,0.54,0.41,0.75,25.7,7.3,8.3,1.3,0.5,3.5,24.382096317280453,20,49.021953
LeBron James,2025,40,SF,LAL,70,34.9,0.513,0.376,0.782,24.4,7.8,8.2,1.0,0.6,3.7,24.62028653295129,20,48.728845
Leaky Black,2024,24,SF,CHO,26,10.9,0.481,0.45,0.667,2.7,1.8,0.9,0.3,0.4,0.2,8.137981651376148,5,0.576415
Leandro Barbosa,2010,27,PG,PHO,44,17.9,0.425,0.324,0.877,9.5,1.6,1.5,0.5,0.3,1.0,20.208268156424584,8,6.6
Leandro Barbosa,2011,28,SG,TOR,58,24.1,0.45,0.338,0.796,13.3,1.7,2.1,0.9,0.1,1.4,20.54838174273859,9,7.1
Leandro Barbosa,2014,31,PG,PHO,20,18.4,0.427,0.28,0.795,7.5,1.9,1.6,0.4,0.2,1.0,16.59130434782609,12,0.410936
Leandro Barbosa,2015,32,SG,GSW,66,14.9,0.474,0.384,0.784,7.1,1.4,1.5,0.6,0.1,0.7,16.874093959731542,13,0.915243
Leandro Barbosa,2016,33,SG,GSW,68,15.9,0.462,0.355,0.839,6.4,1.7,1.2,0.6,0.1,0.8,14.93433962264151,14,2.5
Leandro Bolmaro,2022,21,SF,MIN,35,6.9,0.315,0.278,0.846,1.4,1.2,0.6,0.2,0.0,0.4,10.831304347826087,2,2.721255
Leandro Bolmaro,2023,22,SG,UTA,14,4.9,0.15,0.0,0.0,0.4,0.5,0.5,0.2,0.1,0.5,13.959183673469385,3,1.81235
Leon Powe,2010,26,SF,CLE,20,11.8,0.429,,0.587,4.0,3.1,0.0,0.3,0.1,0.6,13.75322033898305,7,0.855189
Leon Powe,2011,27,C-PF,MEM,30,10.9,0.496,0.0,0.556,5.3,2.1,0.2,0.3,0.1,0.4,18.01981651376147,8,0.201033
Leonard Miller,2024,20,SF,MIN,17,3.1,0.65,0.4,0.5,1.7,1.2,0.5,0.1,0.1,0.1,15.60774193548387,1,1.853485
Leonard Miller,2025,21,SF,MIN,13,2.5,0.4,0.0,1.0,1.5,0.8,0.0,0.2,0.1,0.2,23.961599999999997,2,1.891857
Lester Hudson,2010,25,PG,MEM,25,5.2,0.396,0.313,0.846,2.3,0.7,0.5,0.3,0.1,0.6,20.215384615384618,6,0.457588
Lester Hudson,2011,26,PG,WAS,11,6.6,0.25,0.267,0.5,1.6,0.5,1.5,0.4,0.1,0.6,16.232727272727274,7,0.515603
Lester Hudson,2012,27,PG,MEM,16,20.9,0.383,0.25,0.829,10.9,2.9,2.3,0.9,0.2,2.0,22.812631578947368,8,0.048232
Lester Quinones,2023,22,SG,GSW,4,4.5,0.4,0.5,0.667,2.5,0.8,0.5,0.3,0.0,1.3,26.08,3,0.137206
Lester Quinones,2024,23,SG,GSW,37,10.6,0.397,0.364,0.69,4.4,1.9,1.0,0.2,0.1,0.5,15.79924528301887,4,1.141537
Linas Kleiza,2011,26,SF,TOR,39,26.5,0.438,0.298,0.631,11.2,4.5,1.0,0.5,0.2,1.7,17.453886792452828,7,4.995
Linas Kleiza,2012,27,SF,TOR,49,21.6,0.402,0.346,0.81,9.7,4.1,0.9,0.5,0.1,1.3,17.633333333333333,8,4.6
Linas Kleiza,2013,28,SF,TOR,20,18.8,0.333,0.303,0.842,7.4,2.6,0.8,0.2,0.1,0.7,16.72851063829787,9,4.6
Lindell Wigginton,2022,23,PG,MIL,19,10.5,0.426,0.346,0.543,4.2,1.3,1.2,0.3,0.1,0.6,15.743999999999998,4,0.270554
Lindell Wigginton,2023,24,PG,MIL,7,12.4,0.486,0.333,0.889,7.1,1.0,2.0,0.0,0.3,1.7,21.98322580645161,5,0.105432
Lindell Wigginton,2024,25,PG,MIL,3,2.7,0.4,0.0,1.0,2.0,0.0,0.0,0.0,0.0,0.3,30.77333333333333,6,0.251767
Lindsey Hunter,2010,39,PG,CHI,13,9.4,0.167,0.077,1.0,1.0,1.1,0.7,0.1,0.0,0.3,10.29446808510638,20,0.825497
Lindy Waters III,2022,24,SG,OKC,25,18.6,0.406,0.363,0.8,8.0,2.9,1.0,0.8,0.3,0.4,14.492903225806453,5,0.184468
Lindy Waters III,2023,25,SG,OKC,41,13.0,0.393,0.358,0.8,5.2,1.8,0.7,0.3,0.3,0.2,13.07076923076923,6,2.456555
Lindy Waters III,2024,26,SG,OKC,38,7.4,0.471,0.435,1.0,3.6,1.1,0.6,0.1,0.2,0.2,14.322162162162163,7,0.788858
Lindy Waters III,2025,27,SG,DET,52,15.0,0.369,0.344,0.727,4.9,2.1,1.0,0.5,0.2,0.4,12.6912,8,2.19697
Lonnie Walker IV,2019,20,SG,SAS,17,6.9,0.348,0.385,0.8,2.6,1.0,0.5,0.4,0.2,0.2,16.507826086956523,1,2.35716
Lonnie Walker IV,2020,21,SG,SAS,61,16.2,0.426,0.406,0.721,6.4,2.3,1.1,0.5,0.2,0.7,15.644444444444447,2,2.68992
Lonnie Walker IV,2025,26,SG,PHI,20,23.9,0.42,0.354,0.8,12.4,3.2,2.5,0.5,0.3,1.3,18.91882845188285,7,0.780932
Lonzo Ball,2018,20,PG,LAL,52,34.2,0.36,0.305,0.451,10.2,6.9,7.2,1.7,0.8,2.6,14.753684210526314,1,6.28656
Lonzo Ball,2019,21,PG,LAL,47,30.3,0.406,0.329,0.417,9.9,5.3,5.4,1.5,0.4,2.2,14.661386138613862,2,7.46196
Lonzo Ball,2021,23,PG,NOP,55,31.8,0.414,0.378,0.781,14.6,4.8,5.7,1.5,0.6,2.2,17.46566037735849,4,13.410215
Lonzo Ball,2025,27,PG,CHI,35,22.2,0.366,0.344,0.815,7.6,3.4,3.3,1.3,0.5,1.2,13.705945945945945,8,21.395348
Lorenzo Brown,2015,24,PG,MIN,29,18.9,0.426,0.214,0.632,4.2,2.4,3.1,1.0,0.2,1.0,10.491428571428573,5,0.283367
Lorenzo Brown,2016,25,PG,PHO,8,7.6,0.32,0.125,0.75,2.5,0.9,1.4,0.4,0.1,1.1,20.93684210526316,6,0.111444
Lou Amundson,2010,27,PF,PHO,79,14.8,0.551,0.0,0.545,4.7,4.4,0.4,0.3,0.9,0.7,11.928648648648647,8,0.855189
Lou Amundson,2011,28,PF,GSW,46,15.0,0.454,,0.391,4.3,4.0,0.4,0.3,0.7,0.5,12.8064,9,2.225
Lou Amundson,2012,29,PF,IND,60,12.6,0.43,,0.427,3.6,3.7,0.2,0.5,0.7,0.8,14.045714285714284,10,2.76345
Lou Amundson,2013,30,PF,NOH,39,9.5,0.395,,0.333,1.9,2.7,0.3,0.4,0.3,0.5,11.353263157894736,11,0.185955
Lou Amundson,2014,31,PF,CHI,19,9.7,0.5,,0.25,2.0,2.9,0.3,0.5,0.6,0.7,11.030103092783508,12,0.048854
Lou Amundson,2015,32,PF,NYK,53,17.7,0.427,0.0,0.471,4.9,5.1,1.3,0.4,1.0,1.2,13.635254237288136,13,0.409167
Lou Amundson,2016,33,PF,NYK,29,7.0,0.358,,0.519,1.8,1.7,0.4,0.2,0.2,0.5,13.865142857142859,14,1.635476
Lou Williams,2010,23,PG,PHI,64,29.9,0.47,0.34,0.824,14.0,2.9,4.2,1.3,0.2,1.7,16.716521739130435,4,4.9725
Lou Williams,2011,24,SG,PHI,75,23.3,0.406,0.348,0.823,13.7,2.0,3.4,0.6,0.2,1.4,21.73596566523605,5,5.0
Lou Williams,2012,25,PG,PHI,64,26.3,0.407,0.362,0.812,14.9,2.4,3.5,0.8,0.3,1.1,20.975817490494297,6,5.176
Lou Williams,2013,26,SG,ATL,39,28.7,0.422,0.367,0.868,14.1,2.1,3.6,1.1,0.3,1.9,18.393867595818815,7,5.0
Lou Williams,2014,27,PG,ATL,60,24.1,0.4,0.342,0.849,10.4,2.1,3.5,0.8,0.1,1.5,16.46141078838174,8,5.225
Lou Williams,2015,28,SG,TOR,80,25.2,0.404,0.34,0.861,15.5,1.9,2.1,1.1,0.1,1.3,21.508571428571432,9,5.45
Lou Williams,2016,29,SG,LAL,67,28.5,0.408,0.344,0.83,15.3,2.5,2.5,0.9,0.3,1.6,18.533052631578947,10,7.0
Lou Williams,2017,30,SG,HOU,81,24.6,0.429,0.365,0.88,17.5,2.5,3.0,1.0,0.2,2.0,24.53268292682927,11,7.0
Lou Williams,2018,31,SG,LAC,79,32.8,0.435,0.359,0.88,22.6,2.5,5.3,1.1,0.2,3.0,24.83560975609756,12,7.0
Lou Williams,2019,32,SG,LAC,75,26.6,0.425,0.361,0.876,20.0,3.0,5.4,0.8,0.1,2.4,27.69022556390977,13,8.0
Lou Williams,2020,33,PG,LAC,65,28.7,0.418,0.352,0.861,18.2,3.1,5.6,0.7,0.2,2.8,24.44487804878049,14,8.0
Louis King,2021,21,SF,SAC,6,14.2,0.5,0.364,1.0,7.3,3.0,1.5,1.2,0.5,0.7,17.34084507042254,2,0.059986
Louis King,2022,22,SF,SAC,10,10.4,0.319,0.296,0.7,4.5,1.2,0.9,0.2,0.1,0.0,17.792307692307695,3,0.365863
Louis King,2023,23,SF,PHI,1,29.0,0.615,0.5,0.0,20.0,4.0,2.0,1.0,0.0,2.0,19.16689655172414,4,0.325602
Luc Mbah a Moute,2010,23,PF,MIL,73,25.6,0.48,0.353,0.699,6.2,5.5,1.1,0.8,0.5,1.0,9.691874999999998,4,0.73642
Luc Mbah a Moute,2011,24,PF,MIL,79,26.5,0.463,0.0,0.707,6.7,5.3,0.9,0.9,0.4,1.0,10.128905660377358,5,0.854389
Luc Mbah a Moute,2012,25,PF,MIL,43,23.5,0.51,0.25,0.641,7.7,5.3,0.7,0.9,0.5,0.9,12.341106382978722,6,5.0
Luc Mbah a Moute,2013,26,SF,MIL,58,22.9,0.401,0.351,0.571,6.7,4.4,0.9,0.7,0.2,1.2,13.626550218340613,7,4.794192
Luc Mbah a Moute,2014,27,PF-SF,MIN,64,15.7,0.451,0.235,0.687,3.5,2.3,0.6,0.5,0.2,0.6,9.263694267515923,8,4.588384
Luc Mbah a Moute,2015,28,PF,PHI,67,28.6,0.395,0.307,0.589,9.9,4.9,1.6,1.2,0.3,1.5,15.175384615384615,9,4.382576
Luc Mbah a Moute,2016,29,PF,LAC,75,17.0,0.454,0.325,0.526,3.1,2.3,0.4,0.6,0.3,0.5,7.733647058823529,10,0.947276
Luc Mbah a Moute,2017,30,SF,LAC,80,22.3,0.505,0.391,0.678,6.1,2.1,0.5,1.0,0.4,0.6,9.337399103139013,11,2.203
Luc Mbah a Moute,2018,31,PF,HOU,61,25.6,0.481,0.364,0.684,7.5,3.0,0.9,1.2,0.4,1.1,10.5525,12,1.471382
Luc Mbah a Moute,2019,32,PF,LAC,4,15.3,0.444,0.333,0.4,5.0,1.8,0.5,0.3,0.3,0.5,13.110588235294118,13,4.3205
Luc Mbah a Moute,2020,33,PF,HOU,3,8.3,0.4,0.0,0.5,1.7,0.7,0.0,0.7,0.0,0.3,10.010602409638553,14,4.3205
Lucas Nogueira,2015,22,C,TOR,6,3.8,0.25,,0.5,1.0,1.8,0.2,0.3,0.0,0.3,18.07578947368421,3,1.76268
Lucas Nogueira,2016,23,C,TOR,29,7.8,0.636,0.333,0.533,2.2,1.6,0.2,0.4,0.4,0.4,9.784615384615385,4,1.842
Lucas Nogueira,2017,24,C,TOR,57,19.1,0.66,0.25,0.657,4.4,4.3,0.7,0.9,1.6,0.8,7.592041884816754,5,1.92132
Luguentz Dort,2020,20,SF,OKC,36,22.8,0.394,0.297,0.792,6.8,2.3,0.8,0.9,0.1,0.6,11.621052631578946,1,0.155647
Luguentz Dort,2021,21,SG,OKC,52,29.7,0.387,0.343,0.744,14.0,3.6,1.7,0.9,0.4,1.5,18.433939393939397,2,1.84995
Luguentz Dort,2022,22,SF,OKC,51,32.6,0.404,0.332,0.843,17.2,4.2,1.7,0.9,0.4,1.7,19.3560736196319,3,2.061329
Luguentz Dort,2023,23,SG,OKC,74,30.7,0.388,0.33,0.772,13.7,4.6,2.1,1.0,0.3,1.2,17.05016286644951,4,16.198844
Luguentz Dort,2024,24,SF,OKC,79,28.4,0.438,0.394,0.826,10.9,3.6,1.4,0.9,0.6,0.9,12.777464788732397,5,15.731741
Luguentz Dort,2025,25,SF,OKC,71,29.2,0.435,0.412,0.717,10.1,4.1,1.6,1.1,0.5,0.7,11.544657534246575,6,16.5
Luis Montero,2016,22,SG,POR,12,3.5,0.263,0.111,0.75,1.2,0.3,0.1,0.0,0.0,0.3,20.90057142857143,3,0.525093
Luis Scola,2010,29,PF,HOU,82,32.6,0.514,0.2,0.779,16.2,8.6,2.1,0.8,0.3,2.0,18.49914110429448,10,3.284667
Luis Scola,2011,30,PF,HOU,74,32.6,0.504,0.0,0.738,18.3,8.2,2.5,0.6,0.6,2.0,20.999263803680982,11,7.775378
Luis Scola,2012,31,PF,HOU,66,31.3,0.491,0.0,0.773,15.5,6.5,2.1,0.5,0.4,2.3,19.69073482428115,12,8.591793
Luis Scola,2013,32,PF,PHO,82,26.6,0.472,0.188,0.787,12.8,6.6,2.2,0.8,0.4,1.5,18.85533834586466,13,4.508504
Luis Scola,2014,33,PF,IND,82,17.1,0.47,0.143,0.728,7.6,4.8,1.0,0.3,0.2,1.3,18.62736842105263,14,4.508504
Luis Scola,2015,34,PF,IND,81,20.5,0.467,0.25,0.699,9.4,6.5,1.3,0.6,0.2,1.2,18.144,15,4.868499
Luis Scola,2016,35,PF,TOR,76,21.5,0.45,0.404,0.726,8.7,4.7,0.9,0.6,0.4,0.9,15.545302325581398,16,2.9
Luis Scola,2017,36,PF,BRK,36,12.8,0.47,0.34,0.676,5.1,3.9,1.0,0.4,0.1,0.9,15.58125,17,5.5
Luka Doncic,2019,19,SG,DAL,72,32.2,0.427,0.327,0.713,21.2,7.8,6.0,1.1,0.3,3.4,25.544347826086955,1,6.56064
Luka Doncic,2020,20,PG,DAL,61,33.6,0.463,0.316,0.758,28.8,9.4,8.8,1.0,0.2,4.3,31.01571428571429,1,7.68336
Luka Doncic,2021,21,PG,DAL,66,34.3,0.479,0.35,0.73,27.7,8.0,8.6,1.0,0.5,4.3,29.307988338192423,2,9.809686
Luka Doncic,2022,22,PG,DAL,65,35.4,0.457,0.353,0.744,28.4,9.1,8.7,1.2,0.6,4.5,29.898305084745765,3,11.765131
Luka Doncic,2025,25,PG,LAL,50,35.4,0.45,0.368,0.782,28.2,8.2,7.7,1.8,0.4,3.6,28.043389830508474,6,43.03194
Luka Garza,2022,23,C,DET,32,12.2,0.449,0.327,0.623,5.8,3.1,0.6,0.3,0.2,0.6,17.811147540983608,4,1.069919
Luka Garza,2023,24,C,MIN,28,8.7,0.543,0.359,0.788,6.5,2.3,0.6,0.1,0.1,0.5,22.493793103448276,5,0.539571
Luka Garza,2024,25,C,MIN,25,4.9,0.48,0.281,0.72,4.0,1.2,0.2,0.2,0.0,0.2,26.74285714285714,6,0.707892
Luka Garza,2025,26,C,MIN,39,5.6,0.495,0.278,0.686,3.5,1.4,0.3,0.2,0.1,0.3,21.831428571428575,7,2.162606
Luka Samanic,2020,20,PF,SAS,3,16.0,0.313,0.375,0.75,5.3,3.3,2.0,0.0,0.7,0.7,14.787,1,2.68992
Luka Samanic,2021,21,PF,SAS,33,9.3,0.448,0.279,0.552,3.7,2.1,0.5,0.2,0.2,0.6,16.242580645161286,2,3.441974
Luke Babbitt,2011,21,SF,POR,24,5.7,0.273,0.188,0.333,1.5,1.3,0.3,0.1,0.1,0.3,17.532631578947367,2,1.64544
Luke Babbitt,2013,23,PF,POR,62,11.8,0.368,0.348,0.769,3.9,2.2,0.5,0.2,0.1,0.4,13.082033898305083,4,1.89228
Luke Babbitt,2014,24,PF,NOP,27,17.5,0.39,0.379,0.778,6.3,3.3,1.1,0.3,0.4,0.6,13.593599999999999,5,0.387995
Luke Babbitt,2015,25,SF,NOP,63,13.2,0.479,0.513,0.684,4.1,1.8,0.4,0.3,0.2,0.4,9.632727272727273,6,0.981084
Luke Babbitt,2016,26,SF,NOP,47,18.0,0.422,0.404,0.78,7.0,3.1,1.1,0.2,0.1,0.5,14.168,7,1.100602
Luke Harangody,2011,23,PF,CLE,49,13.1,0.383,0.242,0.731,3.9,2.9,0.6,0.3,0.3,0.3,12.970992366412213,4,0.473604
Luke Harangody,2012,24,PF,CLE,21,11.0,0.354,0.238,0.75,2.9,2.5,0.3,0.3,0.1,0.2,11.664,5,0.762195
Luke Kennard,2018,21,SG,DET,73,20.0,0.443,0.415,0.855,7.6,2.4,1.7,0.6,0.2,0.9,13.932000000000002,2,3.27528
Luke Kennard,2019,22,SG,DET,63,22.8,0.438,0.394,0.836,9.7,2.9,1.8,0.4,0.2,0.9,15.221052631578948,3,3.27528
Luke Kennard,2020,23,SG,DET,28,32.9,0.442,0.399,0.893,15.8,3.5,4.1,0.4,0.2,1.5,16.29082066869301,4,3.82716
Luke Kennard,2021,24,SG,LAC,63,19.6,0.476,0.446,0.839,8.3,2.6,1.7,0.4,0.1,0.8,13.995918367346938,5,6.427166
Luke Kennard,2022,25,SG,LAC,70,27.4,0.449,0.449,0.896,11.9,3.3,2.1,0.6,0.1,0.9,13.774598540145986,6,15.434611
Luke Kennard,2023,26,SG,MEM,59,22.3,0.492,0.494,0.949,9.3,2.7,1.5,0.5,0.1,0.8,12.281973094170402,7,14.574141
Luke Kennard,2024,27,SG,MEM,39,25.6,0.448,0.45,0.889,11.0,2.9,3.5,0.5,0.1,1.4,14.101875000000001,8,15.202322
Luke Kennard,2025,28,SG,MEM,65,22.6,0.478,0.433,0.895,8.9,2.8,3.3,0.8,0.1,1.1,12.896283185840709,9,9.25
Luke Kornet,2019,23,PF,NYK,46,17.0,0.378,0.363,0.826,7.0,2.9,1.2,0.6,0.9,0.5,15.120000000000001,4,1.61926
Luke Kornet,2020,24,C,CHI,36,15.5,0.439,0.287,0.714,6.0,2.3,0.9,0.3,0.7,0.4,13.824000000000002,5,2.25
Luke Kornet,2021,25,C-PF,BOS,31,11.2,0.436,0.254,0.5,3.4,2.2,0.8,0.1,1.0,0.2,11.532857142857145,6,2.742055
Luke Kornet,2022,26,C,BOS,15,6.9,0.481,0.0,0.667,2.0,1.9,0.6,0.2,0.2,0.0,10.309565217391302,7,0.939374
Luke Kornet,2023,27,C,BOS,69,11.7,0.665,0.231,0.821,3.8,2.9,0.8,0.2,0.7,0.4,9.735384615384618,8,2.261889
Luke Kornet,2024,28,C,BOS,63,15.6,0.7,1.0,0.907,5.3,4.1,1.1,0.4,1.0,0.3,8.990769230769232,9,2.485012
Luke Kornet,2025,29,C,BOS,73,18.6,0.668,0.0,0.691,6.0,5.3,1.6,0.5,1.0,0.4,9.236129032258065,10,2.087519
Luke Ridnour,2010,28,PG,MIL,82,21.5,0.478,0.381,0.907,10.4,1.7,4.0,0.7,0.1,1.3,17.49432558139535,9,6.5
Luke Ridnour,2011,29,PG,MIN,71,30.4,0.468,0.44,0.883,11.8,2.8,5.4,1.3,0.1,2.2,14.963684210526315,10,4.0
Luke Ridnour,2012,30,SG,MIN,53,33.0,0.44,0.322,0.891,12.1,2.7,4.8,1.1,0.3,1.8,14.365090909090911,11,3.68
Luke Ridnour,2013,31,SG,MIN,82,30.2,0.453,0.311,0.848,11.5,2.5,3.8,1.0,0.2,1.6,14.757615894039736,12,4.0
Luke Ridnour,2014,32,PG,CHA,61,18.7,0.385,0.343,0.654,5.0,1.6,2.9,0.5,0.1,1.1,12.852192513368985,13,4.42
Luke Ridnour,2015,33,PG,ORL,47,14.5,0.426,0.317,0.857,4.0,1.4,2.0,0.4,0.1,0.8,11.609379310344828,14,2.75
Luke Walton,2010,29,SF,LAL,29,9.4,0.357,0.412,0.5,2.4,1.3,1.4,0.3,0.0,0.4,12.806808510638298,10,4.84
Luke Walton,2011,30,SF,LAL,54,9.0,0.328,0.235,0.7,1.7,1.2,1.1,0.2,0.1,0.6,11.152000000000001,11,5.26
Luke Walton,2012,31,PF-SF,CLE,30,12.1,0.369,0.35,,1.8,1.6,1.2,0.2,0.0,0.9,9.223140495867769,12,5.971363
Luke Walton,2013,32,PF,CLE,50,17.1,0.392,0.299,0.5,3.4,2.9,3.3,0.8,0.3,1.2,10.475789473684209,13,6.091363
Luke Zeller,2013,25,C,PHO,16,3.6,0.346,0.2,,1.2,0.6,0.2,0.0,0.0,0.0,16.0,6,0.473604
Luol Deng,2010,24,SF,CHI,70,37.9,0.466,0.386,0.764,17.6,7.3,2.0,0.9,0.9,1.9,17.5421635883905,5,10.365
Luol Deng,2011,25,SF,CHI,82,39.1,0.46,0.345,0.753,17.4,5.8,2.8,1.0,0.6,1.9,16.39242966751918,6,11.345
Luol Deng,2012,26,SF,CHI,54,39.4,0.412,0.367,0.77,15.3,6.5,2.9,1.0,0.7,1.8,15.68284263959391,7,12.325
Luol Deng,2013,27,SF,CHI,75,38.7,0.426,0.322,0.816,16.5,6.3,3.0,1.1,0.4,1.9,16.904186046511622,8,14.275
Luol Deng,2014,28,SF,CLE,63,35.1,0.431,0.302,0.791,16.0,5.7,2.9,1.0,0.1,1.8,17.837948717948716,9,14.275
Luol Deng,2015,29,SF,MIA,72,33.6,0.469,0.355,0.761,14.0,5.2,1.9,0.9,0.3,1.5,14.935714285714287,10,9.714461
Luol Deng,2016,30,PF,MIA,74,32.4,0.455,0.344,0.755,12.3,6.0,1.9,1.0,0.4,1.1,13.715555555555556,11,10.151612
Luol Deng,2017,31,SF,LAL,56,26.5,0.387,0.309,0.73,7.6,5.3,1.3,0.9,0.4,0.8,12.068830188679247,12,18.0
Luol Deng,2018,32,SF,LAL,1,13.0,0.5,,,2.0,0.0,1.0,1.0,0.0,1.0,8.307692307692308,13,17.19
Luol Deng,2019,33,SF,MIN,22,17.8,0.5,0.318,0.714,7.1,3.3,0.8,0.7,0.4,0.6,13.558651685393258,14,1.512601
Luther Head,2010,27,SG,IND,47,17.3,0.437,0.352,0.828,7.6,1.7,1.5,0.4,0.2,1.1,17.121849710982655,8,0.825497
Luther Head,2011,28,PG,SAC,36,16.3,0.415,0.391,0.78,5.6,1.7,1.9,0.3,0.3,0.9,13.507730061349692,9,0.854389
Maalik Wayns,2013,21,PG,LAC,27,7.5,0.295,0.226,0.895,2.8,0.3,1.0,0.2,0.0,0.6,20.198399999999996,2,0.788872
Mac McClung,2022,23,SG-PG,LAL,2,12.5,0.5,0.333,1.0,4.0,1.5,0.5,0.5,0.5,1.5,13.593600000000002,4,0.129128
Mac McClung,2023,24,SG,PHI,2,20.5,0.45,0.364,0.6,12.5,5.0,4.5,0.0,0.0,1.5,22.12682926829268,5,0.170553
Malachi Flynn,2021,22,PG,TOR,47,19.7,0.374,0.321,0.804,7.5,2.5,2.9,0.8,0.1,0.9,15.766903553299493,3,2.377179
Malachi Flynn,2022,23,PG,TOR,44,12.2,0.393,0.333,0.625,4.3,1.4,1.6,0.5,0.1,0.3,13.927868852459016,4,2.368246
Malachi Flynn,2023,24,PG,TOR,53,13.0,0.36,0.353,0.758,4.6,1.4,1.3,0.4,0.1,0.5,14.854153846153846,5,2.275081
Malachi Flynn,2024,25,PG,DET,69,12.7,0.418,0.331,0.732,5.5,1.7,1.9,0.6,0.1,0.9,17.121259842519688,6,3.988106
Malachi Flynn,2025,26,PG,CHO,4,11.0,0.385,0.25,0.833,4.0,1.8,1.8,0.8,0.0,1.0,16.232727272727274,7,0.119972
Malachi Richardson,2017,21,SG,SAC,22,9.0,0.412,0.286,0.789,3.6,1.0,0.5,0.2,0.0,0.4,15.584,2,1.4398
Malachi Richardson,2018,22,SG,TOR,26,12.5,0.333,0.3,0.773,3.4,1.3,0.5,0.4,0.0,0.4,12.24576,3,1.56936
Malachi Richardson,2019,23,SG,TOR,22,4.7,0.31,0.32,0.8,1.4,0.6,0.0,0.0,0.0,0.4,13.695319148936171,4,1.56936
Malaki Branham,2023,19,SF,SAS,66,23.5,0.44,0.302,0.829,10.2,2.7,1.9,0.5,0.1,1.2,16.82655319148936,1,3.101978
Malaki Branham,2024,20,PG,SAS,75,21.3,0.432,0.347,0.873,9.2,2.0,2.1,0.4,0.1,1.2,16.820281690140845,1,3.163157
Malaki Branham,2025,21,SG,SAS,47,9.1,0.458,0.405,0.818,5.0,1.1,0.8,0.2,0.0,0.7,19.811868131868135,2,3.21792
Malcolm Brogdon,2017,24,SG,MIL,75,26.4,0.457,0.404,0.865,10.2,2.8,4.2,1.1,0.2,1.5,14.656363636363636,5,0.925
Malcolm Brogdon,2018,25,PG,MIL,48,29.9,0.485,0.385,0.882,13.0,3.3,3.2,0.9,0.3,1.4,15.281337792642143,6,1.544951
Malcolm Brogdon,2019,26,SG,MIL,64,28.6,0.505,0.426,0.928,15.6,4.5,3.2,0.7,0.2,1.4,17.81874125874126,7,1.544951
Malcolm Brogdon,2020,27,PG,IND,54,30.9,0.438,0.326,0.892,16.5,4.9,7.1,0.6,0.2,2.4,20.616699029126217,8,20.0
Malcolm Brogdon,2021,28,PG,IND,56,34.5,0.453,0.388,0.864,21.2,5.3,5.9,0.9,0.3,2.1,21.92139130434783,9,25.226913
Malcolm Brogdon,2022,29,PG,IND,36,33.5,0.448,0.312,0.856,19.1,5.1,5.9,0.8,0.4,2.1,20.65862686567164,10,25.092741
Malcolm Brogdon,2023,30,PG,BOS,67,26.0,0.484,0.444,0.87,14.9,4.2,3.7,0.7,0.3,1.5,18.814153846153847,11,23.962508
Malcolm Brogdon,2024,31,PG,POR,39,28.7,0.44,0.412,0.819,15.7,3.8,5.5,0.7,0.2,1.5,19.467595818815333,12,23.168564
Malcolm Brogdon,2025,32,PG,WAS,24,23.5,0.433,0.286,0.88,12.7,3.8,4.1,0.5,0.2,1.6,20.33157446808511,13,22.5
Malcolm Cazalon,2024,22,SG,DET,1,3.0,0.0,0.0,0.0,0.0,0.0,0.0,0.0,0.0,0.0,0.0,3,0.576415
Malcolm Delaney,2017,27,PG,ATL,73,17.1,0.374,0.236,0.806,5.4,1.7,2.6,0.5,0.0,1.3,15.098947368421053,8,2.5
Malcolm Hill,2022,26,SF-SG,CHI,19,11.2,0.462,0.361,0.786,3.8,1.8,0.4,0.4,0.2,0.2,10.311428571428571,7,0.375086
Malcolm Hill,2023,27,SF,CHI,5,1.8,0.5,0.333,0.0,1.0,0.6,0.0,0.0,0.0,0.0,16.0,8,0.539571
Malcolm Lee,2012,21,SG,MIN,19,12.8,0.39,0.2,0.824,3.3,1.4,1.6,0.4,0.2,0.9,12.36375,2,0.5
Malcolm Lee,2013,22,SG,MIN,16,18.1,0.382,0.333,0.6,4.9,2.4,1.3,0.8,0.4,0.6,11.878011049723755,3,0.884293
Malcolm Lee,2015,24,SG,PHI,1,2.0,0.0,,,0.0,0.0,0.0,0.0,0.0,0.0,18.0,5,0.710659
Malcolm Miller,2019,25,SF,TOR,10,6.7,0.423,0.476,0.75,3.5,0.5,0.1,0.1,0.1,0.1,15.45313432835821,6,0.457418
Malcolm Miller,2020,26,SF,TOR,28,5.8,0.414,0.364,0.375,1.3,0.6,0.4,0.2,0.1,0.1,7.646896551724139,7,1.588231
Malcolm Thomas,2013,24,PF,CHI,12,4.8,0.5,,0.625,1.3,1.3,0.3,0.2,0.2,0.3,10.56,5,0.884293
Malcolm Thomas,2014,25,PF,UTA,8,7.9,0.438,0.25,0.0,1.9,2.6,0.3,0.0,0.4,1.1,14.728101265822785,6,0.702233
Malcolm Thomas,2015,26,PF,PHI,17,11.4,0.45,0.0,0.692,2.6,3.3,0.4,0.2,0.1,0.8,11.216842105263156,7,0.635827
Malevy Leons,2025,25,SF,OKC,6,3.5,0.0,0.0,0.5,0.3,0.5,0.2,0.0,0.0,0.2,8.310857142857143,6,0.126356
Malik Allen,2010,31,PF,DEN,51,8.9,0.397,0.167,0.923,2.1,1.6,0.3,0.2,0.1,0.4,11.455280898876405,12,1.3
Malik Allen,2011,32,PF,ORL,18,9.9,0.355,,0.5,1.3,1.8,0.2,0.1,0.2,0.2,7.069090909090908,13,0.854389
Malik Beasley,2017,20,SG,DEN,22,7.5,0.452,0.321,0.8,3.8,0.8,0.5,0.3,0.0,0.4,18.816,1,1.62732
Malik Beasley,2018,21,SG,DEN,62,9.4,0.41,0.341,0.667,3.2,1.1,0.5,0.2,0.1,0.4,13.480851063829787,2,1.70064
Malik Beasley,2019,22,SG,DEN,81,23.2,0.474,0.402,0.848,11.3,2.5,1.2,0.7,0.1,0.7,15.753103448275862,3,1.77384
Malik Beasley,2020,23,SG,MIN,55,22.0,0.425,0.388,0.818,11.2,2.7,1.4,0.7,0.1,1.0,18.37309090909091,4,2.731714
Malik Beasley,2021,24,SG,MIN,37,32.8,0.44,0.399,0.85,19.6,4.4,2.4,0.8,0.2,1.6,20.599024390243905,5,16.362023
Malik Beasley,2022,25,SG,MIN,79,25.0,0.391,0.377,0.817,12.1,2.9,1.5,0.5,0.2,0.5,16.77888,6,16.757746
Malik Beasley,2023,26,SG,LAL,81,25.8,0.395,0.357,0.769,12.7,3.5,1.5,0.8,0.1,1.1,18.21209302325581,7,16.495997
Malik Beasley,2024,27,SG,MIL,79,29.6,0.443,0.413,0.714,11.3,3.7,1.4,0.7,0.1,0.7,12.132972972972972,8,2.790369
Malik Beasley,2025,28,SG,DET,82,27.8,0.43,0.416,0.679,16.3,2.6,1.7,0.9,0.1,1.0,19.227625899280575,9,6.0
Malik Fitts,2021,23,PF,LAC,3,3.7,0.333,0.5,,1.0,1.0,0.0,0.0,0.0,0.0,9.72972972972973,4,0.074983
Malik Fitts,2022,24,PF,BOS,15,4.2,0.421,0.5,,1.4,1.1,0.3,0.0,0.0,0.1,12.0,5,0.729508
Malik Hairston,2010,22,SG,SAS,47,6.7,0.526,0.182,0.567,2.1,1.0,0.3,0.1,0.2,0.2,11.090149253731344,3,0.73642
Malik Monk,2018,19,SG,CHO,63,13.6,0.36,0.342,0.842,6.7,1.0,1.4,0.3,0.1,0.8,20.551764705882356,1,3.44748
Malik Monk,2019,20,SG,CHO,73,17.2,0.387,0.33,0.882,8.9,1.9,1.6,0.5,0.3,1.2,20.545116279069767,1,3.44748
Malik Monk,2020,21,SG,CHO,55,21.3,0.434,0.284,0.82,10.3,2.9,2.1,0.5,0.3,1.4,18.747042253521126,2,4.0284
Malik Monk,2021,22,SG,CHO,42,20.9,0.434,0.401,0.819,11.7,2.4,2.1,0.5,0.1,1.3,19.89129186602871,3,6.514743
Malik Monk,2022,23,SG,LAL,76,28.1,0.473,0.391,0.795,13.8,3.4,2.9,0.8,0.4,1.6,16.859786476868326,4,2.069001
Malik Monk,2023,24,SG,SAC,77,22.3,0.448,0.359,0.889,13.5,2.6,3.9,0.6,0.3,1.9,21.61291479820628,5,10.04328
Malik Monk,2024,25,SG,SAC,72,26.0,0.443,0.35,0.829,15.4,2.9,5.1,0.6,0.5,2.1,21.78276923076923,6,10.24136
Malik Monk,2025,26,SG,SAC,65,31.6,0.439,0.325,0.865,17.2,3.8,5.6,0.9,0.6,2.4,20.4926582278481,7,17.405203
Malik Newman,2022,24,PG,CLE,1,8.0,0.6,0.0,1.0,8.0,1.0,1.0,0.0,0.0,1.0,30.96,5,0.098957
Malik Williams,2024,25,C,TOR,7,15.3,0.265,0.2,0.0,2.7,5.4,0.3,0.4,0.6,0.4,12.781176470588235,6,0.079506
Mamadi Diakite,2021,24,PF,MIL,14,10.1,0.4,0.125,0.786,3.1,2.4,0.6,0.5,0.4,0.2,12.617821782178218,5,0.645103
Mamadi Diakite,2022,25,PF,OKC,13,14.5,0.532,0.0,0.545,4.3,4.5,0.2,0.4,0.7,0.5,11.053241379310345,6,1.004956
Mamadi Diakite,2023,26,PF,CLE,22,8.0,0.48,0.333,1.0,2.6,1.4,0.4,0.2,0.4,0.5,12.798,7,0.539571
Mamadi Diakite,2024,27,PF,NYK,6,4.0,0.667,0.0,0.667,2.0,0.7,0.3,0.2,0.2,0.2,14.76,8,0.731687
Manny Harris,2011,21,SG,CLE,54,17.3,0.374,0.37,0.763,5.9,2.6,1.6,0.6,0.1,1.2,15.290635838150289,2,0.473604
Manny Harris,2012,22,SG,CLE,26,17.5,0.4,0.333,0.695,6.7,2.7,1.2,0.5,0.2,1.0,16.0704,3,0.252016
Manny Harris,2017,27,SG,DAL,4,6.3,0.2,0.0,0.5,2.0,2.3,0.5,0.0,0.0,0.5,27.08571428571429,8,0.115344
Manu Ginobili,2010,32,SG,SAS,75,28.7,0.441,0.377,0.87,16.5,3.8,4.9,1.4,0.3,2.1,20.2804181184669,13,10.72813
Manu Ginobili,2011,33,SG,SAS,80,30.3,0.433,0.349,0.871,17.4,3.7,4.9,1.5,0.4,2.2,20.369108910891086,14,11.854584
Manu Ginobili,2012,34,SG,SAS,34,23.3,0.526,0.413,0.871,12.9,3.4,4.4,0.7,0.4,1.9,17.95364806866953,15,14.107492
Manu Ginobili,2013,35,SG,SAS,60,23.2,0.425,0.353,0.796,11.8,3.4,4.6,1.3,0.2,2.2,19.700689655172415,16,14.107492
Manu Ginobili,2014,36,SG,SAS,68,22.8,0.469,0.349,0.851,12.3,3.0,4.3,1.0,0.3,2.0,19.629473684210524,17,7.5
Manu Ginobili,2015,37,SG,SAS,70,22.7,0.426,0.345,0.721,10.5,3.0,4.2,1.0,0.3,2.2,18.834185022026436,18,7.0
Manu Ginobili,2016,38,SG,SAS,58,19.6,0.453,0.391,0.813,9.6,2.5,3.1,1.1,0.2,1.7,18.4334693877551,19,2.814
Manu Ginobili,2017,39,SG,SAS,69,18.7,0.39,0.392,0.804,7.5,2.3,2.7,1.2,0.2,1.4,16.37133689839572,20,14.0
Manu Ginobili,2018,40,SG,SAS,65,20.0,0.434,0.333,0.84,8.9,2.2,2.5,0.7,0.2,1.6,17.244,20,2.5
MarJon Beauchamp,2023,22,SF,MIL,52,13.5,0.395,0.331,0.73,5.1,2.2,0.7,0.4,0.1,0.9,15.754666666666667,3,2.635027
MarJon Beauchamp,2024,23,SF,MIL,48,12.7,0.488,0.4,0.679,4.4,2.1,0.6,0.3,0.1,0.6,12.370393700787401,4,2.686935
MarJon Beauchamp,2025,24,SF,NYK,35,4.5,0.415,0.345,0.75,2.3,1.3,0.3,0.1,0.0,0.4,20.511999999999997,5,2.73372
MarShon Brooks,2012,23,SG,NJN,56,29.4,0.428,0.313,0.764,12.6,3.6,2.3,0.9,0.3,2.1,17.931428571428572,4,1.063865
MarShon Brooks,2013,24,SG,BRK,73,12.5,0.463,0.273,0.734,5.4,1.4,1.0,0.5,0.2,0.9,17.487360000000002,5,1.16004
MarShon Brooks,2014,25,SG,LAL,35,9.0,0.456,0.52,0.727,4.5,1.5,0.7,0.4,0.1,0.7,19.488000000000003,6,1.21008
MarShon Brooks,2018,29,SG,MEM,7,27.6,0.5,0.594,0.87,20.1,3.0,3.6,1.6,0.4,2.3,23.937391304347827,10,0.060283
MarShon Brooks,2019,30,SG,MEM,29,13.3,0.45,0.278,0.697,6.6,1.6,0.9,0.3,0.1,0.7,18.90406015037594,11,1.656092
Marc Gasol,2010,25,C,MEM,69,35.8,0.581,0.0,0.67,14.6,9.3,2.4,1.0,1.6,2.0,13.85296089385475,6,3.333333
Marc Gasol,2011,26,C,MEM,81,31.9,0.527,0.429,0.748,11.7,7.0,2.5,0.9,1.7,1.8,13.411410658307211,7,3.573333
Marc Gasol,2012,27,C,MEM,65,36.5,0.482,0.083,0.748,14.6,8.9,3.1,1.0,1.9,1.9,15.244273972602741,8,12.922194
Marc Gasol,2013,28,C,MEM,80,35.0,0.494,0.071,0.848,14.1,7.8,4.0,1.0,1.7,2.0,15.078857142857142,9,13.891359
Marc Gasol,2014,29,C,MEM,59,33.4,0.473,0.182,0.768,14.6,7.2,3.6,1.0,1.3,1.9,17.034251497005986,10,14.860523
Marc Gasol,2015,30,C,MEM,81,33.2,0.494,0.176,0.795,17.4,7.8,3.8,0.9,1.6,2.2,19.275180722891566,11,15.829688
Marc Gasol,2016,31,C,MEM,52,34.4,0.464,0.667,0.829,16.6,7.0,3.8,1.0,1.3,2.3,18.803720930232558,12,19.688
Marc Gasol,2017,32,C,MEM,74,34.2,0.459,0.388,0.837,19.5,6.3,4.6,0.9,1.3,2.2,20.92631578947368,13,21.165675
Marc Gasol,2018,33,C,MEM,73,33.0,0.42,0.341,0.834,17.2,8.1,4.2,0.7,1.4,2.7,20.644363636363636,14,22.64235
Marc Gasol,2019,34,C,TOR,79,30.8,0.448,0.363,0.759,13.6,7.9,4.4,1.1,1.1,2.0,16.84051948051948,15,24.119025
Marc Gasol,2020,35,C,TOR,44,26.4,0.427,0.385,0.735,7.5,6.3,3.3,0.8,0.9,1.3,11.023636363636363,16,25.5957
Marc Gasol,2021,36,C,LAL,52,19.1,0.454,0.41,0.72,5.0,4.1,2.1,0.5,1.1,1.0,9.687958115183246,17,3.125642
Marcin Gortat,2010,25,C,ORL,81,13.4,0.533,0.0,0.68,3.6,4.2,0.2,0.2,0.9,0.6,10.198208955223881,6,5.854
Marcin Gortat,2011,26,C,PHO,80,25.4,0.561,0.25,0.725,10.2,7.9,0.9,0.5,1.1,1.0,13.543937007874018,7,6.32232
Marcin Gortat,2012,27,C,PHO,66,32.0,0.555,0.0,0.649,15.4,10.0,0.9,0.7,1.5,1.4,16.6185,8,7.25896
Marcin Gortat,2013,28,C,PHO,61,30.8,0.521,0.0,0.652,11.1,8.5,1.2,0.7,1.6,1.6,13.923116883116885,9,7.72728
Marcin Gortat,2014,29,C,WAS,81,32.8,0.542,1.0,0.686,13.2,9.5,1.7,0.5,1.5,1.6,14.522926829268293,10,7.72728
Marcin Gortat,2015,30,C,WAS,82,29.9,0.566,0.0,0.703,12.2,8.7,1.2,0.6,1.3,1.2,13.995451505016721,11,10.434782
Marcin Gortat,2016,31,C,WAS,75,30.1,0.567,0.0,0.705,13.5,9.9,1.4,0.6,1.3,1.6,15.58644518272425,12,11.217391
Marcin Gortat,2017,32,C,WAS,82,31.2,0.579,0.0,0.648,10.8,10.4,1.5,0.5,0.7,1.5,12.156923076923077,13,12.0
Marcin Gortat,2018,33,C,WAS,82,25.3,0.518,,0.675,8.4,7.6,1.8,0.5,0.7,1.2,12.635573122529642,14,12.782609
Marcin Gortat,2019,34,C,LAC,47,16.0,0.532,,0.729,5.0,5.6,1.4,0.1,0.5,1.1,12.465000000000002,15,13.565218
Marco Belinelli,2010,23,SG,TOR,66,17.0,0.406,0.38,0.835,7.1,1.4,1.3,0.6,0.1,0.9,15.65364705882353,4,1.54764
Marco Belinelli,2011,24,SG,NOH,80,24.5,0.437,0.414,0.784,10.5,1.9,1.2,0.5,0.1,1.0,15.140571428571429,5,2.38027
Marco Belinelli,2012,25,SG,NOH,66,29.8,0.417,0.377,0.783,11.8,2.6,1.5,0.7,0.1,1.0,14.834899328859061,6,3.377604
Marco Belinelli,2013,26,SG,CHI,73,25.8,0.395,0.357,0.839,9.6,1.9,2.0,0.6,0.1,1.1,14.667906976744186,7,1.957
Marco Belinelli,2014,27,SF,SAS,80,25.2,0.485,0.43,0.847,11.4,2.8,2.2,0.6,0.1,1.2,15.148571428571428,8,2.75
Marco Belinelli,2015,28,SG,SAS,62,22.4,0.423,0.374,0.848,9.2,2.5,1.5,0.5,0.0,1.0,14.952857142857145,9,2.87375
Marco Belinelli,2016,29,SG,SAC,68,24.6,0.386,0.306,0.833,10.2,1.7,1.9,0.5,0.0,1.2,16.653658536585365,10,6.060606
Marco Belinelli,2017,30,SG,CHO,74,24.0,0.429,0.36,0.893,10.5,2.4,2.0,0.6,0.1,0.9,15.318000000000003,11,6.333333
Marco Belinelli,2019,32,SG,SAS,79,23.0,0.413,0.372,0.903,10.5,2.5,1.7,0.4,0.1,0.9,16.128,13,6.153846
Marco Belinelli,2020,33,SG,SAS,57,15.5,0.392,0.376,0.828,6.3,1.7,1.2,0.2,0.0,0.3,14.492903225806453,14,5.846154
Marcus Bagley,2025,23,SF,PHI,10,25.3,0.391,0.156,0.8,6.7,7.0,1.0,0.9,1.2,0.7,11.440316205533598,4,0.126356
Marcus Banks,2010,28,PG,TOR,22,11.1,0.534,0.292,0.828,5.0,1.0,1.2,0.5,0.1,0.9,15.476756756756757,9,4.553793
Marcus Banks,2011,29,PG,TOR,3,7.3,0.0,,0.75,2.0,0.3,1.0,0.3,0.0,0.7,12.762739726027398,10,4.847586
Marcus Camby,2010,35,PF-C,POR,74,31.3,0.475,0.286,0.639,7.5,11.8,2.5,1.3,2.0,1.2,10.010990415335462,16,9.15
Marcus Camby,2011,36,C,POR,59,26.1,0.398,0.0,0.614,4.7,10.3,2.1,0.7,1.6,1.1,9.142068965517241,17,11.749832
Marcus Camby,2012,37,C,HOU,59,22.9,0.446,0.4,0.453,4.9,9.0,1.8,0.8,1.4,1.0,10.035982532751094,18,11.22725
Marcus Camby,2013,38,PF,NYK,24,10.4,0.321,,0.421,1.8,3.3,0.6,0.3,0.6,0.6,10.910769230769231,19,4.590338
Marcus Cousin,2011,24,C,UTA,4,4.5,0.667,,,1.0,0.8,0.0,0.0,0.3,0.3,8.8,5,0.025
Marcus Garrett,2022,23,SG,MIA,12,10.7,0.238,0.25,0.4,1.1,1.9,0.6,0.4,0.3,0.2,7.321121495327104,4,0.273628
Marcus Garrett,2025,26,SG,CHO,4,19.8,0.407,0.375,0.75,7.0,1.5,3.3,0.8,0.5,1.5,15.890909090909089,7,0.107027
Marcus Georges-Hunt,2017,22,SG,ORL,5,9.6,0.286,0.5,0.9,2.8,1.8,0.6,0.2,0.0,0.4,10.049999999999999,3,0.031969
Marcus Georges-Hunt,2018,23,SG,MIN,42,5.3,0.438,0.267,0.619,1.4,0.4,0.2,0.1,0.0,0.1,9.645283018867925,4,1.312611
Marcus Haislip,2010,29,SF,SAS,10,4.4,0.476,0.6,0.4,2.5,1.0,0.0,0.0,0.2,0.3,21.436363636363637,10,0.855189
Marcus Landry,2010,24,SF,BOS,18,6.2,0.372,0.321,0.6,2.4,1.1,0.0,0.1,0.1,0.3,16.443870967741933,5,0.457588
Marcus Morris,2021,31,PF,LAC,57,26.4,0.473,0.473,0.82,13.4,4.1,1.0,0.6,0.3,1.0,16.232727272727274,12,18.138663
Marcus Morris,2022,32,PF,LAC,54,29.0,0.434,0.367,0.872,15.4,4.4,2.1,0.5,0.3,1.3,18.978206896551725,13,18.071291
Marcus Morris,2023,33,PF,LAC,65,28.1,0.426,0.364,0.782,11.2,4.0,1.8,0.6,0.3,0.9,14.569110320284699,14,17.359133
Marcus Morris,2024,34,PF,CLE,49,16.7,0.439,0.403,0.818,6.4,2.7,0.7,0.3,0.3,0.6,13.787784431137725,15,18.13561
Marcus Sasser,2024,23,PG,DET,71,19.0,0.428,0.375,0.879,8.3,1.8,3.3,0.6,0.2,1.3,16.85557894736842,4,2.701998
Marcus Sasser,2025,24,PG,DET,57,14.2,0.463,0.382,0.843,6.6,1.2,2.3,0.6,0.1,0.9,16.4687323943662,5,2.75508
Marcus Smart,2015,20,PG,BOS,67,27.0,0.367,0.335,0.646,7.8,3.3,3.1,1.5,0.3,1.3,12.314666666666668,1,3.28332
Marcus Smart,2016,21,PG,BOS,61,27.3,0.348,0.253,0.777,9.1,4.2,3.0,1.5,0.3,1.3,14.753406593406593,2,3.43104
Marcus Smart,2017,22,SG,BOS,79,30.4,0.359,0.283,0.812,10.6,3.9,4.6,1.6,0.4,2.0,15.285789473684211,3,3.57888
Marcus Smart,2019,24,SG,BOS,80,27.5,0.422,0.364,0.806,8.9,2.9,4.0,1.8,0.4,1.5,12.179781818181818,5,11.660716
Marcus Smart,2020,25,SG,BOS,60,32.0,0.375,0.347,0.836,12.9,3.8,4.9,1.7,0.5,1.7,15.975,6,12.553571
Marcus Smart,2021,26,PG,BOS,48,32.9,0.398,0.33,0.79,13.1,3.5,5.7,1.5,0.5,2.0,15.42419452887538,7,15.777701
Marcus Smart,2022,27,PG,BOS,71,32.3,0.418,0.331,0.793,12.1,3.8,5.9,1.7,0.3,2.2,14.93498452012384,8,16.003023
Marcus Smart,2023,28,PG,BOS,61,32.1,0.415,0.336,0.746,11.5,3.1,6.3,1.5,0.4,2.3,14.61981308411215,9,18.244526
Marcus Smart,2024,29,PG,MEM,20,30.3,0.43,0.313,0.768,14.5,2.7,4.3,2.1,0.3,3.1,19.285544554455445,10,19.135908
Marcus Smart,2025,30,PG,WAS,34,20.0,0.393,0.348,0.761,9.0,2.1,3.2,1.1,0.3,1.6,18.2232,11,20.210284
Marcus Thornton,2010,22,SG,NOH,73,25.6,0.451,0.374,0.814,14.5,2.9,1.6,0.8,0.2,1.0,19.906875,3,0.457588
Marcus Thornton,2011,23,SG,SAC,73,24.3,0.434,0.367,0.788,12.8,3.5,1.8,0.9,0.1,1.3,20.0,4,0.762195
Marcus Thornton,2012,24,SG,SAC,51,34.9,0.438,0.345,0.865,18.7,3.7,1.9,1.4,0.2,1.6,19.29765042979943,5,7.525
Marcus Thornton,2013,25,SG,SAC,72,24.0,0.429,0.372,0.881,12.7,2.5,1.3,0.8,0.1,0.9,18.738000000000003,6,7.525
Marcus Thornton,2014,26,SG,BRK,72,24.2,0.394,0.345,0.804,9.8,2.8,1.1,0.8,0.2,0.9,15.625785123966946,7,8.05
Marcus Thornton,2015,27,SG,PHO,48,15.0,0.406,0.378,0.821,7.9,1.8,0.8,0.6,0.1,0.6,19.987199999999998,8,8.575
Marcus Thornton,2016,28,SG,WAS,61,18.2,0.399,0.337,0.848,9.7,2.5,1.4,0.8,0.1,0.8,20.318241758241765,9,0.2006
Marcus Thornton,2017,29,SG,WAS,33,17.4,0.4,0.35,0.852,6.6,2.3,1.2,0.6,0.1,0.8,15.624827586206898,10,0.980431
Marcus Williams,2010,24,PG,MEM,62,14.1,0.384,0.296,0.673,4.3,1.5,2.6,0.5,0.0,1.2,15.308936170212768,5,0.825497
Mardy Collins,2010,25,SG,LAC,43,10.9,0.367,0.235,0.619,2.6,1.2,1.0,0.5,0.0,0.7,12.946788990825688,6,1.867742
Mario Chalmers,2010,23,PG,MIA,73,24.8,0.401,0.318,0.745,7.1,1.8,3.4,1.2,0.2,1.7,12.425806451612903,4,0.756
Mario Chalmers,2011,24,PG,MIA,70,22.6,0.399,0.359,0.871,6.4,2.1,2.5,1.1,0.1,1.3,11.462654867256635,5,0.854389
Mario Chalmers,2012,25,PG,MIA,64,28.5,0.448,0.388,0.792,9.8,2.7,3.5,1.5,0.2,2.2,13.52084210526316,6,4.0
Mario Chalmers,2013,26,PG,MIA,77,26.9,0.429,0.409,0.795,8.6,2.2,3.5,1.5,0.2,1.5,12.124907063197028,7,4.0
Mario Chalmers,2014,27,PG,MIA,73,29.8,0.454,0.385,0.742,9.8,2.9,4.9,1.6,0.2,2.2,13.129127516778524,8,4.0
Mario Chalmers,2015,28,PG,MIA,80,29.6,0.403,0.294,0.774,10.2,2.6,3.8,1.5,0.1,2.2,14.536216216216218,9,4.0
Mario Chalmers,2016,29,PG,MEM,61,22.5,0.41,0.309,0.832,10.3,2.6,3.8,1.4,0.2,1.8,17.587200000000003,10,4.3
Mario Chalmers,2018,31,PG,MEM,66,21.5,0.379,0.277,0.855,7.7,2.4,3.0,1.2,0.2,1.8,15.77972093023256,12,1.471382
Mario Hezonja,2016,20,SF,ORL,79,17.9,0.433,0.349,0.907,6.1,2.2,1.4,0.5,0.2,1.2,13.692067039106146,1,3.74148
Mario Hezonja,2017,21,SF,ORL,65,14.8,0.355,0.299,0.8,4.9,2.2,1.0,0.5,0.2,0.9,15.450810810810811,2,3.90984
Mario Hezonja,2019,23,SF,NYK,58,20.8,0.412,0.276,0.763,8.8,4.1,1.5,1.0,0.1,1.5,17.965384615384615,4,6.5
Mario Hezonja,2020,24,PF,POR,53,16.4,0.422,0.308,0.814,4.8,3.5,0.9,0.7,0.2,0.8,11.818536585365853,5,1.737145
Mario West,2010,25,SG,ATL,39,3.6,0.571,0.0,0.6,0.8,0.7,0.2,0.2,0.0,0.2,8.32,6,0.451595
Mario West,2011,26,SG,NJN,6,19.3,0.429,0.25,0.6,3.7,1.8,1.7,1.2,0.0,0.3,7.744663212435233,7,0.020103
Mark Williams,2023,21,C,CHO,43,19.3,0.637,0.0,0.691,9.0,7.1,0.4,0.7,1.0,0.9,14.385077720207253,2,3.946434
Mark Williams,2024,22,C,CHO,19,26.7,0.649,0.0,0.719,12.7,9.7,1.2,0.8,1.1,0.9,13.882247191011238,3,4.024286
Mark Williams,2025,23,C,CHO,44,26.6,0.604,0.0,0.804,15.3,10.2,2.5,0.7,1.2,1.6,18.173233082706766,4,4.09428
Markel Brown,2015,23,SG,BRK,47,16.6,0.362,0.266,0.825,4.6,2.3,0.8,0.7,0.3,0.6,12.205301204819277,4,0.507336
Markel Brown,2016,24,SG,BRK,62,15.8,0.394,0.314,0.755,5.9,2.0,1.5,0.6,0.2,0.9,15.40253164556962,5,0.845059
Markelle Fultz,2018,19,SG,PHI,14,18.1,0.405,0.0,0.476,7.1,3.1,3.8,0.9,0.3,1.2,19.412154696132596,1,8.33988
Markelle Fultz,2019,20,SG,PHI,19,22.5,0.419,0.286,0.568,8.2,3.7,3.1,0.9,0.3,1.3,16.5376,1,8.33988
Markelle Fultz,2020,21,PG,ORL,72,27.7,0.465,0.267,0.73,12.1,3.3,5.1,1.3,0.2,2.0,17.763465703971118,2,9.7452
Markelle Fultz,2021,22,PG,ORL,8,26.9,0.394,0.25,0.895,12.9,3.1,5.4,1.0,0.3,2.3,21.889070631970263,3,14.976129
Markelle Fultz,2022,23,PG,ORL,18,20.0,0.474,0.235,0.806,10.8,2.7,5.5,1.1,0.3,2.2,22.766399999999997,4,19.079734
Markelle Fultz,2023,24,PG,ORL,60,29.6,0.514,0.31,0.783,14.0,3.9,5.7,1.5,0.4,2.3,17.824864864864868,5,17.494752
Markelle Fultz,2024,25,PG,ORL,43,21.2,0.472,0.222,0.697,7.8,3.2,2.8,1.0,0.3,1.2,15.541132075471698,6,17.505137
Markelle Fultz,2025,26,PG,SAC,21,8.8,0.418,0.5,1.0,2.9,1.0,1.3,0.5,0.1,0.7,15.954545454545453,7,0.731831
Markieff Morris,2012,22,PF,PHO,63,19.5,0.399,0.347,0.717,7.4,4.4,1.0,0.7,0.7,1.1,16.15015384615385,3,2.00556
Markieff Morris,2013,23,PF,PHO,82,22.4,0.407,0.336,0.732,8.2,4.8,1.3,0.9,0.8,1.3,16.00714285714286,4,2.09184
Markieff Morris,2014,24,PF,PHO,81,26.6,0.486,0.315,0.792,13.8,6.0,1.8,0.8,0.6,1.8,18.893233082706768,5,2.09184
Markieff Morris,2015,25,PF,PHO,82,31.5,0.465,0.318,0.763,15.3,6.2,2.3,1.2,0.5,2.1,19.122285714285713,6,2.989239
Markieff Morris,2016,26,PF,WAS,64,25.5,0.425,0.303,0.735,12.0,5.5,1.9,0.9,0.5,2.1,20.205176470588235,7,8.0
Markieff Morris,2017,27,PF,WAS,76,31.2,0.457,0.362,0.837,14.0,6.5,1.7,1.1,0.6,1.7,16.88307692307692,8,7.4
Markieff Morris,2018,28,PF,WAS,73,27.0,0.48,0.367,0.82,11.5,5.6,1.9,0.8,0.5,1.7,15.855999999999998,9,8.6
Markieff Morris,2019,29,PF,OKC,58,21.9,0.421,0.335,0.772,9.4,4.6,1.4,0.6,0.4,0.9,16.280547945205484,10,0.427288
Markieff Morris,2020,30,PF,LAL,58,20.5,0.443,0.386,0.776,9.7,3.8,1.3,0.5,0.3,1.3,17.315121951219513,11,1.75
Markieff Morris,2021,31,PF,LAL,61,19.7,0.405,0.311,0.72,6.7,4.4,1.2,0.4,0.3,0.9,13.617868020304572,12,2.841492
Markieff Morris,2022,32,PF,MIA,17,17.5,0.474,0.333,0.889,7.6,2.6,1.4,0.4,0.1,1.2,16.704,13,3.054712
Markieff Morris,2023,33,PF,DAL,35,10.1,0.409,0.394,1.0,3.8,2.0,0.9,0.3,0.1,0.5,14.015049504950495,14,3.081038
Markieff Morris,2024,34,PF,DAL,26,8.3,0.338,0.357,0.833,2.5,1.5,0.6,0.2,0.1,0.5,13.827469879518071,15,3.291427
Markieff Morris,2025,35,PF,LAL,15,11.0,0.3,0.25,0.833,3.7,1.5,1.4,0.1,0.2,0.3,16.939636363636364,16,2.087519
Marko Guduric,2020,24,SG,MEM,44,11.0,0.395,0.301,0.923,3.9,1.7,1.0,0.3,0.2,0.8,15.264,5,2.625
Marko Simonovic,2022,22,C,CHI,9,3.9,0.267,0.2,0.727,1.9,1.1,0.0,0.1,0.1,0.2,22.412307692307692,3,1.069919
Marko Simonovic,2023,23,C,CHI,7,2.9,0.286,0.25,0.5,0.9,0.3,0.0,0.0,0.0,0.0,14.05241379310345,4,1.657779
Markquis Nowell,2024,24,SG,TOR,1,4.0,0.0,0.0,1.0,2.0,2.0,2.0,1.0,0.0,0.0,16.919999999999998,5,0.576415
Markus Howard,2021,21,SG,DEN,37,5.5,0.377,0.277,0.778,2.8,0.6,0.5,0.1,0.0,0.5,22.830545454545454,2,0.652358
Markus Howard,2022,22,SG,DEN,31,5.7,0.386,0.4,0.87,4.1,0.4,0.2,0.3,0.0,0.2,24.050526315789472,3,0.534959
Marques Bolden,2021,22,C,CLE,6,4.8,0.333,,0.625,1.2,1.0,0.0,0.3,0.3,0.3,10.290000000000001,3,0.547332
Marques Bolden,2024,25,C,CHO,11,11.0,0.68,0.0,0.75,3.4,3.1,0.4,0.3,0.6,0.3,9.085090909090908,6,0.517051
Marquese Chriss,2017,19,PF,PHO,82,21.3,0.449,0.321,0.624,9.2,4.2,0.7,0.8,0.9,1.3,16.847323943661973,1,2.94144
Marquese Chriss,2018,20,PF,PHO,72,21.2,0.423,0.295,0.608,7.7,5.5,1.2,0.7,1.0,1.5,15.398490566037735,1,3.0738
Marquese Chriss,2019,21,PF,CLE,43,11.6,0.372,0.222,0.711,4.2,3.3,0.5,0.4,0.3,0.8,16.882758620689657,2,3.20616
Marquese Chriss,2020,22,PF,GSW,59,20.3,0.545,0.205,0.769,9.3,6.2,1.9,0.7,1.1,1.3,15.861280788177341,3,0.654469
Marquese Chriss,2021,23,PF,GSW,2,13.5,0.357,0.2,0.5,6.5,6.5,1.0,0.0,1.0,1.0,23.679999999999996,4,2.222896
Marquese Chriss,2022,24,PF,DAL,34,10.2,0.463,0.32,0.667,4.5,3.0,0.5,0.4,0.4,0.5,17.082352941176474,5,1.495041
Marquis Daniels,2010,29,SF,BOS,51,18.4,0.498,0.214,0.607,5.6,1.9,1.3,0.5,0.1,0.8,12.099130434782609,10,1.99
Marquis Daniels,2011,30,SF,BOS,49,19.1,0.491,0.19,0.684,5.5,2.3,1.3,0.8,0.4,0.8,11.361675392670156,11,2.388
Marquis Daniels,2012,31,SG,BOS,38,12.7,0.364,0.0,0.739,3.2,1.7,1.2,0.6,0.2,0.7,13.504251968503938,12,0.854389
Marquis Daniels,2013,32,SF,MIL,59,18.4,0.376,0.278,0.741,5.5,2.5,1.1,0.9,0.2,0.8,13.883478260869568,13,0.854389
Marquis Teague,2013,19,PG,CHI,48,8.2,0.381,0.174,0.563,2.1,0.9,1.3,0.2,0.1,0.7,14.189268292682929,1,1.07472
Marquis Teague,2014,20,SG,BRK,40,11.1,0.319,0.278,0.743,2.7,1.0,1.5,0.3,0.1,1.0,14.257297297297297,1,1.07472
Marquis Teague,2018,24,PG,MEM,3,24.7,0.25,0.25,0.4,3.7,2.0,4.3,1.3,0.0,1.0,10.272388663967613,5,0.074186
Marreese Speights,2010,22,C,PHI,62,16.4,0.477,0.0,0.745,8.6,4.1,0.6,0.5,0.5,0.8,19.782439024390246,3,1.65828
Marreese Speights,2011,23,C,PHI,64,11.5,0.495,0.25,0.753,5.4,3.3,0.5,0.1,0.3,0.6,17.480347826086955,4,1.77396
Marreese Speights,2012,24,PF,MEM,60,22.4,0.453,0.0,0.771,8.8,6.2,0.8,0.4,0.5,1.2,16.219285714285714,5,2.721255
Marreese Speights,2013,25,C,CLE,79,16.5,0.445,0.3,0.771,8.3,4.9,0.6,0.3,0.7,1.0,20.439272727272726,6,4.2
Marreese Speights,2014,26,C,GSW,79,12.4,0.441,0.258,0.821,6.4,3.7,0.4,0.1,0.4,0.8,20.752258064516127,7,3.5
Marreese Speights,2015,27,C,GSW,76,15.9,0.492,0.278,0.843,10.4,4.3,0.9,0.3,0.4,1.1,24.027169811320753,8,3.6575
Marreese Speights,2016,28,C,GSW,72,11.6,0.432,0.387,0.825,7.1,3.3,0.8,0.3,0.5,0.9,24.529655172413793,9,3.815
Marreese Speights,2017,29,C,LAC,82,15.7,0.445,0.372,0.876,8.7,4.5,0.8,0.3,0.5,0.8,18.91261146496816,10,1.403611
Marshall Plumlee,2017,24,C,NYK,21,8.1,0.533,,0.421,1.9,2.4,0.5,0.2,0.2,0.6,10.648888888888889,5,0.543471
Martell Webster,2010,23,SF,POR,82,24.5,0.405,0.373,0.813,9.4,3.3,0.8,0.5,0.5,0.7,13.718204081632651,4,4.344
Martell Webster,2011,24,SF,MIN,46,23.8,0.447,0.417,0.77,9.8,3.2,1.2,0.6,0.2,1.3,14.956638655462188,5,4.8
Martell Webster,2012,25,SF,MIN,47,24.3,0.423,0.339,0.792,6.9,3.6,0.9,0.7,0.4,1.0,11.051851851851852,6,5.256
Martell Webster,2013,26,SF,WAS,76,28.9,0.442,0.422,0.848,11.4,3.9,1.9,0.6,0.2,1.2,13.383529411764707,7,5.15
Martell Webster,2014,27,SF,WAS,78,27.7,0.433,0.392,0.84,9.7,2.8,1.2,0.5,0.2,0.7,11.571985559566787,8,5.15
Martell Webster,2015,28,SF,WAS,32,11.0,0.264,0.233,0.75,3.3,1.4,0.5,0.2,0.0,0.7,14.334545454545456,9,5.38175
Marvin Bagley III,2019,19,PF,SAC,62,25.3,0.504,0.313,0.691,14.9,7.6,1.0,0.5,1.0,1.6,21.127588932806326,1,7.3056
Marvin Bagley III,2025,25,PF,MEM,31,8.5,0.519,0.158,0.657,4.4,2.7,0.4,0.3,0.3,0.4,18.144,6,12.5
Marvin Williams,2010,23,SF,ATL,81,30.5,0.455,0.303,0.819,10.1,5.1,1.1,0.8,0.6,0.9,12.143213114754099,4,7.5
Marvin Williams,2011,24,SF,ATL,65,28.7,0.458,0.336,0.845,10.4,4.8,1.4,0.5,0.4,1.0,13.155679442508713,5,7.2625
Marvin Williams,2012,25,SF,ATL,57,26.3,0.432,0.389,0.788,10.2,5.2,1.2,0.8,0.3,0.7,13.748441064638781,6,7.5
Marvin Williams,2013,26,SF,UTA,73,23.7,0.423,0.325,0.778,7.2,3.6,1.1,0.5,0.5,0.8,11.872405063291138,7,8.2875
Marvin Williams,2014,27,PF,UTA,66,25.4,0.439,0.359,0.781,9.1,5.1,1.2,0.8,0.5,0.8,13.158425196850397,8,7.5
Marvin Williams,2015,28,PF,CHO,78,26.1,0.424,0.358,0.713,7.4,4.9,1.3,0.9,0.5,0.8,10.460689655172413,9,7.0
Marvin Williams,2016,29,PF,CHO,81,28.9,0.452,0.402,0.833,11.7,6.4,1.4,0.7,1.0,0.8,13.44332179930796,10,7.0
Marvin Williams,2017,30,PF,CHO,76,30.2,0.422,0.35,0.873,11.2,6.6,1.4,0.8,0.7,0.8,13.088741721854309,11,12.25
Marvin Williams,2018,31,PF,CHO,78,25.7,0.458,0.413,0.829,9.5,4.7,1.2,0.7,0.5,0.8,12.192373540856034,12,14.0875
Marvin Williams,2019,32,PF,CHO,75,28.4,0.422,0.366,0.767,10.1,5.4,1.2,0.9,0.8,0.6,12.40225352112676,13,14.0875
Marvin Williams,2020,33,PF,MIL,58,19.5,0.446,0.359,0.86,5.9,3.2,1.0,0.6,0.5,0.6,10.412307692307692,14,0.604278
Mason Jones,2021,22,SG,PHI,32,10.4,0.423,0.364,0.625,5.3,1.7,1.3,0.2,0.0,0.9,19.315384615384616,3,0.517387
Mason Jones,2022,23,SG,LAL,4,12.8,0.467,0.25,0.8,6.8,2.5,1.0,0.5,0.0,0.3,16.233749999999997,4,0.341267
Mason Jones,2024,25,SG,SAC,5,5.6,0.25,0.286,0.5,1.4,1.0,1.0,0.2,0.0,0.4,13.988571428571431,6,0.21864
Mason Plumlee,2014,23,C,BRK,70,18.2,0.659,0.0,0.626,7.4,4.4,0.9,0.7,0.8,1.1,13.118241758241759,4,1.29864
Mason Plumlee,2015,24,C,BRK,82,21.3,0.573,0.0,0.495,8.7,6.2,0.9,0.8,0.8,1.3,15.23830985915493,5,1.35708
Mason Plumlee,2016,25,C,POR,82,25.4,0.516,0.0,0.642,9.1,7.7,2.8,0.8,1.0,1.9,14.178897637795277,6,1.41552
Mason Plumlee,2017,26,C,DEN,81,26.5,0.536,0.0,0.58,10.4,7.5,3.5,0.9,1.1,1.7,14.981433962264148,7,2.32853
Mason Plumlee,2018,27,C,DEN,74,19.4,0.601,0.0,0.458,7.1,5.4,1.9,0.7,1.1,1.4,13.835876288659795,8,14.041096
Mason Plumlee,2019,28,C,DEN,82,21.1,0.593,0.2,0.561,7.8,6.4,3.0,0.8,0.9,1.5,13.574218009478672,9,12.917808
Mason Plumlee,2020,29,C,DEN,61,17.3,0.615,0.0,0.535,7.2,5.2,2.5,0.5,0.6,1.3,14.77456647398844,10,14.041096
Mason Plumlee,2021,30,C,DET,56,26.8,0.614,0.0,0.669,10.4,9.3,3.6,0.8,0.9,1.9,13.459701492537311,11,9.749531
Mason Plumlee,2022,31,C,CHO,73,24.6,0.641,0.0,0.392,6.5,7.7,3.1,0.8,0.7,1.4,9.968780487804878,12,10.694287
Mason Plumlee,2023,32,C,LAC,79,26.0,0.68,0.0,0.636,10.8,8.9,3.1,0.6,0.6,1.5,12.959999999999999,13,9.627857
Mason Plumlee,2024,33,C,LAC,46,14.7,0.569,0.0,0.707,5.3,5.1,1.2,0.3,0.4,0.8,12.411428571428571,14,5.148569
Mason Plumlee,2025,34,C,PHO,74,17.6,0.619,0.0,0.648,4.5,6.1,1.8,0.4,0.6,0.8,8.689090909090908,15,2.087519
Matas Buzelis,2025,20,SF,CHI,80,18.9,0.454,0.361,0.815,8.6,3.5,1.0,0.4,0.9,0.9,16.030476190476193,1,5.19552
Matisse Thybulle,2020,22,SG,PHI,65,19.8,0.423,0.357,0.61,4.7,1.6,1.2,1.4,0.7,0.8,9.389090909090909,3,2.58216
Matisse Thybulle,2021,23,SG,PHI,65,20.0,0.42,0.301,0.444,3.9,1.9,1.0,1.6,1.1,0.5,7.797600000000001,4,3.304213
Matisse Thybulle,2022,24,SG,PHI,66,25.5,0.5,0.313,0.791,5.7,2.3,1.1,1.7,1.1,0.6,7.634823529411764,5,3.284212
Matisse Thybulle,2023,25,SG,POR,71,16.9,0.435,0.365,0.679,4.1,2.0,0.7,1.2,0.5,0.3,8.682603550295859,6,4.643558
Matisse Thybulle,2024,26,SF,POR,65,22.9,0.397,0.346,0.759,5.4,2.1,1.4,1.7,0.8,0.6,8.922969432314412,7,10.811996
Matisse Thybulle,2025,27,SG,POR,15,20.8,0.477,0.438,0.467,7.5,3.5,1.9,2.2,0.6,0.9,12.530769230769232,8,11.025
Matt Barnes,2010,29,SF,ORL,81,25.9,0.487,0.319,0.74,8.8,5.5,1.7,0.7,0.4,1.4,12.637528957528959,10,1.6
Matt Barnes,2011,30,SF,LAL,53,19.2,0.47,0.318,0.779,6.7,4.3,1.3,0.7,0.4,1.1,13.237500000000002,11,1.765
Matt Barnes,2012,31,SF,LAL,63,22.9,0.452,0.333,0.742,7.8,5.5,2.0,0.6,0.8,1.2,12.859388646288211,12,1.9062
Matt Barnes,2013,32,SF,LAC,80,25.7,0.462,0.342,0.744,10.3,4.6,1.5,1.0,0.8,1.1,14.231906614785991,13,3.25
Matt Barnes,2014,33,SF,LAC,63,27.5,0.438,0.343,0.733,9.9,4.6,2.0,0.9,0.4,1.3,13.50458181818182,14,3.25
Matt Barnes,2015,34,SF,LAC,76,29.9,0.444,0.362,0.779,10.1,4.0,1.5,0.9,0.7,1.1,11.88602006688963,15,3.39625
Matt Barnes,2016,35,SF,MEM,76,28.8,0.381,0.322,0.804,10.0,5.5,2.1,1.0,0.8,1.6,14.364999999999998,16,3.5425
Matt Barnes,2017,36,SF,GSW,74,24.0,0.391,0.331,0.787,7.1,5.2,2.6,0.6,0.4,1.4,12.492000000000003,17,0.242224
Matt Bonner,2010,29,PF,SAS,65,17.9,0.446,0.39,0.729,7.0,3.3,1.0,0.5,0.4,0.6,13.289832402234637,10,3.2565
Matt Bonner,2011,30,PF,SAS,66,21.7,0.464,0.457,0.744,7.3,3.6,0.9,0.4,0.3,0.4,10.464884792626728,11,3.05
Matt Bonner,2012,31,PF,SAS,65,20.4,0.44,0.42,0.762,6.6,3.3,0.9,0.2,0.3,0.2,10.11529411764706,12,3.63
Matt Bonner,2013,32,PF,SAS,68,13.4,0.487,0.442,0.733,4.2,1.9,0.5,0.3,0.3,0.2,9.908059701492537,13,3.63
Matt Bonner,2014,33,PF,SAS,61,11.3,0.445,0.429,0.75,3.2,2.1,0.5,0.2,0.2,0.3,9.83787610619469,14,3.945
Matt Bonner,2015,34,PF,SAS,72,13.0,0.409,0.365,0.811,3.7,1.6,0.7,0.1,0.2,0.2,10.024615384615386,15,0.915243
Matt Bonner,2016,35,C,SAS,30,6.9,0.509,0.441,0.75,2.5,0.9,0.3,0.2,0.0,0.1,10.664347826086956,16,0.947276
Matt Carroll,2010,29,SG,DAL,25,4.8,0.36,0.211,1.0,1.8,0.5,0.2,0.2,0.0,0.3,17.91,10,4.7
Matt Carroll,2011,30,SG,CHA,54,10.8,0.447,0.37,0.769,4.4,1.3,0.4,0.3,0.1,0.4,15.133333333333335,11,4.3
Matt Carroll,2012,31,SG,CHA,53,11.2,0.331,0.186,0.789,2.7,1.1,0.7,0.3,0.1,0.5,12.24,12,3.9
Matt Carroll,2013,32,SG,CHA,1,6.0,,,,0.0,0.0,1.0,0.0,0.0,0.0,0.0,13,3.5
Matt Mooney,2022,24,SG,NYK,1,2.0,0.0,0.0,,0.0,0.0,0.0,1.0,0.0,1.0,36.0,5,0.197915
Matt Ryan,2022,24,SF,BOS,1,5.0,0.2,0.2,,3.0,0.0,0.0,1.0,0.0,0.0,36.0,5,0.129128
Matt Ryan,2023,25,SF,MIN,34,9.1,0.37,0.381,0.833,3.6,0.8,0.5,0.1,0.0,0.2,14.146813186813189,6,0.854694
Matt Ryan,2024,26,SF,NOP,28,13.9,0.434,0.451,0.929,5.4,1.4,0.6,0.2,0.0,0.7,12.742446043165467,7,2.120986
Matt Ryan,2025,27,SF,NYK,19,3.6,0.323,0.316,1.0,1.5,0.4,0.2,0.1,0.0,0.2,18.44,8,0.621439
Matt Thomas,2020,25,SG,TOR,41,10.7,0.487,0.475,0.75,4.9,1.5,0.5,0.2,0.0,0.4,14.238504672897198,6,0.89831
Matt Thomas,2021,26,SG,UTA,45,7.2,0.394,0.338,0.857,3.1,1.0,0.4,0.1,0.0,0.3,16.159999999999997,7,1.84995
Matt Thomas,2022,27,SG,CHI,40,11.5,0.41,0.385,0.8,4.0,1.3,0.5,0.2,0.1,0.2,11.958260869565219,8,1.930149
Matthew Dellavedova,2014,23,SG,CLE,72,17.7,0.412,0.368,0.792,4.7,1.7,2.6,0.5,0.1,0.8,10.592542372881354,4,0.49018
Matthew Dellavedova,2015,24,SG,CLE,67,20.6,0.362,0.407,0.763,4.8,1.9,3.0,0.4,0.0,0.9,10.073009708737864,5,0.816482
Matthew Dellavedova,2016,25,PG,CLE,76,24.6,0.405,0.41,0.864,7.5,2.1,4.4,0.6,0.1,1.5,12.579512195121952,6,1.147276
Matthew Dellavedova,2017,26,PG,MIL,76,26.1,0.39,0.367,0.854,7.6,1.9,4.7,0.7,0.0,1.8,12.926896551724138,7,9.6075
Matthew Dellavedova,2018,27,PG,MIL,38,18.7,0.362,0.372,0.926,4.3,1.7,3.8,0.4,0.0,1.3,10.79614973262032,8,9.6075
Matthew Dellavedova,2019,28,PG,CLE,48,16.9,0.405,0.338,0.808,5.9,1.6,3.8,0.3,0.0,1.4,14.664142011834322,9,9.6075
Matthew Dellavedova,2020,29,PG,CLE,57,14.4,0.354,0.231,0.865,3.1,1.3,3.2,0.4,0.0,1.0,10.909999999999998,10,9.6075
Matthew Dellavedova,2021,30,PG,CLE,13,17.2,0.25,0.16,1.0,2.8,1.8,4.5,0.3,0.1,0.5,10.322790697674419,11,2.649822
Matthew Dellavedova,2023,32,PG,SAC,32,6.7,0.34,0.333,0.571,1.5,0.4,1.3,0.2,0.0,0.3,10.681791044776121,13,2.787069
Matthew Hurt,2024,23,PF,MEM,8,14.1,0.353,0.25,1.0,4.0,2.0,0.5,0.4,0.4,0.3,12.194042553191489,4,0.132509
Maurice Ager,2011,26,SG,MIN,4,7.3,0.545,0.75,,3.8,0.5,0.3,0.3,0.0,1.0,18.739726027397257,7,0.854389
Maurice Evans,2010,31,SF,ATL,79,16.7,0.445,0.337,0.754,5.7,1.9,0.6,0.4,0.2,0.3,12.183952095808385,12,2.5
Maurice Evans,2011,32,SF,WAS,73,21.2,0.417,0.329,0.897,6.3,2.1,0.6,0.5,0.2,0.5,11.295849056603775,13,2.5
Maurice Evans,2012,33,SF,WAS,24,14.3,0.402,0.378,0.769,4.9,1.0,0.4,0.6,0.0,0.4,13.393006993006994,14,0.854389
Maurice Harkless,2013,19,SF,ORL,76,26.0,0.461,0.274,0.57,8.2,4.4,0.7,1.2,0.8,0.9,12.528,1,1.80984
Maurice Harkless,2014,20,SF,ORL,80,24.4,0.464,0.383,0.594,7.4,3.3,1.0,1.2,0.6,1.1,11.643934426229508,1,1.80984
Maurice Harkless,2015,21,SF,ORL,45,15.0,0.399,0.179,0.537,3.5,2.4,0.6,0.7,0.2,0.6,10.7904,2,1.88784
Maurice Harkless,2016,22,SF,POR,78,18.7,0.474,0.279,0.622,6.4,3.6,0.9,0.6,0.4,0.8,12.929197860962566,3,2.894059
Maurice Harkless,2017,23,SF,POR,77,28.9,0.503,0.351,0.621,10.0,4.4,1.1,1.1,0.9,1.1,12.337162629757785,4,8.988765
Maurice Harkless,2018,24,SF,POR,59,21.4,0.495,0.415,0.712,6.5,2.7,0.9,0.8,0.7,0.7,10.328971962616825,5,10.162922
Maurice Harkless,2019,25,SF,POR,60,23.6,0.487,0.275,0.671,7.7,4.5,1.2,1.1,0.9,0.8,11.94101694915254,6,10.837079
Maurice Harkless,2020,26,PF-SF,NYK,62,23.0,0.502,0.347,0.591,5.8,3.9,1.1,0.9,0.5,0.9,9.366260869565219,7,11.011234
Maurice Ndour,2017,24,PF,NYK,32,10.3,0.453,0.143,0.731,3.1,2.0,0.3,0.5,0.3,0.4,12.0652427184466,5,0.543471
Max Christie,2023,19,SG,LAL,41,12.5,0.415,0.419,0.875,3.1,1.8,0.5,0.2,0.2,0.3,8.858880000000001,1,1.07914
Max Christie,2024,20,SG,LAL,67,14.1,0.427,0.356,0.783,4.2,2.1,0.9,0.3,0.3,0.5,11.254468085106382,1,1.770967
Max Christie,2025,21,SG,DAL,78,27.3,0.427,0.366,0.855,9.6,3.3,1.9,0.8,0.4,1.1,12.574945054945054,2,7.142857
Max Strus,2020,23,SF,CHI,2,3.0,0.667,0.0,1.0,2.5,0.5,0.0,0.0,0.0,0.0,20.64,4,0.89831
Max Strus,2021,24,SF,MIA,39,13.0,0.455,0.338,0.667,6.1,1.1,0.6,0.3,0.1,0.2,14.57723076923077,5,0.788612
Max Strus,2022,25,SF,MIA,68,23.3,0.441,0.41,0.792,10.6,3.0,1.4,0.4,0.2,0.8,14.603948497854079,6,1.930149
Max Strus,2023,26,SF,MIA,80,28.4,0.41,0.35,0.876,11.5,3.2,2.1,0.5,0.2,0.9,14.303661971830989,7,1.92514
Max Strus,2024,27,SF,CLE,70,32.0,0.418,0.351,0.794,12.2,4.8,4.0,0.9,0.4,1.6,14.193,8,14.91817
Max Strus,2025,28,SF,CLE,50,25.5,0.442,0.386,0.824,9.4,4.3,3.2,0.5,0.2,1.1,12.575999999999999,9,15.212068
Maxi Kleber,2018,26,PF,DAL,72,16.8,0.489,0.313,0.746,5.4,3.3,0.7,0.4,0.7,0.4,10.825714285714286,7,0.815615
Maxi Kleber,2019,27,PF,DAL,71,21.2,0.453,0.353,0.784,6.8,4.6,1.0,0.5,1.1,0.8,11.27547169811321,8,1.378242
Maxi Kleber,2020,28,PF,DAL,74,25.5,0.461,0.373,0.849,9.1,5.2,1.2,0.3,1.1,0.8,11.678117647058825,9,8.0
Maxi Kleber,2021,29,PF,DAL,50,26.8,0.422,0.41,0.919,7.1,5.2,1.4,0.5,0.7,0.6,8.60776119402985,10,10.32841
Maxi Kleber,2022,30,PF,DAL,59,24.6,0.398,0.325,0.708,7.0,5.9,1.2,0.5,1.0,0.8,10.65951219512195,11,10.11804
Maxi Kleber,2023,31,C,DAL,37,25.1,0.456,0.348,0.711,5.9,3.6,1.4,0.3,0.8,0.7,8.232669322709164,12,9.542592
Maxi Kleber,2024,32,C,DAL,43,20.3,0.432,0.348,0.702,4.4,3.3,1.6,0.4,0.7,0.7,8.129261083743842,13,11.326853
Maxi Kleber,2025,33,PF,DAL,34,18.7,0.385,0.265,0.762,3.0,2.8,1.3,0.3,0.5,0.7,7.246203208556151,14,11.0
Maxwell Lewis,2024,21,SF,LAL,34,3.0,0.19,0.111,0.667,0.3,0.1,0.2,0.1,0.0,0.3,11.327999999999998,2,1.152829
Maxwell Lewis,2025,22,SF,BRK,28,11.7,0.417,0.38,0.7,4.1,2.0,0.7,0.3,0.3,0.5,14.08,3,1.891857
Mehmet Okur,2010,30,C,UTA,73,29.4,0.458,0.385,0.82,13.5,7.1,1.6,0.5,1.1,1.7,16.839183673469385,11,9.0
Mehmet Okur,2011,31,C,UTA,13,12.9,0.355,0.313,0.75,4.9,2.3,1.5,0.3,0.3,0.5,16.632558139534883,12,9.945
Mehmet Okur,2012,32,C,NJN,17,26.7,0.374,0.319,0.6,7.6,4.8,1.8,0.5,0.3,1.5,13.256629213483144,13,10.89
Melvin Ely,2011,32,C,DEN,30,12.2,0.549,,0.619,2.3,2.5,0.5,0.1,0.4,0.5,7.400655737704918,13,0.854389
Melvin Ely,2014,35,C,NOP,2,13.5,0.5,,,3.0,0.5,0.0,0.0,0.5,0.0,8.0,16,0.029788
Melvin Frazier,2022,25,SG,OKC,3,40.0,0.271,0.048,0.714,10.7,4.3,0.3,0.3,0.0,1.0,16.2108,6,0.015372
Metta World Peace,2010,30,SF,LAL,77,33.8,0.414,0.355,0.688,11.0,4.3,3.0,1.4,0.3,1.6,13.053727810650887,11,5.854
Metta World Peace,2011,31,SF,LAL,82,29.4,0.397,0.356,0.676,8.5,3.3,2.1,1.5,0.4,1.1,12.05877551020408,12,6.32232
Metta World Peace,2012,32,SF,LAL,64,26.9,0.394,0.296,0.617,7.7,3.4,2.2,1.1,0.4,1.1,12.301561338289964,13,6.79064
Metta World Peace,2013,33,SF,LAL,75,33.7,0.403,0.342,0.734,12.4,5.0,1.5,1.6,0.6,1.3,14.22053412462908,14,7.7275
Metta World Peace,2016,36,SF,LAL,35,16.9,0.311,0.31,0.702,5.0,2.5,0.8,0.6,0.3,0.4,13.21562130177515,17,0.947276
Metta World Peace,2017,37,SF,LAL,25,6.4,0.279,0.237,0.625,2.3,0.8,0.4,0.4,0.1,0.3,18.36,18,0.980431
Meyers Leonard,2013,20,C,POR,69,17.5,0.545,0.429,0.809,5.5,3.7,0.5,0.2,0.6,0.7,10.845257142857143,1,2.12652
Meyers Leonard,2014,21,C,POR,40,8.9,0.451,0.0,0.762,2.5,2.8,0.5,0.2,0.1,0.4,11.81123595505618,2,2.22216
Meyers Leonard,2015,22,C,POR,55,15.4,0.51,0.42,0.938,5.9,4.5,0.6,0.2,0.3,0.7,12.772987012987013,3,2.31792
Meyers Leonard,2016,23,PF,POR,61,21.9,0.448,0.377,0.761,8.4,5.1,1.5,0.1,0.3,1.3,14.386849315068494,4,3.07588
Meyers Leonard,2017,24,PF,POR,74,16.5,0.386,0.347,0.875,5.4,3.2,1.0,0.2,0.4,0.5,12.698181818181817,5,9.213483
Meyers Leonard,2018,25,C,POR,33,7.7,0.59,0.423,0.818,3.4,2.1,0.5,0.2,0.0,0.3,13.24051948051948,6,9.904495
Meyers Leonard,2019,26,C,POR,61,14.4,0.545,0.45,0.843,5.9,3.8,1.2,0.2,0.1,0.7,12.63,7,10.595506
Meyers Leonard,2020,27,C,MIA,51,20.3,0.509,0.414,0.643,6.1,5.1,1.1,0.3,0.3,0.8,9.966502463054185,8,11.286516
Meyers Leonard,2021,28,C,MIA,3,9.7,0.429,0.429,0.5,3.3,2.3,0.7,0.0,0.0,0.7,12.277113402061856,9,11.455699
Meyers Leonard,2023,30,C,MIL,9,12.7,0.483,0.389,0.889,4.8,3.8,0.1,0.2,0.0,0.7,12.30236220472441,11,0.756576
Mfiondu Kabengele,2020,22,C,LAC,12,5.3,0.438,0.45,1.0,3.5,0.9,0.2,0.2,0.2,0.2,20.893584905660383,3,1.977
Mfiondu Kabengele,2021,23,PF,CLE,39,7.2,0.371,0.26,0.8,2.4,1.5,0.4,0.2,0.3,0.4,14.6,4,2.964287
Mfiondu Kabengele,2023,25,PF,BOS,4,9.0,0.286,0.0,1.0,1.5,2.5,0.0,0.5,0.0,0.3,9.28,6,0.539571
Micah Potter,2022,23,C,DET,3,10.3,0.455,0.0,1.0,4.0,3.0,0.0,0.3,0.3,0.3,15.057087378640775,4,0.061489
Micah Potter,2023,24,PF,UTA,7,7.4,0.667,0.571,0.0,3.4,2.3,0.6,0.1,0.0,0.3,11.675675675675674,5,0.539571
Micah Potter,2024,25,PF,UTA,16,11.6,0.475,0.429,0.75,3.3,2.7,0.4,0.3,0.4,0.3,9.372413793103448,6,0.576415
Michael Beasley,2010,21,PF,MIA,78,29.8,0.45,0.275,0.8,14.8,6.4,1.3,1.0,0.6,1.7,19.768590604026848,2,4.6386
Michael Beasley,2011,22,SF,MIN,73,32.3,0.45,0.366,0.753,19.2,5.6,2.2,0.7,0.7,2.7,24.029721362229107,3,4.96224
Michael Beasley,2012,23,SF,MIN,47,23.1,0.445,0.376,0.642,11.5,4.4,1.0,0.4,0.4,1.7,20.54025974025974,4,6.262347
Michael Beasley,2013,24,SF,PHO,75,20.7,0.405,0.313,0.746,10.1,3.8,1.5,0.4,0.5,1.9,22.344347826086956,5,6.0
Michael Beasley,2015,26,PF,MIA,24,21.0,0.434,0.235,0.769,8.8,3.7,1.3,0.6,0.5,1.5,18.486857142857144,7,0.19544
Michael Beasley,2016,27,PF,HOU,20,18.2,0.522,0.333,0.776,12.8,4.9,0.8,0.6,0.5,1.2,24.923076923076923,8,0.306527
Michael Beasley,2017,28,PF,MIL,56,16.7,0.532,0.419,0.743,9.4,3.4,0.9,0.5,0.5,1.2,20.125508982035925,9,1.403611
Michael Beasley,2019,30,PF,LAL,26,10.7,0.49,0.176,0.718,7.0,2.3,1.0,0.3,0.4,1.0,25.435514018691592,11,3.5
Michael Carter-Williams,2014,22,PG,PHI,70,34.5,0.405,0.264,0.703,16.7,6.2,6.3,1.9,0.6,3.5,21.79617391304348,3,2.20092
Michael Carter-Williams,2015,23,PG,MIL,66,32.6,0.396,0.235,0.694,14.6,5.3,6.7,1.7,0.5,3.8,21.683926380368096,4,2.30004
Michael Carter-Williams,2016,24,PG,MIL,54,30.5,0.452,0.273,0.654,11.5,5.1,5.2,1.5,0.8,2.8,17.020327868852462,5,2.39904
Michael Carter-Williams,2017,25,PG,CHI,45,18.8,0.366,0.234,0.753,6.6,3.4,2.5,0.8,0.5,1.5,17.32595744680851,6,3.183526
Michael Carter-Williams,2019,27,PG,ORL,28,13.3,0.374,0.263,0.604,4.8,2.5,2.5,0.7,0.5,0.7,16.06736842105263,8,0.05982
Michael Carter-Williams,2020,28,SG,ORL,45,18.5,0.427,0.293,0.832,7.2,3.3,2.4,1.1,0.5,1.2,15.419675675675677,9,1.620564
Michael Carter-Williams,2021,29,SG,ORL,31,25.8,0.389,0.246,0.613,8.8,4.5,4.2,0.8,0.5,2.2,16.805581395348838,10,4.021681
Michael Carter-Williams,2023,31,PG,ORL,4,11.0,0.429,0.333,0.571,4.3,1.3,1.8,0.3,0.3,1.0,17.31927272727273,12,0.692186
Michael Finley,2010,36,SF,BOS,46,15.4,0.44,0.39,0.533,4.4,1.5,0.9,0.2,0.1,0.5,10.828051948051947,17,2.5
Michael Gbinije,2017,24,SG,DET,9,3.6,0.1,0.0,1.0,0.4,0.3,0.2,0.0,0.0,0.0,11.880000000000003,5,0.65
Michael Kidd-Gilchrist,2013,19,SF,CHA,78,26.0,0.458,0.222,0.749,9.0,5.8,1.5,0.7,0.9,1.3,14.200615384615386,1,4.80984
Michael Kidd-Gilchrist,2014,20,SF,CHA,62,24.2,0.473,0.111,0.614,7.2,5.2,0.8,0.7,0.6,1.0,11.930578512396693,1,4.80984
Michael Kidd-Gilchrist,2015,21,SF,CHO,55,28.9,0.465,,0.701,10.9,7.6,1.4,0.5,0.7,1.1,14.469757785467129,2,5.01696
Michael Kidd-Gilchrist,2016,22,SF,CHO,7,29.3,0.541,0.429,0.69,12.7,6.4,1.3,0.4,0.4,1.1,14.257474402730374,3,6.331404
Michael Kidd-Gilchrist,2017,23,SF,CHO,81,29.0,0.477,0.111,0.784,9.2,7.0,1.4,1.0,1.0,0.7,11.614344827586205,4,13.0
Michael Kidd-Gilchrist,2018,24,SF,CHO,74,25.0,0.504,0.0,0.684,9.2,4.1,1.0,0.7,0.4,0.7,13.409279999999999,5,13.0
Michael Kidd-Gilchrist,2019,25,PF,CHO,64,18.4,0.476,0.34,0.772,6.7,3.8,1.0,0.5,0.6,0.7,13.179130434782612,6,13.0
Michael Kidd-Gilchrist,2020,26,PF,DAL,25,11.2,0.333,0.25,0.786,2.4,2.7,0.6,0.1,0.2,0.6,11.134285714285715,7,0.595122
Michael Porter Jr.,2020,21,SF,DEN,55,16.4,0.509,0.422,0.833,9.3,4.7,0.8,0.5,0.5,0.9,18.597073170731708,2,3.3894
Michael Porter Jr.,2025,26,SF,DEN,77,33.7,0.504,0.395,0.768,18.2,7.0,2.1,0.6,0.5,1.4,17.19881305637982,7,35.85995
Michael Redd,2010,30,SG,MIL,18,27.3,0.352,0.3,0.712,11.9,3.0,2.2,1.1,0.1,0.8,18.762197802197804,11,17.04
Michael Redd,2011,31,SG,MIL,10,13.4,0.4,0.235,1.0,4.4,0.8,1.2,0.2,0.1,0.4,13.637014925373135,12,18.3
Michael Redd,2012,32,SG,PHO,51,15.1,0.4,0.318,0.793,8.2,1.5,0.6,0.3,0.0,0.7,20.903841059602648,13,0.826828
Mickael Gelabale,2013,29,SF,MIN,36,17.9,0.518,0.308,0.875,5.0,2.8,0.7,0.4,0.1,0.4,9.267486033519555,10,0.346781
Mickael Pietrus,2010,27,SF,ORL,75,22.5,0.432,0.379,0.633,8.7,2.9,0.7,0.7,0.4,0.9,14.016,8,5.3
Mickael Pietrus,2011,28,SG-SF,PHO,57,19.4,0.392,0.36,0.684,7.2,2.2,0.6,0.5,0.4,0.7,13.991752577319591,9,5.3
Mickael Pietrus,2012,29,SG,BOS,42,21.9,0.385,0.335,0.645,6.9,3.1,0.6,0.5,0.2,0.8,12.34191780821918,10,0.854389
Mickael Pietrus,2013,30,SF,TOR,19,20.3,0.347,0.313,0.667,5.3,1.9,0.5,0.6,0.3,0.8,11.342660098522167,11,0.698589
Mickell Gladness,2012,25,PF,GSW,26,9.7,0.424,,0.5,2.2,2.2,0.2,0.2,0.8,0.3,10.465979381443299,6,0.137498
Mikal Bridges,2019,22,SF,PHO,82,29.5,0.43,0.335,0.805,8.3,3.2,2.1,1.6,0.5,0.9,10.270372881355932,3,3.55296
Mikal Bridges,2020,23,SF,PHO,73,28.0,0.51,0.361,0.844,9.1,4.0,1.8,1.4,0.6,1.0,10.733142857142855,4,4.161
Mikal Bridges,2021,24,SF,PHO,72,32.6,0.543,0.425,0.84,13.5,4.3,2.1,1.1,0.9,0.8,12.027975460122699,5,5.312276
Mikal Bridges,2022,25,SF,PHO,82,34.8,0.534,0.369,0.834,14.2,4.2,2.3,1.2,0.4,0.8,12.554482758620692,6,6.426661
Mikal Bridges,2023,26,SF,BRK,83,35.7,0.468,0.382,0.895,20.1,4.4,3.3,1.1,0.7,1.5,18.8490756302521,7,21.311788
Mikal Bridges,2024,27,SF,BRK,82,34.8,0.436,0.372,0.814,19.6,4.5,3.6,1.0,0.4,2.0,20.18896551724138,8,22.344793
Mikal Bridges,2025,28,SF,NYK,82,37.0,0.5,0.354,0.814,17.6,3.2,3.7,0.9,0.5,1.6,16.166918918918917,9,23.3
Mike Bibby,2010,31,PG,ATL,80,27.4,0.416,0.389,0.861,9.1,2.3,3.9,0.8,0.0,1.1,12.665693430656933,12,6.217617
Mike Bibby,2011,32,PG,MIA,80,28.6,0.431,0.44,0.629,8.6,2.4,3.3,0.6,0.1,1.3,11.142377622377623,13,0.21611
Mike Bibby,2012,33,PG,NYK,39,14.3,0.282,0.318,0.75,2.6,1.5,2.1,0.5,0.1,0.5,9.536223776223775,14,0.854389
Mike Conley,2010,22,PG,MEM,80,32.1,0.445,0.387,0.743,12.0,2.4,5.3,1.4,0.2,2.1,15.153644859813085,3,3.8838
Mike Conley,2011,23,PG,MEM,81,35.5,0.444,0.369,0.733,13.7,3.0,6.5,1.8,0.2,2.2,15.535774647887324,4,4.913077
Mike Conley,2012,24,PG,MEM,62,35.1,0.433,0.377,0.861,12.7,2.5,6.5,2.2,0.2,2.0,14.46153846153846,5,6.611571
Mike Conley,2013,25,PG,MEM,80,34.5,0.44,0.362,0.83,14.6,2.8,6.1,2.2,0.3,2.4,16.424347826086954,6,7.505786
Mike Conley,2014,26,PG,MEM,73,33.5,0.45,0.361,0.815,17.2,2.9,6.0,1.5,0.2,2.1,19.205731343283585,7,8.600001
Mike Conley,2015,27,PG,MEM,70,31.8,0.446,0.386,0.859,15.8,3.0,5.4,1.3,0.2,2.2,18.547924528301888,8,8.694216
Mike Conley,2016,28,PG,MEM,56,31.4,0.422,0.363,0.834,15.3,2.9,6.1,1.2,0.3,1.5,18.004585987261148,9,9.588426
Mike Conley,2017,29,PG,MEM,69,33.2,0.46,0.408,0.859,20.5,3.5,6.3,1.3,0.3,2.3,20.853975903614455,10,26.5401
Mike Conley,2018,30,PG,MEM,12,31.1,0.381,0.312,0.803,17.1,2.3,4.1,1.0,0.3,1.5,20.74340836012862,11,28.530608
Mike Conley,2019,31,PG,MEM,70,33.5,0.438,0.364,0.845,21.1,3.4,6.4,1.3,0.3,1.9,21.978268656716416,12,30.521115
Mike Conley,2020,32,PG,UTA,47,29.0,0.409,0.375,0.827,14.4,3.2,4.4,0.8,0.1,2.0,19.142068965517243,13,32.511624
Mike Conley,2021,33,PG,UTA,51,29.4,0.444,0.412,0.852,16.2,3.5,6.0,1.4,0.2,1.9,19.141224489795917,14,42.047453
Mike Conley,2022,34,PG,UTA,72,28.6,0.435,0.408,0.796,13.7,3.0,5.3,1.3,0.3,1.7,17.259860139860137,15,24.283298
Mike Conley,2023,35,PG,MIN,67,30.3,0.428,0.385,0.834,11.9,2.7,6.7,1.1,0.2,1.5,13.900990099009901,16,24.047332
Mike Conley,2024,36,PG,MIN,76,28.9,0.457,0.442,0.911,11.4,2.9,5.9,1.2,0.2,1.3,13.029757785467131,17,25.083832
Mike Conley,2025,37,PG,MIN,71,24.7,0.4,0.41,0.9,8.2,2.6,4.5,1.1,0.2,1.1,12.056356275303646,18,9.975962
Mike Dunleavy,2010,29,SF,IND,67,22.2,0.41,0.318,0.842,9.9,3.5,1.5,0.6,0.2,1.1,16.95567567567568,10,9.780992
Mike Dunleavy,2011,30,SG,IND,61,27.6,0.462,0.402,0.8,11.2,4.5,1.7,0.7,0.5,1.1,13.669565217391305,11,10.561984
Mike Dunleavy,2012,31,SF,MIL,55,26.3,0.474,0.399,0.811,12.3,3.7,2.1,0.5,0.1,1.1,15.664790874524714,12,3.75
Mike Dunleavy,2013,32,SF,MIL,75,25.9,0.442,0.428,0.82,10.5,3.9,1.9,0.5,0.5,1.2,14.244324324324324,13,3.183
Mike Dunleavy,2014,33,SF,CHI,82,31.5,0.43,0.38,0.854,11.3,4.2,2.3,0.8,0.6,1.3,13.234285714285717,14,3.183
Mike Dunleavy,2015,34,SF,CHI,63,29.2,0.435,0.407,0.805,9.4,3.9,1.8,0.6,0.3,1.0,11.362191780821917,15,3.326235
Mike Dunleavy,2016,35,SF,CHI,31,22.7,0.41,0.394,0.784,7.2,2.7,1.3,0.5,0.3,0.8,11.780088105726874,16,4.5
Mike Dunleavy,2017,36,SF,ATL,53,15.9,0.423,0.396,0.8,5.2,2.2,0.9,0.3,0.1,0.5,11.438490566037736,17,4.8375
Mike Harris,2010,26,PF,WAS,13,7.4,0.367,0.0,0.636,2.2,1.8,0.2,0.4,0.1,0.7,16.307027027027026,7,0.095301
Mike Harris,2011,27,PF,HOU,4,4.0,0.5,,0.5,2.0,1.3,0.3,0.0,0.3,0.3,20.159999999999997,8,0.854389
Mike James,2010,34,PG,WAS,4,11.5,0.3,0.333,0.5,4.5,0.8,1.3,0.8,0.0,1.3,22.476521739130437,15,6.4666
Mike James,2012,36,PG,CHI,11,10.9,0.408,0.6,0.875,4.8,0.9,2.6,0.4,0.2,1.3,20.17321100917431,17,0.220487
Mike James,2013,37,PG,DAL,45,19.2,0.373,0.384,0.793,6.1,1.6,3.1,0.6,0.1,1.2,13.995000000000001,18,0.502581
Mike James,2014,38,PG,CHI,11,7.0,0.238,0.2,0.0,1.0,0.6,1.5,0.2,0.0,0.5,12.795428571428571,19,0.057627
Mike James,2021,30,PG,BRK,13,18.2,0.37,0.355,0.778,7.7,2.5,4.2,0.5,0.1,1.5,18.838681318681317,11,0.289619
Mike Miller,2010,29,SG,WAS,54,33.4,0.501,0.48,0.824,10.9,6.2,3.9,0.7,0.2,2.1,11.64502994011976,10,9.780937
Mike Miller,2011,30,SG,MIA,41,20.4,0.401,0.364,0.676,5.6,4.5,1.2,0.5,0.0,1.0,11.03294117647059,11,5.0
Mike Miller,2012,31,SG,MIA,39,19.3,0.435,0.453,0.4,6.1,3.3,1.1,0.4,0.2,0.8,11.646839378238342,12,5.4
Mike Miller,2013,32,SF,MIA,59,15.3,0.433,0.417,0.727,4.8,2.7,1.7,0.4,0.1,0.6,10.795294117647058,13,6.2
Mike Miller,2014,33,SF,MEM,82,20.8,0.481,0.459,0.821,7.1,2.5,1.6,0.3,0.1,0.9,11.436923076923078,14,0.884293
Mike Miller,2015,34,SF,CLE,52,13.5,0.325,0.327,0.75,2.1,1.8,0.9,0.3,0.1,0.4,7.050666666666666,15,2.732
Mike Miller,2016,35,SF,DEN,47,7.9,0.355,0.365,,1.3,1.1,0.9,0.3,0.1,0.4,7.746835443037975,16,0.947276
Mike Miller,2017,36,SF,DEN,20,7.6,0.391,0.4,1.0,1.4,1.9,1.1,0.1,0.0,0.7,9.208421052631579,17,3.5
Mike Muscala,2014,22,PF,ATL,20,10.8,0.425,0.0,1.0,3.8,2.6,0.4,0.2,0.5,0.6,15.359999999999998,3,0.138404
Mike Muscala,2015,23,PF,ATL,40,12.6,0.55,0.409,0.88,4.9,3.0,0.6,0.4,0.5,0.5,13.040000000000001,4,0.816482
Mike Muscala,2016,24,C,ATL,60,9.4,0.5,0.308,0.795,3.3,2.0,0.6,0.2,0.5,0.5,12.668936170212765,5,0.947276
Mike Muscala,2017,25,C,ATL,70,17.7,0.504,0.418,0.766,6.2,3.4,1.4,0.4,0.6,0.8,12.195254237288136,6,1.015696
Mike Muscala,2018,26,C,ATL,53,20.0,0.458,0.371,0.919,7.6,4.3,1.0,0.6,0.5,0.8,13.0104,7,5.0
Mike Muscala,2019,27,PF,LAL,64,20.4,0.402,0.348,0.824,7.0,3.8,1.2,0.3,0.6,0.8,12.303529411764707,8,5.0
Mike Muscala,2020,28,C,OKC,47,12.2,0.407,0.378,0.818,4.8,2.3,0.9,0.2,0.3,0.4,13.632786885245903,9,2.028594
Mike Muscala,2021,29,C,OKC,35,18.4,0.446,0.37,0.917,9.7,3.8,0.8,0.2,0.3,0.6,16.904347826086955,10,2.782314
Mike Muscala,2022,30,C,OKC,43,13.8,0.456,0.429,0.842,8.0,3.0,0.5,0.4,0.6,0.3,17.405217391304344,11,4.047216
Mike Muscala,2023,31,C,BOS,63,15.0,0.449,0.391,0.769,6.1,3.2,0.8,0.2,0.4,0.4,12.844800000000001,12,3.711008
Mike Muscala,2024,32,C,OKC,53,11.3,0.359,0.292,0.68,3.0,2.4,0.7,0.2,0.2,0.4,11.214159292035397,13,4.436312
Mike Scott,2013,24,PF,ATL,40,9.4,0.476,0.0,0.768,4.6,2.8,0.3,0.1,0.1,0.5,18.444255319148937,5,0.473604
Mike Scott,2014,25,PF,ATL,80,18.5,0.479,0.31,0.78,9.6,3.6,0.9,0.4,0.1,1.0,18.774486486486484,6,0.788872
Mike Scott,2015,26,PF,ATL,68,16.5,0.444,0.344,0.792,7.8,2.9,1.1,0.4,0.0,0.6,16.983272727272727,7,3.333333
Mike Scott,2016,27,PF,ATL,75,15.3,0.468,0.392,0.794,6.2,2.7,1.0,0.3,0.2,0.6,14.00470588235294,8,3.333333
Mike Scott,2017,28,PF,ATL,18,10.8,0.288,0.148,0.875,2.5,2.1,0.9,0.2,0.2,0.4,12.92,9,3.333334
Mike Scott,2019,30,PF,PHI,79,17.7,0.4,0.401,0.667,5.8,3.5,0.8,0.3,0.2,0.6,12.357966101694915,11,4.3205
Mike Scott,2020,31,PF,PHI,68,17.8,0.426,0.369,0.811,6.0,3.6,0.8,0.3,0.1,0.4,11.568539325842696,12,4.767
Mike Scott,2021,32,PF,PHI,51,16.7,0.36,0.342,0.667,4.2,2.4,0.8,0.5,0.3,0.4,9.890299401197606,13,6.099977
Mike Tobey,2017,22,C,CHO,2,12.5,0.25,,,1.0,1.5,0.5,0.0,0.0,0.5,7.2,3,0.067135
Mike Wilks,2010,30,PG,OKC,4,14.8,0.5,0.667,0.5,4.0,1.0,1.0,0.0,0.0,1.0,10.799999999999997,11,0.679821
Mikki Moore,2010,34,C,GSW,23,17.7,0.6,,0.636,5.0,3.0,1.6,0.2,0.6,0.9,10.210169491525425,15,0.825497
Mikki Moore,2012,36,C,GSW,7,16.9,0.45,,0.857,3.4,3.1,0.7,0.4,0.4,1.0,9.244970414201184,17,0.075793
Miles Bridges,2019,20,SF,CHO,80,21.2,0.464,0.325,0.753,7.5,4.0,1.2,0.7,0.6,0.6,12.633962264150945,1,3.20664
Miles Bridges,2020,21,SF,CHO,65,30.7,0.424,0.33,0.809,13.0,5.6,1.8,0.6,0.7,1.5,16.393485342019545,2,3.7554
Miles Bridges,2021,22,PF,CHO,66,29.3,0.503,0.4,0.867,12.7,6.0,2.2,0.7,0.8,1.6,14.434402730375426,3,4.794722
Miles Bridges,2022,23,PF,CHO,80,35.5,0.491,0.331,0.802,20.2,7.0,3.8,0.9,0.8,1.9,19.214873239436617,4,6.26913
Miles Bridges,2024,25,SF,CHO,69,37.4,0.462,0.349,0.825,21.0,7.3,3.3,0.9,0.5,2.0,20.08299465240642,6,8.156673
Miles Bridges,2025,26,PF,CHO,64,31.7,0.431,0.313,0.87,20.3,7.5,3.9,0.7,0.7,2.1,23.68958990536278,7,27.173913
Miles McBride,2022,21,PG,NYK,40,9.3,0.296,0.25,0.667,2.2,1.1,1.0,0.4,0.0,0.1,11.34967741935484,2,1.069919
Miles McBride,2023,22,PG,NYK,64,11.9,0.358,0.299,0.667,3.5,0.8,1.1,0.6,0.1,0.4,12.427563025210082,3,1.657779
Miles McBride,2024,23,PG,NYK,68,19.5,0.452,0.41,0.86,8.3,1.5,1.7,0.7,0.1,0.4,13.676307692307692,4,1.890653
Miles McBride,2025,24,PG,NYK,64,24.9,0.406,0.369,0.813,9.5,2.5,2.9,1.0,0.3,0.6,13.792771084337348,5,4.710144
Miles Plumlee,2013,24,C,IND,14,3.9,0.238,,0.75,0.9,1.6,0.1,0.0,0.2,0.2,16.91076923076923,5,1.07328
Miles Plumlee,2014,25,C,PHO,80,24.6,0.517,,0.561,8.1,7.8,0.5,0.6,1.1,1.4,13.240975609756097,6,1.12152
Miles Plumlee,2015,26,C,MIL,73,16.4,0.535,,0.478,4.0,4.4,0.5,0.6,0.9,0.7,9.799024390243904,7,1.16988
Miles Plumlee,2016,27,C,MIL,61,14.3,0.601,,0.576,5.1,3.8,0.3,0.3,0.8,0.7,12.436363636363636,8,2.109294
Miles Plumlee,2017,28,C,CHO,45,10.8,0.478,,0.641,2.5,2.1,0.5,0.4,0.3,0.7,10.32,9,12.5
Miles Plumlee,2018,29,C,ATL,55,16.7,0.583,,0.45,4.3,4.1,0.8,0.3,0.5,1.1,10.528383233532935,10,12.5
Miles Plumlee,2019,30,C,ATL,18,9.6,0.667,,0.533,4.4,2.2,0.9,0.3,0.2,0.6,15.180000000000001,11,12.5
Milos Teodosic,2018,30,PG,LAC,45,25.2,0.419,0.379,0.848,9.5,2.8,4.6,0.5,0.1,2.2,15.200000000000001,11,6.0
Milos Teodosic,2019,31,PG,LAC,15,10.0,0.425,0.37,0.571,3.2,1.1,2.1,0.2,0.1,1.4,15.552000000000001,12,6.3
Mindaugas Kuzminskas,2017,27,SF,NYK,68,14.9,0.428,0.321,0.809,6.3,1.9,1.0,0.4,0.2,0.8,16.042953020134227,8,2.898
Mindaugas Kuzminskas,2018,28,SF,NYK,1,2.0,0.0,,,0.0,0.0,0.0,0.0,0.0,0.0,36.0,9,3.025035
Miroslav Raduljica,2014,26,C,MIL,48,9.7,0.54,,0.818,3.8,2.3,0.5,0.1,0.3,0.6,13.67257731958763,7,1.5
Miroslav Raduljica,2015,27,C,MIN,5,4.6,0.375,,1.0,1.6,1.0,0.0,0.2,0.0,0.4,17.02956521739131,8,1.5
Mirza Teletovic,2013,27,PF,BRK,53,9.4,0.384,0.343,0.818,3.5,1.8,0.4,0.2,0.2,0.4,15.273191489361702,8,3.09
Mirza Teletovic,2014,28,SF,BRK,72,19.4,0.418,0.39,0.71,8.6,3.7,0.8,0.4,0.3,0.8,15.765773195876289,9,3.22905
Mirza Teletovic,2015,29,PF,BRK,40,22.3,0.382,0.321,0.717,8.5,4.9,1.2,0.4,0.4,1.3,15.865829596412558,10,3.3681
Mirza Teletovic,2016,30,PF,PHO,79,21.3,0.427,0.393,0.774,12.2,3.8,1.1,0.4,0.3,1.1,19.909859154929578,11,5.5
Mirza Teletovic,2017,31,PF,MIL,70,16.2,0.373,0.341,0.778,6.4,2.3,0.7,0.2,0.2,0.5,15.031111111111112,12,10.5
Mirza Teletovic,2018,32,PF,MIL,10,15.9,0.439,0.467,,7.1,2.3,1.0,0.4,0.1,0.7,14.49056603773585,13,10.5
Mitch McGary,2015,22,PF,OKC,32,15.2,0.533,0.0,0.625,6.3,5.2,0.4,0.5,0.5,1.0,16.038947368421052,3,1.40004
Mitch McGary,2016,23,PF,OKC,20,3.6,0.478,0.0,0.4,1.3,0.9,0.2,0.1,0.1,0.4,18.2,4,1.46304
Mitchell Robinson,2019,20,C,NYK,66,20.6,0.694,,0.6,7.3,6.4,0.6,0.8,2.4,0.5,10.100970873786407,1,1.48544
Mitchell Robinson,2020,21,C,NYK,61,23.1,0.742,,0.568,9.7,7.0,0.6,0.9,2.0,0.6,11.308051948051945,2,1.599712
Mitchell Robinson,2021,22,C,NYK,31,27.5,0.653,,0.491,8.3,8.1,0.5,1.1,1.5,0.8,9.488290909090908,3,2.027733
Mitchell Robinson,2022,23,C,NYK,72,25.7,0.761,,0.486,8.5,8.6,0.5,0.8,1.8,0.8,9.385214007782102,4,2.083804
Mitchell Robinson,2023,24,C,NYK,59,27.0,0.671,0.0,0.484,7.4,9.4,0.9,0.9,1.8,0.7,8.432,5,18.07309
Mitchell Robinson,2024,25,C,NYK,31,24.8,0.575,0.0,0.409,5.6,8.5,0.6,1.2,1.1,0.8,8.454193548387096,6,16.147787
Mitchell Robinson,2025,26,C,NYK,17,17.1,0.661,,0.684,5.1,5.9,0.8,0.9,1.1,0.6,9.229473684210525,7,14.318182
Miye Oni,2020,22,SF,UTA,10,10.9,0.375,0.368,0.8,3.5,1.7,0.4,0.4,0.2,0.4,12.61651376146789,3,0.89831
Miye Oni,2021,23,SG,UTA,54,9.6,0.354,0.341,0.833,1.9,1.6,0.5,0.2,0.1,0.3,8.040000000000001,4,1.84995
Miye Oni,2022,24,SG,UTA,16,2.8,0.222,0.125,0.0,0.3,0.4,0.3,0.0,0.0,0.1,9.565714285714286,5,1.094206
Mo Bamba,2019,20,C,ORL,47,16.3,0.481,0.3,0.587,6.2,5.0,0.8,0.3,1.4,0.9,14.735705521472392,1,4.86504
Mo Bamba,2021,22,C,ORL,46,15.8,0.472,0.322,0.682,8.0,5.8,0.8,0.3,1.3,0.8,18.03645569620253,3,7.274418
Mo Bamba,2022,23,C,ORL,71,25.7,0.48,0.381,0.781,10.6,8.1,1.2,0.5,1.7,1.1,14.343968871595328,4,8.752097
Mo Bamba,2023,24,C,LAL,49,15.7,0.485,0.387,0.661,6.6,4.6,0.9,0.3,0.9,0.6,13.923057324840766,5,10.920966
Mo Bamba,2024,25,C,PHI,57,13.0,0.49,0.391,0.68,4.4,4.2,0.7,0.4,1.1,0.7,12.727384615384617,6,2.416341
Mo Bamba,2025,26,C,NOP,32,12.9,0.464,0.278,0.704,4.3,4.5,0.6,0.3,1.0,0.6,12.424186046511627,7,2.207491
Mo Williams,2010,27,PG,CLE,69,34.2,0.442,0.429,0.894,15.8,3.0,5.3,1.0,0.3,2.5,17.027368421052632,8,8.86
Mo Williams,2011,28,PG,LAC,58,30.8,0.399,0.324,0.853,14.0,2.6,6.6,0.9,0.2,2.9,19.71116883116883,9,9.3
Mo Williams,2012,29,SG,LAC,52,28.3,0.426,0.389,0.9,13.2,1.9,3.1,1.0,0.1,1.7,18.012720848056535,10,8.5
Mo Williams,2013,30,PG,UTA,46,30.8,0.43,0.383,0.882,12.9,2.4,6.2,1.0,0.2,2.7,17.639999999999997,11,8.5
Mo Williams,2014,31,PG,POR,74,24.8,0.417,0.369,0.876,9.7,2.1,4.3,0.7,0.1,2.0,16.879354838709677,12,2.652
Mo Williams,2015,32,PG,CHO,68,29.1,0.397,0.342,0.872,14.2,2.6,6.2,0.7,0.2,2.5,20.204536082474227,13,3.965074
Mo Williams,2016,33,PG,CLE,41,18.2,0.437,0.353,0.905,8.2,1.8,2.4,0.3,0.1,1.4,18.276923076923076,14,2.1
Monta Ellis,2010,24,SG,GSW,64,41.4,0.449,0.338,0.753,25.5,4.0,5.3,2.2,0.4,3.8,24.768695652173914,5,11.0
Monta Ellis,2011,25,SG,GSW,80,40.3,0.451,0.361,0.789,24.1,3.5,5.6,2.1,0.3,3.2,22.936377171215884,6,11.0
Monta Ellis,2012,26,SG,MIL,58,36.6,0.433,0.308,0.796,20.4,3.4,6.0,1.5,0.3,3.1,22.689836065573772,7,11.0
Monta Ellis,2013,27,SG,MIL,82,37.5,0.416,0.287,0.773,19.2,3.9,6.0,2.1,0.4,3.1,21.719040000000003,8,11.0
Monta Ellis,2014,28,SG,DAL,82,36.9,0.451,0.33,0.788,19.0,3.6,5.7,1.7,0.3,3.2,20.573658536585363,9,8.0
Monta Ellis,2015,29,SG,DAL,80,33.7,0.445,0.285,0.752,18.9,2.4,4.1,1.9,0.3,2.5,22.51014836795252,10,8.36
Monta Ellis,2016,30,SG,IND,81,33.8,0.427,0.309,0.786,13.8,3.3,4.7,1.9,0.5,2.5,17.254437869822485,11,10.3
Monta Ellis,2017,31,SG,IND,74,27.0,0.443,0.319,0.727,8.5,2.8,3.2,1.1,0.4,1.8,13.397333333333334,12,10.7635
Monte Morris,2019,23,PG,DEN,82,24.0,0.493,0.414,0.802,10.4,2.4,3.6,0.9,0.0,0.6,14.459999999999999,4,1.349383
Monte Morris,2020,24,PG,DEN,73,22.4,0.459,0.378,0.843,9.0,1.9,3.5,0.8,0.2,0.7,14.509285714285712,5,1.588231
Monte Morris,2021,25,PG,DEN,47,25.4,0.481,0.381,0.795,10.2,2.0,3.2,0.7,0.3,0.7,13.611968503937007,6,2.100666
Monte Morris,2022,26,PG,DEN,75,29.9,0.484,0.395,0.869,12.6,3.0,4.4,0.7,0.2,1.0,14.188093645484953,7,9.770065
Monte Morris,2023,27,PG,WAS,62,27.3,0.48,0.382,0.831,10.3,3.4,5.3,0.7,0.2,1.0,12.96,8,9.675128
Monte Morris,2024,28,PG,MIN,33,14.4,0.405,0.386,0.684,5.0,1.7,2.1,0.6,0.3,0.2,12.66,9,10.09215
Monte Morris,2025,29,PG,PHO,45,12.7,0.426,0.36,0.857,5.2,1.5,1.6,0.4,0.1,0.5,14.728818897637796,10,2.087519
Montrezl Harrell,2016,22,PF,HOU,39,9.7,0.644,0.0,0.522,3.6,1.7,0.4,0.3,0.3,0.4,11.980206185567011,3,1.0
Montrezl Harrell,2017,23,C,HOU,58,18.3,0.652,0.143,0.628,9.1,3.8,1.1,0.3,0.7,0.8,14.998032786885245,4,1.045
Montrezl Harrell,2018,24,C,LAC,76,17.0,0.635,0.143,0.626,11.0,4.0,1.0,0.5,0.7,0.9,19.855058823529415,5,1.471382
Montrezl Harrell,2019,25,C,LAC,82,26.3,0.615,0.176,0.643,16.6,6.5,2.0,0.9,1.3,1.6,19.984790874524716,6,6.0
Montrezl Harrell,2020,26,C,LAC,63,27.8,0.58,0.0,0.658,18.6,7.1,1.7,0.6,1.1,1.7,22.09726618705036,7,6.0
Montrezl Harrell,2021,27,C,LAL,69,22.9,0.622,0.0,0.707,13.5,6.2,1.1,0.7,0.7,1.1,17.965414847161572,8,11.282645
Montrezl Harrell,2022,28,C,CHO,71,23.1,0.645,0.235,0.716,13.1,6.1,2.0,0.4,0.6,1.0,16.59428571428571,9,11.240738
Montrezl Harrell,2023,29,C,PHI,57,11.9,0.598,0.0,0.693,5.6,2.8,0.6,0.3,0.4,0.6,15.404369747899159,10,2.612008
Moritz Wagner,2019,21,C,LAL,43,10.4,0.415,0.286,0.811,4.8,2.0,0.6,0.3,0.3,0.9,18.78923076923077,2,1.76208
Moritz Wagner,2020,22,C,WAS,45,18.6,0.545,0.313,0.821,8.7,4.9,1.2,0.6,0.4,1.5,16.110967741935486,3,2.06352
Moritz Wagner,2021,23,C,ORL,45,16.0,0.454,0.341,0.816,6.9,3.2,1.1,0.6,0.4,1.0,15.606,4,2.905256
Moritz Wagner,2022,24,C,ORL,63,15.2,0.497,0.328,0.806,9.0,3.7,1.4,0.3,0.2,0.9,19.13684210526316,5,1.999575
Moritz Wagner,2023,25,C,ORL,57,19.5,0.5,0.313,0.841,10.5,4.5,1.5,0.6,0.2,1.2,17.553230769230765,6,1.991984
Moritz Wagner,2024,26,C,ORL,80,17.7,0.601,0.33,0.814,10.9,4.3,1.2,0.5,0.3,1.2,18.80135593220339,7,8.237711
Moritz Wagner,2025,27,C,ORL,30,18.8,0.562,0.36,0.718,12.9,4.9,1.4,0.8,0.4,1.6,22.074893617021278,8,11.0
Morris Almond,2012,26,SG,WAS,4,16.8,0.353,0.333,0.333,3.5,2.0,0.5,1.8,0.0,0.3,10.61142857142857,7,0.075793
Morris Peterson,2010,32,SG,NOH,46,21.2,0.385,0.363,0.611,7.1,2.7,0.9,0.5,0.1,0.6,12.953207547169812,13,5.8
Morris Peterson,2011,33,SG,OKC,4,5.8,0.4,0.0,,1.0,0.8,0.3,0.0,0.0,0.0,8.06896551724138,14,6.665
Moses Brown,2021,21,C,OKC,43,21.4,0.545,,0.619,8.6,8.9,0.2,0.7,1.1,1.0,14.258691588785046,2,1.523364
Moses Brown,2022,22,C,CLE,40,8.6,0.593,,0.597,4.3,3.4,0.0,0.2,0.4,0.5,16.710697674418604,3,2.23627
Moses Brown,2023,23,C,BRK,36,8.2,0.635,0.0,0.458,4.3,3.9,0.1,0.1,0.4,0.4,17.47317073170732,4,0.87372
Moses Brown,2024,24,C,POR,22,9.1,0.508,0.0,0.29,3.4,3.9,0.3,0.2,0.3,0.5,16.283076923076923,5,2.22933
Moses Brown,2025,25,C,DAL,13,9.2,0.694,,0.727,5.8,3.4,0.2,0.5,0.3,0.8,19.377391304347828,6,0.426632
Moses Moody,2022,19,SG,GSW,52,11.7,0.437,0.364,0.778,4.4,1.5,0.4,0.1,0.2,0.3,12.639999999999999,1,4.119141
Moses Moody,2023,20,SG,GSW,63,13.0,0.476,0.363,0.698,4.8,1.7,0.8,0.3,0.1,0.5,12.328615384615384,1,3.965646
Moses Moody,2024,21,SG,GSW,66,17.5,0.462,0.36,0.785,8.1,3.0,0.9,0.6,0.4,0.7,15.872914285714286,2,4.034913
Moses Moody,2025,22,SG,GSW,74,22.3,0.433,0.374,0.797,9.8,2.6,1.3,0.8,0.4,0.7,14.839103139013455,3,5.803269
Moses Wright,2022,23,PF,DAL,4,3.5,0.25,0.0,1.0,1.3,0.8,0.5,0.0,0.3,0.0,13.906285714285715,4,0.19984
Mouhamadou Gueye,2024,25,PF,TOR,11,10.9,0.289,0.0,0.444,2.4,2.1,0.5,0.3,1.6,1.1,16.355229357798162,6,0.205389
Mouhamed Gueye,2024,21,PF,ATL,6,12.2,0.348,0.333,0.833,4.0,3.7,0.7,0.8,0.7,0.2,13.101639344262296,2,1.152829
Mouhamed Gueye,2025,22,PF,ATL,33,16.2,0.421,0.259,0.762,6.0,4.2,0.8,0.8,1.0,0.5,13.937777777777779,3,1.891857
Moussa Diabate,2025,23,C,CHO,71,17.5,0.596,0.0,0.595,5.7,6.2,0.8,0.6,0.6,0.9,11.322514285714286,4,0.957763
Mustafa Shakur,2011,26,PG,WAS,22,7.2,0.356,0.1,0.533,2.3,1.0,1.1,0.2,0.1,0.8,19.04,7,0.226162
Mychal Mulder,2021,26,PG,GSW,60,12.8,0.449,0.397,0.636,5.6,1.0,0.4,0.2,0.2,0.3,13.71375,7,1.84995
Mychal Mulder,2022,27,PG,MIA,17,14.1,0.312,0.315,1.0,4.1,1.4,0.3,0.2,0.1,0.5,12.99063829787234,8,0.298223
Mychel Thompson,2012,23,SG,CLE,5,19.0,0.292,0.364,,3.6,1.0,1.4,0.4,0.2,1.0,10.989473684210525,4,0.473604
Myles Powell,2022,24,PG,PHI,11,4.7,0.294,0.167,1.0,1.2,0.5,0.3,0.1,0.0,0.3,14.461276595744682,5,0.347416
Myles Turner,2016,19,C,IND,60,22.8,0.498,0.214,0.727,10.3,5.5,0.7,0.4,1.4,1.1,17.02105263157895,1,2.35776
Myles Turner,2017,20,C,IND,81,31.4,0.511,0.348,0.809,14.5,7.3,1.3,0.9,2.1,1.3,15.624458598726115,1,2.46384
Myles Turner,2018,21,C,IND,65,28.2,0.479,0.357,0.777,12.7,6.4,1.3,0.6,1.8,1.5,16.222978723404257,2,3.410284
Myles Turner,2019,22,C,IND,74,28.6,0.487,0.388,0.736,13.3,7.2,1.6,0.8,2.7,1.4,16.474405594405592,3,3.410284
Myles Turner,2020,23,C,IND,62,29.5,0.457,0.344,0.751,12.1,6.6,1.2,0.7,2.1,1.4,14.751457627118644,4,18.0
Myles Turner,2021,24,C,IND,47,31.0,0.477,0.335,0.782,12.6,6.5,1.0,0.9,3.4,1.4,13.84258064516129,5,21.936446
Myles Turner,2022,25,C,IND,42,29.4,0.509,0.333,0.752,12.9,7.1,1.0,0.7,2.8,1.3,14.448979591836736,6,20.814255
Myles Turner,2023,26,C,IND,62,29.4,0.548,0.373,0.783,18.0,7.5,1.4,0.6,2.3,1.7,18.955102040816328,7,37.212398
Myles Turner,2024,27,C,IND,77,27.0,0.524,0.358,0.773,17.1,6.9,1.3,0.5,1.9,1.4,20.005333333333333,8,21.59825
Myles Turner,2025,28,C,IND,72,30.2,0.481,0.396,0.773,15.6,6.5,1.5,0.8,2.0,1.7,17.227549668874175,9,19.9285
Nae'Qwan Tomlin,2025,24,PF,CLE,5,12.6,0.406,0.2,0.727,7.2,4.2,0.4,0.0,0.2,0.4,22.194285714285716,5,0.066503
Naji Marshall,2021,23,SF,NOP,32,21.9,0.392,0.349,0.707,7.7,4.6,2.8,0.8,0.3,1.2,14.32109589041096,4,0.656132
Naji Marshall,2022,24,SF,NOP,55,13.4,0.405,0.2,0.796,5.7,2.6,1.1,0.6,0.1,0.8,17.322985074626867,5,1.755313
Naji Marshall,2023,25,SF,NOP,77,23.3,0.433,0.303,0.789,9.1,3.6,2.5,0.7,0.2,1.3,15.005665236051504,6,1.890091
Naji Marshall,2024,26,SF,NOP,66,19.0,0.463,0.387,0.791,7.1,3.6,1.9,0.7,0.2,1.0,13.589052631578948,7,1.988049
Naji Marshall,2025,27,SF,DAL,69,27.8,0.508,0.275,0.813,13.2,4.8,3.0,1.0,0.2,1.6,16.720575539568348,8,8.571429
Nando De Colo,2013,25,SG,SAS,72,12.8,0.436,0.378,0.795,3.8,1.9,1.9,0.6,0.1,1.1,13.1175,6,1.4
Nando De Colo,2014,26,SF,TOR,47,10.5,0.418,0.34,0.886,3.8,1.6,1.4,0.5,0.1,0.7,14.770285714285714,7,1.463
Nassir Little,2020,19,PF,POR,48,11.9,0.43,0.237,0.636,3.6,2.3,0.5,0.3,0.3,0.3,11.483697478991596,1,2.10552
Nassir Little,2021,20,PF,POR,48,13.3,0.467,0.35,0.8,4.6,2.7,0.5,0.1,0.3,0.4,11.628270676691729,1,2.694088
Nassir Little,2022,21,SF,POR,42,25.9,0.46,0.331,0.734,9.8,5.6,1.3,0.6,0.9,1.0,13.160154440154441,2,2.678378
Nassir Little,2023,22,SF,POR,54,18.1,0.442,0.367,0.717,6.6,2.6,0.9,0.4,0.4,0.7,13.318011049723754,3,4.423042
Nassir Little,2024,23,SF,PHO,45,10.2,0.46,0.3,0.85,3.4,1.7,0.5,0.2,0.2,0.3,11.56235294117647,4,6.435712
Nate Darling,2021,22,SG,CHO,7,3.7,0.286,0.286,1.0,1.3,0.1,0.1,0.0,0.1,0.1,12.415135135135134,3,0.547332
Nate Hinton,2021,21,SG,DAL,21,4.4,0.357,0.211,0.7,2.0,0.4,0.4,0.3,0.1,0.2,19.800000000000004,2,0.547332
Nate Hinton,2022,22,SG,IND,2,1.0,0.0,,,0.0,0.0,0.0,0.0,0.0,0.5,36.0,3,0.111255
Nate Hinton,2024,24,SG,HOU,15,5.0,0.423,0.5,0.8,2.2,1.5,0.7,0.2,0.1,0.2,14.6304,5,0.576415
Nate Robinson,2010,25,PG,BOS,56,19.9,0.436,0.39,0.746,10.1,2.0,2.9,0.9,0.1,1.3,19.226532663316586,6,5.0
Nate Robinson,2011,26,PG,OKC,59,17.2,0.399,0.325,0.818,6.8,1.5,1.9,0.5,0.1,1.2,16.551627906976744,7,4.2
Nate Robinson,2012,27,PG,GSW,51,23.4,0.424,0.365,0.832,11.2,2.0,4.5,1.2,0.0,1.5,18.412307692307692,8,0.785487
Nate Robinson,2013,28,PG,CHI,82,25.4,0.433,0.405,0.799,13.1,2.2,4.4,1.0,0.1,1.8,19.7348031496063,9,0.854389
Nate Robinson,2014,29,PG,DEN,44,19.7,0.428,0.377,0.835,10.4,1.8,2.5,0.8,0.1,1.3,19.801827411167512,10,2.016
Nate Robinson,2015,30,PG,LAC,42,14.1,0.345,0.277,0.674,5.7,1.2,2.3,0.5,0.1,0.7,18.59744680851064,11,0.107676
Nate Robinson,2016,31,PG,NOP,2,11.5,0.0,0.0,,0.0,0.0,2.0,0.5,0.0,0.0,1.565217391304348,12,0.947276
Nate Wolters,2014,22,PG,MIL,58,22.6,0.437,0.29,0.656,7.2,2.6,3.2,0.6,0.3,1.0,13.386902654867255,3,0.5
Nate Wolters,2015,23,PG,NOP,21,11.8,0.351,0.0,0.333,2.0,1.6,1.0,0.4,0.1,0.6,10.470508474576272,4,0.816482
Nathan Jawai,2010,23,C,MIN,39,10.6,0.441,0.0,0.684,3.2,2.7,0.6,0.3,0.2,0.7,13.381132075471696,4,0.73642
Nathan Knight,2021,23,PF,ATL,33,8.5,0.37,0.182,0.8,3.8,2.2,0.2,0.3,0.3,0.5,17.991529411764706,4,0.637362
Nathan Knight,2022,24,PF,MIN,37,7.2,0.511,0.308,0.733,3.7,2.3,0.6,0.2,0.2,0.5,18.02,5,0.534959
Nathan Knight,2023,25,PF,MIN,38,7.7,0.568,0.364,0.684,3.7,1.5,0.3,0.3,0.2,0.6,15.709090909090909,6,1.946784
Nathan Mensah,2024,25,C,CHO,25,12.3,0.429,0.0,0.75,1.3,2.6,0.4,0.2,0.6,0.6,5.619512195121951,6,0.407466
Naz Mitrou-Long,2018,24,SG,UTA,1,1.0,1.0,1.0,,3.0,0.0,0.0,0.0,0.0,0.0,36.0,5,0.815615
Naz Reid,2020,20,C,MIN,30,16.5,0.412,0.33,0.698,9.0,4.1,1.2,0.6,0.7,0.7,20.927999999999997,1,0.89831
Naz Reid,2021,21,C,MIN,70,19.2,0.523,0.351,0.693,11.2,4.6,1.0,0.5,1.1,1.0,19.417500000000004,2,1.84995
Naz Reid,2022,22,C,MIN,77,15.8,0.489,0.343,0.765,8.3,3.9,0.9,0.5,0.9,1.1,18.537721518987343,3,2.061329
Naz Reid,2023,23,C,MIN,68,18.4,0.537,0.346,0.677,11.5,4.9,1.1,0.6,0.8,1.4,21.005217391304353,4,2.047077
Naz Reid,2024,24,C,MIN,81,24.2,0.477,0.414,0.736,13.5,5.2,1.3,0.8,0.9,1.4,18.880661157024797,5,13.335207
Naz Reid,2025,25,C,MIN,80,27.5,0.462,0.379,0.776,14.2,6.0,2.3,0.7,0.9,1.4,17.92407272727273,6,13.986432
Nazr Mohammed,2010,32,C,CHA,58,17.0,0.553,,0.648,7.9,5.2,0.5,0.3,0.7,0.9,16.449882352941177,13,6.4666
Nazr Mohammed,2011,33,C,OKC,75,17.1,0.522,0.0,0.598,7.1,4.9,0.3,0.4,0.7,0.9,15.91578947368421,14,6.8838
Nazr Mohammed,2012,34,C,OKC,63,11.0,0.467,0.0,0.565,2.7,2.7,0.2,0.3,0.6,0.4,10.721454545454547,15,3.75
Nazr Mohammed,2013,35,C,CHI,63,11.0,0.367,0.0,0.723,2.6,3.1,0.4,0.3,0.5,0.4,11.807999999999998,16,0.884293
Nazr Mohammed,2014,36,C,CHI,80,7.0,0.429,,0.533,1.6,2.2,0.3,0.2,0.4,0.5,11.705142857142857,17,0.884293
Nazr Mohammed,2015,37,C,CHI,23,5.6,0.433,,0.333,1.2,1.7,0.1,0.2,0.2,0.3,10.56857142857143,18,0.915243
Nazr Mohammed,2016,38,C,OKC,5,3.8,0.6,,1.0,1.6,0.8,0.0,0.0,0.0,0.6,16.825263157894735,19,0.222888
Neemias Queta,2022,22,C,SAC,14,8.6,0.447,,0.647,3.2,2.2,0.4,0.1,0.6,0.4,15.186976744186047,3,0.534959
Neemias Queta,2023,23,C,SAC,5,5.8,0.667,0.0,0.0,2.4,2.2,0.2,0.0,0.4,0.2,13.506206896551726,4,0.539571
Neemias Queta,2024,24,C,BOS,28,11.9,0.644,0.0,0.714,5.5,4.4,0.7,0.5,0.8,0.5,14.036974789915968,5,0.91751
Neemias Queta,2025,25,C,BOS,62,13.9,0.65,0.0,0.754,5.0,3.8,0.7,0.3,0.7,0.6,11.240287769784173,6,2.162606
Nemanja Bjelica,2016,27,PF,MIN,60,17.9,0.468,0.384,0.727,5.1,3.5,1.4,0.4,0.4,0.8,10.248938547486036,8,3.950001
Nemanja Bjelica,2017,28,PF,MIN,65,18.3,0.424,0.316,0.738,6.2,3.8,1.2,0.6,0.3,0.9,13.369180327868852,9,3.8
Nemanja Bjelica,2018,29,PF,MIN,67,20.5,0.461,0.415,0.8,6.8,4.1,1.3,0.7,0.2,0.8,11.604292682926829,10,3.949999
Nemanja Bjelica,2019,30,PF,SAC,77,23.2,0.479,0.401,0.761,9.6,5.8,1.9,0.7,0.7,1.1,14.47448275862069,11,6.5
Nemanja Bjelica,2020,31,PF,SAC,72,27.9,0.481,0.419,0.821,11.5,6.4,2.8,0.9,0.6,1.4,14.229677419354841,12,6.825
Nemanja Bjelica,2021,32,PF,MIA,37,16.1,0.454,0.318,0.725,6.5,3.4,1.9,0.4,0.1,0.9,15.240745341614906,13,8.713643
Nemanja Bjelica,2022,33,C,GSW,71,16.1,0.468,0.362,0.728,6.1,4.1,2.2,0.6,0.4,1.2,14.498385093167702,14,2.416128
Nemanja Nedovic,2014,22,SG,GSW,24,5.9,0.205,0.167,0.875,1.1,0.6,0.5,0.0,0.0,0.5,13.618983050847458,3,1.05672
Nenad Krstic,2010,26,C,OKC,76,22.9,0.502,0.2,0.717,8.4,5.0,0.7,0.4,0.6,0.8,13.859213973799129,7,5.160832
Nenad Krstic,2011,27,C,BOS,71,22.1,0.511,,0.774,8.1,4.7,0.4,0.4,0.4,0.8,13.23366515837104,8,5.543116
Nerlens Noel,2015,20,C,PHI,75,30.8,0.462,,0.609,9.9,8.1,1.7,1.8,1.9,1.9,13.983896103896104,1,3.31512
Nerlens Noel,2016,21,C,PHI,67,29.3,0.521,0.5,0.59,11.1,8.1,1.8,1.8,1.5,2.4,15.599180887372015,2,3.4578
Nerlens Noel,2017,22,C,DAL,51,20.5,0.595,0.0,0.694,8.7,5.8,1.0,1.3,1.0,1.0,14.168195121951218,3,4.38449
Nerlens Noel,2018,23,C,DAL,30,15.7,0.524,0.0,0.75,4.4,5.6,0.7,1.0,0.7,0.9,10.997197452229301,4,4.187599
Nerlens Noel,2019,24,C,OKC,77,13.7,0.587,,0.684,4.9,4.2,0.6,0.9,1.2,0.6,12.192700729927008,5,1.757429
Nerlens Noel,2020,25,C,OKC,61,18.5,0.684,0.333,0.755,7.4,4.9,0.9,1.0,1.5,1.1,12.158270270270274,6,1.620564
Nerlens Noel,2021,26,C,NYK,64,24.2,0.614,0.0,0.714,5.1,6.4,0.7,1.1,2.2,1.0,7.414214876033058,7,6.093457
Nerlens Noel,2022,27,C,NYK,25,22.5,0.533,0.0,0.7,3.4,5.6,0.9,1.2,1.2,0.8,5.9648,8,10.175858
Nerlens Noel,2023,28,C,BRK,17,11.5,0.361,0.5,0.667,2.1,2.7,0.6,0.9,0.6,0.8,10.042434782608696,9,9.957237
Nic Claxton,2025,25,C,BRK,70,26.9,0.563,0.238,0.513,10.3,7.4,2.2,0.9,1.4,1.2,13.741561338289962,6,27.556817
Nick Calathes,2014,24,SG,MEM,71,16.5,0.457,0.311,0.611,4.9,1.9,2.9,0.9,0.1,1.4,13.614545454545455,5,0.49018
Nick Calathes,2015,25,SG,MEM,58,14.4,0.421,0.256,0.533,4.2,1.8,2.5,1.1,0.1,1.1,14.380000000000003,6,0.816482
Nick Collison,2010,29,C,OKC,75,20.8,0.589,0.25,0.692,5.9,5.1,0.5,0.5,0.6,0.8,9.546923076923076,10,6.25
Nick Collison,2011,30,C,OKC,71,21.5,0.566,,0.753,4.6,4.5,1.0,0.6,0.4,0.8,7.769302325581395,11,13.27
Nick Collison,2012,31,PF,OKC,63,20.7,0.597,0.0,0.71,4.5,4.3,1.3,0.5,0.4,1.0,8.069565217391306,12,3.272997
Nick Collison,2013,32,C,OKC,81,19.5,0.595,0.0,0.769,5.1,4.1,1.5,0.6,0.4,0.9,9.304615384615387,13,2.585668
Nick Collison,2014,33,PF,OKC,81,16.7,0.556,0.235,0.71,4.2,3.6,1.3,0.4,0.3,0.9,9.45053892215569,14,2.585668
Nick Collison,2015,34,PF,OKC,66,16.7,0.419,0.267,0.692,4.1,3.8,1.4,0.5,0.4,0.7,10.649101796407185,15,2.242003
Nick Collison,2016,35,PF,OKC,59,11.8,0.459,0.0,0.697,2.1,2.9,0.9,0.3,0.3,0.8,8.737627118644067,16,3.75
Nick Collison,2017,36,PF,OKC,20,6.4,0.609,0.0,0.625,1.7,1.6,0.6,0.1,0.1,0.2,8.864999999999998,17,3.75
Nick Collison,2018,37,PF,OKC,15,5.0,0.684,,0.385,2.1,1.3,0.3,0.0,0.0,0.5,15.811200000000003,18,1.471382
Nick Johnson,2015,22,SG,HOU,28,9.4,0.347,0.238,0.68,2.6,1.4,0.4,0.3,0.1,0.7,14.537872340425531,3,0.507336
Nick Richards,2021,23,PF,CHO,18,3.5,0.444,0.0,0.636,0.8,0.6,0.1,0.0,0.0,0.2,9.915428571428572,4,1.218691
Nick Richards,2022,24,C,CHO,50,7.3,0.667,,0.698,3.0,1.7,0.3,0.2,0.4,0.5,13.295342465753427,5,1.755313
Nick Richards,2023,25,C,CHO,65,18.7,0.629,1.0,0.749,8.2,6.4,0.6,0.2,1.1,0.9,13.345026737967917,6,1.890091
Nick Richards,2025,27,C,PHO,57,22.0,0.591,0.0,0.744,9.3,8.2,0.9,0.2,1.0,1.4,14.288727272727272,8,5.0
Nick Smith Jr.,2025,20,SG,CHO,60,22.8,0.391,0.34,0.935,9.9,2.1,2.4,0.3,0.1,1.4,17.766315789473683,1,2.5872
Nick Young,2010,24,SG,WAS,74,19.2,0.418,0.406,0.8,8.6,1.4,0.6,0.4,0.1,0.8,17.047500000000003,5,1.7148
Nick Young,2011,25,SG,WAS,64,31.8,0.441,0.387,0.816,17.4,2.7,1.2,0.7,0.3,1.4,19.90641509433962,6,2.630503
Nick Young,2012,26,SG,LAC,62,27.9,0.403,0.365,0.852,14.2,2.1,0.9,0.7,0.3,1.3,19.468387096774194,7,3.695857
Nick Young,2013,27,SG,PHI,59,23.9,0.413,0.357,0.82,10.6,2.2,1.4,0.6,0.2,0.8,16.520836820083684,8,5.6
Nick Young,2014,28,SG,LAL,64,28.3,0.435,0.386,0.825,17.9,2.6,1.5,0.7,0.2,1.5,22.108833922261486,9,1.106942
Nick Young,2015,29,SG,LAL,42,23.8,0.366,0.369,0.892,13.4,2.3,1.0,0.5,0.3,1.0,20.934453781512605,10,4.99442
Nick Young,2016,30,SG,LAL,54,19.1,0.339,0.325,0.829,7.3,1.8,0.6,0.4,0.1,0.6,15.297172774869107,11,5.219169
Nick Young,2017,31,SG,LAL,60,25.9,0.43,0.404,0.856,13.2,2.3,1.0,0.6,0.2,0.6,16.484942084942084,12,5.443918
Nick Young,2018,32,SG,GSW,80,17.4,0.412,0.377,0.862,7.3,1.6,0.5,0.5,0.1,0.5,14.38344827586207,13,5.192
Nick Young,2019,33,SG,DEN,4,9.3,0.333,0.375,,2.3,0.3,0.5,0.0,0.3,0.5,10.838709677419354,14,1.042584
Nickeil Alexander-Walker,2020,21,SG,NOP,47,12.6,0.368,0.346,0.676,5.7,1.8,1.9,0.4,0.2,1.1,20.434285714285718,2,2.96484
Nickeil Alexander-Walker,2021,22,SG,NOP,46,21.9,0.419,0.347,0.727,11.0,3.1,2.2,1.0,0.5,1.5,19.916712328767122,3,3.793981
Nickeil Alexander-Walker,2022,23,SG,UTA,65,22.6,0.372,0.311,0.743,10.6,2.9,2.4,0.7,0.4,1.4,20.14725663716814,4,3.771404
Nickeil Alexander-Walker,2023,24,SG,MIN,59,15.0,0.444,0.384,0.667,6.2,1.7,1.8,0.5,0.4,0.9,15.216000000000003,5,5.311653
Nickeil Alexander-Walker,2024,25,SG,MIN,82,23.4,0.439,0.391,0.8,8.0,2.0,2.5,0.8,0.5,0.9,12.080000000000002,6,4.826784
Nickeil Alexander-Walker,2025,26,SG,MIN,82,25.3,0.438,0.381,0.78,9.4,3.2,2.7,0.6,0.4,1.2,13.255968379446639,7,4.3125
Nico Mannion,2021,19,PG,GSW,30,12.1,0.342,0.367,0.821,4.1,1.5,2.3,0.5,0.0,1.0,15.459173553719006,1,0.547332
Nicolas Batum,2010,21,SF,POR,37,24.8,0.519,0.409,0.843,10.1,3.8,1.2,0.6,0.7,0.7,12.361935483870969,2,1.11876
Nicolas Batum,2011,22,SF,POR,80,31.5,0.455,0.345,0.841,12.4,4.5,1.5,0.9,0.6,1.0,13.741714285714284,3,1.19676
Nicolas Batum,2012,23,SF,POR,59,30.4,0.451,0.391,0.836,13.9,4.6,1.4,1.0,1.0,1.5,16.091052631578947,4,2.155365
Nicolas Batum,2013,24,SF,POR,73,38.5,0.423,0.372,0.848,14.3,5.6,4.9,1.2,1.1,2.6,14.28405194805195,5,10.85
Nicolas Batum,2014,25,SF,POR,82,36.0,0.465,0.361,0.803,13.0,7.5,5.1,0.9,0.7,2.5,13.6,6,11.29525
Nicolas Batum,2015,26,SF,POR,71,33.5,0.4,0.324,0.857,9.4,5.9,4.8,1.1,0.6,1.9,11.838089552238806,7,11.7655
Nicolas Batum,2016,27,SF,CHO,70,35.0,0.426,0.348,0.849,14.9,6.1,5.8,0.9,0.6,2.9,17.061942857142856,8,13.125306
Nicolas Batum,2017,28,SG,CHO,77,34.0,0.403,0.333,0.856,15.1,6.2,5.9,1.1,0.4,2.5,17.817882352941176,9,20.869566
Nicolas Batum,2018,29,SG,CHO,64,31.0,0.415,0.336,0.831,11.6,4.8,5.5,1.0,0.4,2.0,15.189677419354839,10,24.0
Nicolas Batum,2019,30,SF,CHO,75,31.4,0.45,0.389,0.865,9.3,5.2,3.3,0.9,0.6,1.6,11.038471337579619,11,24.0
Nicolas Batum,2020,31,SF,CHO,22,23.0,0.346,0.286,0.9,3.6,4.5,3.0,0.8,0.4,1.0,7.700869565217391,12,25.565217
Nicolas Batum,2021,32,SF,LAC,67,27.4,0.464,0.404,0.828,8.1,4.7,2.2,1.0,0.6,0.8,9.585985401459853,13,14.146851
Nicolas Batum,2022,33,PF,LAC,59,24.8,0.463,0.4,0.658,8.3,4.3,1.7,1.0,0.7,0.7,10.979999999999999,14,13.907389
Nicolas Batum,2023,34,PF,LAC,78,21.9,0.42,0.391,0.708,6.1,3.8,1.6,0.7,0.6,0.6,9.475068493150687,15,20.888011
Nicolas Batum,2024,35,PF,PHI,60,25.5,0.453,0.395,0.714,5.3,4.1,2.1,0.8,0.6,0.7,7.307294117647059,16,12.058792
Nicolas Batum,2025,36,PF,LAC,78,17.5,0.437,0.433,0.81,4.0,2.8,1.1,0.7,0.5,0.4,7.4715428571428575,17,4.668
Nicolas Brussino,2017,23,SG,DAL,54,9.6,0.369,0.305,0.773,2.8,1.8,0.9,0.3,0.1,0.5,12.285000000000002,4,0.543471
Nicolas Brussino,2018,24,SF,ATL,4,2.5,0.0,0.0,,0.0,0.8,0.0,0.0,0.0,0.0,7.2,5,1.312611
Nicolas Laprovittola,2017,27,PG,SAS,18,9.7,0.426,0.37,1.0,3.3,0.6,1.6,0.2,0.1,1.1,14.548453608247424,8,0.543471
Nicolo Melli,2020,29,C,NOP,60,17.4,0.421,0.335,0.74,6.6,3.0,1.4,0.6,0.4,0.8,13.920000000000003,10,4.102564
Nicolo Melli,2021,30,PF,DAL,45,12.6,0.326,0.271,0.76,3.0,2.7,1.0,0.3,0.1,0.3,10.468571428571428,11,4.749771
Nigel Hayes,2018,23,SF,SAC,9,13.6,0.333,0.25,0.333,3.0,2.4,0.7,0.2,0.3,0.2,10.672941176470587,4,0.055296
Nigel Williams-Goss,2020,25,PG,UTA,10,5.0,0.313,0.286,1.0,1.4,0.6,0.6,0.3,0.1,0.3,14.313600000000003,6,1.5
Nik Stauskas,2015,21,SG,SAC,73,15.4,0.365,0.322,0.859,4.4,1.2,0.9,0.3,0.2,0.5,11.678961038961038,2,2.74584
Nik Stauskas,2016,22,SG,PHI,73,24.8,0.385,0.326,0.771,8.5,2.5,1.9,0.6,0.3,1.3,13.796129032258067,3,2.86944
Nik Stauskas,2017,23,SG,PHI,80,27.4,0.396,0.368,0.813,9.5,2.8,2.4,0.6,0.4,1.6,13.58014598540146,4,2.99304
Nik Stauskas,2019,25,SG,CLE,68,14.9,0.402,0.372,0.891,5.9,1.9,1.2,0.3,0.1,0.8,14.970201342281877,6,0.5042
Nik Stauskas,2022,28,SG,BOS,8,4.9,0.357,0.4,0.667,2.3,0.4,0.3,0.0,0.0,0.1,16.545306122448977,9,0.618637
Nikola Jokic,2016,20,C,DEN,80,21.7,0.512,0.333,0.811,10.0,7.0,2.4,1.0,0.6,1.3,16.350967741935484,1,1.3
Nikola Jokic,2017,21,C,DEN,73,27.9,0.578,0.324,0.825,16.7,9.8,4.9,0.8,0.8,2.3,19.82451612903226,2,1.3585
Nikola Jokic,2018,22,C,DEN,75,32.6,0.499,0.396,0.85,18.5,10.7,6.1,1.2,0.8,2.8,20.040736196319017,3,1.471382
Nikola Jokic,2019,23,C,DEN,80,31.3,0.511,0.307,0.821,20.1,10.8,7.3,1.4,0.7,3.1,23.15961661341853,4,24.605181
Nikola Jokic,2020,24,C,DEN,73,32.0,0.528,0.314,0.817,19.9,9.7,7.0,1.2,0.6,3.1,22.054499999999997,5,27.50463
Nikola Jokic,2021,25,C,DEN,72,34.6,0.566,0.388,0.868,26.4,10.8,8.3,1.3,0.7,3.1,24.47167630057804,6,36.002595
Nikola Jokic,2022,26,C,DEN,74,33.5,0.583,0.337,0.81,27.1,13.8,7.9,1.5,0.9,3.8,26.08334328358209,7,35.8987
Nikola Jokic,2025,29,C,DEN,70,36.7,0.576,0.417,0.8,29.6,12.7,10.2,1.8,0.6,3.3,25.127411444141686,10,51.415938
Nikola Jovic,2025,21,PF,MIA,46,25.1,0.456,0.371,0.828,10.7,3.9,2.8,0.8,0.3,1.3,14.824541832669322,2,2.4642
Nikola Mirotic,2015,23,PF,CHI,82,20.2,0.405,0.316,0.803,10.2,4.9,1.2,0.7,0.7,1.1,18.249504950495048,4,5.305
Nikola Mirotic,2016,24,PF,CHI,66,24.9,0.407,0.39,0.807,11.8,5.5,1.5,0.9,0.7,1.5,17.187469879518073,5,5.543725
Nikola Mirotic,2017,25,PF,CHI,70,24.0,0.413,0.342,0.773,10.6,5.5,1.1,0.8,0.8,1.1,16.188,6,5.78245
Nikola Mirotic,2018,26,PF,NOP,55,27.2,0.447,0.377,0.818,15.6,7.4,1.5,0.8,0.7,1.1,19.323529411764707,7,12.5
Nikola Mirotic,2019,27,PF,MIL,46,27.1,0.439,0.365,0.847,15.2,7.4,1.2,0.7,0.7,1.0,18.581845018450185,8,12.5
Nikola Pekovic,2011,25,C,MIN,65,13.6,0.517,,0.763,5.5,3.0,0.4,0.3,0.5,1.4,16.390588235294118,6,4.275
Nikola Pekovic,2012,26,C,MIN,47,26.9,0.564,,0.743,13.9,7.4,0.7,0.6,0.7,1.9,17.879553903345727,7,4.5036
Nikola Pekovic,2013,27,C,MIN,62,31.6,0.52,,0.744,16.3,8.8,0.9,0.7,0.8,1.6,18.10025316455696,8,4.8372
Nikola Pekovic,2014,28,C,MIN,54,30.8,0.541,,0.747,17.5,8.7,0.9,0.6,0.4,1.6,19.43064935064935,9,12.1
Nikola Pekovic,2015,29,C,MIN,31,26.3,0.424,,0.837,12.5,7.5,0.9,0.6,0.4,1.4,18.955437262357414,10,12.1
Nikola Pekovic,2016,30,C,MIN,12,13.0,0.38,,0.8,4.5,1.8,0.9,0.1,0.0,0.8,15.917538461538461,11,12.1
Nikola Vucevic,2012,21,C,PHI,51,15.9,0.45,0.375,0.529,5.5,4.8,0.6,0.4,0.7,0.6,14.961509433962263,2,1.71948
Nikola Vucevic,2013,22,C,ORL,77,33.2,0.519,0.0,0.683,13.1,11.9,1.9,0.8,1.0,1.8,15.185060240963857,3,1.79352
Nikola Vucevic,2014,23,C,ORL,57,31.8,0.507,,0.766,14.2,11.0,1.8,1.1,0.8,2.0,17.270943396226414,4,1.79352
Nikola Vucevic,2015,24,C,ORL,74,34.2,0.523,0.333,0.752,19.3,10.9,2.0,0.7,0.7,2.0,20.606315789473683,5,2.75126
Nikola Vucevic,2016,25,C,ORL,65,31.3,0.51,0.222,0.753,18.2,8.9,2.8,0.8,1.1,1.9,21.866837060702874,6,11.25
Nikola Vucevic,2017,26,C,ORL,75,28.8,0.468,0.307,0.669,14.6,10.4,2.8,1.0,1.0,1.6,20.279999999999998,7,11.75
Nikola Vucevic,2018,27,C,ORL,57,29.5,0.475,0.314,0.819,16.5,9.2,3.4,1.0,1.1,1.9,21.11674576271186,8,12.75
Nikola Vucevic,2019,28,C,ORL,80,31.4,0.518,0.364,0.789,20.8,12.0,3.8,1.0,1.1,2.0,23.081273885350317,9,12.75
Nikola Vucevic,2020,29,C,ORL,62,32.2,0.477,0.339,0.784,19.6,10.9,3.6,0.9,0.8,1.4,21.564223602484468,10,28.0
Nikola Vucevic,2021,30,C,CHI,70,33.5,0.477,0.4,0.84,23.4,11.7,3.8,0.9,0.7,1.8,24.359641791044776,11,31.685977
Nikola Vucevic,2022,31,C,CHI,73,33.1,0.473,0.314,0.76,17.6,11.0,3.2,1.0,1.0,1.9,20.06429003021148,12,27.75234
Nikola Vucevic,2025,34,C,CHI,73,31.2,0.53,0.402,0.805,18.5,10.1,3.5,0.8,0.7,1.6,19.24615384615385,15,20.0
Noah Clowney,2024,19,PF,BRK,23,16.1,0.538,0.364,0.7,5.8,3.5,0.8,0.3,0.7,0.7,11.78832298136646,1,3.18126
Noah Clowney,2025,20,PF,BRK,46,22.7,0.358,0.333,0.838,9.1,3.9,0.9,0.5,0.5,1.0,15.617973568281938,1,3.24408
Noah Vonleh,2015,19,PF,CHO,25,10.4,0.395,0.385,0.692,3.3,3.4,0.2,0.2,0.4,0.4,13.292307692307693,1,2.5242
Noah Vonleh,2016,20,PF,POR,78,15.1,0.421,0.239,0.745,3.6,3.9,0.4,0.3,0.3,0.6,10.747549668874173,1,2.63772
Noah Vonleh,2017,21,PF,POR,74,17.1,0.481,0.35,0.638,4.4,5.2,0.4,0.4,0.4,0.9,10.677894736842108,2,2.75136
Noah Vonleh,2019,23,PF,NYK,68,25.3,0.47,0.336,0.712,8.4,7.8,1.9,0.7,0.8,1.3,12.538814229249013,4,1.512601
Noah Vonleh,2020,24,C,DEN,36,10.5,0.565,0.2,0.781,3.7,3.4,0.8,0.3,0.2,0.6,12.329142857142859,5,2.0
Noah Vonleh,2021,25,PF,BRK,4,2.8,0.0,0.0,,0.0,0.3,0.3,0.0,0.0,0.5,16.714285714285715,6,0.521264
Noah Vonleh,2023,27,C,BOS,23,7.4,0.458,0.25,1.0,1.1,2.1,0.3,0.1,0.3,0.5,7.511351351351351,8,1.230946
Nolan Smith,2012,23,PG,POR,44,12.3,0.372,0.289,0.714,3.8,1.3,1.4,0.4,0.1,1.0,15.69951219512195,4,1.36572
Nolan Smith,2013,24,PG,POR,40,7.2,0.368,0.214,0.714,2.8,0.7,0.9,0.2,0.0,0.7,19.54,5,1.36572
Norman Powell,2016,22,SG,TOR,49,14.8,0.424,0.404,0.811,5.6,2.3,1.0,0.6,0.2,0.7,14.312432432432432,3,0.65
Norman Powell,2017,23,SG,TOR,76,18.0,0.449,0.324,0.792,8.4,2.2,1.1,0.7,0.2,0.9,17.048000000000002,4,0.874636
Norman Powell,2018,24,SG,TOR,70,15.2,0.401,0.285,0.821,5.5,1.7,1.3,0.5,0.2,0.9,15.309473684210527,5,9.3672
Norman Powell,2019,25,SG,TOR,60,18.8,0.483,0.4,0.827,8.6,2.3,1.5,0.7,0.2,1.1,16.03148936170213,6,9.3672
Norman Powell,2020,26,SG,TOR,52,28.4,0.495,0.399,0.843,16.0,3.7,1.8,1.2,0.4,1.5,18.096338028169015,7,10.116576
Norman Powell,2021,27,SG-SF,POR,69,32.0,0.477,0.411,0.871,18.6,3.1,1.9,1.2,0.3,1.7,18.805500000000002,8,13.242242
Norman Powell,2022,28,SF-SG,LAC,45,32.4,0.461,0.419,0.811,19.0,3.2,2.1,0.9,0.5,1.5,19.09777777777778,9,17.943324
Norman Powell,2023,29,SG,LAC,60,26.1,0.479,0.397,0.812,17.0,2.9,1.8,0.8,0.3,1.7,21.412413793103447,10,17.768964
Norman Powell,2024,30,SG,LAC,76,26.2,0.486,0.435,0.831,13.9,2.6,1.1,0.6,0.3,0.9,16.50503816793893,11,18.534851
Norman Powell,2025,31,SG,LAC,60,32.6,0.484,0.418,0.804,21.8,3.2,2.1,1.2,0.2,1.8,21.573496932515337,12,19.241379
Norris Cole,2012,23,PG,MIA,65,19.4,0.393,0.276,0.776,6.8,1.4,2.0,0.7,0.0,1.6,16.834639175257735,4,1.08252
Norris Cole,2013,24,PG,MIA,80,19.9,0.421,0.357,0.65,5.6,1.6,2.1,0.7,0.1,1.3,12.7356783919598,5,1.1292
Norris Cole,2014,25,PG,MIA,82,24.6,0.414,0.345,0.779,6.4,2.0,3.0,0.9,0.1,1.5,11.637073170731707,6,1.1292
Norris Cole,2015,26,PG,NOP,75,24.4,0.412,0.313,0.716,7.6,2.1,3.4,0.8,0.2,1.3,13.550163934426232,7,2.038206
Norris Cole,2016,27,PG,NOP,45,26.6,0.405,0.324,0.8,10.6,3.4,3.7,0.8,0.1,1.7,17.75097744360902,8,3.036927
Norris Cole,2017,28,PG,OKC,13,9.6,0.308,0.231,0.8,3.3,0.8,1.1,0.6,0.0,0.5,18.195000000000004,9,0.247991
Norvel Pelle,2020,26,C,PHI,24,9.7,0.521,0.0,0.5,2.4,3.0,0.3,0.1,1.3,0.8,11.37154639175258,7,0.350189
Norvel Pelle,2021,27,C,NYK,13,6.5,0.533,,0.667,1.5,1.5,0.2,0.1,0.7,0.2,8.972307692307691,8,1.236854
Norvel Pelle,2022,28,C,UTA,3,6.3,0.6,,,2.0,2.0,0.0,0.0,0.3,0.7,13.714285714285714,9,0.221856
O.J. Mayo,2010,22,SG,MEM,82,38.0,0.458,0.383,0.809,17.5,3.8,3.0,1.2,0.2,2.1,16.96547368421053,3,4.16556
O.J. Mayo,2011,23,SG,MEM,71,26.3,0.407,0.364,0.756,11.3,2.4,2.0,1.0,0.4,1.4,17.373079847908745,4,4.4562
O.J. Mayo,2012,24,SG,MEM,66,26.8,0.408,0.364,0.773,12.6,3.2,2.6,1.1,0.3,1.9,19.133731343283582,5,5.632637
O.J. Mayo,2013,25,SG,DAL,82,35.5,0.449,0.407,0.82,15.3,3.5,4.4,1.1,0.3,2.6,16.562028169014084,6,4.02
O.J. Mayo,2014,26,SG,MIL,52,25.9,0.407,0.37,0.864,11.7,2.4,2.2,0.5,0.3,1.8,18.275212355212354,7,8.0
O.J. Mayo,2015,27,SG,MIL,71,23.9,0.422,0.357,0.827,11.4,2.6,2.8,0.8,0.3,1.8,18.9489539748954,8,8.0
O.J. Mayo,2016,28,SG,MIL,41,26.6,0.371,0.321,0.775,7.8,2.6,2.9,1.2,0.2,1.8,13.58796992481203,9,8.0
OG Anunoby,2018,20,SF,TOR,74,20.0,0.471,0.371,0.629,5.9,2.5,0.7,0.7,0.2,0.6,10.1736,1,2.03412
OG Anunoby,2019,21,SF,TOR,67,20.2,0.453,0.332,0.581,7.0,2.9,0.7,0.7,0.3,0.8,12.824554455445544,2,2.03412
OG Anunoby,2020,22,SF,TOR,69,29.9,0.505,0.39,0.706,10.6,5.3,1.6,1.4,0.7,1.1,11.991973244147156,3,2.2818
OG Anunoby,2022,24,SF,TOR,48,36.0,0.443,0.363,0.754,17.1,5.5,2.6,1.5,0.5,1.7,17.3,5,18.584157
OG Anunoby,2023,25,SF,TOR,67,35.6,0.476,0.387,0.838,16.8,5.0,2.0,1.9,0.7,2.0,16.483146067415728,6,18.40357
OG Anunoby,2024,26,SF,NYK,50,34.0,0.489,0.382,0.753,14.7,4.2,2.1,1.4,0.7,1.6,14.709176470588234,7,19.19681
OG Anunoby,2025,27,PF,NYK,74,36.6,0.476,0.372,0.81,18.0,4.8,2.2,1.5,0.9,1.4,16.390819672131148,8,36.637932
Obi Toppin,2021,22,PF,NYK,62,11.0,0.498,0.306,0.731,4.1,2.2,0.5,0.3,0.2,0.4,13.012363636363636,3,5.925326
Obi Toppin,2022,23,PF,NYK,72,17.1,0.531,0.308,0.758,9.0,3.7,1.1,0.3,0.5,0.8,17.15368421052631,4,5.903339
Obi Toppin,2023,24,PF,NYK,67,15.7,0.446,0.344,0.809,7.4,2.8,1.0,0.3,0.2,0.6,16.527898089171977,5,5.670717
Obi Toppin,2024,25,PF,IND,82,21.1,0.573,0.403,0.77,10.3,3.9,1.6,0.6,0.5,0.8,14.37952606635071,6,7.005156
Obi Toppin,2025,26,PF,IND,79,19.6,0.529,0.365,0.781,10.5,4.0,1.6,0.6,0.4,0.9,16.743673469387755,7,12.975
Ochai Agbaji,2023,22,SG,UTA,59,20.5,0.427,0.355,0.812,7.9,2.1,1.1,0.3,0.3,0.7,13.571121951219514,3,4.15459
Ochai Agbaji,2024,23,SG,TOR,78,21.0,0.411,0.294,0.661,5.8,2.8,1.1,0.6,0.6,0.8,11.49942857142857,4,4.236449
Ochai Agbaji,2025,24,SG,TOR,64,27.2,0.498,0.399,0.708,10.4,3.8,1.5,0.9,0.5,0.8,12.510000000000002,5,4.31028
Ognjen Kuzmic,2014,23,C,GSW,21,4.4,0.385,,0.455,0.7,1.0,0.1,0.1,0.2,0.5,10.799999999999999,4,0.49018
Ognjen Kuzmic,2015,24,C,GSW,16,4.5,0.667,,1.0,1.3,1.1,0.4,0.1,0.1,0.3,9.856,5,0.816482
Okaro White,2017,24,PF,MIA,35,13.5,0.379,0.353,0.909,2.8,2.3,0.6,0.3,0.3,0.5,8.704,5,0.210995
Okaro White,2018,25,PF,MIA,6,13.3,0.438,0.364,0.667,3.3,1.8,0.3,0.2,0.2,0.2,8.445112781954888,6,1.544951
Okaro White,2019,26,PF,WAS,3,2.0,0.0,0.0,,0.0,0.7,0.0,0.0,0.0,0.0,12.6,7,1.187862
Oleksiy Pecherov,2010,24,C,MIN,44,10.2,0.41,0.269,0.906,4.5,2.8,0.3,0.2,0.3,0.7,18.734117647058824,5,1.54764
Oliver Lafayette,2010,25,SG,BOS,1,22.0,0.5,0.5,,7.0,4.0,2.0,0.0,0.0,1.0,11.454545454545455,6,0.002692
Olivier Sarr,2022,22,C,OKC,22,19.1,0.574,0.448,0.828,7.0,4.2,0.9,0.3,0.7,1.0,11.6330890052356,3,0.258257
Olivier Sarr,2023,23,C,OKC,9,12.7,0.5,0.125,0.714,4.0,3.4,0.4,0.1,0.6,0.4,11.485984251968503,4,0.272887
Olivier Sarr,2024,24,C,OKC,15,6.5,0.579,0.333,0.667,2.3,2.4,0.1,0.0,0.5,0.2,10.744615384615384,5,0.576415
Olivier-Maxence Prosper,2024,21,PF,DAL,40,8.4,0.385,0.289,0.683,3.0,2.0,0.6,0.2,0.1,0.2,13.885714285714286,2,2.814949
Olivier-Maxence Prosper,2025,22,PF,DAL,52,11.2,0.402,0.235,0.645,3.9,2.4,0.8,0.5,0.1,0.3,13.692857142857143,3,2.8704
Omari Spellman,2019,21,PF,ATL,46,17.5,0.402,0.344,0.711,5.9,4.2,1.0,0.6,0.5,0.7,13.248,2,1.62048
Omari Spellman,2020,22,C,GSW,49,18.1,0.431,0.391,0.793,7.6,4.5,1.0,0.7,0.5,1.1,15.784309392265193,3,1.8978
Omer Yurtseven,2022,23,C,MIA,56,12.6,0.526,0.091,0.623,5.3,5.3,0.9,0.3,0.4,0.7,15.954285714285717,4,1.721876
Omer Yurtseven,2023,24,C,MIA,9,9.2,0.593,0.429,0.833,4.4,2.6,0.2,0.2,0.2,0.4,14.509565217391305,5,1.858301
Omer Yurtseven,2024,25,C,UTA,48,11.4,0.538,0.208,0.679,4.6,4.3,0.6,0.2,0.4,0.8,15.359999999999998,6,2.883199
Omri Casspi,2010,21,SF,SAC,77,25.1,0.446,0.369,0.672,10.3,4.5,1.2,0.7,0.2,1.3,15.79410358565737,2,1.167
Omri Casspi,2011,22,SF,SAC,71,24.0,0.412,0.372,0.673,8.6,4.3,1.0,0.8,0.2,1.0,13.974000000000002,3,1.25448
Omri Casspi,2012,23,SF,CLE,65,20.6,0.403,0.315,0.685,7.1,3.5,1.0,0.6,0.3,1.0,14.064466019417475,4,1.34196
Omri Casspi,2013,24,SF,CLE,43,11.7,0.394,0.329,0.537,4.0,2.7,0.7,0.6,0.3,0.5,14.27692307692308,5,2.277306
Omri Casspi,2014,25,PF,HOU,71,18.1,0.422,0.347,0.68,6.9,3.7,1.2,0.6,0.2,1.0,15.012596685082872,6,0.947907
Omri Casspi,2015,26,SF,SAC,67,21.1,0.489,0.402,0.733,8.9,3.9,1.5,0.5,0.1,1.3,15.314502369668247,7,0.915243
Omri Casspi,2016,27,PF,SAC,69,27.2,0.481,0.409,0.648,11.8,5.9,1.4,0.8,0.2,1.4,15.104117647058827,8,2.836186
Omri Casspi,2017,28,PF,MIN,36,17.9,0.47,0.349,0.586,5.2,3.1,1.0,0.6,0.1,0.8,11.568268156424582,9,0.138414
Omri Casspi,2018,29,SF,GSW,53,14.0,0.58,0.455,0.725,5.7,3.8,1.0,0.3,0.4,0.7,13.29942857142857,10,1.471382
Omri Casspi,2019,30,SF,MEM,36,14.4,0.534,0.349,0.672,6.3,3.2,0.7,0.6,0.3,0.6,14.509999999999998,11,1.512601
Onuralp Bitim,2024,24,SG,CHI,23,11.7,0.381,0.273,0.8,3.5,1.4,0.6,0.1,0.1,0.4,12.88615384615385,5,0.514856
Onyeka Okongwu,2021,20,C,ATL,50,12.0,0.644,0.0,0.632,4.6,3.3,0.4,0.5,0.7,0.6,12.252,1,7.085033
Onyeka Okongwu,2022,21,C,ATL,48,20.7,0.69,,0.727,8.2,5.9,1.1,0.6,1.3,0.9,11.499130434782609,2,7.058669
Onyeka Okongwu,2023,22,C,ATL,80,23.1,0.638,0.308,0.781,9.9,7.2,1.0,0.7,1.3,1.0,12.935064935064934,3,6.780711
Onyeka Okongwu,2024,23,C,ATL,55,25.5,0.611,0.333,0.793,10.2,6.8,1.3,0.5,1.1,0.8,11.751529411764706,4,8.350015
Onyeka Okongwu,2025,24,C,ATL,74,27.9,0.567,0.324,0.759,13.4,8.9,2.3,0.9,0.9,1.2,15.065806451612902,5,14.0
Orlando Johnson,2013,23,SG,IND,51,12.1,0.4,0.383,0.719,4.0,2.2,0.9,0.2,0.2,0.6,12.983801652892561,4,0.55
Orlando Johnson,2016,26,SG,NOP,7,14.4,0.265,0.2,0.75,3.7,2.1,0.3,0.4,0.4,0.6,14.96,7,0.055722
Orlando Robinson,2023,22,C,MIA,31,13.7,0.528,0.0,0.71,3.7,4.1,0.8,0.4,0.4,0.5,10.090510948905111,3,0.409328
Orlando Robinson,2024,23,C,MIA,36,8.4,0.5,0.533,0.76,2.8,2.3,0.9,0.2,0.2,0.5,12.034285714285714,4,1.855306
Orlando Robinson,2025,24,C,TOR,44,17.5,0.444,0.327,0.771,6.9,5.0,1.8,0.4,0.4,1.1,15.848228571428574,5,1.69161
Oscar Tshiebwe,2024,24,PF,IND,8,5.3,0.5,0.0,0.75,3.3,2.0,0.3,0.3,0.1,0.0,19.96981132075472,5,0.576415
Oshae Brissett,2021,22,SF,IND,21,24.7,0.483,0.423,0.769,10.9,5.5,0.9,0.9,1.0,0.5,13.210688259109311,3,1.530058
Oshae Brissett,2022,23,SF,IND,67,23.3,0.411,0.35,0.695,9.1,5.3,1.1,0.7,0.4,0.8,14.610128755364807,4,1.967632
Oshae Brissett,2023,24,SF,IND,65,16.7,0.386,0.31,0.717,6.1,3.4,0.7,0.5,0.2,0.5,13.7274251497006,5,1.958074
Oshae Brissett,2024,25,SF,BOS,55,11.5,0.444,0.273,0.602,3.7,2.9,0.8,0.3,0.1,0.4,12.083478260869565,6,2.22933
Oshae Brissett,2025,26,SF,PHI,6,23.7,0.487,0.333,0.571,8.7,3.7,0.7,0.7,0.5,1.3,13.385316455696204,7,0.119972
Oso Ighodaro,2025,22,PF,PHO,61,17.1,0.604,0.0,0.58,4.2,3.6,1.2,0.5,0.5,0.6,8.530526315789473,3,1.157153
Othello Hunter,2010,23,SF,ATL,7,4.7,0.333,,0.75,1.6,1.7,0.0,0.0,0.1,0.4,18.10723404255319,4,0.73642
Othyus Jeffers,2010,24,SG,UTA,14,5.2,0.414,,0.684,2.6,1.4,0.1,0.3,0.0,0.4,21.572307692307692,5,0.113051
Othyus Jeffers,2011,25,SG,WAS,17,18.9,0.477,0.25,0.652,5.5,3.9,1.2,1.0,0.0,0.8,11.024761904761904,6,0.035868
Othyus Jeffers,2014,28,SG,MIN,6,7.8,0.5,0.0,0.75,1.5,1.5,0.2,0.0,0.0,0.2,6.96,9,0.052017
Otto Porter Jr.,2014,20,SF,WAS,37,8.6,0.363,0.19,0.667,2.1,1.5,0.3,0.2,0.0,0.4,12.692093023255815,1,4.278
Otto Porter Jr.,2015,21,SF,WAS,74,19.4,0.45,0.337,0.734,6.0,3.0,0.9,0.6,0.4,0.7,12.032164948453609,2,4.47048
Otto Porter Jr.,2016,22,SF,WAS,75,30.3,0.473,0.367,0.754,11.6,5.2,1.6,1.4,0.4,0.9,13.363960396039603,3,4.66296
Otto Porter Jr.,2017,23,SF,WAS,80,32.6,0.516,0.434,0.832,13.4,6.4,1.5,1.5,0.5,0.6,12.434355828220859,4,5.893981
Otto Porter Jr.,2018,24,SF,WAS,77,31.6,0.503,0.441,0.828,14.7,6.4,2.0,1.5,0.5,1.0,15.0926582278481,5,26.011913
Otto Porter Jr.,2019,25,SF,CHI,56,30.1,0.465,0.406,0.813,13.9,5.6,2.1,1.5,0.6,1.2,16.08398671096345,6,26.011913
Otto Porter Jr.,2020,26,SF,CHI,14,23.6,0.443,0.387,0.704,11.9,3.4,1.8,1.1,0.4,0.8,17.749830508474577,7,27.250575
Ousmane Dieng,2023,19,SF,OKC,39,14.6,0.42,0.265,0.652,4.9,2.7,1.2,0.4,0.2,0.7,13.719452054794521,1,4.845346
Ousmane Dieng,2024,20,PF,OKC,33,11.1,0.422,0.3,0.875,4.0,1.5,1.1,0.2,0.2,0.6,14.010810810810812,1,4.94102
Ousmane Dieng,2025,21,C,OKC,37,10.9,0.432,0.324,0.688,3.8,2.2,0.8,0.5,0.2,0.5,13.462018348623854,2,5.02704
P.J. Hairston,2015,22,SG,CHO,45,15.3,0.323,0.301,0.861,5.6,2.0,0.5,0.5,0.3,0.5,16.122352941176473,3,1.14972
P.J. Hairston,2016,23,SF,MEM,66,19.9,0.355,0.29,0.781,6.2,2.6,0.6,0.5,0.2,0.6,13.09748743718593,4,1.20144
P.J. Tucker,2013,27,SG,PHO,79,24.2,0.473,0.314,0.744,6.4,4.4,1.4,0.8,0.2,0.8,10.240661157024793,8,0.884293
P.J. Tucker,2014,28,SF,PHO,81,30.7,0.431,0.387,0.776,9.4,6.5,1.7,1.4,0.3,1.3,11.726384364820847,9,0.884293
P.J. Tucker,2015,29,SF,PHO,78,30.6,0.438,0.345,0.727,9.1,6.4,1.6,1.4,0.3,1.2,11.28470588235294,10,5.7
P.J. Tucker,2016,30,SF,PHO,82,31.0,0.411,0.33,0.746,8.0,6.2,2.2,1.3,0.2,1.4,10.739612903225806,11,5.5
P.J. Tucker,2017,31,SF,TOR,81,27.6,0.413,0.357,0.774,6.7,5.8,1.2,1.4,0.2,0.8,9.500869565217391,12,5.3
P.J. Tucker,2018,32,PF,HOU,82,27.8,0.39,0.371,0.717,6.1,5.6,0.9,1.0,0.3,0.9,8.557122302158275,13,7.590035
P.J. Tucker,2019,33,PF,HOU,82,34.2,0.396,0.377,0.695,7.3,5.8,1.2,1.6,0.5,0.8,7.903157894736842,14,7.969537
P.J. Tucker,2020,34,PF,HOU,72,34.3,0.415,0.358,0.813,6.9,6.6,1.6,1.1,0.5,1.0,7.565247813411079,15,8.349039
P.J. Tucker,2025,39,SF,NYK,3,19.3,0.429,0.5,,3.0,2.7,0.0,0.3,0.3,0.3,4.8497409326424865,20,12.025777
P.J. Washington,2025,26,PF,DAL,57,32.2,0.453,0.381,0.722,14.7,7.8,2.3,1.1,1.1,2.1,17.150310559006208,7,15.5
PJ Dozier,2021,24,SG,DEN,50,21.8,0.417,0.315,0.636,7.7,3.6,1.8,0.6,0.4,0.9,14.155596330275229,5,2.148304
PJ Dozier,2022,25,SG,DEN,18,18.9,0.364,0.313,0.769,5.4,3.5,1.6,0.6,0.3,0.7,12.396190476190478,6,2.209618
PJ Dozier,2023,26,SG,SAC,16,4.9,0.303,0.125,0.0,1.4,0.9,0.6,0.4,0.1,0.3,17.632653061224488,7,0.831959
PJ Dozier,2025,28,SG,MIN,9,3.9,0.667,0.667,0.167,0.8,0.6,0.6,0.1,0.0,0.1,6.535384615384616,9,1.051255
Pablo Prigioni,2013,35,PG,NYK,78,16.2,0.455,0.396,0.88,3.5,1.8,3.0,0.9,0.0,1.1,8.959999999999999,16,0.473604
Pablo Prigioni,2014,36,PG,NYK,66,19.4,0.461,0.464,0.917,3.8,2.0,3.5,1.0,0.0,0.9,7.214845360824742,17,1.59135
Pablo Prigioni,2015,37,PG,HOU,67,17.9,0.399,0.343,0.854,4.1,1.8,2.6,1.2,0.0,0.9,9.178994413407821,18,1.662961
Pablo Prigioni,2016,38,PG,LAC,59,13.9,0.374,0.295,0.875,2.5,1.9,2.2,0.9,0.0,0.8,8.660719424460433,19,0.947726
Pacome Dadiet,2025,19,SG,NYK,18,6.2,0.323,0.316,0.667,1.7,1.0,0.3,0.2,0.1,0.2,11.798709677419355,1,1.80808
Paolo Banchero,2023,20,PF,ORL,72,33.8,0.427,0.298,0.738,20.0,6.9,3.7,0.8,0.5,2.8,23.06556213017752,1,11.721611
Paolo Banchero,2024,21,PF,ORL,80,35.0,0.455,0.339,0.725,22.6,6.9,5.4,0.9,0.6,3.1,24.45942857142857,2,11.953002
Paolo Banchero,2025,22,PF,ORL,46,34.4,0.452,0.32,0.727,25.9,7.5,4.8,0.8,0.6,3.0,27.72837209302326,3,12.1608
Pape Sy,2011,22,SF,ATL,3,7.0,0.333,0.0,1.0,2.3,1.0,0.7,0.3,0.0,1.0,17.69142857142857,3,0.473604
Paris Bass,2022,26,SF,PHO,2,3.5,0.333,0.0,1.0,3.0,2.0,0.0,0.5,0.0,1.0,45.0,7,0.122979
Pascal Siakam,2017,22,PF,TOR,55,15.6,0.502,0.143,0.688,4.2,3.4,0.3,0.5,0.8,0.6,10.532307692307693,3,1.19604
Pascal Siakam,2018,23,PF,TOR,81,20.7,0.508,0.22,0.621,7.3,4.5,2.0,0.8,0.5,0.8,12.841739130434782,4,1.544951
Pascal Siakam,2019,24,PF,TOR,80,31.9,0.549,0.369,0.785,16.9,6.9,3.1,0.9,0.7,1.9,17.347711598746084,5,1.544951
Pascal Siakam,2020,25,PF,TOR,60,35.2,0.453,0.359,0.792,22.9,7.3,3.5,1.0,0.9,2.5,23.669999999999998,6,2.351839
Pascal Siakam,2021,26,PF,TOR,56,35.8,0.455,0.297,0.827,21.4,7.2,4.5,1.1,0.7,2.3,21.998212290502796,7,37.242235
Pascal Siakam,2022,27,PF,TOR,68,37.9,0.494,0.344,0.749,22.8,8.5,5.3,1.3,0.6,2.7,21.81277044854881,8,38.16402
Pascal Siakam,2023,28,C,TOR,71,37.4,0.48,0.324,0.774,24.2,7.8,5.8,0.9,0.5,2.4,22.95529411764706,9,37.585801
Pascal Siakam,2024,29,PF,IND,80,33.2,0.536,0.346,0.732,21.7,7.1,4.3,0.8,0.3,1.8,21.57831325301205,10,39.019371
Pascal Siakam,2025,30,PF,IND,78,32.7,0.519,0.389,0.734,20.2,6.9,3.4,0.9,0.5,1.4,20.16440366972477,11,42.1764
Pat Connaughton,2016,23,SG,POR,34,4.2,0.265,0.238,1.0,1.1,0.9,0.3,0.1,0.0,0.3,14.948571428571428,4,0.625093
Pat Connaughton,2017,24,SG,POR,39,8.1,0.514,0.515,0.778,2.5,1.3,0.7,0.2,0.1,0.4,10.16888888888889,5,0.874636
Pat Connaughton,2018,25,SG,POR,82,18.1,0.423,0.352,0.841,5.4,2.0,1.1,0.3,0.3,0.5,10.979005524861876,6,1.471382
Pat Connaughton,2019,26,SG,MIL,61,20.7,0.466,0.33,0.725,6.9,4.2,2.0,0.5,0.4,0.5,11.318260869565218,7,1.641
Pat Connaughton,2020,27,SG,MIL,67,18.6,0.455,0.331,0.775,5.4,4.2,1.6,0.4,0.5,0.8,10.769032258064515,8,1.72305
Pat Connaughton,2021,28,SG,MIL,69,22.8,0.434,0.371,0.775,6.8,4.8,1.2,0.7,0.3,0.5,10.048421052631578,9,6.018231
Pat Connaughton,2022,29,SG,MIL,65,26.0,0.458,0.395,0.833,9.9,4.2,1.3,0.9,0.2,0.5,11.702769230769231,10,6.167187
Pat Connaughton,2023,30,SG,MIL,61,23.7,0.392,0.339,0.659,7.6,4.6,1.3,0.6,0.2,0.5,11.708354430379748,11,6.073746
Pat Connaughton,2024,31,SF,MIL,76,22.1,0.435,0.345,0.759,5.6,3.1,2.1,0.5,0.3,0.6,9.043981900452488,12,9.703889
Pat Connaughton,2025,32,SG,MIL,41,14.7,0.469,0.321,0.774,5.3,2.7,1.7,0.2,0.3,0.6,12.862040816326532,13,9.423869
Pat Spencer,2024,27,PG,GSW,6,4.3,0.5,0.0,0.0,0.7,0.7,0.8,0.0,0.0,0.2,7.534883720930233,8,0.175574
Pat Spencer,2025,28,PG,GSW,39,6.4,0.406,0.227,0.733,2.5,1.2,1.2,0.4,0.1,0.5,18.4275,9,0.43881
Patricio Garino,2017,23,SG,ORL,5,8.6,0.0,0.0,,0.0,1.4,0.0,0.0,0.0,0.6,8.372093023255815,4,0.031969
Patrick Baldwin Jr.,2025,22,SF,LAC,24,4.5,0.543,0.565,0.5,2.2,1.0,0.1,0.1,0.1,0.2,14.303999999999998,3,2.44884
Patrick Beverley,2013,24,PG,HOU,41,17.4,0.418,0.375,0.829,5.6,2.7,2.9,0.9,0.5,1.1,12.70344827586207,5,0.281376
Patrick Beverley,2014,25,PG,HOU,56,31.3,0.414,0.361,0.814,10.2,3.5,2.7,1.4,0.4,1.2,12.182492012779552,6,0.788872
Patrick Beverley,2015,26,PG,HOU,56,30.8,0.383,0.356,0.75,10.1,4.2,3.4,1.1,0.4,1.5,13.422857142857142,7,0.915243
Patrick Beverley,2016,27,PG,HOU,71,28.7,0.434,0.4,0.682,9.9,3.5,3.4,1.3,0.4,1.3,12.82954703832753,8,6.486486
Patrick Beverley,2017,28,SG,HOU,67,30.7,0.42,0.382,0.768,9.5,5.9,4.2,1.5,0.4,1.5,11.979674267100975,9,6.0
Patrick Beverley,2018,29,SG,LAC,11,30.4,0.403,0.4,0.824,12.2,4.1,2.9,1.7,0.5,2.3,16.294736842105266,10,5.513514
Patrick Beverley,2019,30,PG,LAC,78,27.4,0.407,0.397,0.78,7.6,5.0,3.8,0.9,0.6,1.1,10.384817518248175,11,5.027028
Patrick Beverley,2020,31,PG,LAC,51,26.3,0.431,0.388,0.66,7.9,5.2,3.6,1.1,0.5,1.3,11.492623574144487,12,12.34568
Patrick Beverley,2021,32,PG,LAC,37,22.5,0.423,0.397,0.8,7.5,3.2,2.1,0.8,0.8,0.9,11.724800000000002,13,16.249218
Patrick Beverley,2022,33,PG,MIN,58,25.4,0.406,0.343,0.722,9.2,4.1,4.6,1.2,0.9,1.3,13.90677165354331,14,16.560038
Patrick Beverley,2023,34,PG,CHI,67,27.1,0.4,0.335,0.723,6.2,3.7,2.9,0.9,0.6,0.9,8.953505535055351,15,14.633685
Patrick Beverley,2024,35,PG,MIL,73,20.0,0.417,0.337,0.822,6.2,3.3,2.9,0.6,0.4,0.9,11.9304,16,3.291427
Patrick Christopher,2015,26,SG,UTA,4,7.3,0.25,0.0,,1.5,1.5,0.0,0.3,0.0,0.3,16.273972602739725,7,0.37901
Patrick McCaw,2017,21,SG,GSW,71,15.1,0.433,0.333,0.784,4.0,1.4,1.1,0.5,0.2,0.5,10.060927152317882,2,0.543471
Patrick McCaw,2018,22,SG,GSW,57,16.9,0.409,0.238,0.765,4.0,1.4,1.4,0.8,0.2,0.7,10.361183431952663,3,1.312611
Patrick McCaw,2019,23,SG,TOR,29,13.7,0.413,0.321,0.867,2.6,1.7,1.0,0.8,0.1,0.6,7.9357664233576655,4,0.777665
Patrick McCaw,2020,24,SF,TOR,37,24.5,0.414,0.324,0.722,4.6,2.3,2.1,1.1,0.1,0.8,7.964081632653062,5,4.0
Patrick McCaw,2021,25,SF,TOR,5,6.6,1.0,,1.0,1.0,0.6,0.8,0.4,0.0,0.0,2.530909090909091,6,4.874765
Patrick O'Bryant,2010,23,C,TOR,11,4.6,0.533,0.0,0.5,1.7,1.0,0.1,0.2,0.4,0.5,16.59130434782609,4,0.855189
Patrick Patterson,2011,21,PF,HOU,52,16.7,0.558,0.0,0.714,6.3,3.8,0.8,0.3,0.7,0.6,13.04622754491018,2,1.82328
Patrick Patterson,2012,22,PF,HOU,64,23.2,0.44,0.0,0.702,7.7,4.5,0.8,0.4,0.6,0.8,14.269655172413795,3,1.95996
Patrick Patterson,2013,23,PF,SAC,71,25.0,0.512,0.386,0.762,10.4,4.7,1.1,0.4,0.6,0.9,14.538240000000004,4,2.09676
Patrick Patterson,2014,24,PF,TOR,65,23.6,0.46,0.364,0.704,8.5,5.3,1.2,0.8,0.6,1.0,13.704406779661015,5,3.105302
Patrick Patterson,2015,25,PF,TOR,81,26.6,0.449,0.371,0.788,8.0,5.3,1.9,0.7,0.5,0.7,10.47518796992481,6,5.831326
Patrick Patterson,2016,26,PF,TOR,79,25.6,0.414,0.362,0.853,6.9,4.3,1.2,0.7,0.4,0.8,10.09125,7,6.268675
Patrick Patterson,2017,27,PF,TOR,65,24.6,0.401,0.372,0.717,6.8,4.5,1.2,0.6,0.4,0.6,10.09170731707317,8,6.05
Patrick Patterson,2018,28,PF,OKC,82,15.5,0.398,0.386,0.87,3.9,2.4,0.7,0.6,0.3,0.4,8.974451612903227,9,5.192
Patrick Patterson,2019,29,PF,OKC,63,13.7,0.374,0.336,0.633,3.6,2.3,0.5,0.3,0.2,0.3,10.56350364963504,10,5.4516
Patrick Patterson,2020,30,PF,LAC,59,13.2,0.408,0.39,0.814,4.9,2.6,0.7,0.1,0.1,0.4,12.56727272727273,11,1.620564
Patrick Patterson,2021,31,PF,LAC,38,15.3,0.436,0.357,0.765,5.2,2.0,0.8,0.4,0.2,0.3,11.237647058823528,12,4.649028
Patrick Williams,2021,19,PF,CHI,71,27.9,0.483,0.391,0.728,9.2,4.6,1.4,0.9,0.6,1.4,12.376774193548389,1,8.614149
Patrick Williams,2022,20,PF,CHI,17,24.8,0.529,0.517,0.732,9.0,4.1,0.9,0.5,0.5,0.9,11.549032258064516,1,8.582411
Patrick Williams,2023,21,PF,CHI,82,28.3,0.464,0.415,0.857,10.2,4.0,1.2,0.9,0.9,1.2,12.812438162544169,2,8.244163
Patrick Williams,2024,22,PF,CHI,43,27.3,0.443,0.399,0.788,10.0,3.9,1.5,0.9,0.8,1.3,13.529670329670331,3,10.128144
Patrick Williams,2025,23,PF,CHI,63,25.0,0.397,0.353,0.723,9.0,3.8,2.0,0.8,0.5,1.4,14.647679999999998,4,18.0
Patty Mills,2010,21,PG,POR,10,3.8,0.417,0.5,0.571,2.6,0.2,0.5,0.0,0.0,0.4,29.44421052631579,2,0.457588
Patty Mills,2011,22,PG,POR,64,12.2,0.412,0.353,0.766,5.5,0.8,1.7,0.4,0.0,1.0,18.908852459016394,3,0.937195
Patty Mills,2012,23,PG,SAS,16,16.3,0.485,0.429,1.0,10.3,1.8,2.4,0.6,0.1,1.6,22.29791411042945,4,0.213517
Patty Mills,2013,24,PG,SAS,58,11.3,0.469,0.4,0.842,5.1,0.9,1.1,0.4,0.1,0.7,16.031150442477873,5,1.08512
Patty Mills,2014,25,PG,SAS,81,18.9,0.464,0.425,0.89,10.2,2.1,1.8,0.8,0.1,0.8,17.98095238095238,6,1.13395
Patty Mills,2015,26,PG,SAS,51,15.7,0.381,0.341,0.825,6.9,1.5,1.7,0.5,0.0,0.7,17.545987261146497,7,3.842105
Patty Mills,2016,27,PG,SAS,81,20.5,0.425,0.384,0.81,8.5,2.0,2.8,0.7,0.1,0.9,15.467707317073168,8,3.578947
Patty Mills,2017,28,PG,SAS,80,21.9,0.44,0.414,0.825,9.5,1.8,3.5,0.8,0.0,1.3,15.68219178082192,9,3.578948
Patty Mills,2018,29,PG,SAS,82,25.7,0.411,0.372,0.89,10.0,1.9,2.8,0.7,0.1,1.3,14.310350194552532,10,10.714286
Patty Mills,2019,30,PG,SAS,82,23.3,0.425,0.394,0.854,9.9,2.2,3.0,0.6,0.1,1.1,15.098369098712448,11,11.571429
Patty Mills,2020,31,PG,SAS,66,22.5,0.431,0.382,0.866,11.6,1.6,1.8,0.8,0.1,0.8,17.0368,12,12.428571
Patty Mills,2025,36,PG,LAC,29,11.1,0.375,0.347,0.929,3.8,0.8,0.9,0.4,0.1,0.6,13.362162162162162,17,2.087519
Pau Gasol,2010,29,C,LAL,65,37.0,0.536,0.0,0.79,18.3,11.3,3.4,0.6,1.7,2.2,17.186594594594595,10,16.452
Pau Gasol,2011,30,C,LAL,82,37.0,0.529,0.333,0.823,18.8,10.2,3.3,0.6,1.6,1.7,17.209945945945943,11,17.823
Pau Gasol,2012,31,PF,LAL,65,37.4,0.501,0.259,0.782,17.4,10.4,3.6,0.6,1.4,2.2,17.383957219251336,12,18.71415
Pau Gasol,2013,32,PF,LAL,49,33.8,0.466,0.286,0.702,13.7,8.6,4.1,0.5,1.2,2.1,16.491834319526628,13,19.28585
Pau Gasol,2014,33,C,LAL,60,31.4,0.48,0.286,0.736,17.4,9.7,3.4,0.5,1.5,2.4,21.838471337579616,14,19.28585
Pau Gasol,2015,34,PF,CHI,78,34.4,0.494,0.462,0.803,18.5,11.8,2.7,0.3,1.9,2.0,19.74558139534884,15,7.128
Pau Gasol,2016,35,C,CHI,72,31.8,0.469,0.348,0.792,16.5,11.0,4.1,0.6,2.0,2.3,20.218867924528304,16,7.44876
Pau Gasol,2017,36,C,SAS,64,25.4,0.502,0.538,0.707,12.4,7.8,2.3,0.4,1.1,1.3,16.973858267716537,17,15.5
Pau Gasol,2018,37,C,SAS,77,23.5,0.458,0.358,0.756,10.1,8.0,3.1,0.3,1.0,1.4,16.373106382978726,18,16.0
Pau Gasol,2019,38,C,MIL,30,12.0,0.447,0.462,0.7,3.9,4.6,1.7,0.2,0.5,0.5,12.516,19,0.333285
Paul Davis,2010,25,PF,WAS,2,4.0,0.5,,0.5,2.5,0.0,1.5,0.0,0.5,0.0,21.96,6,0.825497
Paul George,2011,20,SG,IND,61,20.7,0.453,0.297,0.762,7.8,3.7,1.1,1.0,0.4,1.1,14.51826086956522,1,2.23836
Paul George,2012,21,SG,IND,66,29.7,0.44,0.385,0.802,12.1,5.6,2.4,1.6,0.6,1.8,15.432727272727272,2,2.40624
Paul George,2013,22,SF,IND,79,37.6,0.419,0.362,0.807,17.4,7.6,4.1,1.8,0.6,2.9,18.517021276595745,3,2.57412
Paul George,2014,23,SF,IND,80,36.2,0.424,0.364,0.864,21.7,6.8,3.5,1.9,0.3,2.8,22.228508287292815,4,3.282003
Paul George,2015,24,SF,IND,6,15.2,0.367,0.409,0.727,8.8,3.7,1.0,0.8,0.2,2.0,26.033684210526317,5,15.93729
Paul George,2016,25,SF,IND,81,34.8,0.418,0.371,0.86,23.1,7.0,4.1,1.9,0.4,3.3,24.889655172413793,6,17.120106
Paul George,2017,26,SF,IND,75,35.9,0.461,0.393,0.898,23.7,6.6,3.3,1.6,0.4,2.9,23.16434540389972,7,18.314532
Paul George,2018,27,SF,OKC,79,36.6,0.43,0.401,0.822,21.9,5.7,3.3,2.0,0.5,2.7,21.627540983606558,8,19.508958
Paul George,2019,28,SF,OKC,77,36.9,0.438,0.386,0.839,28.0,8.2,4.1,2.2,0.4,2.7,26.12682926829268,9,30.5607
Paul George,2020,29,SF,LAC,48,29.6,0.439,0.412,0.876,21.5,5.7,3.9,1.4,0.4,2.6,25.394594594594597,10,30.5607
Paul George,2021,30,SF,LAC,54,33.7,0.467,0.411,0.868,23.3,6.6,5.2,1.1,0.4,3.3,24.300534124629078,11,43.203114
Paul George,2022,31,SF,LAC,31,34.7,0.421,0.354,0.858,24.3,6.9,5.7,2.2,0.4,4.1,27.712737752161384,12,45.496459
Paul George,2023,32,SG,LAC,56,34.6,0.457,0.371,0.871,23.8,6.1,5.1,1.5,0.4,3.1,24.27606936416185,13,45.054279
Paul George,2024,33,PF,LAC,74,33.8,0.471,0.413,0.907,22.6,5.2,3.5,1.5,0.5,2.1,21.851360946745565,14,46.996232
Paul George,2025,34,PF,PHI,41,32.5,0.43,0.358,0.814,16.2,5.3,4.3,1.8,0.5,2.6,19.446646153846157,15,49.2058
Paul Millsap,2010,24,PF,UTA,82,27.8,0.538,0.111,0.693,11.6,6.8,1.6,0.8,1.2,1.4,14.902446043165465,5,7.692932
Paul Millsap,2011,25,PF,UTA,76,34.3,0.531,0.391,0.757,17.3,7.6,2.5,1.4,0.9,1.9,17.67043731778426,6,7.6
Paul Millsap,2012,26,PF,UTA,64,32.8,0.495,0.226,0.792,16.6,8.8,2.3,1.8,0.8,1.8,18.72439024390244,7,8.603633
Paul Millsap,2013,27,PF,UTA,78,30.4,0.49,0.333,0.742,14.6,7.1,2.6,1.3,1.0,1.8,17.79157894736842,8,8.603633
Paul Millsap,2014,28,PF,ATL,74,33.5,0.461,0.358,0.731,17.9,8.5,3.1,1.7,1.1,2.5,20.34483582089552,9,9.5
Paul Millsap,2015,29,PF,ATL,73,32.7,0.476,0.356,0.757,16.7,7.8,3.1,1.8,0.9,2.3,18.74201834862385,10,9.5
Paul Millsap,2016,30,PF,ATL,81,32.7,0.47,0.319,0.757,17.1,9.0,3.3,1.8,1.7,2.4,19.596330275229356,11,18.671659
Paul Millsap,2017,31,PF,ATL,69,34.0,0.442,0.311,0.768,18.1,7.7,3.7,1.3,0.9,2.3,20.113411764705884,12,20.072033
Paul Millsap,2018,32,PF,DEN,38,30.1,0.464,0.345,0.696,14.6,6.4,2.8,1.0,1.2,1.9,18.117209302325584,13,31.269231
Paul Millsap,2019,33,PF,DEN,70,27.1,0.484,0.365,0.727,12.6,7.2,2.0,1.2,0.8,1.4,16.583911439114388,14,29.230769
Paul Millsap,2020,34,PF,DEN,51,24.3,0.482,0.435,0.816,11.6,5.7,1.6,0.9,0.6,1.4,16.639999999999997,15,30.35
Paul Millsap,2021,35,PF,DEN,56,20.8,0.476,0.343,0.724,9.0,4.7,1.8,0.9,0.6,0.9,15.389999999999997,16,12.308783
Paul Millsap,2022,36,PF,PHI,33,11.4,0.391,0.229,0.708,3.5,3.5,0.9,0.3,0.4,0.6,13.919999999999998,17,3.054712
Paul Pierce,2010,32,SF,BOS,71,34.0,0.472,0.414,0.852,18.3,4.4,3.1,1.2,0.4,2.3,18.194823529411764,13,19.795712
Paul Pierce,2011,33,SF,BOS,80,34.7,0.497,0.374,0.86,18.9,5.4,3.3,1.0,0.6,2.1,18.014524495677232,14,13.876321
Paul Pierce,2012,34,SF,BOS,61,34.0,0.443,0.366,0.852,19.4,5.2,4.5,1.1,0.4,2.8,21.032470588235295,15,15.333334
Paul Pierce,2013,35,SF,BOS,77,33.4,0.436,0.38,0.787,18.6,6.3,4.8,1.1,0.4,2.8,20.931736526946107,16,16.790345
Paul Pierce,2014,36,SF,BRK,75,28.0,0.451,0.373,0.826,13.5,4.6,2.4,1.1,0.4,2.0,17.10514285714286,17,15.333334
Paul Pierce,2015,37,SF,WAS,73,26.2,0.447,0.389,0.781,11.9,4.0,2.0,0.6,0.3,1.3,15.905954198473282,18,5.305
Paul Pierce,2016,38,SF,LAC,68,18.1,0.363,0.31,0.818,6.1,2.7,1.0,0.5,0.3,0.9,14.20110497237569,19,3.376
Paul Pierce,2017,39,SF,LAC,25,11.1,0.4,0.349,0.769,3.2,1.9,0.4,0.2,0.2,0.6,11.74054054054054,20,3.52792
Paul Reed,2021,21,PF,PHI,26,6.8,0.538,0.0,0.5,3.4,2.3,0.5,0.4,0.5,0.5,19.22823529411765,2,0.742339
Paul Reed,2022,22,C,PHI,38,7.9,0.563,0.25,0.429,3.1,2.4,0.4,0.9,0.4,0.3,13.56151898734177,3,1.755313
Paul Reed,2023,23,C,PHI,69,10.9,0.593,0.167,0.745,4.2,3.8,0.4,0.7,0.7,0.7,13.237431192660551,4,1.890091
Paul Reed,2024,24,C,PHI,82,19.4,0.54,0.368,0.718,7.3,6.0,1.3,0.8,1.0,0.8,13.249484536082477,5,7.95248
Paul Reed,2025,25,C,DET,45,9.7,0.507,0.286,0.762,4.1,2.7,1.0,0.9,0.6,0.6,15.57278350515464,6,3.913234
Paul Watson,2021,26,SF,TOR,27,11.0,0.463,0.469,0.625,4.1,1.7,0.6,0.2,0.1,0.3,11.232,7,1.761858
Paul Watson,2022,27,SF,OKC,9,17.3,0.343,0.231,0.5,3.4,3.0,0.9,0.3,0.3,0.4,9.131098265895952,8,0.350491
Paul Zipser,2017,22,SF,CHI,44,19.2,0.398,0.333,0.775,5.5,2.8,0.8,0.3,0.4,0.9,11.805000000000001,3,0.75
Paul Zipser,2018,23,SF,CHI,54,15.3,0.346,0.336,0.76,4.0,2.4,0.9,0.4,0.3,0.8,12.517647058823528,4,1.312611
Payton Pritchard,2021,23,SG,BOS,66,19.2,0.44,0.411,0.889,7.7,2.4,1.8,0.6,0.1,0.8,13.89,4,2.481012
Payton Pritchard,2022,24,SG,BOS,71,14.1,0.429,0.412,1.0,6.2,1.9,2.0,0.4,0.1,0.6,15.400851063829785,5,2.471623
Payton Pritchard,2023,25,PG,BOS,48,13.4,0.412,0.364,0.75,5.6,1.8,1.3,0.3,0.0,0.8,16.205373134328354,6,2.374196
Payton Pritchard,2024,26,PG,BOS,82,22.3,0.468,0.385,0.821,9.6,3.2,3.4,0.5,0.1,0.7,14.057757847533631,7,4.15724
Payton Pritchard,2025,27,PG,BOS,80,28.4,0.472,0.407,0.845,14.3,3.8,3.5,0.9,0.2,1.0,15.571267605633805,8,6.696429
Peja Stojakovic,2010,32,SF,NOH,62,31.4,0.404,0.375,0.897,12.6,3.7,1.5,0.8,0.1,0.9,14.615541401273886,13,13.392
Peja Stojakovic,2011,33,SF,DAL,33,18.7,0.441,0.419,0.92,8.5,2.3,0.9,0.4,0.1,0.5,14.923636363636364,14,0.402065
Pelle Larsson,2025,23,SG,MIA,55,14.2,0.438,0.337,0.672,4.6,1.7,1.2,0.6,0.1,0.4,11.621408450704228,4,1.157153
Perry Jones,2013,21,SF,OKC,38,7.4,0.394,0.0,0.667,2.3,1.6,0.3,0.1,0.2,0.4,15.450810810810811,2,1.08252
Perry Jones,2014,22,PF,OKC,62,12.3,0.459,0.361,0.667,3.5,1.8,0.4,0.2,0.3,0.3,10.26731707317073,3,1.08252
Perry Jones,2015,23,SF,OKC,43,14.7,0.397,0.233,0.649,4.3,1.8,0.4,0.4,0.2,0.6,12.969795918367346,4,1.1292
Pete Nance,2024,23,PF,CLE,8,3.4,0.167,1.0,0.0,0.4,0.4,0.0,0.1,0.0,0.1,10.927058823529412,4,0.251768
Petr Cornelie,2022,26,PF,DEN,13,2.9,0.333,0.125,0.75,1.1,1.1,0.2,0.1,0.1,0.3,20.259310344827586,7,0.252108
Peyton Siva,2014,23,SG,DET,24,9.3,0.316,0.28,0.733,2.3,0.6,1.4,0.4,0.0,0.8,13.409032258064514,4,0.49018
Peyton Watson,2023,20,SG,DEN,23,8.1,0.492,0.429,0.55,3.3,1.6,0.5,0.1,0.5,0.3,14.648888888888889,1,2.326229
Peyton Watson,2024,21,SF,DEN,80,18.6,0.465,0.296,0.67,6.7,3.2,1.1,0.5,1.1,0.7,13.300645161290321,2,2.371966
Peyton Watson,2025,22,SF,DEN,68,24.4,0.477,0.353,0.693,8.1,3.4,1.4,0.7,1.4,0.8,11.773770491803278,3,2.41356
Phil Pressey,2014,22,PG,BOS,75,15.1,0.308,0.264,0.644,2.8,1.4,3.2,0.9,0.1,1.2,11.596291390728476,3,0.49018
Phil Pressey,2015,23,PG,BOS,50,12.0,0.368,0.246,0.673,3.5,1.6,2.3,0.6,0.1,0.8,14.22,4,0.816482
Phil Pressey,2016,24,PG,PHO,23,12.3,0.385,0.222,0.52,3.3,1.3,3.3,0.8,0.2,1.4,15.465365853658534,5,0.055722
Phillip Wheeler,2025,22,PF,PHI,5,8.8,0.143,0.0,1.0,1.6,1.6,0.4,0.2,0.4,0.2,18.72,3,0.066503
Pierre Jackson,2017,25,PG,DAL,8,10.5,0.333,0.273,0.857,4.4,1.1,2.4,0.3,0.0,0.4,19.52914285714286,6,0.031969
Pops Mensah-Bonsu,2010,26,PF,TOR,20,6.0,0.394,,0.542,2.0,1.8,0.2,0.2,0.5,0.5,16.368,7,0.825497
Pops Mensah-Bonsu,2011,27,PF,NOH,7,5.0,0.333,,,0.3,1.6,0.3,0.0,0.0,0.3,5.04,8,0.88512
Precious Achiuwa,2021,21,PF,MIA,61,12.1,0.544,0.0,0.509,5.0,3.4,0.5,0.3,0.5,0.7,15.447272727272729,2,3.146856
Precious Achiuwa,2022,22,C,TOR,73,23.6,0.439,0.359,0.595,9.1,6.5,1.1,0.5,0.6,1.2,15.699661016949152,3,3.135181
Precious Achiuwa,2023,23,C,TOR,55,20.7,0.485,0.269,0.702,9.2,6.0,0.9,0.6,0.5,1.1,16.368695652173912,4,3.011387
Precious Achiuwa,2024,24,PF-C,NYK,74,21.9,0.501,0.268,0.616,7.6,6.6,1.3,0.6,0.9,1.1,13.249315068493154,5,4.509659
Precious Achiuwa,2025,25,C,NYK,57,20.5,0.502,0.278,0.594,6.6,5.6,1.0,0.8,0.7,0.8,12.341853658536584,6,6.0
Primoz Brezec,2010,30,C,MIL,21,4.5,0.346,,0.167,0.9,1.2,0.0,0.0,0.1,0.1,11.456,11,0.825497
Quentin Grimes,2022,21,SG,NYK,46,17.1,0.404,0.381,0.684,6.0,2.0,1.0,0.7,0.2,0.6,12.370526315789471,2,2.507701
Quentin Grimes,2023,22,SG,NYK,71,29.9,0.468,0.386,0.796,11.3,3.2,2.1,0.7,0.4,1.0,12.179799331103679,3,2.414275
Quentin Grimes,2024,23,SG,DET,51,20.1,0.372,0.338,0.756,7.0,2.0,1.3,0.7,0.1,0.5,13.067462686567163,4,2.456609
Quentin Grimes,2025,24,SG,PHI,75,26.8,0.467,0.385,0.757,14.6,4.3,3.0,1.0,0.3,1.9,19.04238805970149,5,4.296682
Quentin Richardson,2010,29,SF,MIA,76,27.4,0.431,0.397,0.732,8.9,4.9,1.2,0.9,0.2,0.8,11.294014598540148,10,8.7
Quentin Richardson,2011,30,SF,ORL,57,16.8,0.341,0.288,0.75,4.4,3.1,0.7,0.4,0.1,0.6,11.682857142857141,11,2.265
Quentin Richardson,2012,31,SF,ORL,48,18.0,0.376,0.347,0.833,4.5,2.6,0.8,0.6,0.1,0.6,9.927999999999999,12,2.4462
Quentin Richardson,2013,32,SF,NYK,1,29.0,0.091,0.25,1.0,5.0,10.0,1.0,0.0,0.0,2.0,17.230344827586208,13,2.6274
Quenton Jackson,2023,24,PG,WAS,9,15.0,0.452,0.083,0.773,6.2,0.9,1.7,0.4,0.1,0.4,14.774400000000002,5,0.23287
Quenton Jackson,2024,25,PG,IND,3,3.7,0.0,0.0,1.0,0.7,1.3,0.7,0.3,0.0,0.0,5.915675675675675,6,0.139134
Quincy Acy,2013,22,PF,TOR,29,11.8,0.56,0.5,0.816,4.0,2.7,0.4,0.4,0.5,0.6,11.50779661016949,3,0.665
Quincy Acy,2014,23,SF,SAC,63,13.4,0.468,0.267,0.66,2.7,3.4,0.4,0.4,0.4,0.5,8.199402985074627,4,0.788872
Quincy Acy,2015,24,PF,NYK,68,18.9,0.459,0.3,0.784,5.9,4.4,1.0,0.4,0.3,0.9,12.220952380952381,5,0.915243
Quincy Acy,2016,25,PF,SAC,59,14.8,0.556,0.388,0.735,5.2,3.2,0.5,0.5,0.4,0.5,11.257297297297297,6,0.981348
Quincy Acy,2017,26,PF,BRK,38,14.7,0.412,0.411,0.75,5.8,3.0,0.5,0.4,0.4,0.6,14.213877551020408,7,1.790092
Quincy Miller,2013,20,PF,DEN,7,3.7,0.333,0.0,0.5,1.3,0.3,0.4,0.1,0.0,0.1,18.797837837837836,1,0.473604
Quincy Miller,2014,21,PF,DEN,52,15.2,0.367,0.319,0.709,4.9,2.8,0.5,0.4,0.6,0.9,14.883157894736843,2,0.788872
Quincy Miller,2015,22,PF,DET,10,11.9,0.237,0.167,0.727,2.9,2.0,0.8,0.7,0.5,0.5,14.472605042016806,3,0.183049
Quincy Pondexter,2011,22,SF,NOH,66,11.1,0.406,0.36,0.706,2.8,1.3,0.4,0.3,0.2,0.2,10.11891891891892,3,1.07328
Quincy Pondexter,2012,23,SF,MEM,64,15.7,0.452,0.301,0.623,4.2,2.0,0.4,0.4,0.1,0.5,10.437707006369427,4,1.1538
Quincy Pondexter,2013,24,SF,MEM,59,21.1,0.428,0.395,0.787,6.4,2.2,1.0,0.6,0.1,0.7,10.87165876777251,5,1.23432
Quincy Pondexter,2014,25,SG,MEM,15,18.0,0.392,0.324,0.808,6.3,1.7,1.3,0.3,0.1,1.0,14.096,6,2.225479
Quincy Pondexter,2015,26,SF-SG,NOP,75,23.9,0.421,0.373,0.74,7.2,2.6,1.3,0.3,0.3,0.7,10.953640167364018,7,3.146068
Quincy Pondexter,2018,29,SF,CHI,23,8.5,0.286,0.136,0.824,2.0,1.2,0.4,0.3,0.1,0.5,12.316235294117647,10,3.853931
Quincy Pondexter,2019,30,SF,SAS,53,5.5,0.5,0.333,0.81,1.8,0.9,0.5,0.2,0.0,0.2,10.81309090909091,11,1.512601
Quinn Cook,2017,23,PG,NOP,14,13.4,0.5,0.423,0.4,5.6,0.5,1.9,0.3,0.0,0.9,15.51761194029851,4,0.015984
Quinn Cook,2018,24,PG,GSW,33,22.4,0.484,0.442,0.88,9.5,2.5,2.7,0.4,0.0,1.0,14.387142857142857,5,1.544951
Quinn Cook,2019,25,PG,GSW,74,14.3,0.465,0.405,0.769,6.9,2.1,1.6,0.3,0.0,0.7,17.05846153846154,6,1.544951
Quinn Cook,2020,26,PG,LAL,44,11.5,0.425,0.365,0.786,5.1,1.2,1.1,0.3,0.0,0.8,18.256695652173914,7,3.0
Quinn Cook,2021,27,PG,CLE,23,6.8,0.426,0.423,0.875,3.3,0.7,0.8,0.2,0.0,0.3,18.16941176470588,8,2.415018
Quinndary Weatherspoon,2021,24,SG,SAS,20,6.1,0.457,0.167,0.813,2.3,0.6,0.4,0.4,0.1,0.5,15.651147540983608,5,0.547332
Quinndary Weatherspoon,2022,25,SG,GSW,11,6.6,0.571,0.2,1.0,2.7,1.3,0.5,0.1,0.1,0.3,13.200000000000001,6,0.400664
Quinten Post,2025,24,PF,GSW,42,16.3,0.449,0.408,0.778,8.1,3.5,1.3,0.4,0.4,0.8,16.705766871165643,5,0.43892
Quinton Ross,2010,28,SF-SG,WAS,52,10.8,0.36,0.19,0.571,1.8,0.9,0.2,0.3,0.1,0.2,8.106666666666667,9,1.033342
Quinton Ross,2011,29,SF,NJN,36,9.8,0.441,0.0,0.357,1.6,0.8,0.3,0.1,0.2,0.2,7.258775510204081,10,1.033342
RJ Barrett,2021,20,SG,NYK,72,34.9,0.441,0.401,0.746,17.6,5.8,3.0,0.7,0.3,1.9,18.847908309455587,1,10.031975
RJ Barrett,2022,21,SF,NYK,70,34.5,0.408,0.342,0.714,20.0,5.8,3.0,0.6,0.2,2.2,22.80208695652174,2,9.972248
RJ Barrett,2023,22,SG,NYK,73,33.9,0.434,0.31,0.74,19.6,5.0,2.8,0.4,0.2,2.2,21.956814159292037,3,11.557811
RJ Barrett,2024,23,SG,TOR,58,31.7,0.495,0.36,0.715,20.2,5.4,3.3,0.5,0.4,2.2,22.25867507886435,4,24.593615
RJ Barrett,2025,24,SF,TOR,58,32.2,0.468,0.35,0.63,21.1,6.3,5.4,0.8,0.3,2.8,24.681242236024843,5,25.794643
Rafer Alston,2010,33,PG,MIA,52,27.3,0.348,0.345,0.728,8.2,2.5,3.4,1.0,0.2,1.8,14.642637362637362,14,0.475875
RaiQuan Gray,2023,23,PF,BRK,1,35.0,0.5,0.4,1.0,16.0,9.0,7.0,0.0,1.0,4.0,17.362285714285715,4,0.006201
RaiQuan Gray,2024,24,PF,SAS,3,13.0,0.588,0.429,0.0,7.7,2.3,2.0,0.3,0.3,0.3,16.615384615384617,5,0.14576
Raja Bell,2010,33,SG,GSW,6,30.0,0.459,0.444,1.0,11.8,3.8,2.2,0.7,0.3,0.8,13.464,14,5.25
Raja Bell,2011,34,SG,UTA,68,30.8,0.409,0.352,0.892,8.0,2.6,1.7,0.8,0.2,0.9,9.88831168831169,15,3.0
Raja Bell,2012,35,SG,UTA,34,23.4,0.466,0.391,0.84,6.4,1.4,1.1,0.4,0.1,0.6,9.243076923076922,16,3.48
Rajon Rondo,2010,23,PG,BOS,81,36.6,0.508,0.213,0.621,13.7,4.4,9.8,2.3,0.1,3.0,15.481967213114753,4,2.094923
Rajon Rondo,2011,24,PG,BOS,68,37.2,0.475,0.233,0.568,10.6,4.4,11.2,2.3,0.2,3.4,13.68,5,9.090911
Rajon Rondo,2012,25,PG,BOS,53,36.9,0.448,0.238,0.597,11.9,4.8,11.7,1.8,0.1,3.6,15.508292682926832,6,10.045454
Rajon Rondo,2013,26,PG,BOS,38,37.4,0.484,0.24,0.645,13.7,5.6,11.1,1.8,0.2,3.9,16.513796791443852,7,11.0
Rajon Rondo,2014,27,PG,BOS,30,33.3,0.403,0.289,0.627,11.7,5.5,9.8,1.3,0.1,3.3,17.262702702702704,8,11.954545
Rajon Rondo,2015,28,PG,DAL,68,29.7,0.426,0.314,0.397,8.9,5.5,7.9,1.3,0.1,3.1,15.85939393939394,9,12.90909
Rajon Rondo,2016,29,PG,SAC,72,35.2,0.454,0.365,0.58,11.9,6.0,11.7,2.0,0.1,3.9,16.081363636363633,10,9.5
Rajon Rondo,2017,30,PG,CHI,69,26.7,0.408,0.376,0.6,7.8,5.1,6.7,1.4,0.2,2.4,14.57258426966292,11,14.0
Rajon Rondo,2018,31,PG,NOP,65,26.2,0.468,0.333,0.543,8.3,4.0,8.2,1.1,0.2,2.3,14.02625954198473,12,3.3
Rajon Rondo,2019,32,PG,LAL,46,29.8,0.405,0.359,0.639,9.2,5.3,8.0,1.2,0.2,2.8,15.163489932885904,13,9.0
Rajon Rondo,2020,33,PG,LAL,48,20.5,0.418,0.328,0.659,7.1,3.0,5.0,0.8,0.0,1.9,15.973463414634146,14,2.564753
Rajon Rondo,2021,34,PG,LAC,45,17.1,0.442,0.404,0.941,5.4,2.4,4.4,0.8,0.1,1.8,14.265263157894735,15,9.140185
Rajon Rondo,2022,35,PG,CLE,39,17.9,0.386,0.352,0.731,4.8,2.8,4.4,0.8,0.2,1.7,13.088715083798885,16,8.672605
Rakeem Christmas,2016,24,PF,IND,1,6.0,1.0,,,4.0,1.0,0.0,0.0,0.0,0.0,12.0,5,1.007026
Rakeem Christmas,2017,25,PF,IND,29,7.6,0.442,,0.724,2.0,1.9,0.1,0.1,0.2,0.3,10.610526315789473,6,1.052342
Ramon Sessions,2010,23,PG,MIN,82,21.1,0.456,0.067,0.717,8.2,2.6,3.1,0.7,0.1,1.7,16.60436018957346,4,3.670667
Ramon Sessions,2011,24,PG,CLE,81,26.3,0.466,0.2,0.823,13.3,3.1,5.2,0.7,0.1,2.2,19.283954372623572,5,3.96432
Ramon Sessions,2012,25,PG,LAL,64,26.7,0.428,0.443,0.782,11.3,3.3,5.5,0.7,0.0,2.2,17.145168539325844,6,4.257973
Ramon Sessions,2013,26,SG,CHA,61,27.1,0.408,0.308,0.839,14.4,2.8,3.8,0.8,0.1,1.7,20.33535055350553,7,5.0
Ramon Sessions,2014,27,PG,MIL,83,26.7,0.429,0.282,0.807,12.3,2.4,4.1,0.6,0.1,1.8,17.873258426966295,8,5.0
Ramon Sessions,2015,28,PG,WAS,64,18.6,0.374,0.317,0.769,6.3,2.3,2.8,0.5,0.0,1.3,14.879999999999997,9,2.077
Ramon Sessions,2016,29,PG,WAS,82,20.3,0.473,0.324,0.756,9.9,2.5,2.9,0.6,0.1,1.4,17.982266009852218,10,2.170465
Ramon Sessions,2017,30,PG,CHO,50,16.2,0.38,0.339,0.771,6.2,1.5,2.6,0.5,0.1,0.9,16.124444444444446,11,6.0
Randolph Morris,2010,24,PF,ATL,28,4.4,0.561,,0.593,2.2,1.4,0.1,0.2,0.1,0.4,19.14545454545454,5,0.855189
Randy Foye,2010,26,PG,WAS,70,23.8,0.414,0.346,0.89,10.1,1.9,3.3,0.5,0.1,1.3,16.674957983193277,7,3.575761
Randy Foye,2011,27,SG,LAC,63,24.6,0.388,0.327,0.893,9.8,1.6,2.7,0.7,0.3,1.5,16.033170731707315,8,4.25
Randy Foye,2012,28,SG,LAC,65,25.9,0.398,0.386,0.859,11.0,2.1,2.2,0.7,0.4,1.1,16.084633204633207,9,4.25
Randy Foye,2013,29,SG,UTA,82,27.4,0.397,0.41,0.819,10.8,1.5,2.0,0.8,0.3,1.1,14.31065693430657,10,2.5
Randy Foye,2014,30,SG,DEN,81,30.7,0.413,0.38,0.849,13.2,2.9,3.5,0.8,0.5,1.8,15.961954397394138,11,3.0
Randy Foye,2015,31,SG,DEN,50,21.7,0.368,0.357,0.818,8.7,1.7,2.4,0.7,0.2,1.2,16.065622119815668,12,3.0
Randy Foye,2016,32,SG,OKC,81,20.3,0.351,0.3,0.824,5.9,1.9,2.0,0.5,0.4,1.1,13.293399014778325,13,3.135
Randy Foye,2017,33,SG,BRK,69,18.6,0.363,0.33,0.857,5.2,2.2,2.0,0.5,0.1,1.2,12.185806451612903,14,2.5
Rashad Vaughn,2016,19,SG,MIL,70,14.3,0.305,0.293,0.8,3.1,1.3,0.6,0.4,0.2,0.4,10.794965034965035,1,1.73304
Rashad Vaughn,2017,20,SG,MIL,41,11.2,0.365,0.321,0.4,3.5,1.2,0.6,0.5,0.2,0.3,13.32,1,1.81104
Rashad Vaughn,2018,21,SG,ORL,28,7.6,0.411,0.378,0.667,2.3,0.8,0.5,0.2,0.1,0.2,10.837894736842108,2,1.88904
Rashard Lewis,2010,30,PF,ORL,72,32.9,0.435,0.397,0.806,14.1,4.4,1.5,1.1,0.4,1.5,15.100303951367781,11,18.010791
Rashard Lewis,2011,31,SF-PF,WAS,57,32.0,0.433,0.357,0.802,11.7,5.1,1.6,0.9,0.5,1.5,14.003999999999998,12,19.573711
Rashard Lewis,2012,32,SF,WAS,28,26.0,0.385,0.239,0.838,7.8,3.9,1.0,0.8,0.4,1.1,13.253538461538463,13,21.136631
Rashard Lewis,2013,33,PF,MIA,55,14.4,0.414,0.389,0.622,5.2,2.2,0.5,0.4,0.3,0.6,13.629999999999999,14,1.399507
Rashard Lewis,2014,34,SF,MIA,60,16.2,0.415,0.343,0.788,4.5,1.8,1.0,0.9,0.1,0.6,10.586666666666664,15,1.399507
Rasheed Wallace,2010,35,C,BOS,79,22.5,0.409,0.283,0.768,9.0,4.1,1.0,1.0,0.9,0.8,15.526400000000002,16,5.854
Rasheed Wallace,2013,38,C,NYK,21,14.1,0.387,0.319,0.7,7.0,4.0,0.3,0.6,0.7,0.5,19.761702127659575,19,0.854389
Rasho Nesterovic,2010,33,C,TOR,42,9.8,0.544,,0.2,3.9,2.1,0.6,0.2,0.4,0.4,14.488163265306122,14,1.99
Rasual Butler,2010,30,SF,LAC,82,33.0,0.409,0.336,0.841,11.9,2.9,1.4,0.4,0.8,1.0,13.518545454545453,11,3.945
Rasual Butler,2011,31,SG,CHI,47,16.4,0.333,0.338,0.667,4.7,1.6,0.6,0.2,0.3,0.5,12.65268292682927,12,0.211084
Rasual Butler,2012,32,SF,TOR,34,13.3,0.308,0.273,0.583,3.2,1.9,0.6,0.2,0.1,0.4,12.11548872180451,13,0.854389
Rasual Butler,2014,34,SG,IND,50,7.6,0.464,0.419,0.571,2.7,0.8,0.3,0.1,0.2,0.2,11.993684210526318,15,0.884293
Rasual Butler,2015,35,SF,WAS,75,20.1,0.422,0.387,0.791,7.7,2.6,0.8,0.4,0.3,0.6,14.142089552238804,16,0.915243
Rasual Butler,2016,36,SF,SAS,46,9.4,0.471,0.306,0.688,2.7,1.2,0.5,0.3,0.5,0.2,10.08,17,0.947276
Raul Neto,2016,23,PG,UTA,81,18.5,0.431,0.395,0.743,5.9,1.5,2.1,0.8,0.0,1.3,13.419243243243244,4,0.9
Raul Neto,2017,24,PG,UTA,40,8.7,0.451,0.323,0.889,2.5,0.8,0.9,0.5,0.1,0.4,11.536551724137931,5,0.9378
Raul Neto,2018,25,PG,UTA,41,12.1,0.457,0.404,0.743,4.5,1.2,1.8,0.3,0.1,0.9,14.86413223140496,6,1.471382
Raul Neto,2019,26,PG,UTA,37,12.8,0.46,0.333,0.848,5.3,1.7,2.5,0.4,0.1,0.9,16.02,7,2.15
Raul Neto,2020,27,PG,PHI,54,12.4,0.455,0.386,0.83,5.1,1.1,1.8,0.4,0.1,0.9,15.665806451612903,8,1.620564
Raul Neto,2021,28,PG,WAS,64,21.9,0.468,0.39,0.882,8.7,2.4,2.3,1.1,0.1,0.8,13.762191780821919,9,2.294633
Raul Neto,2022,29,PG,WAS,70,19.6,0.463,0.292,0.769,7.5,1.9,3.1,0.8,0.0,1.1,14.80408163265306,10,2.416128
Raul Neto,2023,30,PG,CLE,48,10.5,0.518,0.286,0.912,3.3,1.0,1.6,0.4,0.1,0.5,10.655999999999999,11,2.612008
Ray Allen,2010,34,SG,BOS,80,35.2,0.477,0.363,0.913,16.3,3.2,2.6,0.8,0.3,1.6,15.553636363636361,15,18.77686
Ray Allen,2011,35,SG,BOS,80,36.1,0.491,0.444,0.881,16.5,3.4,2.7,1.0,0.2,1.5,14.846759002770082,16,10.0
Ray Allen,2012,36,SG,BOS,46,34.0,0.458,0.453,0.915,14.2,3.1,2.4,1.1,0.2,1.5,13.989176470588236,17,10.0
Ray Allen,2013,37,SG,MIA,79,25.8,0.449,0.419,0.886,10.9,2.7,1.7,0.8,0.2,1.3,14.483720930232558,18,3.22905
Ray Allen,2014,38,SG,MIA,73,26.5,0.442,0.375,0.905,9.6,2.8,2.0,0.7,0.1,1.2,12.639396226415094,19,3.22905
Ray McCallum,2014,22,PG,SAC,45,19.9,0.377,0.373,0.744,6.2,1.8,2.7,0.5,0.2,0.9,14.544723618090456,3,0.524616
Ray McCallum,2015,23,PG,SAC,68,21.1,0.438,0.306,0.679,7.4,2.6,2.8,0.7,0.2,1.3,14.89137440758294,4,0.816482
Ray Spalding,2019,21,PF,PHO,14,10.6,0.532,0.0,0.333,3.9,3.4,0.4,0.6,0.6,0.6,14.929811320754718,2,0.184746
Rayan Rupert,2024,19,SG,POR,39,16.2,0.335,0.359,0.76,4.0,2.4,1.6,0.3,0.1,0.8,11.475555555555555,1,1.152829
Rayan Rupert,2025,20,SG,POR,52,8.8,0.408,0.271,0.767,3.0,1.3,0.5,0.3,0.1,0.6,14.580000000000002,1,1.891857
Rayjon Tucker,2020,22,SG,UTA,20,8.1,0.465,0.176,0.826,3.1,1.0,0.3,0.1,0.1,0.4,13.902222222222223,3,0.578573
Rayjon Tucker,2021,23,PG,PHI,14,4.9,0.5,0.286,0.737,2.4,0.8,0.4,0.1,0.0,0.3,16.280816326530612,4,0.845473
Rayjon Tucker,2022,24,SG,MIL,5,14.2,0.667,0.8,0.714,4.2,1.6,2.0,0.8,0.0,0.2,6.632112676056338,5,0.255134
Raymond Felton,2010,25,PG,CHA,80,33.0,0.459,0.385,0.763,12.1,3.6,5.6,1.5,0.3,2.1,14.910545454545455,6,5.501196
Raymond Felton,2011,26,PG-SG,DEN,75,36.5,0.425,0.353,0.805,15.5,3.6,8.3,1.7,0.1,2.9,17.465424657534246,7,7.0
Raymond Felton,2012,27,PG,POR,60,31.8,0.407,0.305,0.806,11.4,2.5,6.5,1.3,0.2,2.8,16.329056603773584,8,7.56
Raymond Felton,2013,28,PG,NYK,68,34.0,0.427,0.36,0.789,13.9,2.9,5.5,1.4,0.2,2.3,17.085176470588234,9,3.480453
Raymond Felton,2014,29,PG,NYK,65,31.0,0.395,0.318,0.721,9.7,3.0,5.6,1.2,0.4,2.0,14.209548387096776,10,3.637073
Raymond Felton,2015,30,PG,DAL,29,9.7,0.406,0.294,0.8,3.7,0.9,1.4,0.4,0.1,0.6,16.775257731958767,11,3.793693
Raymond Felton,2016,31,PG,DAL,80,27.4,0.406,0.282,0.847,9.5,3.2,3.6,0.9,0.2,1.5,14.410510948905111,12,3.950313
Raymond Felton,2017,32,PG,LAC,80,21.3,0.43,0.319,0.781,6.7,2.7,2.4,0.8,0.3,1.0,13.101971830985915,13,0.980431
Raymond Felton,2018,33,PG,OKC,82,16.6,0.406,0.352,0.818,6.9,1.9,2.5,0.6,0.2,0.9,16.95903614457831,14,1.471382
Raymond Felton,2019,34,PG,OKC,33,11.5,0.407,0.328,0.923,4.3,1.0,1.6,0.3,0.2,0.4,14.637913043478262,15,1.512601
Reed Sheppard,2025,20,PG,HOU,52,12.6,0.351,0.338,0.813,4.4,1.5,1.4,0.7,0.3,0.7,15.52,1,10.09896
Reggie Bullock,2014,22,SF,LAC,43,9.2,0.355,0.301,0.778,2.7,1.3,0.3,0.2,0.0,0.3,12.474782608695651,3,1.149
Reggie Bullock,2015,23,SF,PHO,36,9.4,0.343,0.326,0.667,1.9,1.4,0.2,0.3,0.1,0.2,8.54808510638298,4,1.20072
Reggie Bullock,2016,24,SF,DET,37,11.6,0.439,0.415,0.933,3.3,1.8,0.7,0.3,0.1,0.2,9.235862068965519,5,1.25244
Reggie Bullock,2017,25,SF,DET,31,15.1,0.422,0.384,0.714,4.5,2.1,0.9,0.6,0.1,0.3,10.699867549668873,6,2.255644
Reggie Bullock,2018,26,SF,DET,62,27.9,0.489,0.445,0.796,11.3,2.5,1.5,0.8,0.2,0.8,12.841290322580647,7,2.5
Reggie Bullock,2019,27,SG,LAL,63,29.8,0.412,0.377,0.859,11.3,2.7,2.0,0.6,0.2,1.0,13.254765100671143,8,2.5
Reggie Bullock,2020,28,SG,NYK,29,23.6,0.402,0.333,0.81,8.1,2.3,1.4,0.9,0.1,0.7,13.283389830508474,9,4.0
Reggie Bullock,2021,29,SF,NYK,65,30.0,0.442,0.41,0.909,10.9,3.4,1.5,0.8,0.2,0.7,11.5824,10,5.118504
Reggie Bullock,2022,30,SF,DAL,68,28.0,0.401,0.36,0.833,8.6,3.5,1.2,0.6,0.2,0.6,10.681714285714284,11,11.02693
Reggie Bullock,2023,31,SF,DAL,78,30.3,0.409,0.38,0.703,7.2,3.6,1.4,0.7,0.2,0.5,7.984158415841583,12,10.616451
Reggie Bullock,2024,32,SF,HOU,44,9.5,0.415,0.403,1.0,2.2,1.7,0.3,0.3,0.1,0.2,7.957894736842106,13,14.632779
Reggie Evans,2010,29,PF,TOR,28,11.1,0.493,,0.45,3.4,3.8,0.3,0.5,0.1,0.8,13.699459459459462,10,4.96
Reggie Evans,2011,30,PF,TOR,30,26.6,0.408,0.0,0.545,4.4,11.5,1.3,1.0,0.2,1.3,8.08781954887218,11,5.08
Reggie Evans,2012,31,PF,LAC,56,13.8,0.472,,0.507,1.9,4.8,0.3,0.6,0.1,0.8,6.970434782608696,12,0.854389
Reggie Evans,2013,32,PF,BRK,80,24.6,0.479,,0.509,4.5,11.1,0.5,0.9,0.2,1.4,8.680975609756098,13,1.622617
Reggie Evans,2014,33,PF,SAC,54,16.6,0.473,,0.554,4.0,6.2,0.4,0.7,0.1,1.1,10.747951807228915,14,1.695635
Reggie Evans,2015,34,PF,SAC,47,16.3,0.423,0.0,0.619,3.7,6.4,0.7,0.5,0.1,1.0,10.654233128834354,15,1.768653
Reggie Jackson,2012,21,PG,OKC,45,11.1,0.321,0.21,0.862,3.1,1.2,1.6,0.6,0.0,0.8,14.802162162162162,2,1.15632
Reggie Jackson,2013,22,PG,OKC,70,14.2,0.458,0.231,0.839,5.3,2.4,1.7,0.4,0.2,0.8,14.694084507042252,3,1.26036
Reggie Jackson,2014,23,PG,OKC,80,28.5,0.44,0.339,0.893,13.1,3.9,4.1,1.1,0.1,2.1,18.401684210526316,4,1.26036
Reggie Jackson,2015,24,PG,DET,77,29.5,0.434,0.299,0.83,14.5,4.2,6.0,0.8,0.1,2.4,20.17464406779661,5,2.204369
Reggie Jackson,2016,25,PG,DET,79,30.7,0.434,0.353,0.864,18.8,3.2,6.2,0.7,0.1,2.8,23.91244299674267,6,13.913044
Reggie Jackson,2017,26,PG,DET,52,27.4,0.419,0.359,0.868,14.5,2.2,5.2,0.7,0.1,2.2,21.473868613138688,7,14.956522
Reggie Jackson,2018,27,PG,DET,45,26.7,0.426,0.308,0.836,14.6,2.8,5.3,0.6,0.1,2.2,22.00449438202247,8,17.043478
Reggie Jackson,2019,28,PG,DET,82,27.9,0.421,0.369,0.864,15.4,2.6,4.2,0.7,0.1,1.8,20.485161290322583,9,17.043478
Reggie Jackson,2020,29,SG-PG,LAC,31,24.0,0.411,0.393,0.833,11.9,3.0,4.1,0.4,0.2,1.6,19.272,10,0.512721
Reggie Jackson,2021,30,SG,LAC,67,23.0,0.45,0.433,0.817,10.7,2.9,3.1,0.6,0.1,1.1,16.165565217391304,11,2.841492
Reggie Jackson,2022,31,SG,LAC,75,31.2,0.392,0.326,0.847,16.8,3.6,4.8,0.7,0.2,2.3,22.578461538461543,12,12.00809
Reggie Jackson,2023,32,PG,DEN,68,24.4,0.411,0.333,0.91,10.2,2.1,3.4,0.7,0.1,1.7,17.09114754098361,13,12.147949
Reggie Jackson,2024,33,PG,DEN,82,22.2,0.431,0.359,0.806,10.2,1.9,3.8,0.5,0.2,1.3,17.883243243243246,14,5.148569
Reggie Jackson,2025,34,PG,PHI,31,12.4,0.391,0.338,0.778,4.4,1.4,1.5,0.5,0.1,0.5,14.318709677419355,15,4.033748
Reggie Perry,2021,20,PF,BRK,26,8.1,0.41,0.19,0.769,3.0,2.8,0.5,0.2,0.2,0.6,16.97777777777778,1,0.59612
Reggie Perry,2022,21,PF,IND,10,18.7,0.506,0.188,0.6,9.2,4.7,1.2,0.9,0.6,1.1,18.596791443850268,2,0.217706
Reggie Williams,2010,23,SF,GSW,24,32.6,0.495,0.359,0.839,15.2,4.6,2.8,1.0,0.3,1.2,15.619141104294478,4,0.118435
Reggie Williams,2011,24,SF,GSW,80,20.3,0.469,0.423,0.746,9.2,2.7,1.5,0.4,0.0,0.7,15.336354679802954,5,0.762195
Reggie Williams,2012,25,SF,CHA,33,22.6,0.416,0.308,0.725,8.3,2.8,1.8,0.6,0.1,1.0,14.69946902654867,6,2.5
Reggie Williams,2015,28,SF,SAS,20,5.3,0.385,0.158,1.0,1.9,0.9,0.5,0.1,0.0,0.1,14.86188679245283,9,0.344036
Reggie Williams,2017,30,SF,NOP,6,13.2,0.348,0.455,0.857,4.5,1.0,0.7,0.5,0.0,0.0,11.803636363636365,11,0.895197
Renaldo Balkman,2011,26,SF,NYK,8,7.8,0.462,0.5,0.75,2.0,0.9,0.3,0.5,0.3,0.1,8.861538461538462,7,1.675
Richard Hamilton,2010,31,SG,DET,46,33.7,0.409,0.297,0.846,18.1,2.7,4.4,0.7,0.1,2.5,21.779465875370917,12,11.375
Richard Hamilton,2011,32,SG,DET,55,27.2,0.429,0.382,0.849,14.1,2.3,3.1,0.7,0.1,1.6,20.07,13,12.5
Richard Hamilton,2012,33,SG,CHI,28,24.9,0.452,0.37,0.784,11.6,2.4,3.0,0.4,0.0,1.8,19.477590361445788,14,5.0
Richard Hamilton,2013,34,SG,CHI,50,21.8,0.429,0.308,0.857,9.8,1.7,2.4,0.5,0.1,1.7,19.58532110091743,15,5.0
Richard Jefferson,2010,29,SF,SAS,81,31.1,0.467,0.316,0.735,12.3,4.4,2.0,0.6,0.5,1.3,14.4,10,14.2
Richard Jefferson,2011,30,SF,SAS,81,30.4,0.474,0.44,0.759,11.0,3.8,1.3,0.5,0.4,1.1,11.908421052631578,11,8.4
Richard Jefferson,2012,31,SF,GSW,63,27.7,0.416,0.42,0.694,9.2,3.5,1.4,0.6,0.3,0.8,11.790324909747294,12,9.282
Richard Jefferson,2013,32,SF,GSW,56,10.1,0.456,0.311,0.717,3.1,1.5,0.6,0.3,0.1,0.4,11.391683168316831,13,10.164
Richard Jefferson,2014,33,SF,UTA,82,27.0,0.45,0.409,0.741,10.1,2.7,1.6,0.7,0.2,1.1,13.306666666666668,14,11.046
Richard Jefferson,2015,34,SF,DAL,74,16.8,0.444,0.426,0.684,5.8,2.5,0.8,0.4,0.1,0.7,12.342857142857143,15,0.915243
Richard Jefferson,2016,35,SF,CLE,74,17.9,0.458,0.382,0.667,5.5,1.7,0.8,0.4,0.2,0.6,10.715530726256985,16,0.947276
Richard Jefferson,2017,36,SF,CLE,79,20.4,0.446,0.333,0.741,5.7,2.6,1.0,0.3,0.1,0.7,9.910588235294117,17,2.5
Richard Jefferson,2018,37,SF,DEN,20,8.2,0.444,0.286,0.571,1.5,0.9,0.8,0.1,0.1,0.3,8.23609756097561,18,1.454756
Richaun Holmes,2016,22,PF,PHI,51,13.8,0.514,0.182,0.689,5.6,2.6,0.6,0.4,0.8,0.6,14.765217391304347,3,1.074169
Richaun Holmes,2017,23,C,PHI,57,20.9,0.558,0.351,0.699,9.8,5.5,1.0,0.7,1.0,1.0,15.48861244019139,4,1.025831
Richaun Holmes,2018,24,C,PHI,48,15.5,0.56,0.129,0.661,6.5,4.4,1.3,0.4,0.6,0.5,14.000516129032258,5,1.60052
Richaun Holmes,2019,25,C,PHO,70,16.9,0.608,,0.731,8.2,4.7,0.9,0.6,1.1,0.7,14.9112426035503,6,1.60052
Richaun Holmes,2020,26,C,SAC,44,28.2,0.648,,0.788,12.3,8.1,1.0,0.9,1.3,1.2,13.00595744680851,7,4.767
Richaun Holmes,2021,27,C,SAC,61,29.2,0.637,0.182,0.794,14.2,8.3,1.7,0.6,1.6,1.2,14.58739726027397,8,6.099977
Richaun Holmes,2022,28,C,SAC,45,23.9,0.66,0.4,0.778,10.4,7.0,1.1,0.4,0.9,1.2,13.225104602510461,9,12.00809
Richaun Holmes,2023,29,C,SAC,42,8.3,0.618,0.625,0.789,3.1,1.9,0.2,0.1,0.3,0.3,11.363855421686747,10,11.891405
Richaun Holmes,2024,30,C-PF,WAS,40,13.9,0.558,0.333,0.723,5.0,4.6,0.6,0.3,0.5,0.6,12.504172661870502,11,12.403955
Richaun Holmes,2025,31,PF,WAS,31,17.2,0.647,0.0,0.833,7.4,5.7,1.4,0.3,0.7,0.7,12.633488372093025,12,12.648321
Ricky Council IV,2025,23,SF,PHI,73,17.1,0.382,0.258,0.804,7.3,2.9,1.3,0.4,0.2,0.7,16.682105263157894,4,1.891857
Ricky Davis,2010,30,SF,LAC,36,13.9,0.434,0.381,0.581,4.4,1.6,1.1,0.3,0.1,0.8,13.457266187050358,11,2.4
Ricky Ledo,2014,21,SG,DAL,11,3.0,0.353,0.375,1.0,1.7,0.2,0.2,0.1,0.0,0.2,22.512,2,0.544
Ricky Ledo,2015,22,SG,NYK,17,14.4,0.333,0.37,0.727,5.3,2.1,1.1,0.4,0.1,1.5,19.18,3,0.048028
Ricky Rubio,2012,21,PG,MIN,41,34.2,0.357,0.34,0.803,10.6,4.2,8.2,2.2,0.2,3.2,15.128421052631579,2,3.48012
Ricky Rubio,2013,22,PG,MIN,57,29.7,0.36,0.293,0.799,10.7,4.0,7.3,2.4,0.1,3.0,16.99878787878788,3,3.74112
Ricky Rubio,2014,23,PG,MIN,82,32.2,0.381,0.331,0.802,9.5,4.2,8.6,2.3,0.1,2.7,13.908074534161488,4,3.678358
Ricky Rubio,2015,24,PG,MIN,22,31.5,0.356,0.255,0.803,10.3,5.7,8.8,1.7,0.0,2.9,16.352,5,4.660479
Ricky Rubio,2016,25,PG,MIN,76,30.6,0.374,0.326,0.847,10.1,4.3,8.7,2.1,0.1,2.5,14.12235294117647,6,12.7
Ricky Rubio,2017,26,PG,MIN,75,32.9,0.402,0.306,0.891,11.1,4.1,9.1,1.7,0.1,2.6,14.194285714285714,7,13.55
Ricky Rubio,2018,27,PG,UTA,77,29.3,0.418,0.352,0.866,13.1,4.6,5.3,1.6,0.1,2.7,18.248191126279863,8,14.275
Ricky Rubio,2019,28,PG,UTA,68,27.9,0.404,0.311,0.855,12.7,3.6,6.1,1.3,0.1,2.6,19.091612903225805,9,14.975
Ricky Rubio,2020,29,PG,PHO,65,31.0,0.415,0.361,0.863,13.0,4.7,8.8,1.4,0.2,2.7,17.233548387096775,10,16.2
Ricky Rubio,2021,30,PG,MIN,68,26.1,0.388,0.308,0.867,8.6,3.3,6.4,1.4,0.1,1.6,13.611034482758619,11,20.717754
Ricky Rubio,2022,31,PG,CLE,34,28.5,0.363,0.339,0.854,13.1,4.1,6.6,1.4,0.2,2.6,20.23578947368421,12,20.582986
Ricky Rubio,2023,32,PG,CLE,33,17.2,0.343,0.256,0.8,5.2,2.1,3.5,0.8,0.2,0.9,14.199069767441863,13,6.206564
Rob Dillingham,2025,20,PG,MIN,49,10.5,0.441,0.338,0.533,4.5,1.0,2.0,0.4,0.0,1.1,18.96685714285714,1,6.26292
Rob Edwards,2022,25,SG,OKC,2,5.5,0.25,0.25,,1.5,1.5,0.0,0.0,0.0,0.5,16.363636363636363,6,0.061489
Robbie Hummel,2014,24,SF,MIN,53,12.4,0.379,0.36,0.938,3.4,2.5,0.4,0.3,0.0,0.2,10.544516129032258,5,0.49018
Robbie Hummel,2015,25,SF,MIN,45,16.5,0.459,0.314,0.828,4.4,3.0,0.6,0.4,0.2,0.4,9.739636363636365,6,0.88
Robert Covington,2014,23,SF,HOU,7,4.9,0.429,0.364,,2.3,0.7,0.0,0.3,0.0,0.1,15.428571428571429,4,0.49018
Robert Covington,2015,24,SF,PHI,70,27.9,0.396,0.374,0.82,13.5,4.5,1.5,1.4,0.4,1.8,18.018064516129037,5,1.0
Robert Covington,2016,25,SF,PHI,67,28.4,0.385,0.353,0.791,12.8,6.3,1.4,1.6,0.6,2.1,17.548732394366198,6,1.0
Robert Covington,2017,26,SF,PHI,67,31.6,0.399,0.333,0.822,12.9,6.5,1.5,1.9,1.0,2.0,15.999493670886075,7,1.015696
Robert Covington,2018,27,SF,PHI,80,31.7,0.413,0.369,0.853,12.6,5.4,2.0,1.7,0.9,1.6,14.590788643533122,8,10.464092
Robert Covington,2019,28,SF,MIN,35,34.4,0.431,0.378,0.764,13.3,5.5,1.3,2.1,1.3,1.3,13.290697674418606,9,10.464092
Robert Covington,2020,29,PF-C,HOU,70,30.5,0.422,0.335,0.798,12.4,6.6,1.3,1.6,1.3,1.5,14.862688524590164,10,11.301219
Robert Covington,2021,30,PF,POR,70,32.0,0.401,0.379,0.806,8.5,6.7,1.7,1.4,1.2,0.9,9.6705,11,14.792897
Robert Covington,2022,31,PF-SF,LAC,71,27.3,0.42,0.378,0.841,8.5,5.5,1.3,1.5,1.3,1.1,11.261538461538462,12,15.004153
Robert Covington,2023,32,PF,LAC,48,16.2,0.445,0.397,0.75,6.0,3.5,1.2,0.8,0.7,0.7,13.004444444444447,13,13.049698
Robert Covington,2024,33,SF-PF,PHI,29,16.8,0.439,0.339,0.846,4.4,3.3,0.8,1.3,0.6,0.4,8.99142857142857,14,12.039732
Robert Sacre,2013,23,C,LAL,32,6.3,0.375,,0.636,1.3,1.1,0.2,0.0,0.3,0.3,11.040000000000001,4,0.788872
Robert Sacre,2014,24,C,LAL,65,16.8,0.477,,0.681,5.4,3.9,0.8,0.4,0.7,0.7,12.677142857142854,5,0.788872
Robert Sacre,2015,25,C,LAL,67,16.9,0.412,0.0,0.671,4.6,3.5,0.8,0.4,0.6,0.5,11.988639053254438,6,0.915243
Robert Sacre,2016,26,C,LAL,25,12.8,0.413,,0.658,3.5,2.9,0.6,0.2,0.4,0.5,11.7,7,0.981348
Robert Williams,2021,23,C,BOS,52,18.9,0.721,0.0,0.616,8.0,6.9,1.8,0.8,1.8,1.0,12.601904761904763,4,2.473846
Robert Williams,2022,24,C,BOS,61,29.6,0.736,0.0,0.722,10.0,9.6,2.0,0.9,2.2,1.0,9.316216216216215,5,4.234516
Robert Williams,2023,25,C,BOS,35,23.5,0.747,0.0,0.61,8.0,8.3,1.4,0.6,1.4,1.0,9.847148936170214,6,11.36023
Robert Williams,2024,26,C,POR,6,19.8,0.654,0.0,0.778,6.8,6.3,0.8,1.2,1.2,1.2,11.2,7,11.915262
Robert Williams,2025,27,C,POR,20,17.6,0.641,0.333,0.882,5.8,5.9,1.1,0.7,1.7,0.9,10.628181818181819,8,12.428571
Robin Lopez,2010,21,C,PHO,51,19.3,0.588,,0.704,8.4,4.9,0.1,0.2,1.0,0.8,14.176165803108809,2,1.74552
Robin Lopez,2011,22,C,PHO,67,14.8,0.501,,0.74,6.4,3.2,0.1,0.3,0.7,0.7,16.2,3,1.86732
Robin Lopez,2012,23,C,PHO,64,14.0,0.461,,0.714,5.4,3.3,0.3,0.3,0.9,0.7,15.089142857142859,4,2.862602
Robin Lopez,2013,24,C,NOH,82,26.0,0.534,,0.778,11.3,5.6,0.8,0.4,1.6,1.3,15.50769230769231,5,4.899293
Robin Lopez,2014,25,C,POR,82,31.7,0.551,0.0,0.818,11.1,8.5,0.9,0.3,1.7,1.0,11.606309148264986,6,5.904261
Robin Lopez,2015,26,C,POR,59,27.8,0.535,0.0,0.772,9.6,6.7,0.9,0.3,1.4,1.2,12.390215827338128,7,6.124729
Robin Lopez,2016,27,C,NYK,82,27.1,0.539,0.0,0.795,10.3,7.3,1.4,0.2,1.6,1.6,14.05461254612546,8,12.65
Robin Lopez,2017,28,C,CHI,81,28.0,0.493,0.0,0.721,10.4,6.4,1.0,0.2,1.4,1.1,14.492571428571429,9,13.21925
Robin Lopez,2018,29,C,CHI,64,26.4,0.53,0.286,0.756,11.8,4.5,1.9,0.2,0.8,1.7,16.93090909090909,10,14.35775
Robin Lopez,2019,30,C,CHI,74,21.7,0.568,0.226,0.724,9.5,3.9,1.2,0.1,1.1,1.3,15.342304147465441,11,14.35775
Robin Lopez,2020,31,C,MIL,66,14.5,0.492,0.333,0.528,5.4,2.4,0.7,0.2,0.7,1.0,14.529103448275864,12,4.767
Robin Lopez,2021,32,C,WAS,71,19.1,0.633,0.278,0.723,9.0,3.8,0.8,0.2,0.6,1.1,14.957905759162305,13,8.896447
Robin Lopez,2022,33,C,ORL,36,17.0,0.553,0.333,0.593,7.1,3.5,1.5,0.1,0.5,1.2,15.585882352941178,14,5.781737
Robin Lopez,2023,34,C,CLE,37,8.1,0.64,0.5,0.778,3.0,1.4,0.5,0.1,0.2,0.7,12.97777777777778,15,3.081038
Robin Lopez,2024,35,C,MIL,16,4.1,0.368,0.25,1.0,1.1,0.3,0.3,0.1,0.2,0.1,11.8009756097561,16,3.291427
Rodions Kurucs,2019,20,SF,BRK,63,20.5,0.45,0.315,0.783,8.5,3.9,0.8,0.7,0.4,1.2,15.734634146341461,1,1.61832
Rodions Kurucs,2020,21,PF,BRK,47,14.6,0.446,0.367,0.632,4.6,2.9,1.1,0.5,0.1,1.0,12.703561643835616,2,1.699236
Rodions Kurucs,2021,22,SF-PF,MIL,21,6.0,0.344,0.286,0.75,1.5,1.1,0.5,0.4,0.2,0.6,13.128,3,2.169456
Rodney Carney,2010,25,SG,PHI,68,12.6,0.401,0.304,0.825,4.7,2.0,0.5,0.4,0.3,0.3,13.702857142857141,6,0.825497
Rodney Hood,2015,22,SG,UTA,50,21.3,0.414,0.365,0.763,8.7,2.3,1.7,0.6,0.2,0.9,15.387042253521127,3,1.29036
Rodney Hood,2016,23,SG,UTA,79,32.2,0.42,0.359,0.86,14.5,3.4,2.7,0.9,0.2,1.6,16.770186335403725,4,1.34844
Rodney Hood,2017,24,SG,UTA,59,27.0,0.408,0.371,0.783,12.7,3.4,1.6,0.6,0.2,1.1,17.648,5,1.40652
Rodney Hood,2019,26,SG,POR,72,26.3,0.435,0.356,0.884,11.2,2.2,1.8,0.8,0.2,0.8,15.150114068441066,7,3.472887
Rodney Hood,2020,27,SF,POR,21,29.5,0.506,0.493,0.778,11.0,3.4,1.5,0.8,0.2,0.9,11.803118644067794,8,5.718
Rodney Hood,2021,28,SF,TOR,55,17.1,0.362,0.301,0.857,4.5,1.9,1.0,0.4,0.1,0.7,11.83157894736842,9,12.244741
Rodney Hood,2022,29,SF-SG,LAC,52,13.6,0.369,0.33,0.895,3.1,1.5,0.7,0.3,0.1,0.2,8.936470588235295,10,2.589691
Rodney McGruder,2017,25,SG,MIA,78,25.2,0.413,0.332,0.62,6.4,3.3,1.6,0.6,0.2,0.7,9.994285714285715,6,0.543471
Rodney McGruder,2018,26,SG,MIA,18,16.6,0.493,0.429,0.5,5.1,1.8,0.9,0.4,0.2,0.2,9.706987951807228,7,1.544951
Rodney McGruder,2019,27,SG,MIA,66,23.5,0.403,0.351,0.722,7.6,3.6,1.7,0.5,0.2,1.0,12.996765957446808,8,1.544951
Rodney McGruder,2020,28,SG,LAC,56,15.6,0.398,0.27,0.559,3.3,2.7,0.6,0.5,0.1,0.4,8.916923076923078,9,4.807693
Rodney McGruder,2021,29,SG,DET,16,12.1,0.529,0.458,0.75,5.7,1.4,1.0,0.5,0.1,0.4,14.935537190082647,10,6.32782
Rodney McGruder,2022,30,SG,DET,51,14.8,0.436,0.397,0.731,5.4,2.2,0.9,0.4,0.1,0.5,12.454054054054053,11,2.242562
Rodney McGruder,2023,31,SG,DET,32,16.4,0.408,0.423,0.818,5.7,2.3,0.9,0.5,0.0,0.3,11.871219512195122,12,2.43695
Rodney Purvis,2018,23,SG,ORL,16,18.1,0.327,0.25,0.867,6.0,1.7,1.1,0.2,0.2,0.6,15.30696132596685,4,1.378242
Rodney Stuckey,2010,23,PG,DET,73,34.2,0.405,0.228,0.833,16.6,3.8,4.8,1.4,0.2,2.2,20.58526315789473,4,1.80504
Rodney Stuckey,2011,24,PG,DET,70,31.2,0.439,0.289,0.866,15.5,3.1,5.2,1.1,0.1,2.2,18.895384615384618,5,2.767126
Rodney Stuckey,2012,25,SG,DET,55,29.9,0.429,0.317,0.834,14.8,2.6,3.8,0.8,0.2,1.9,18.484013377926424,6,8.5
Rodney Stuckey,2013,26,SG,DET,76,28.6,0.406,0.302,0.783,11.5,2.8,3.6,0.7,0.2,1.8,16.595244755244757,7,8.5
Rodney Stuckey,2014,27,SG,DET,73,26.7,0.436,0.273,0.836,13.9,2.3,2.1,0.7,0.1,1.7,20.440449438202247,8,8.5
Rodney Stuckey,2015,28,PG,IND,71,26.4,0.44,0.39,0.819,12.6,3.5,3.1,0.8,0.1,1.7,18.572727272727274,9,0.915243
Rodney Stuckey,2016,29,PG,IND,58,22.0,0.413,0.241,0.829,8.9,2.7,2.4,0.7,0.1,1.3,16.507636363636365,10,7.0
Rodney Stuckey,2017,30,PG,IND,39,17.8,0.373,0.317,0.748,7.2,2.2,2.2,0.4,0.0,1.4,17.97573033707865,11,7.0
Rodrigue Beaubois,2010,21,PG,DAL,56,12.5,0.518,0.409,0.808,7.1,1.4,1.3,0.5,0.2,1.0,19.28448,2,1.07544
Rodrigue Beaubois,2011,22,PG,DAL,28,17.7,0.422,0.301,0.767,8.4,1.9,2.3,0.7,0.3,1.7,20.71322033898305,3,1.15608
Rodrigue Beaubois,2012,23,PG,DAL,53,21.7,0.422,0.288,0.841,8.9,2.8,2.9,1.1,0.5,1.3,17.041105990783414,4,1.23672
Rodrigue Beaubois,2013,24,PG,DAL,45,12.2,0.369,0.292,0.789,4.0,1.3,1.9,0.4,0.1,0.7,14.612459016393442,5,2.227333
Romeo Langford,2020,20,SG,BOS,32,11.6,0.35,0.185,0.72,2.5,1.3,0.4,0.3,0.3,0.3,9.782068965517242,1,3.4584
Romeo Langford,2021,21,SG,BOS,18,15.7,0.356,0.278,0.75,3.1,1.9,0.7,0.3,0.3,0.6,9.648917197452228,2,4.425312
Romeo Langford,2022,22,SG,SAS,48,16.1,0.435,0.341,0.548,4.5,2.3,0.4,0.5,0.3,0.3,10.500372670807451,3,4.399162
Romeo Langford,2023,23,SG,SAS,43,19.6,0.467,0.262,0.696,6.9,2.7,1.2,0.6,0.3,0.7,13.356734693877552,4,5.973935
Ron Baker,2018,24,SG,NYK,29,13.3,0.339,0.333,0.769,2.4,1.0,1.6,0.9,0.2,0.6,8.109473684210526,5,4.544
Ron Baker,2019,25,SG,NYK,15,10.1,0.2,0.077,0.833,0.9,0.7,1.0,0.4,0.1,0.3,6.330297029702971,6,0.94858
Ron Holland,2025,19,SF,DET,81,15.6,0.474,0.238,0.754,6.4,2.7,1.0,0.6,0.2,0.9,15.36923076923077,1,8.24532
Ronald Murray,2010,30,SG,CHI,75,22.3,0.392,0.312,0.727,9.9,2.4,1.8,0.6,0.2,1.2,18.474618834080715,11,1.99
Rondae Hollis-Jefferson,2016,21,SF,BRK,29,21.2,0.457,0.286,0.712,5.8,5.3,1.5,1.3,0.6,0.9,11.024150943396226,2,1.33548
Rondae Hollis-Jefferson,2017,22,SF,BRK,78,22.6,0.434,0.224,0.751,8.7,5.8,2.0,1.1,0.6,1.5,15.623362831858405,3,1.3956
Rondae Hollis-Jefferson,2018,23,SF,BRK,68,28.2,0.472,0.241,0.788,13.9,6.8,2.5,1.0,0.7,1.8,18.413617021276597,4,2.470357
Rondae Hollis-Jefferson,2019,24,SF,BRK,59,20.9,0.411,0.184,0.645,8.9,5.3,1.6,0.7,0.5,1.2,18.713110047846893,5,2.470357
Rondae Hollis-Jefferson,2020,25,PF,TOR,60,18.7,0.471,0.13,0.734,7.0,4.7,1.8,0.8,0.4,1.0,14.54631016042781,6,2.5
Rondae Hollis-Jefferson,2021,26,PF,POR,11,9.7,0.5,0.0,0.563,2.5,2.4,1.2,0.2,0.4,0.2,9.129896907216498,7,0.612949
Ronnie Brewer,2010,24,SG,MEM,58,30.0,0.487,0.258,0.639,8.8,3.2,2.7,1.6,0.3,0.9,11.1744,5,2.717161
Ronnie Brewer,2011,25,SG,CHI,81,22.0,0.48,0.222,0.654,6.2,3.2,1.7,1.3,0.3,0.7,10.970181818181818,6,4.79
Ronnie Brewer,2012,26,SG,CHI,66,24.8,0.427,0.275,0.56,6.9,3.5,2.1,1.1,0.3,0.9,11.990322580645161,7,4.71
Ronnie Brewer,2013,27,SF,OKC,60,14.2,0.354,0.303,0.41,3.0,2.3,0.8,0.7,0.1,0.3,9.907605633802817,8,0.854389
Ronnie Brewer,2014,28,SF,CHI,24,6.7,0.2,0.125,0.0,0.3,0.6,0.4,0.3,0.0,0.1,3.997611940298507,9,0.069792
Ronnie Price,2010,26,PG,UTA,60,13.4,0.405,0.286,0.695,4.3,1.2,2.1,0.7,0.2,0.9,14.34626865671642,7,1.25
Ronnie Price,2011,27,SG,UTA,59,12.2,0.352,0.29,0.744,3.3,1.0,0.9,0.7,0.1,0.9,14.187540983606558,8,1.38125
Ronnie Price,2012,28,PG,PHO,36,14.4,0.377,0.295,0.8,3.6,1.6,1.9,0.9,0.1,1.3,13.02,9,0.854389
Ronnie Price,2013,29,PG,POR,39,13.1,0.325,0.256,0.708,2.7,1.1,1.9,0.7,0.1,0.9,11.717862595419849,10,1.146337
Ronnie Price,2015,31,PG,LAL,43,22.8,0.345,0.284,0.8,5.1,1.6,3.8,1.6,0.1,1.2,10.8,12,0.915243
Ronnie Price,2016,32,PG,PHO,62,19.5,0.384,0.347,0.756,5.3,1.6,2.4,1.2,0.2,1.1,11.645538461538461,13,0.947276
Ronnie Price,2017,33,PG,PHO,14,9.6,0.167,0.176,0.75,1.0,0.8,1.3,0.8,0.1,0.2,7.62,14,0.276828
Ronny Turiaf,2010,27,C,GSW,42,20.8,0.582,0.0,0.474,4.9,4.5,2.1,0.5,1.3,1.2,9.581538461538463,8,4.14
Ronny Turiaf,2011,28,C,NYK,64,17.8,0.632,,0.622,4.2,3.2,1.4,0.5,1.1,0.6,7.604494382022472,9,4.0
Ronny Turiaf,2012,29,C,MIA,17,16.4,0.576,0.0,0.591,3.0,4.1,0.6,0.8,1.0,0.8,7.182439024390245,10,0.319128
Ronny Turiaf,2014,31,C,MIN,31,19.5,0.598,,0.42,4.8,5.6,0.8,0.3,1.6,0.8,9.238153846153844,12,1.5
Ronny Turiaf,2015,32,C,MIN,2,9.5,,,,0.0,0.5,1.0,0.0,0.0,0.0,0.0,13,1.5
Roy Hibbert,2010,23,C,IND,81,25.1,0.495,0.5,0.754,11.7,5.7,2.0,0.4,1.6,1.8,18.261035856573702,4,1.57536
Roy Hibbert,2011,24,C,IND,81,27.7,0.461,0.0,0.745,12.7,7.5,2.0,0.4,1.8,2.3,19.229458483754513,5,1.68528
Roy Hibbert,2012,25,C,IND,65,29.8,0.497,0.0,0.711,12.8,8.8,1.7,0.5,2.0,2.0,16.825771812080536,6,2.58859
Roy Hibbert,2013,26,C,IND,79,28.7,0.448,0.25,0.741,11.9,8.3,1.4,0.5,2.6,2.1,17.85198606271777,7,13.66875
Roy Hibbert,2014,27,C,IND,81,29.7,0.439,0.4,0.77,10.8,6.6,1.1,0.4,2.2,1.8,15.214545454545457,8,14.283844
Roy Hibbert,2015,28,C,IND,76,25.3,0.446,0.0,0.824,10.6,7.1,1.1,0.2,1.6,1.4,16.915731225296444,9,14.898938
Roy Hibbert,2016,29,C,LAL,81,23.2,0.443,0.0,0.807,5.9,4.9,1.2,0.4,1.4,0.9,10.539310344827587,10,15.592217
Roy Hibbert,2017,30,C,DEN,48,14.2,0.544,,0.813,4.6,3.2,0.4,0.2,1.0,0.7,11.418591549295776,11,5.0
Royal Ivey,2010,28,SG,MIL,44,7.4,0.422,0.4,0.75,2.1,0.8,0.6,0.4,0.0,0.3,11.344864864864864,9,1.05
Royal Ivey,2011,29,SG,OKC,25,6.2,0.421,0.438,1.0,1.6,0.6,0.3,0.2,0.0,0.2,10.126451612903224,10,1.2
Royal Ivey,2012,30,SG,OKC,34,10.4,0.356,0.34,0.125,2.1,0.7,0.3,0.4,0.0,0.3,8.612307692307692,11,1.2
Royal Ivey,2013,31,SG,PHI,53,13.2,0.431,0.42,0.563,3.2,1.1,0.6,0.4,0.1,0.4,8.814545454545454,12,0.854389
Royce O'Neale,2018,24,SF,UTA,69,16.7,0.423,0.356,0.803,5.0,3.4,1.4,0.5,0.2,0.8,11.60622754491018,5,0.815615
Royce O'Neale,2019,25,SF,UTA,82,20.4,0.475,0.386,0.762,5.2,3.5,1.5,0.7,0.3,0.9,9.388235294117647,6,1.378242
Royce O'Neale,2020,26,SF,UTA,71,28.9,0.433,0.377,0.764,6.3,5.5,2.5,0.8,0.5,0.9,7.912525951557095,7,1.61852
Royce O'Neale,2021,27,SF,UTA,71,31.6,0.444,0.385,0.848,7.0,6.8,2.5,0.8,0.5,1.2,7.933670886075949,8,10.358877
Royce O'Neale,2022,28,SF,UTA,77,31.2,0.457,0.389,0.804,7.4,4.8,2.5,1.1,0.4,1.0,8.20153846153846,9,10.175858
Royce O'Neale,2023,29,SF,BRK,76,31.7,0.386,0.389,0.725,8.8,5.1,3.7,0.9,0.6,1.5,11.011230283911672,10,9.754649
Royce O'Neale,2024,30,SF,PHO,79,24.7,0.397,0.37,0.686,7.7,4.8,2.8,0.7,0.6,0.9,11.47919028340081,11,9.782282
Royce O'Neale,2025,31,SF,PHO,75,24.5,0.423,0.406,0.731,9.1,4.7,2.2,0.9,0.5,0.9,12.683755102040816,12,9.375
Rudy Fernandez,2010,24,SG,POR,62,23.2,0.378,0.368,0.867,8.1,2.6,2.0,1.0,0.2,1.2,13.506206896551722,5,1.16532
Rudy Fernandez,2011,25,SG,POR,78,23.3,0.37,0.321,0.863,8.6,2.2,2.5,1.1,0.2,1.1,14.424721030042917,6,1.24668
Rudy Fernandez,2012,26,SG,DEN,31,22.9,0.44,0.328,0.698,8.6,2.1,2.4,1.0,0.1,1.3,14.488034934497815,7,2.180443
Rudy Gay,2010,23,SF,MEM,80,39.7,0.466,0.327,0.753,19.6,5.9,1.9,1.5,0.8,2.1,18.49874055415617,4,3.280997
Rudy Gay,2011,24,SF,MEM,54,39.9,0.471,0.396,0.805,19.8,6.2,2.8,1.7,1.1,2.5,18.56842105263158,5,13.60375
Rudy Gay,2012,25,SF,MEM,65,37.3,0.455,0.312,0.791,19.0,6.4,2.3,1.5,0.8,2.5,19.93994638069705,6,15.032144
Rudy Gay,2013,26,SF,TOR,75,35.8,0.416,0.323,0.814,18.2,6.1,2.7,1.5,0.7,2.6,21.133407821229053,7,16.460538
Rudy Gay,2014,27,SF,SAC,73,34.7,0.455,0.33,0.822,20.0,6.0,2.9,1.3,0.8,3.1,22.44242074927954,8,17.888932
Rudy Gay,2015,28,SF,SAC,68,35.4,0.455,0.359,0.858,21.1,5.9,3.7,1.0,0.6,2.7,22.018983050847456,9,19.317326
Rudy Gay,2016,29,SF,SAC,70,34.0,0.463,0.344,0.78,17.2,6.5,1.7,1.4,0.7,2.0,19.04188235294118,10,12.403101
Rudy Gay,2017,30,SF,SAC,30,33.8,0.455,0.372,0.855,18.7,6.3,2.8,1.5,0.9,2.5,20.47526627218935,11,13.333333
Rudy Gay,2018,31,PF,SAS,57,21.6,0.471,0.314,0.772,11.5,5.1,1.3,0.8,0.7,1.4,19.833333333333332,12,8.406
Rudy Gay,2019,32,PF,SAS,69,26.7,0.504,0.402,0.816,13.7,6.8,2.6,0.8,0.5,1.7,18.09977528089888,13,10.0872
Rudy Gay,2020,33,PF,SAS,67,21.8,0.446,0.336,0.882,10.8,5.4,1.7,0.5,0.5,1.3,18.29724770642202,14,14.5
Rudy Gay,2021,34,PF,SAS,63,21.6,0.42,0.381,0.804,11.4,4.8,1.4,0.7,0.6,1.0,19.506666666666668,15,17.671026
Rudy Gay,2022,35,PF,UTA,55,18.9,0.414,0.345,0.785,8.1,4.4,1.0,0.5,0.3,0.9,16.030476190476193,16,6.810886
Rudy Gay,2023,36,PF,UTA,56,14.6,0.38,0.254,0.857,5.2,2.9,1.0,0.3,0.3,0.7,15.277808219178082,17,6.557351
Rudy Gobert,2014,21,C,UTA,45,9.6,0.486,,0.492,2.3,3.4,0.2,0.2,0.9,0.7,10.935000000000002,2,1.0788
Rudy Gobert,2015,22,C,UTA,82,26.3,0.604,0.0,0.623,8.4,9.5,1.3,0.8,2.3,1.4,11.021749049429657,3,1.1274
Rudy Gobert,2016,23,C,UTA,61,31.7,0.559,,0.569,9.1,11.0,1.5,0.7,2.2,1.9,11.043028391167192,4,1.17588
Rudy Gobert,2017,24,C,UTA,81,33.9,0.661,0.0,0.653,14.0,12.8,1.2,0.6,2.6,1.8,12.845309734513275,5,2.121288
Rudy Gobert,2018,25,C,UTA,56,32.4,0.622,,0.682,13.5,10.7,1.4,0.8,2.3,1.9,13.48,6,21.924719
Rudy Gobert,2019,26,C,UTA,81,31.8,0.669,,0.636,15.9,12.9,2.0,0.8,2.3,1.6,14.961509433962267,7,23.241573
Rudy Gobert,2020,27,C,UTA,68,34.3,0.693,,0.63,15.1,13.5,1.5,0.8,2.0,1.9,13.32524781341108,8,23.241573
Rudy Gobert,2021,28,C,UTA,71,30.8,0.675,0.0,0.623,14.3,13.5,1.3,0.6,2.7,1.7,14.297142857142855,9,33.544824
Rudy Gobert,2022,29,C,UTA,66,32.1,0.713,0.0,0.69,15.6,14.7,1.1,0.7,2.1,1.8,13.960373831775701,10,40.870904
Rudy Gobert,2023,30,C,MIN,70,30.7,0.659,0.0,0.644,13.4,11.6,1.2,0.8,1.4,1.7,13.66827361563518,11,40.473752
Rudy Gobert,2024,31,C,MIN,76,34.1,0.661,0.0,0.638,14.0,12.9,1.3,0.7,2.1,1.6,12.609501466275658,12,42.218272
Rudy Gobert,2025,32,C,MIN,72,33.2,0.669,,0.674,12.0,10.9,1.8,0.8,1.4,1.2,10.81301204819277,13,43.827586
Rui Hachimura,2020,21,PF,WAS,48,30.1,0.466,0.287,0.829,13.5,6.1,1.8,0.8,0.2,1.1,16.47627906976744,2,4.46916
Rui Hachimura,2021,22,PF,WAS,57,31.5,0.478,0.328,0.77,13.8,5.5,1.4,0.8,0.1,1.2,15.807999999999998,3,5.719123
Rui Hachimura,2022,23,PF,WAS,42,22.5,0.491,0.447,0.697,11.3,3.8,1.1,0.5,0.2,0.8,16.9664,4,5.684789
Rui Hachimura,2023,24,PF,LAL,63,23.3,0.486,0.319,0.739,11.2,4.5,0.9,0.3,0.4,0.8,16.896824034334767,5,6.640783
Rui Hachimura,2024,25,PF,LAL,68,26.9,0.537,0.422,0.739,13.6,4.3,1.2,0.6,0.4,0.7,15.363568773234203,6,16.20846
Rui Hachimura,2025,26,PF,LAL,59,31.7,0.509,0.413,0.77,13.1,5.0,1.4,0.8,0.4,0.8,12.987255520504736,7,17.0
Russ Smith,2015,23,PG,MEM,12,5.4,0.32,0.182,0.923,2.5,0.5,0.7,0.3,0.0,1.0,23.89333333333333,4,0.507336
Russ Smith,2016,24,PG,MEM,15,4.4,0.318,0.2,0.615,1.5,0.6,0.7,0.3,0.1,0.5,19.60363636363636,5,0.845059
Russell Westbrook,2010,21,PG,OKC,82,34.3,0.418,0.221,0.78,16.1,4.9,8.0,1.3,0.4,3.3,20.61760932944607,2,3.75564
Russell Westbrook,2011,22,PG,OKC,82,34.7,0.442,0.33,0.842,21.9,4.6,8.2,1.9,0.4,3.9,25.197925072046107,3,4.01772
Russell Westbrook,2012,23,PG,OKC,66,35.3,0.457,0.316,0.823,23.6,4.6,5.5,1.7,0.3,3.6,26.079093484419264,4,5.082416
Russell Westbrook,2013,24,PG,OKC,82,34.9,0.438,0.323,0.8,23.2,5.2,7.4,1.8,0.3,3.3,25.870487106017197,5,14.693906
Russell Westbrook,2014,25,PG,OKC,46,30.7,0.437,0.318,0.826,21.8,5.7,6.9,1.9,0.2,3.8,27.92755700325733,6,14.693906
Russell Westbrook,2015,26,PG,OKC,67,34.4,0.426,0.299,0.835,28.1,7.3,8.6,2.1,0.2,4.4,32.140465116279074,7,15.719062
Russell Westbrook,2016,27,PG,OKC,80,34.4,0.454,0.296,0.812,23.5,7.8,10.4,2.0,0.3,4.3,26.757209302325585,8,16.744218
Russell Westbrook,2017,28,PG,OKC,81,34.6,0.425,0.343,0.845,31.6,10.7,10.4,1.6,0.4,5.4,35.3507514450867,9,26.5401
Russell Westbrook,2018,29,PG,OKC,80,36.4,0.449,0.298,0.737,25.4,10.1,10.3,1.8,0.3,4.8,28.705054945054947,10,28.530608
Russell Westbrook,2019,30,PG,OKC,73,36.0,0.428,0.29,0.656,22.9,11.1,10.7,1.9,0.5,4.5,27.428,11,35.65415
Russell Westbrook,2020,31,PG,HOU,57,35.9,0.472,0.258,0.763,27.2,7.9,7.0,1.6,0.4,4.5,30.03142061281337,12,38.506482
Russell Westbrook,2021,32,PG,WAS,65,36.4,0.439,0.315,0.656,22.2,11.5,11.7,1.4,0.4,4.8,26.32351648351648,13,50.403633
Russell Westbrook,2022,33,PG,LAL,78,34.3,0.444,0.298,0.667,18.5,7.4,7.1,1.0,0.3,3.8,22.9266472303207,14,51.123449
Russell Westbrook,2023,34,PG,LAC,73,29.1,0.436,0.311,0.656,15.9,5.8,7.5,1.0,0.5,3.5,23.49525773195876,15,49.918548
Russell Westbrook,2024,35,PG,LAC,68,22.5,0.454,0.273,0.688,11.1,5.0,4.5,1.1,0.3,2.1,20.7296,16,3.949713
Russell Westbrook,2025,36,PG,DEN,75,27.9,0.449,0.323,0.661,13.3,4.9,6.1,1.4,0.5,3.2,20.211612903225806,17,5.631296
Ryan Anderson,2010,21,PF,ORL,63,14.5,0.436,0.37,0.866,7.7,3.2,0.6,0.4,0.2,0.9,19.047724137931034,2,1.31712
Ryan Anderson,2011,22,PF,ORL,64,22.3,0.43,0.393,0.812,10.6,5.5,0.8,0.5,0.6,0.8,15.807713004484304,3,1.40904
Ryan Anderson,2012,23,PF,ORL,61,32.2,0.439,0.393,0.877,16.1,7.7,0.9,0.8,0.4,0.9,16.24695652173913,4,2.244601
Ryan Anderson,2013,24,PF,NOH,81,30.9,0.423,0.382,0.844,16.2,6.4,1.2,0.5,0.4,1.2,18.60349514563107,5,8.7
Ryan Anderson,2014,25,PF,NOP,22,36.1,0.438,0.409,0.952,19.8,6.5,0.8,0.5,0.3,0.9,18.181495844875347,6,8.3085
Ryan Anderson,2016,27,PF,NOP,66,30.4,0.427,0.366,0.873,17.0,6.0,1.1,0.6,0.4,1.4,20.178947368421053,8,8.5
Ryan Anderson,2017,28,PF,HOU,72,29.4,0.418,0.403,0.86,13.6,4.6,0.9,0.4,0.2,0.8,15.213061224489797,9,18.735364
Ryan Anderson,2018,29,PF,HOU,66,26.1,0.431,0.386,0.774,9.3,5.0,0.9,0.4,0.3,0.6,11.746206896551724,10,19.578455
Ryan Anderson,2019,30,PF,MIA,25,12.9,0.304,0.225,0.75,2.5,2.2,0.8,0.2,0.0,0.6,10.225116279069766,11,20.421546
Ryan Anderson,2020,31,C,HOU,2,7.0,0.286,0.2,,2.5,3.5,1.0,0.5,0.0,0.5,20.571428571428573,12,1.620564
Ryan Arcidiacono,2020,25,PG,CHI,58,16.0,0.409,0.391,0.711,4.5,1.9,1.7,0.5,0.1,0.6,10.592999999999998,6,3.0
Ryan Arcidiacono,2021,26,PG,CHI,44,10.2,0.419,0.373,0.65,3.1,1.5,1.3,0.2,0.0,0.2,11.011764705882356,7,3.656074
Ryan Arcidiacono,2023,28,PG,POR,20,8.6,0.243,0.348,0.0,1.3,0.8,1.2,0.3,0.0,0.4,9.627906976744185,9,1.946784
Ryan Arcidiacono,2024,29,PG,NYK,20,2.3,0.0,0.0,0.0,0.0,0.4,0.2,0.1,0.0,0.1,6.260869565217392,10,2.603356
Ryan Bowen,2010,34,SF,OKC,1,8.0,1.0,,1.0,4.0,2.0,0.0,1.0,0.0,0.0,8.459999999999999,15,0.825497
Ryan Broekhoff,2019,28,SG,DAL,42,10.8,0.452,0.409,0.789,4.0,1.5,0.5,0.1,0.1,0.4,12.066666666666665,9,0.838464
Ryan Broekhoff,2020,29,SF,DAL,17,10.6,0.373,0.392,0.875,4.2,2.5,0.6,0.3,0.2,0.4,13.992452830188679,10,1.416852
Ryan Dunn,2025,22,SF,PHO,74,19.1,0.43,0.311,0.487,6.9,3.6,0.8,0.6,0.5,0.5,13.419895287958115,3,2.5308
Ryan Gomes,2010,27,SF,MIN,76,29.1,0.447,0.372,0.825,10.9,4.6,1.6,0.8,0.2,1.3,14.409896907216494,8,3.8925
Ryan Gomes,2011,28,SF,LAC,76,27.6,0.41,0.341,0.718,7.2,3.3,1.6,0.8,0.2,0.7,10.15304347826087,9,4.0
Ryan Gomes,2012,29,SF,LAC,32,13.3,0.326,0.138,0.727,2.3,1.9,0.4,0.5,0.0,0.5,9.830977443609022,10,4.0
Ryan Hollins,2010,25,C,MIN,73,16.8,0.558,0.0,0.69,6.1,2.8,0.7,0.3,0.5,1.3,13.86,6,2.183333
Ryan Hollins,2011,26,C,CLE,70,16.9,0.598,,0.681,5.3,2.7,0.4,0.3,0.6,1.0,10.889467455621304,7,2.333333
Ryan Hollins,2012,27,C,BOS,39,13.4,0.548,,0.52,3.4,2.1,0.2,0.1,0.4,0.9,10.574328358208955,8,0.248048
Ryan Hollins,2013,28,C,LAC,60,11.1,0.614,,0.75,3.4,2.3,0.2,0.1,0.6,0.7,10.572972972972972,9,0.884293
Ryan Hollins,2014,29,PF,LAC,61,7.9,0.736,,0.625,2.3,1.5,0.1,0.1,0.5,0.5,9.551392405063291,10,0.884293
Ryan Hollins,2015,30,C,SAC,46,9.6,0.646,,0.574,3.0,2.2,0.3,0.1,0.4,0.5,10.605,11,0.915243
Ryan Hollins,2016,31,C,MEM,37,12.4,0.62,,0.619,3.4,2.6,0.3,0.2,0.6,0.6,9.243870967741936,12,0.239605
Ryan Kelly,2014,22,PF,LAL,59,22.2,0.423,0.338,0.815,8.0,3.7,1.6,0.5,0.8,0.8,13.154594594594593,3,0.49018
Ryan Kelly,2015,23,PF,LAL,52,23.7,0.337,0.336,0.832,6.4,2.8,1.8,0.6,0.5,0.7,11.228354430379747,4,1.65
Ryan Kelly,2016,24,PF,LAL,36,13.1,0.369,0.135,0.685,4.2,3.4,0.6,0.4,0.3,0.5,14.454961832061068,5,1.72425
Ryan Kelly,2017,25,PF,ATL,16,6.9,0.286,0.4,0.833,1.6,1.1,0.5,0.3,0.3,0.3,11.87478260869565,6,0.286785
Ryan Reid,2012,25,PF,OKC,5,3.4,0.8,,,1.6,0.4,0.0,0.0,0.0,0.2,12.705882352941176,6,0.475
Ryan Rollins,2023,20,PG,GSW,12,5.2,0.35,0.333,1.0,1.9,1.0,0.5,0.1,0.1,1.3,22.292307692307688,1,1.07914
Ryan Rollins,2024,21,PG,MIL,13,6.0,0.519,0.75,0.765,3.4,1.0,1.1,0.8,0.2,0.6,19.632,2,1.949854
Ryan Rollins,2025,22,PG,MIL,56,14.6,0.487,0.408,0.8,6.2,1.9,1.9,0.8,0.3,0.9,14.922739726027398,3,1.091887
Saben Lee,2021,21,PG,DET,48,16.3,0.471,0.348,0.685,5.6,2.0,3.6,0.7,0.3,1.1,13.99361963190184,2,0.629863
Saben Lee,2022,22,PG,DET,37,16.3,0.39,0.233,0.789,5.6,2.4,2.9,1.0,0.3,1.0,14.656196319018406,3,1.721876
Saben Lee,2023,23,PG,PHO,25,14.9,0.405,0.367,0.737,6.0,1.8,2.7,0.8,0.0,1.0,16.458523489932883,4,2.403289
Saben Lee,2024,24,PG,PHO,24,7.7,0.364,0.125,0.744,3.0,1.3,1.3,0.3,0.1,0.3,15.447272727272725,5,0.576415
Saddiq Bey,2021,21,SF,DET,70,27.3,0.404,0.38,0.844,12.2,4.5,1.4,0.7,0.2,0.9,15.46021978021978,2,3.278182
Saddiq Bey,2022,22,SF,DET,82,33.0,0.396,0.346,0.827,16.1,5.4,2.8,0.9,0.2,1.2,17.960727272727276,3,3.265895
Saddiq Bey,2023,23,SF,ATL,77,27.6,0.422,0.361,0.861,13.8,4.7,1.5,0.9,0.2,0.9,17.170434782608698,4,3.137477
Saddiq Bey,2024,24,SF,ATL,63,32.7,0.416,0.316,0.837,13.7,6.5,1.5,0.8,0.2,0.9,14.761100917431191,5,4.692389
Salah Mejri,2016,29,C,DAL,34,11.7,0.628,0.0,0.587,3.7,3.6,0.3,0.2,1.1,0.7,11.126153846153846,10,0.525093
Salah Mejri,2017,30,C,DAL,73,12.4,0.642,0.333,0.59,2.9,4.2,0.2,0.4,0.8,0.5,7.989677419354837,11,0.874636
Salah Mejri,2018,31,C,DAL,61,12.0,0.642,0.0,0.576,3.5,4.0,0.6,0.4,1.1,0.6,9.852,12,1.471382
Salah Mejri,2019,32,C,DAL,36,11.1,0.491,0.324,0.625,3.9,3.6,1.0,0.3,0.7,0.6,13.284324324324327,13,0.512746
Sam Dekker,2016,21,PF,HOU,3,2.0,,,,0.0,0.3,0.0,0.3,0.0,0.0,0.0,2,1.6464
Sam Dekker,2017,22,PF,HOU,77,18.4,0.473,0.321,0.559,6.5,3.7,1.0,0.5,0.3,0.5,12.709565217391305,3,1.72056
Sam Dekker,2018,23,PF,LAC,73,12.1,0.494,0.167,0.661,4.2,2.4,0.5,0.3,0.1,0.5,12.948099173553722,4,1.7946
Sam Dekker,2019,24,PF,WAS,47,16.8,0.469,0.306,0.609,6.1,3.1,1.0,0.8,0.1,0.5,13.585714285714287,5,2.760095
Sam Dekker,2022,27,PF,TOR,1,1.0,,,,0.0,0.0,0.0,0.0,0.0,0.0,0.0,8,0.404721
Sam Hauser,2022,24,SF,BOS,26,6.1,0.46,0.432,,2.5,1.1,0.4,0.0,0.1,0.1,11.80327868852459,5,0.716354
Sam Hauser,2023,25,PF,BOS,80,16.1,0.455,0.418,0.706,6.4,2.6,0.9,0.4,0.3,0.4,12.271304347826087,6,1.736715
Sam Hauser,2024,26,SF,BOS,79,22.0,0.446,0.424,0.895,9.0,3.5,1.0,0.5,0.3,0.4,12.416727272727274,7,1.985181
Sam Hauser,2025,27,PF,BOS,71,21.7,0.451,0.416,1.0,8.5,3.2,0.9,0.6,0.2,0.3,11.75889400921659,8,2.092344
Sam Merrill,2021,24,SG,MIL,30,7.8,0.444,0.447,1.0,3.0,1.0,0.7,0.3,0.0,0.3,12.664615384615384,5,1.094762
Sam Merrill,2022,25,SG,MEM,6,9.7,0.333,0.304,0.5,4.2,1.2,0.7,0.0,0.0,0.3,17.10185567010309,6,1.755313
Sam Merrill,2023,26,SG,CLE,5,11.8,0.409,0.278,1.0,5.0,1.8,1.0,0.8,0.0,0.0,13.960677966101695,7,1.172171
Sam Merrill,2024,27,SG,CLE,61,17.5,0.402,0.404,0.929,8.0,2.0,1.8,0.3,0.1,0.3,14.23542857142857,8,2.056583
Sam Merrill,2025,28,SG,CLE,71,19.7,0.406,0.372,0.966,7.2,2.2,1.5,0.7,0.2,0.5,12.199796954314722,9,2.164993
Sam Young,2010,24,SF,MEM,80,16.5,0.451,0.196,0.777,7.4,2.5,0.7,0.4,0.3,1.2,18.257454545454546,5,0.8242
Sam Young,2011,25,SF,MEM,78,20.2,0.472,0.34,0.767,7.3,2.4,0.9,0.9,0.3,0.8,13.829702970297031,6,0.886
Sam Young,2012,26,SF,PHI,35,10.7,0.354,0.294,0.731,3.3,1.8,0.4,0.5,0.2,0.5,14.830654205607477,7,1.18475
Sam Young,2013,27,SG,IND,56,12.4,0.392,0.308,0.535,2.8,2.2,0.8,0.3,0.1,0.6,10.31225806451613,8,0.402065
Samardo Samuels,2011,22,PF,CLE,37,18.9,0.456,0.0,0.618,7.8,4.3,0.5,0.4,0.5,1.4,17.561904761904763,3,0.5
Samardo Samuels,2012,23,C,CLE,54,15.3,0.455,,0.701,5.4,3.3,0.4,0.4,0.4,1.0,14.748235294117647,4,0.762195
Samardo Samuels,2013,24,C,CLE,18,10.9,0.367,0.0,0.583,3.2,1.6,0.4,0.2,0.2,0.3,13.779082568807336,5,0.854389
Samuel Dalembert,2010,28,C,PHI,82,25.9,0.545,,0.729,8.1,9.6,0.8,0.5,1.8,1.5,11.959227799227799,9,12.025694
Samuel Dalembert,2011,29,C,SAC,80,24.2,0.473,0.0,0.73,8.1,8.2,0.8,0.5,1.5,1.7,14.334545454545454,10,13.428129
Samuel Dalembert,2012,30,C,HOU,65,22.2,0.506,0.0,0.796,7.5,7.0,0.5,0.6,1.7,1.3,13.212972972972972,11,7.0
Samuel Dalembert,2013,31,C,MIL,47,16.3,0.542,1.0,0.691,6.7,5.9,0.4,0.4,1.1,1.1,15.52196319018405,12,6.698565
Samuel Dalembert,2014,32,C,DAL,80,20.2,0.568,0.0,0.737,6.6,6.8,0.5,0.5,1.2,1.1,11.669702970297031,13,3.700748
Samuel Dalembert,2015,33,C,NYK,32,17.0,0.438,,0.7,4.0,5.3,0.9,0.4,1.3,1.2,11.782588235294117,14,4.051527
Sandro Mamukelashvili,2022,22,PF,MIL,41,9.9,0.496,0.423,0.818,3.8,2.0,0.5,0.2,0.2,0.4,12.436363636363636,3,0.534959
Sandro Mamukelashvili,2023,23,C,SAS,43,15.3,0.422,0.303,0.684,6.1,4.3,1.4,0.3,0.3,0.8,15.698823529411763,4,1.1834
Sandro Mamukelashvili,2024,24,C,SAS,46,9.8,0.471,0.297,0.735,4.1,3.2,1.1,0.2,0.3,0.4,15.090612244897956,5,2.079719
Sandro Mamukelashvili,2025,25,PF,SAS,61,11.2,0.502,0.373,0.741,6.3,3.1,0.8,0.4,0.3,0.4,17.485714285714288,6,2.087519
Santi Aldama,2025,24,PF,MEM,65,25.5,0.483,0.368,0.691,12.5,6.4,2.9,0.8,0.4,1.1,16.540235294117647,5,3.960531
Sasha Kaun,2016,30,C,CLE,25,3.8,0.529,,0.455,0.9,1.0,0.1,0.2,0.2,0.3,11.141052631578948,11,1.276
Sasha Pavlovic,2010,26,SF,MIN,71,12.4,0.363,0.297,0.385,3.7,1.6,0.8,0.3,0.1,0.7,14.736774193548388,7,1.5
Sasha Pavlovic,2011,27,SG-SF,BOS,31,11.7,0.403,0.387,0.6,2.5,1.0,0.5,0.3,0.2,0.4,8.713846153846154,8,0.211084
Sasha Pavlovic,2012,28,SF,BOS,45,11.7,0.391,0.293,0.375,2.7,1.6,0.4,0.4,0.3,0.4,10.116923076923078,9,0.854389
Sasha Pavlovic,2013,29,SG,POR,39,13.5,0.353,0.3,0.167,2.6,1.4,0.8,0.6,0.1,0.4,9.568,10,1.232713
Sasha Vezenkov,2024,28,PF,SAC,42,12.2,0.44,0.375,0.8,5.4,2.3,0.5,0.5,0.2,0.3,14.68327868852459,9,6.529894
Sasha Vujacic,2010,25,SG,LAL,67,8.6,0.402,0.309,0.848,2.8,1.2,0.6,0.3,0.1,0.3,12.22325581395349,6,5.0
Sasha Vujacic,2011,26,SG,NJN,67,24.6,0.402,0.37,0.844,9.8,2.8,2.0,0.8,0.1,1.0,15.389268292682926,7,5.475113
Sasha Vujacic,2016,31,SG,NYK,61,14.9,0.383,0.364,0.821,4.9,2.4,1.4,0.6,0.1,0.7,13.201610738255035,12,0.947276
Sasha Vujacic,2017,32,SG,NYK,42,9.7,0.309,0.311,0.708,3.0,1.4,1.2,0.3,0.0,0.4,14.340618556701033,13,0.980431
Scoot Henderson,2024,19,PG,POR,62,28.5,0.385,0.325,0.819,14.0,3.1,5.4,0.8,0.2,3.4,22.423578947368423,1,10.061236
Scoot Henderson,2025,20,PG,POR,66,26.7,0.419,0.354,0.767,12.7,3.0,5.1,1.0,0.2,2.7,19.502022471910117,1,10.25916
Scott Machado,2013,22,PG,HOU,6,3.5,0.5,0.0,1.0,1.3,0.2,1.0,0.3,0.0,1.3,25.01485714285715,3,0.473604
Scottie Barnes,2022,20,PF,TOR,74,35.4,0.492,0.301,0.735,15.3,7.5,3.5,1.1,0.7,1.8,15.941694915254239,1,8.418672
Scottie Barnes,2023,21,PF,TOR,77,34.8,0.456,0.281,0.772,15.3,6.6,4.8,1.1,0.8,2.0,17.18068965517241,2,8.105477
Scottie Barnes,2024,22,SG,TOR,60,34.9,0.475,0.341,0.781,19.9,8.2,6.1,1.3,1.5,2.8,20.989340974212034,3,8.246649
Scottie Barnes,2025,23,PF,TOR,65,32.8,0.446,0.271,0.755,19.3,7.7,5.8,1.4,1.0,2.8,23.294634146341465,4,10.13098
Scottie Lewis,2022,21,SG,CHO,2,3.5,,,0.5,0.5,0.0,0.5,0.5,0.0,0.0,4.525714285714286,2,0.534959
Scotty Hopson,2014,24,SG,CLE,2,3.5,0.0,0.0,0.5,0.5,0.0,0.5,0.5,0.0,0.0,25.09714285714286,5,1.3884
Scotty Hopson,2022,32,SG,OKC,1,18.0,0.5,0.0,,4.0,1.0,1.0,0.0,0.0,2.0,12.0,13,0.110928
Scotty Pippen Jr.,2025,24,PG,MEM,79,21.3,0.48,0.397,0.713,9.9,3.3,4.4,1.3,0.4,1.7,17.185352112676057,5,2.087519
Sean Kilpatrick,2016,26,SG,BRK,31,19.9,0.456,0.342,0.896,11.1,1.8,0.9,0.4,0.1,1.0,19.29889447236181,7,0.134215
Sean Kilpatrick,2017,27,SG,BRK,70,25.1,0.415,0.341,0.843,13.1,4.0,2.2,0.6,0.1,1.9,19.993625498007965,8,0.980431
Sean Kilpatrick,2018,28,SG,CHI,52,12.3,0.374,0.319,0.889,6.3,1.7,0.9,0.3,0.1,0.7,20.53463414634146,9,2.054856
Sean Marks,2010,34,C,NOH,14,5.4,0.5,,0.4,0.7,1.6,0.1,0.0,0.2,0.1,5.84,15,0.825497
Sean Marks,2011,35,C,POR,29,7.2,0.432,1.0,0.625,1.6,1.4,0.1,0.1,0.2,0.4,10.16,16,0.799105
Sean May,2010,25,C,SAC,37,8.9,0.459,0.0,0.656,3.3,1.9,0.5,0.3,0.2,0.5,15.759101123595505,6,0.825479
Sean McDermott,2021,24,SF,MEM,18,8.8,0.394,0.227,1.0,2.2,1.1,0.2,0.1,0.2,0.2,8.901818181818182,5,0.547332
Sean Williams,2010,23,PF,NJN,20,11.4,0.429,0.0,0.526,2.6,2.3,0.1,0.4,1.0,1.0,12.442105263157895,4,1.62912
Sean Williams,2012,25,C,BOS,11,9.7,0.636,,0.923,3.6,2.3,0.5,0.4,0.7,0.9,12.722474226804124,6,0.049966
Sebastian Telfair,2010,24,PG,CLE,43,15.3,0.413,0.232,0.784,4.8,1.0,2.9,0.6,0.1,1.2,14.814117647058824,5,2.5
Sebastian Telfair,2011,25,PG,MIN,37,19.2,0.402,0.359,0.733,7.2,1.5,3.0,0.7,0.1,1.7,16.695,6,2.7
Sebastian Telfair,2012,26,PG,PHO,60,14.9,0.412,0.314,0.791,6.1,1.5,2.3,0.7,0.2,1.1,17.598926174496647,7,1.5675
Sebastian Telfair,2013,27,PG,TOR,59,16.6,0.362,0.353,0.783,5.6,1.4,2.6,0.6,0.2,1.1,14.807710843373492,8,1.5675
Sebastian Telfair,2015,29,PG,OKC,16,20.4,0.368,0.3,0.706,8.4,1.9,2.8,0.6,0.0,1.1,17.336470588235294,10,0.915243
Sekou Doumbouya,2020,19,PF,DET,38,19.8,0.39,0.286,0.674,6.4,3.1,0.5,0.5,0.2,0.9,13.86909090909091,1,3.28512
Sekou Doumbouya,2021,20,PF,DET,56,15.5,0.379,0.226,0.703,5.1,2.6,0.8,0.4,0.2,0.8,14.595096774193548,1,4.203754
Sekou Doumbouya,2022,21,PF,LAL,2,8.0,0.625,0.5,0.75,7.0,3.0,0.0,1.5,1.0,1.0,26.46,2,4.393114
Semaj Christon,2017,24,PG,OKC,64,15.2,0.345,0.19,0.548,2.9,1.4,2.0,0.4,0.1,0.7,10.46842105263158,5,0.543471
Semi Ojeleye,2018,23,PF,BOS,73,15.8,0.346,0.32,0.61,2.7,2.2,0.3,0.3,0.1,0.3,7.209113924050633,4,1.291892
Semi Ojeleye,2019,24,PF,BOS,56,10.6,0.424,0.315,0.615,3.3,1.5,0.4,0.2,0.1,0.3,11.574339622641508,5,1.378242
Semi Ojeleye,2020,25,PF,BOS,69,14.7,0.408,0.378,0.875,3.4,2.1,0.5,0.3,0.1,0.3,8.130612244897959,6,1.61852
Semi Ojeleye,2021,26,PF,BOS,56,17.0,0.403,0.367,0.75,4.6,2.6,0.7,0.3,0.0,0.4,9.664941176470588,7,2.136305
Semi Ojeleye,2022,27,PF,LAC,30,13.5,0.303,0.3,0.793,3.3,2.5,0.3,0.2,0.2,0.3,10.773333333333333,8,2.069001
Semih Erden,2011,24,C,CLE,41,14.5,0.559,,0.65,4.0,2.9,0.5,0.4,0.6,0.8,10.328275862068965,5,0.473604
Semih Erden,2012,25,C,CLE,28,11.9,0.527,,0.512,3.5,2.6,0.3,0.4,0.2,0.6,11.677310924369749,6,0.762195
Serge Ibaka,2010,20,PF,OKC,73,18.1,0.543,0.5,0.63,6.3,5.4,0.1,0.3,1.3,0.9,13.071381215469613,1,1.1202
Serge Ibaka,2011,21,PF,OKC,82,27.0,0.543,0.0,0.75,9.9,7.6,0.3,0.4,2.4,0.9,12.490666666666666,2,1.2042
Serge Ibaka,2012,22,PF,OKC,66,27.2,0.535,0.333,0.661,9.1,7.5,0.4,0.5,3.7,1.2,12.430588235294117,3,1.2882
Serge Ibaka,2013,23,PF,OKC,80,31.1,0.573,0.351,0.749,13.2,7.7,0.5,0.4,3.0,1.6,14.302765273311895,4,12.35
Serge Ibaka,2014,24,PF,OKC,81,32.9,0.536,0.383,0.784,15.1,8.8,1.0,0.5,2.7,1.5,16.085106382978722,5,12.35
Serge Ibaka,2015,25,PF,OKC,64,33.1,0.476,0.376,0.836,14.3,7.8,0.9,0.5,2.4,1.5,15.822598187311176,6,12.35
Serge Ibaka,2016,26,PF,OKC,78,32.1,0.479,0.326,0.752,12.6,6.8,0.8,0.5,1.9,1.4,14.808224299065422,7,12.25
Serge Ibaka,2017,27,PF,TOR,79,30.7,0.48,0.391,0.856,14.8,6.8,0.9,0.5,1.6,1.3,16.89068403908795,8,12.25
Serge Ibaka,2018,28,PF,TOR,76,27.5,0.483,0.36,0.797,12.6,6.3,0.8,0.4,1.3,1.2,15.976145454545456,9,21.666667
Serge Ibaka,2019,29,C,TOR,74,27.2,0.529,0.29,0.763,15.0,8.1,1.3,0.4,1.4,1.5,19.132941176470588,10,21.666667
Serge Ibaka,2020,30,C,TOR,55,27.0,0.512,0.385,0.718,15.4,8.2,1.4,0.5,0.8,2.0,20.282666666666664,11,23.271604
Serge Ibaka,2021,31,C,LAC,41,23.3,0.51,0.339,0.811,11.1,6.7,1.8,0.2,1.1,1.1,16.33442060085837,12,11.282645
Serge Ibaka,2022,32,C-PF,MIL,54,16.2,0.5,0.374,0.727,6.8,4.6,0.9,0.2,0.6,0.8,14.782222222222224,13,11.240738
Serge Ibaka,2023,33,C,MIL,16,11.6,0.481,0.333,0.615,4.1,2.8,0.3,0.1,0.4,0.7,13.81655172413793,14,3.081038
Sergey Karasev,2014,20,SF,CLE,22,7.1,0.343,0.211,0.9,1.7,0.7,0.3,0.1,0.0,0.5,11.763380281690143,1,1.46784
Sergey Karasev,2015,21,SG,BRK,33,16.8,0.403,0.296,0.763,4.6,2.0,1.4,0.7,0.0,0.7,11.417142857142858,2,1.53384
Sergey Karasev,2016,22,SF,BRK,40,10.0,0.405,0.297,0.929,2.4,1.5,0.9,0.2,0.1,0.6,10.108799999999999,3,1.59984
Sergio Rodriguez,2010,23,PG,NYK,66,15.9,0.476,0.352,0.731,6.6,1.3,3.2,0.8,0.1,1.7,17.24377358490566,4,1.576696
Sergio Rodriguez,2017,30,PG,PHI,68,22.3,0.392,0.365,0.667,7.8,2.3,5.1,0.7,0.1,1.9,16.1047533632287,11,8.0
Seth Curry,2015,24,PG,PHO,2,4.0,0.0,0.0,,0.0,1.0,0.5,0.0,0.0,0.0,13.5,5,0.048028
Seth Curry,2016,25,PG,SAC,44,15.7,0.455,0.45,0.833,6.8,1.4,1.5,0.5,0.1,0.8,14.73936305732484,6,0.947276
Seth Curry,2017,26,PG,DAL,70,29.0,0.481,0.425,0.85,12.8,2.6,2.7,1.1,0.1,1.3,14.792275862068966,7,2.898
Seth Curry,2019,28,SG,POR,74,18.9,0.456,0.45,0.846,7.9,1.6,0.9,0.5,0.2,0.8,14.110476190476192,9,2.795
Seth Curry,2020,29,SG,DAL,64,24.6,0.495,0.452,0.825,12.4,2.3,1.9,0.6,0.1,1.0,15.599999999999998,10,7.46138
Seth Curry,2021,30,SG,PHI,57,28.7,0.467,0.45,0.896,12.5,2.4,2.7,0.8,0.1,1.1,14.319721254355398,11,9.547776
Seth Curry,2022,31,SG,BRK,64,33.4,0.487,0.422,0.872,15.0,3.1,3.6,0.8,0.2,1.7,14.938922155688623,12,9.490743
Seth Curry,2023,32,SG,BRK,61,19.9,0.463,0.405,0.927,9.2,1.6,1.6,0.6,0.1,0.8,15.550552763819097,13,9.008899
Seth Curry,2024,33,SG,CHO,44,14.0,0.392,0.352,0.903,5.1,1.5,1.0,0.5,0.1,0.5,13.906285714285714,14,4.118855
Seth Curry,2025,34,SG,CHO,68,15.6,0.478,0.456,0.846,6.5,1.7,0.9,0.4,0.1,0.5,13.301538461538463,15,2.087519
Seth Lundy,2024,23,SF,ATL,9,5.8,0.235,0.231,0.75,1.6,0.8,0.0,0.0,0.0,0.1,13.506206896551726,4,0.576415
Shabazz Muhammad,2014,21,SG,MIN,37,7.8,0.46,0.273,0.65,3.9,1.4,0.2,0.2,0.0,0.4,19.77230769230769,2,1.88712
Shabazz Muhammad,2015,22,SG,MIN,38,22.8,0.489,0.392,0.717,13.5,4.1,1.2,0.5,0.2,0.9,20.482105263157898,3,1.97196
Shabazz Muhammad,2016,23,SF,MIN,82,20.5,0.465,0.289,0.764,10.5,3.3,0.6,0.3,0.1,0.9,18.474146341463417,4,2.05692
Shabazz Muhammad,2017,24,SF,MIN,78,19.4,0.482,0.338,0.774,9.9,2.8,0.4,0.3,0.1,0.7,17.54721649484536,5,3.046299
Shabazz Napier,2015,23,PG,MIA,51,19.8,0.382,0.364,0.786,5.1,2.2,2.5,0.8,0.1,1.6,11.97090909090909,4,1.23864
Shabazz Napier,2016,24,PG,ORL,55,10.9,0.338,0.327,0.733,3.7,1.0,1.8,0.4,0.0,0.8,16.02495412844037,5,1.29444
Shabazz Napier,2017,25,PG,POR,53,9.7,0.399,0.37,0.776,4.1,1.2,1.3,0.6,0.0,0.8,17.428453608247423,6,1.35012
Shabazz Napier,2018,26,PG,POR,74,20.7,0.42,0.376,0.841,8.7,2.3,2.0,1.1,0.2,1.2,16.062608695652173,7,2.36136
Shabazz Napier,2019,27,PG,BRK,56,17.6,0.389,0.333,0.833,9.4,1.8,2.6,0.7,0.3,1.2,20.659090909090907,8,1.942422
Shabazz Napier,2020,28,PG,WAS,56,24.0,0.412,0.317,0.824,10.3,2.8,4.7,1.2,0.2,2.3,17.382,9,1.845301
Shaedon Sharpe,2023,19,SG,POR,80,22.2,0.472,0.36,0.714,9.9,3.0,1.2,0.5,0.3,1.0,15.684324324324326,1,6.375469
Shaedon Sharpe,2024,20,SG,POR,32,33.1,0.406,0.333,0.824,15.9,5.0,2.9,0.9,0.4,2.3,19.063685800604226,1,6.501408
Shaedon Sharpe,2025,21,SG,POR,72,31.3,0.452,0.311,0.785,18.5,4.5,2.8,0.9,0.2,2.1,21.73341853035144,2,6.61416
Shai Gilgeous-Alexander,2019,20,PG,LAC,82,26.5,0.476,0.367,0.8,10.8,2.8,3.3,1.2,0.5,1.7,15.562867924528302,1,3.37536
Shai Gilgeous-Alexander,2020,21,SG,OKC,70,34.7,0.471,0.347,0.807,19.0,5.9,3.3,1.1,0.7,1.9,19.342478386167144,2,3.95292
Shai Gilgeous-Alexander,2021,22,SG,OKC,35,33.7,0.508,0.418,0.808,23.7,4.7,5.9,0.8,0.7,3.0,23.458753709198813,3,5.046991
Shai Gilgeous-Alexander,2022,23,PG,OKC,56,34.7,0.453,0.3,0.81,24.5,5.0,5.9,1.3,0.8,2.8,25.695907780979827,4,6.354744
Shai Gilgeous-Alexander,2023,24,PG,OKC,68,35.5,0.51,0.345,0.905,31.4,4.8,5.5,1.6,1.0,2.8,28.288901408450705,5,32.777478
Shai Gilgeous-Alexander,2024,25,PG,OKC,75,34.0,0.535,0.353,0.874,30.1,5.5,6.2,2.0,0.9,2.2,27.34729411764706,6,34.378905
Shai Gilgeous-Alexander,2025,26,PG,OKC,76,34.2,0.519,0.375,0.898,32.7,5.0,6.4,1.7,1.0,2.4,29.549473684210522,7,35.85995
Shake Milton,2020,23,SG,PHI,40,20.1,0.484,0.43,0.785,9.4,2.2,2.6,0.5,0.2,1.2,15.768358208955224,4,1.455697
Shake Milton,2021,24,SG,PHI,63,23.2,0.45,0.35,0.83,13.0,2.3,3.1,0.6,0.3,1.6,20.842758620689654,5,2.073716
Shake Milton,2022,25,PG,PHI,55,21.4,0.429,0.323,0.836,8.2,2.6,2.5,0.5,0.3,0.8,14.588411214953272,6,2.13547
Shake Milton,2023,26,SG,PHI,76,20.6,0.479,0.378,0.853,8.4,2.5,3.2,0.3,0.2,1.2,14.784466019417472,7,2.118156
Shake Milton,2024,27,SG,NYK,48,12.1,0.405,0.281,0.816,4.5,1.6,1.3,0.4,0.1,0.6,15.292561983471074,8,5.717936
Shake Milton,2025,28,SG,LAL,57,14.7,0.453,0.358,0.797,5.5,1.8,1.8,0.4,0.1,0.7,13.812244897959186,9,2.875
Shane Battier,2010,31,SG,HOU,67,32.4,0.398,0.362,0.726,8.0,4.7,2.4,0.8,1.1,1.0,9.337777777777777,12,6.9392
Shane Battier,2011,32,SF,MEM,82,29.0,0.45,0.382,0.688,7.6,4.5,2.3,0.8,1.0,1.0,9.538758620689656,13,7.3545
Shane Battier,2012,33,SF,MIA,65,23.1,0.387,0.339,0.622,4.8,2.4,1.3,1.0,0.5,0.6,8.359480519480519,14,3.135
Shane Battier,2013,34,SF,MIA,72,24.8,0.42,0.43,0.842,6.6,2.3,1.0,0.6,0.8,0.5,8.303225806451612,15,3.27
Shane Battier,2014,35,SF,MIA,73,20.1,0.382,0.348,0.652,4.1,1.9,0.9,0.7,0.5,0.3,7.579701492537313,16,3.27
Shane Larkin,2014,21,PG,DAL,48,10.2,0.38,0.316,0.64,2.8,0.9,1.5,0.5,0.0,0.8,13.83529411764706,2,1.53696
Shane Larkin,2015,22,PG,NYK,76,24.5,0.433,0.302,0.782,6.2,2.3,3.0,1.2,0.1,1.1,10.638367346938775,3,1.60608
Shane Larkin,2016,23,PG,BRK,78,22.4,0.442,0.361,0.776,7.3,2.3,4.4,1.2,0.2,1.9,14.329285714285716,4,1.5
Shannon Brown,2010,24,SG,LAL,82,20.7,0.427,0.328,0.818,8.1,2.2,1.3,0.7,0.4,0.8,15.060869565217391,5,1.99
Shannon Brown,2011,25,SG,LAL,82,19.1,0.425,0.349,0.911,8.7,1.9,1.2,0.8,0.2,0.9,17.3930890052356,6,2.1492
Shannon Brown,2012,26,SG,PHO,59,23.7,0.42,0.362,0.808,11.0,2.7,1.2,0.7,0.3,1.1,18.14886075949367,7,3.5
Shannon Brown,2013,27,SG,PHO,59,23.8,0.42,0.277,0.784,10.5,2.5,1.8,1.0,0.3,1.3,18.036302521008402,8,3.5
Shannon Brown,2014,28,SG,NYK,29,8.7,0.364,0.0,0.714,2.2,1.0,0.3,0.4,0.0,0.6,13.274482758620689,9,0.188438
Shannon Brown,2015,29,SG,MIA,5,17.8,0.368,0.429,0.75,4.0,0.2,0.6,0.8,0.0,0.8,10.015280898876403,10,0.915243
Shaq Buchanan,2022,25,PG,MEM,2,5.0,0.25,0.0,,1.0,1.0,1.0,0.5,0.0,1.0,21.6,6,0.061489
Shaquille Harrison,2018,24,PG,PHO,23,16.7,0.476,0.231,0.737,6.6,2.7,2.4,1.1,0.3,1.0,15.408862275449104,5,0.175
Shaquille Harrison,2019,25,SG,CHI,73,19.6,0.432,0.27,0.667,6.5,3.0,1.9,1.2,0.4,0.8,13.496326530612246,6,1.311265
Shaquille Harrison,2020,26,SG,CHI,43,11.3,0.467,0.381,0.78,4.9,2.0,1.1,0.8,0.4,0.4,15.062654867256636,7,1.620564
Shaquille Harrison,2021,27,SG,DEN,34,9.8,0.333,0.188,0.818,2.1,1.4,0.7,0.5,0.1,0.3,10.520816326530612,8,1.11516
Shaquille Harrison,2022,28,SG,BRK,2,11.5,0.333,0.0,,2.0,2.0,1.5,0.5,0.5,1.0,12.521739130434783,9,0.356724
Shaquille Harrison,2023,29,SG,POR,5,24.0,0.417,0.3,0.733,8.8,4.4,6.0,2.2,0.4,1.2,14.579999999999998,10,0.142992
Shaquille Harrison,2024,30,SG,MEM,3,2.0,0.5,0.0,0.0,0.7,0.7,0.0,0.0,0.3,0.0,12.6,11,0.149618
Shaquille O'Neal,2010,37,C,CLE,53,23.4,0.566,0.0,0.496,12.0,6.7,1.5,0.3,1.2,2.0,19.372307692307693,18,21.0
Shaquille O'Neal,2011,38,C,BOS,37,20.3,0.667,,0.557,9.2,4.8,0.7,0.4,1.1,1.5,14.967487684729065,19,1.352181
Sharife Cooper,2022,20,PG,ATL,13,3.0,0.214,0.167,,0.5,0.4,0.4,0.0,0.0,0.4,18.0,1,0.534959
Shaun Livingston,2010,24,PG,WAS,36,22.1,0.517,0.0,0.875,6.9,2.2,3.6,0.5,0.3,1.6,12.66027149321267,5,0.228226
Shaun Livingston,2011,25,PG,CHA,73,17.3,0.466,0.25,0.864,6.6,2.0,2.2,0.6,0.4,1.2,15.290635838150289,6,3.5
Shaun Livingston,2012,26,SG,MIL,58,18.8,0.469,0.667,0.785,5.5,2.1,2.1,0.5,0.3,1.1,12.28595744680851,7,3.5
Shaun Livingston,2013,27,PG,CLE,66,22.0,0.48,0.0,0.867,6.3,2.4,3.3,0.7,0.5,1.2,11.552727272727275,8,0.773976
Shaun Livingston,2014,28,PG,BRK,76,26.0,0.483,0.167,0.827,8.3,3.2,3.2,1.2,0.4,1.4,12.323076923076924,9,0.884293
Shaun Livingston,2015,29,PG,GSW,78,18.8,0.5,0.0,0.714,5.9,2.3,3.3,0.6,0.3,1.3,13.266382978723403,10,5.305
Shaun Livingston,2016,30,PG,GSW,78,19.5,0.536,0.167,0.86,6.3,2.2,3.0,0.7,0.3,1.0,11.867076923076924,11,5.543725
Shaun Livingston,2017,31,PG,GSW,76,17.7,0.547,0.333,0.7,5.1,2.0,1.8,0.5,0.3,0.8,10.885423728813562,12,5.78245
Shaun Livingston,2018,32,PG,GSW,71,15.9,0.501,0.0,0.82,5.5,1.8,2.0,0.5,0.3,0.8,13.575849056603772,13,7.692308
Shaun Livingston,2019,33,PG,GSW,64,15.1,0.519,0.0,0.784,4.0,1.8,1.8,0.5,0.4,0.6,10.137218543046359,14,8.307692
Shavlik Randolph,2010,26,PF,POR,6,8.8,0.333,,1.0,2.3,2.3,0.2,0.2,0.2,0.5,14.858181818181817,7,0.043703
Shavlik Randolph,2013,29,PF,BOS,16,12.4,0.583,,0.407,4.2,4.4,0.3,0.5,0.4,0.6,12.623225806451613,10,0.1635
Shavlik Randolph,2014,30,PF,PHO,14,6.8,0.5,,0.545,1.4,1.8,0.1,0.2,0.1,0.4,9.27529411764706,11,0.306037
Shavlik Randolph,2015,31,PF,BOS,21,6.0,0.257,0.0,0.5,1.1,1.8,0.2,0.2,0.1,0.1,12.384,12,1.227985
Shawn Long,2017,24,C,PHI,18,13.0,0.56,0.368,0.543,8.2,4.7,0.7,0.5,0.5,0.7,21.145846153846154,5,0.089513
Shawn Marion,2010,31,SF,DAL,75,31.8,0.508,0.158,0.755,12.0,6.4,1.4,0.9,0.8,1.3,14.191698113207549,12,6.635068
Shawn Marion,2011,32,SF,DAL,80,28.2,0.52,0.152,0.768,12.5,6.9,1.4,0.9,0.6,1.6,16.49872340425532,13,7.0555
Shawn Marion,2012,33,SF,DAL,63,30.5,0.446,0.294,0.796,10.6,7.4,2.1,1.1,0.6,1.6,14.824918032786886,14,8.022449
Shawn Marion,2013,34,PF,DAL,67,30.0,0.514,0.315,0.782,12.1,7.8,2.4,1.1,0.7,1.5,14.952000000000002,15,8.646364
Shawn Marion,2014,35,SF,DAL,76,31.7,0.482,0.358,0.785,10.4,6.5,1.6,1.2,0.5,1.3,12.487570977917985,16,9.316796
Shawn Marion,2015,36,SF,CLE,57,19.3,0.446,0.261,0.765,4.8,3.5,0.9,0.5,0.5,0.6,10.378445595854922,17,0.915243
Shawne Williams,2011,24,PF,NYK,64,20.7,0.426,0.401,0.837,7.1,3.7,0.7,0.6,0.8,0.7,12.264347826086958,5,0.854389
Shawne Williams,2012,25,SF,NJN,25,20.6,0.286,0.241,0.727,4.5,2.7,0.6,0.4,0.4,0.5,11.492038834951456,6,3.135
Shawne Williams,2015,28,SF,DET,63,17.3,0.403,0.36,0.875,5.4,2.6,0.7,0.4,0.3,0.5,11.578265895953757,9,1.227985
Shayne Whittington,2015,23,PF,IND,20,5.4,0.452,0.167,0.783,2.9,1.5,0.3,0.3,0.1,0.3,19.52,4,0.507336
Shayne Whittington,2016,24,PF,IND,7,5.9,0.455,0.0,0.5,1.6,1.7,0.4,0.1,0.1,0.7,14.839322033898307,5,0.845059
Shelden Williams,2010,26,PF,BOS,54,11.1,0.521,0.0,0.765,3.7,2.7,0.4,0.2,0.4,0.6,11.649729729729732,7,0.825497
Shelden Williams,2011,27,PF,NYK,59,15.4,0.468,,0.773,4.5,4.6,0.5,0.4,0.4,0.7,11.622857142857145,8,0.854389
Shelden Williams,2012,28,C,NJN,58,22.0,0.478,,0.731,4.6,6.0,0.6,0.8,0.7,1.1,8.823272727272725,9,0.854389
Sheldon Mac,2017,24,SG,WAS,30,9.6,0.4,0.233,0.852,3.0,1.1,0.5,0.3,0.1,0.2,11.610000000000001,5,0.543471
Shelvin Mack,2012,21,PG,WAS,64,12.2,0.4,0.286,0.712,3.6,1.4,2.0,0.4,0.0,0.8,13.561967213114757,2,0.473604
Shelvin Mack,2013,22,PG-SG,ATL,31,13.4,0.46,0.367,0.563,4.6,1.3,2.2,0.5,0.0,1.1,14.561194029850746,3,0.103121
Shelvin Mack,2014,23,PG,ATL,73,20.4,0.417,0.337,0.865,7.5,2.2,3.7,0.7,0.0,1.2,15.070588235294121,4,0.884293
Shelvin Mack,2015,24,PG,ATL,55,15.1,0.401,0.315,0.806,5.4,1.4,2.8,0.5,0.0,0.9,15.410860927152319,5,2.433333
Shelvin Mack,2016,25,PG,UTA,52,20.3,0.439,0.312,0.738,8.6,2.5,3.6,0.7,0.1,1.8,18.315665024630544,6,2.433333
Shelvin Mack,2017,26,PG,UTA,55,21.9,0.446,0.308,0.688,7.8,2.3,2.8,0.8,0.1,1.6,14.985205479452055,7,2.433334
Shelvin Mack,2018,27,PG,ORL,69,19.8,0.43,0.345,0.711,6.9,2.4,3.9,0.8,0.1,1.3,14.392727272727273,8,6.0
Shelvin Mack,2019,28,PG,CHO,57,21.9,0.404,0.354,0.69,7.5,1.8,3.2,0.8,0.1,1.2,14.72876712328767,9,1.512601
Sherron Collins,2011,23,PG,CHA,20,3.3,0.28,0.2,1.0,0.9,0.3,0.4,0.1,0.0,0.2,16.843636363636364,4,0.473604
Sidy Cissoko,2024,19,SF,SAS,12,11.8,0.485,0.083,0.8,3.8,1.8,0.8,0.6,0.3,0.3,11.202711864406778,1,1.152829
Sidy Cissoko,2025,20,SF,POR,22,5.2,0.433,0.231,0.333,1.5,1.0,0.7,0.1,0.0,0.5,14.37230769230769,1,1.891857
Sim Bhullar,2015,22,C,SAC,3,1.0,0.5,,,0.7,0.3,0.3,0.0,0.3,0.0,25.2,3,0.507336
Simone Fontecchio,2023,27,SF,UTA,52,14.7,0.369,0.33,0.795,6.3,1.7,0.8,0.3,0.2,0.8,17.515102040816327,8,3.398358
Simone Fontecchio,2024,28,SF,DET,66,24.9,0.46,0.401,0.818,10.5,3.7,1.5,0.7,0.3,1.0,14.081927710843374,9,3.135347
Simone Fontecchio,2025,29,SF,DET,75,16.5,0.402,0.335,0.833,5.9,2.9,0.9,0.4,0.2,0.7,13.492363636363637,10,7.692308
Sindarius Thornwell,2018,23,SG,LAC,73,15.8,0.429,0.377,0.67,3.9,1.9,0.9,0.7,0.3,0.7,10.089113924050631,4,0.815615
Sindarius Thornwell,2019,24,SG,LAC,64,4.9,0.347,0.2,0.735,1.0,0.7,0.3,0.2,0.1,0.3,9.69795918367347,5,1.378242
Sindarius Thornwell,2021,26,SG,ORL,21,10.3,0.326,0.304,0.5,2.0,0.9,1.0,0.6,0.1,0.3,9.353009708737865,7,1.506167
Skal Labissiere,2017,20,PF,SAC,33,18.5,0.537,0.375,0.703,8.8,4.9,0.8,0.5,0.4,1.1,16.86745945945946,1,1.18884
Skal Labissiere,2018,21,PF,SAC,60,20.7,0.448,0.353,0.805,8.7,4.8,1.2,0.4,0.8,1.2,16.834782608695654,2,1.312611
Skal Labissiere,2019,22,PF,POR,22,8.0,0.531,0.462,0.529,3.0,2.0,0.5,0.2,0.3,0.5,13.734,3,1.544951
Skal Labissiere,2020,23,C,POR,33,17.2,0.551,0.231,0.758,5.8,5.1,1.3,0.2,0.9,0.9,12.223255813953491,4,2.338847
Skal Labissiere,2025,28,PF,SAC,4,3.0,0.5,1.0,,1.3,0.8,0.3,0.0,0.0,0.0,12.0,9,0.119972
Skylar Mays,2021,23,SG,ATL,33,8.2,0.449,0.35,0.88,3.8,1.1,0.9,0.4,0.1,0.3,16.033170731707315,4,0.648609
Skylar Mays,2022,24,SG,ATL,28,7.9,0.5,0.32,0.889,2.9,0.9,0.6,0.3,0.0,0.4,12.905316455696202,5,0.590786
Skylar Mays,2023,25,SG,POR,6,31.5,0.5,0.462,0.923,15.3,3.2,8.3,1.0,0.2,1.7,15.963428571428572,6,0.123602
Skylar Mays,2024,26,PG-SG,LAL,38,11.4,0.396,0.296,0.765,4.1,1.1,2.2,0.6,0.1,0.5,15.397894736842105,7,1.199904
Solomon Alabi,2011,22,C,TOR,12,4.9,0.2,,0.0,0.5,1.2,0.2,0.2,0.2,0.3,12.401632653061226,3,0.67
Solomon Alabi,2012,23,C,TOR,14,8.7,0.361,,0.875,2.4,3.4,0.2,0.1,0.6,0.4,13.506206896551724,4,0.83
Solomon Hill,2014,22,SF,IND,28,8.1,0.425,0.304,0.857,1.7,1.5,0.4,0.2,0.1,0.5,9.031111111111112,3,1.24668
Solomon Hill,2015,23,SF,IND,82,29.0,0.396,0.327,0.824,8.9,3.8,2.2,0.8,0.2,1.4,12.60744827586207,4,1.30284
Solomon Hill,2016,24,SF,IND,59,14.7,0.447,0.324,0.857,4.2,2.8,1.0,0.6,0.2,0.6,10.795102040816326,5,1.35888
Solomon Hill,2017,25,SF,NOP,80,29.7,0.383,0.348,0.805,7.0,3.8,1.8,0.9,0.4,1.0,9.338181818181818,6,11.241218
Solomon Hill,2018,26,SF,NOP,12,15.6,0.268,0.19,0.5,2.4,3.0,1.8,0.6,0.1,0.8,10.200000000000001,7,12.236535
Solomon Hill,2019,27,SF,NOP,44,20.0,0.382,0.317,0.719,4.3,3.0,1.3,0.5,0.2,0.7,9.0144,8,12.252928
Solomon Hill,2020,28,PF,MIA,59,18.4,0.396,0.368,0.741,5.5,2.8,1.8,0.7,0.2,0.9,11.73130434782609,9,12.758781
Solomon Hill,2021,29,PF,ATL,71,21.3,0.359,0.321,0.761,4.5,3.0,1.1,0.7,0.2,0.6,8.55887323943662,10,2.649822
Solomon Hill,2022,30,PF,ATL,13,10.7,0.15,0.154,,0.6,1.8,0.9,0.3,0.2,0.1,5.3831775700934585,11,2.763255
Solomon Jones,2010,25,C,IND,52,13.0,0.443,0.0,0.718,4.0,2.8,0.6,0.3,0.7,0.8,13.336615384615385,6,1.62
Solomon Jones,2011,26,C,IND,39,13.5,0.405,0.0,0.661,3.6,2.9,0.8,0.3,0.6,0.9,12.544000000000002,7,1.5
Solomon Jones,2012,27,C-PF,NOH,21,13.9,0.393,,0.826,3.2,2.8,0.4,0.4,0.5,0.9,11.09525179856115,8,0.792377
Solomon Jones,2013,28,PF,NYK,2,13.0,0.0,,,0.0,1.5,0.0,0.0,0.5,1.5,5.538461538461538,9,0.792377
Sonny Weems,2010,23,SG,TOR,69,19.8,0.515,0.133,0.688,7.5,2.8,1.5,0.6,0.4,0.9,14.356363636363634,4,0.73642
Sonny Weems,2011,24,SF,TOR,59,23.9,0.444,0.279,0.766,9.2,2.6,1.8,0.6,0.0,1.5,16.424435146443514,5,0.854389
Sonny Weems,2016,29,SG-SF,PHI,43,11.6,0.382,0.366,0.533,2.5,1.2,1.1,0.2,0.0,1.0,11.582068965517243,10,2.814
Spencer Dinwiddie,2015,21,PG,DET,34,13.4,0.302,0.185,0.912,4.3,1.4,3.1,0.6,0.2,1.0,17.301492537313433,2,0.7
Spencer Dinwiddie,2016,22,PG,DET,12,13.3,0.352,0.1,0.576,4.8,1.4,1.8,0.3,0.0,0.6,17.13924812030075,3,0.845059
Spencer Dinwiddie,2017,23,PG,BRK,59,22.6,0.444,0.376,0.792,7.3,2.8,3.1,0.7,0.4,1.1,11.76849557522124,4,0.726672
Spencer Dinwiddie,2018,24,PG,BRK,80,28.8,0.387,0.326,0.813,12.6,3.2,6.6,0.9,0.3,1.6,16.995,5,1.656092
Spencer Dinwiddie,2019,25,PG,BRK,68,28.1,0.442,0.335,0.806,16.8,2.4,4.6,0.6,0.3,2.2,21.379644128113874,6,1.656092
Spencer Dinwiddie,2020,26,PG,BRK,64,31.2,0.415,0.308,0.778,20.6,3.5,6.8,0.6,0.3,2.7,25.13076923076923,7,10.6056
Spencer Dinwiddie,2021,27,SG,BRK,3,21.3,0.375,0.286,1.0,6.7,4.3,3.0,0.7,0.3,1.7,13.31830985915493,8,13.95895
Spencer Dinwiddie,2022,28,PG,DAL,67,29.6,0.416,0.339,0.774,13.7,4.2,5.2,0.7,0.2,1.6,17.357837837837838,9,22.334024
Spencer Dinwiddie,2023,29,PG,BRK,79,34.5,0.438,0.369,0.812,17.3,3.4,6.5,0.8,0.3,1.8,17.684869565217394,10,20.675616
Spencer Dinwiddie,2024,30,PG,LAL,76,28.3,0.392,0.337,0.805,10.5,2.7,4.7,0.7,0.3,1.2,13.779222614840988,11,21.018311
Spencer Dinwiddie,2025,31,PG,DAL,79,27.0,0.416,0.334,0.802,11.0,2.6,4.4,0.9,0.2,1.3,15.018666666666668,12,2.087519
Spencer Hawes,2010,21,C,SAC,72,26.4,0.468,0.299,0.689,10.0,6.1,2.2,0.4,1.2,1.8,16.03636363636364,2,2.3328
Spencer Hawes,2011,22,C,PHI,81,21.2,0.465,0.243,0.534,7.2,5.7,1.5,0.4,0.9,1.2,14.746415094339621,3,2.97432
Spencer Hawes,2012,23,C,PHI,37,24.9,0.489,0.25,0.727,9.6,7.3,2.6,0.4,1.3,1.5,15.556626506024099,4,4.051024
Spencer Hawes,2013,24,C,PHI,82,27.2,0.464,0.356,0.777,11.0,7.2,2.2,0.3,1.4,1.6,16.327058823529413,5,6.5
Spencer Hawes,2014,25,C,CLE,80,30.9,0.456,0.416,0.783,13.2,8.3,3.0,0.6,1.2,2.2,16.352621359223303,6,6.5
Spencer Hawes,2015,26,PF,LAC,73,17.5,0.393,0.313,0.647,5.8,3.5,1.2,0.3,0.7,0.8,14.186057142857143,7,5.305
Spencer Hawes,2016,27,PF,CHO,57,18.2,0.405,0.373,0.831,6.0,4.3,1.9,0.4,0.5,1.0,13.616703296703298,8,6.110034
Spencer Hawes,2017,28,PF,MIL,54,14.8,0.484,0.309,0.846,6.2,3.5,1.5,0.3,0.6,0.9,15.664864864864864,9,6.348759
Stanley Johnson,2016,19,SF,DET,73,23.1,0.375,0.307,0.784,8.1,4.2,1.6,0.8,0.2,1.6,16.23272727272727,1,2.84196
Stanley Johnson,2017,20,SF,DET,77,17.8,0.353,0.292,0.679,4.4,2.5,1.4,0.7,0.3,0.9,11.94876404494382,1,2.96988
Stanley Johnson,2018,21,SF,DET,69,27.4,0.375,0.286,0.772,8.7,3.7,1.6,1.4,0.2,1.1,13.301605839416057,2,3.940402
Stanley Johnson,2019,22,SF,NOP,66,18.3,0.389,0.288,0.781,6.9,3.3,1.3,0.9,0.2,1.2,16.40655737704918,3,3.940402
Stanley Johnson,2020,23,PF,TOR,25,6.0,0.373,0.292,0.563,2.4,1.5,0.8,0.2,0.2,0.6,19.584,4,3.623
Stanley Johnson,2021,24,PF,TOR,61,16.5,0.382,0.328,0.8,4.4,2.5,1.5,0.9,0.3,0.9,11.118545454545455,5,4.636085
Stanley Johnson,2022,25,PF,LAL,48,22.8,0.466,0.314,0.716,6.7,3.2,1.7,0.9,0.3,0.7,10.357894736842105,6,1.583036
Stanley Johnson,2023,26,SF,SAS,30,15.6,0.533,0.45,0.667,5.8,3.2,2.2,0.5,0.2,1.1,13.32,7,4.264651
Stanley Umude,2023,23,SG,DET,1,2.0,0.0,0.0,1.0,2.0,0.0,0.0,1.0,1.0,0.0,33.839999999999996,4,0.062019
Stanley Umude,2024,24,SG,DET,24,12.8,0.44,0.453,0.906,5.3,2.1,0.5,0.3,0.3,0.6,13.139999999999997,5,1.130875
Stanton Kidd,2020,27,SG,UTA,4,3.8,0.0,0.0,,0.0,0.8,0.3,0.0,0.0,0.5,12.315789473684212,8,0.89831
Stephen Curry,2010,21,PG,GSW,80,36.2,0.462,0.437,0.885,17.5,4.5,5.9,1.9,0.2,3.0,18.29834254143646,2,2.71056
Stephen Curry,2011,22,PG,GSW,74,33.6,0.48,0.442,0.934,18.6,3.9,5.8,1.5,0.3,3.1,19.997142857142855,3,2.91384
Stephen Curry,2012,23,PG,GSW,26,28.2,0.49,0.455,0.809,14.7,3.4,5.3,1.5,0.3,2.5,18.755744680851066,4,3.11712
Stephen Curry,2013,24,PG,GSW,78,38.2,0.451,0.453,0.9,22.9,4.0,6.9,1.6,0.2,3.1,21.230575916230364,5,3.958742
Stephen Curry,2014,25,PG,GSW,78,36.5,0.471,0.424,0.885,24.0,4.3,8.5,1.6,0.2,3.8,23.158356164383562,6,9.887642
Stephen Curry,2015,26,PG,GSW,80,32.7,0.487,0.443,0.914,23.8,4.3,7.7,2.0,0.2,3.1,23.94275229357798,7,10.629213
Stephen Curry,2016,27,PG,GSW,79,34.2,0.504,0.454,0.908,30.1,5.4,6.7,2.1,0.2,3.3,27.09894736842105,8,11.370786
Stephen Curry,2017,28,PG,GSW,79,33.4,0.468,0.411,0.898,25.3,4.5,6.6,1.8,0.2,3.0,25.139640718562877,9,12.112359
Stephen Curry,2018,29,PG,GSW,51,32.0,0.495,0.423,0.921,26.4,5.1,6.1,1.6,0.2,3.0,25.308,10,37.457154
Stephen Curry,2019,30,PG,GSW,69,33.8,0.472,0.437,0.916,27.3,5.3,5.2,1.3,0.4,2.8,25.613254437869823,11,37.457154
Stephen Curry,2020,31,PG,GSW,5,27.8,0.402,0.245,1.0,20.8,5.2,6.6,1.0,0.4,3.2,28.344172661870502,12,40.231758
Stephen Curry,2021,32,PG,GSW,63,34.2,0.482,0.421,0.916,32.0,5.5,5.8,1.2,0.1,3.4,29.338947368421046,13,52.411485
Stephen Curry,2022,33,PG,GSW,64,34.5,0.437,0.38,0.923,25.5,5.2,6.3,1.3,0.4,3.2,25.427478260869567,14,52.938707
Stephen Curry,2023,34,PG,GSW,56,34.7,0.493,0.427,0.915,29.4,6.1,6.3,0.9,0.4,3.2,26.559077809798268,15,50.968059
Stephen Curry,2024,35,PG,GSW,74,32.7,0.45,0.408,0.923,26.4,4.5,5.1,0.7,0.4,2.8,26.68183486238532,16,53.458234
Stephen Curry,2025,36,PG,GSW,70,32.2,0.448,0.397,0.933,24.5,4.4,6.0,1.1,0.4,2.9,25.48173913043478,17,55.761216
Stephen Graham,2010,27,SG,CHA,70,11.5,0.496,0.32,0.646,4.2,1.9,0.3,0.3,0.1,0.5,13.448347826086955,8,0.825497
Stephen Graham,2011,28,SG,NJN,59,16.3,0.405,0.238,0.816,3.4,2.1,0.7,0.2,0.0,0.6,9.417423312883432,9,0.99268
Stephen Jackson,2010,31,SG-PF,CHA,81,38.6,0.423,0.328,0.779,20.6,5.0,3.7,1.6,0.5,3.2,21.521658031088084,12,7.65
Stephen Jackson,2011,32,SG,CHA,67,35.9,0.411,0.337,0.816,18.5,4.5,3.6,1.2,0.4,3.1,20.982284122562678,13,8.45325
Stephen Jackson,2012,33,SF,SAS,47,25.8,0.374,0.288,0.825,9.8,3.5,2.5,1.1,0.3,2.2,17.101395348837208,14,1.05975
Stephen Jackson,2013,34,SF,SAS,55,19.5,0.373,0.271,0.7,6.2,2.8,1.5,0.7,0.3,1.4,14.71753846153846,15,10.05975
Stephen Zimmerman,2017,20,C,ORL,19,5.7,0.323,,0.6,1.2,1.8,0.2,0.1,0.3,0.2,12.202105263157895,1,0.95
Stephon Castle,2025,20,PG,SAS,81,26.7,0.428,0.285,0.724,14.7,3.7,4.1,0.9,0.3,2.2,21.90741573033708,1,9.10512
Sterling Brown,2018,22,SG,MIL,54,14.4,0.4,0.352,0.875,4.0,2.6,0.5,0.6,0.2,0.5,11.19,3,1.378242
Sterling Brown,2019,23,SG,MIL,58,17.8,0.465,0.361,0.69,6.4,3.2,1.4,0.4,0.1,0.8,13.162247191011236,4,1.378242
Sterling Brown,2020,24,SF,MIL,52,14.8,0.371,0.324,0.8,5.1,3.5,1.0,0.6,0.1,0.8,14.721081081081081,5,1.61852
Sterling Brown,2021,25,SG,HOU,51,24.1,0.448,0.423,0.806,8.2,4.4,1.4,0.7,0.2,0.8,11.448298755186721,6,2.046005
Sterling Brown,2022,26,SG,DAL,49,12.8,0.381,0.304,0.933,3.3,3.0,0.7,0.3,0.1,0.5,10.7775,7,3.469042
Sterling Brown,2023,27,SG,LAL,4,6.0,0.0,0.0,0.0,0.0,2.0,0.5,0.8,0.0,0.0,6.0,8,3.310857
Steve Blake,2010,29,PG,LAC,80,27.0,0.416,0.395,0.75,7.3,2.3,4.8,0.7,0.1,1.6,11.152000000000001,10,4.0
Steve Blake,2011,30,PG,LAL,79,20.0,0.359,0.378,0.867,4.0,2.0,2.2,0.5,0.0,0.9,8.9568,11,4.0
Steve Blake,2012,31,PG,LAL,53,23.3,0.377,0.335,0.778,5.2,1.6,3.3,0.7,0.0,1.4,10.382832618025748,12,4.0
Steve Blake,2013,32,PG,LAL,45,26.1,0.422,0.421,0.771,7.3,2.9,3.8,0.8,0.1,1.4,10.692413793103448,13,4.0
Steve Blake,2014,33,PG,GSW,55,27.2,0.377,0.376,0.767,6.9,2.9,5.6,1.0,0.1,1.9,11.451176470588237,14,4.0
Steve Blake,2015,34,PG,POR,81,18.9,0.373,0.352,0.707,4.3,1.7,3.6,0.5,0.1,1.3,10.514285714285714,15,2.077
Steve Blake,2016,35,PG,DET,58,17.0,0.388,0.344,0.8,4.4,1.5,3.4,0.4,0.1,1.4,11.926588235294117,16,2.170465
Steve Nash,2010,35,PG,PHO,81,32.8,0.507,0.426,0.938,16.5,3.3,11.0,0.5,0.1,3.6,18.693658536585367,16,13.125
Steve Nash,2011,36,PG,PHO,75,33.3,0.492,0.395,0.912,14.7,3.5,11.4,0.6,0.1,3.5,17.02918918918919,17,10.310938
Steve Nash,2012,37,PG,PHO,62,31.6,0.532,0.39,0.894,12.5,3.0,10.7,0.6,0.1,3.7,15.62126582278481,18,11.689062
Steve Nash,2013,38,PG,LAL,50,32.5,0.497,0.438,0.922,12.7,2.8,6.7,0.6,0.1,2.5,14.413292307692307,19,9.3005
Steve Nash,2014,39,PG,LAL,15,20.9,0.383,0.333,0.917,6.8,1.9,5.7,0.5,0.1,2.1,15.681531100478468,20,9.3005
Steve Novak,2010,26,SF,LAC,54,6.7,0.389,0.31,0.778,2.1,0.6,0.1,0.1,0.0,0.0,11.21910447761194,7,1.031
Steve Novak,2011,27,SF,SAS,30,7.2,0.522,0.565,1.0,3.5,0.9,0.1,0.0,0.2,0.1,12.160000000000002,8,0.306575
Steve Novak,2012,28,PF,NYK,54,18.9,0.478,0.472,0.846,8.8,1.9,0.2,0.3,0.2,0.4,12.990476190476192,9,0.854389
Steve Novak,2013,29,SF,NYK,81,20.3,0.414,0.425,0.909,6.6,1.9,0.4,0.3,0.1,0.1,9.88847290640394,10,4.054055
Steve Novak,2014,30,PF,TOR,54,10.0,0.411,0.426,1.0,3.3,1.1,0.2,0.2,0.1,0.1,10.238400000000002,11,3.75
Steve Novak,2015,31,SF-PF,OKC,35,5.6,0.393,0.396,0.0,1.8,0.6,0.3,0.0,0.1,0.1,11.211428571428574,12,3.445947
Steve Novak,2016,32,PF,MIL,10,4.4,0.444,0.467,1.0,2.4,0.5,0.0,0.0,0.0,0.1,15.905454545454546,13,0.295327
Steve Novak,2017,33,PF,MIL,8,2.8,0.286,0.167,,0.6,0.4,0.0,0.0,0.0,0.0,11.571428571428571,14,0.980431
Steven Adams,2014,20,C,OKC,81,14.8,0.503,,0.581,3.3,4.1,0.5,0.5,0.7,0.9,9.603243243243242,1,2.09088
Steven Adams,2015,21,C,OKC,70,25.3,0.544,0.0,0.502,7.7,7.5,0.9,0.5,1.2,1.4,11.918418972332015,2,2.18496
Steven Adams,2016,22,C,OKC,80,25.2,0.613,,0.582,8.0,6.7,0.8,0.5,1.1,1.1,10.714285714285715,3,2.27904
Steven Adams,2017,23,C,OKC,80,29.9,0.571,0.0,0.611,11.3,7.7,1.1,1.1,1.0,1.8,13.735384615384616,4,3.140517
Steven Adams,2018,24,C,OKC,76,32.7,0.629,0.0,0.559,13.9,9.0,1.2,1.2,1.0,1.7,14.06091743119266,5,22.47191
Steven Adams,2019,25,C,OKC,80,33.4,0.595,0.0,0.5,13.9,9.5,1.6,1.5,1.0,1.7,14.473293413173652,6,24.157303
Steven Adams,2020,26,C,OKC,63,26.7,0.592,0.333,0.582,10.9,9.3,2.3,0.8,1.1,1.5,14.168089887640448,7,25.842697
Steven Adams,2021,27,C,NOP,58,27.7,0.614,0.0,0.444,7.6,8.9,1.9,0.9,0.7,1.3,9.892851985559567,8,36.064364
Steven Adams,2022,28,C,MEM,76,26.3,0.547,0.0,0.543,6.9,10.0,3.4,0.9,0.8,1.5,10.600152091254753,9,19.742519
Steven Adams,2023,29,C,MEM,42,27.0,0.597,0.0,0.364,8.6,11.5,2.3,0.9,1.1,1.9,12.751999999999999,10,19.007601
Steven Adams,2025,31,C,HOU,58,13.7,0.545,0.0,0.462,3.9,5.6,1.1,0.4,0.5,0.9,11.835328467153285,12,12.6
Steven Hunter,2010,28,C,MEM,21,7.5,0.395,,0.528,2.5,2.0,0.0,0.0,0.5,0.4,15.1104,9,3.696
Sundiata Gaines,2010,23,PG,UTA,32,6.8,0.463,0.269,0.5,3.3,0.9,1.2,0.4,0.0,0.4,19.14352941176471,4,0.269169
Sundiata Gaines,2011,24,PG,NJN,24,12.5,0.4,0.237,0.5,4.6,1.6,1.8,0.7,0.0,1.1,17.7408,5,0.112088
Sundiata Gaines,2012,25,SG,NJN,57,13.9,0.376,0.341,0.615,5.1,1.9,2.2,1.0,0.0,0.9,16.699856115107913,6,0.854389
Svi Mykhailiuk,2025,27,SF,UTA,38,20.0,0.391,0.345,0.8,8.8,2.4,2.0,0.5,0.2,1.4,17.452800000000003,8,3.5
T.J. Ford,2010,26,PG,IND,47,25.3,0.445,0.16,0.77,10.3,3.2,3.8,0.9,0.2,1.9,17.183241106719368,7,8.5
T.J. Ford,2011,27,PG,IND,41,18.9,0.386,0.188,0.729,5.4,2.0,3.4,0.9,0.2,1.5,14.91047619047619,8,8.5
T.J. Ford,2012,28,PG,SAS,14,13.6,0.442,0.25,0.786,3.6,1.3,3.2,0.6,0.1,1.6,13.605882352941178,9,0.854389
T.J. Leaf,2018,20,PF,IND,53,8.7,0.471,0.429,0.625,2.9,1.5,0.2,0.1,0.1,0.2,12.132413793103451,1,2.40756
T.J. Leaf,2019,21,PF,IND,58,9.0,0.541,0.258,0.613,3.9,2.2,0.4,0.2,0.3,0.2,14.480000000000002,2,2.40756
T.J. Leaf,2020,22,PF,IND,28,7.9,0.419,0.278,0.438,3.0,2.5,0.3,0.4,0.1,0.3,16.696708860759493,3,2.81328
T.J. McConnell,2016,23,PG,PHI,81,19.8,0.47,0.348,0.634,6.1,3.1,4.5,1.2,0.1,1.7,13.854545454545454,4,0.525093
T.J. McConnell,2017,24,PG,PHI,81,26.3,0.461,0.2,0.811,6.9,3.1,6.6,1.7,0.1,2.0,12.023726235741442,5,0.874636
T.J. McConnell,2018,25,PG,PHI,76,22.4,0.499,0.435,0.795,6.3,3.0,4.0,1.2,0.2,1.5,11.60357142857143,6,1.60052
T.J. McConnell,2019,26,PG,PHI,76,19.3,0.525,0.333,0.784,6.4,2.3,3.4,1.0,0.2,1.2,12.907772020725389,7,1.60052
T.J. McConnell,2020,27,PG,IND,71,18.7,0.516,0.294,0.833,6.5,2.7,5.0,0.8,0.2,1.4,14.369197860962569,8,3.5
T.J. McConnell,2025,32,PG,IND,79,17.9,0.519,0.306,0.74,9.1,2.4,4.4,1.1,0.3,1.4,19.58882681564246,13,9.3
T.J. Warren,2015,21,SF,PHO,40,15.4,0.528,0.238,0.737,6.1,2.1,0.6,0.5,0.2,0.7,14.774025974025975,2,1.95312
T.J. Warren,2016,22,SF,PHO,47,22.8,0.501,0.4,0.703,11.0,3.1,0.9,0.8,0.3,0.7,16.919999999999998,3,2.04108
T.J. Warren,2017,23,SF,PHO,66,31.0,0.495,0.265,0.773,14.4,5.1,1.1,1.2,0.6,0.9,16.50425806451613,4,2.12892
T.J. Warren,2018,24,SF,PHO,65,33.0,0.498,0.222,0.757,19.6,5.1,1.3,1.0,0.6,1.3,21.18109090909091,5,3.152931
T.J. Warren,2019,25,SF,PHO,43,31.6,0.486,0.428,0.815,18.0,4.0,1.5,1.2,0.7,1.2,18.9979746835443,6,11.75
T.J. Warren,2020,26,SF,IND,67,32.9,0.536,0.403,0.819,19.8,4.2,1.5,1.2,0.5,1.3,19.17082066869301,7,10.81
Tacko Fall,2021,25,C,BOS,19,7.2,0.724,,0.333,2.5,2.7,0.2,0.1,1.1,0.3,10.760000000000002,6,0.796931
Tacko Fall,2022,26,C,CLE,11,5.4,0.417,,0.286,1.1,2.1,0.2,0.0,0.5,0.3,11.093333333333334,7,0.252108
Taj Gibson,2010,24,PF,CHI,82,26.9,0.494,,0.646,9.0,7.5,0.9,0.6,1.3,1.4,13.415018587360597,5,1.0398
Taj Gibson,2011,25,PF,CHI,80,21.8,0.466,0.125,0.676,7.1,5.7,0.7,0.5,1.3,0.9,13.27045871559633,6,1.11768
Taj Gibson,2012,26,PF,CHI,63,20.4,0.495,,0.622,7.7,5.3,0.7,0.4,1.3,1.0,14.689411764705886,7,1.19568
Taj Gibson,2013,27,PF,CHI,65,22.4,0.485,0.0,0.679,8.0,5.3,0.9,0.4,1.4,1.2,14.27142857142857,8,7.41573
Taj Gibson,2014,28,PF,CHI,82,28.7,0.479,0.0,0.751,13.0,6.8,1.1,0.5,1.4,1.8,17.806829268292685,9,7.55
Taj Gibson,2015,29,PF,CHI,62,27.3,0.502,,0.717,10.3,6.4,1.1,0.6,1.2,1.2,14.136263736263734,10,8.0
Taj Gibson,2016,30,PF,CHI,73,26.5,0.526,0.0,0.692,8.6,6.9,1.5,0.6,1.1,1.1,11.92754716981132,11,8.5
Taj Gibson,2017,31,PF,OKC,78,25.5,0.515,0.231,0.715,10.8,6.2,0.9,0.5,0.8,1.3,15.924705882352942,12,8.95
Taj Gibson,2018,32,PF,MIN,82,33.2,0.577,0.2,0.768,12.2,7.1,1.2,0.8,0.7,1.1,12.049156626506022,13,14.0
Taj Gibson,2019,33,PF,MIN,70,24.1,0.566,0.324,0.757,10.8,6.5,1.2,0.8,0.6,1.0,14.639004149377593,14,14.0
Taj Gibson,2020,34,C,NYK,62,16.5,0.584,0.286,0.732,6.1,4.3,0.8,0.4,0.5,0.8,12.64581818181818,15,9.0
Taj Gibson,2021,35,C,NYK,45,20.8,0.627,0.2,0.727,5.4,5.6,0.8,0.7,1.1,0.5,7.836923076923077,16,4.001797
Taj Gibson,2022,36,C,NYK,52,18.2,0.518,0.395,0.808,4.4,4.4,0.6,0.4,0.8,0.5,8.18901098901099,17,5.677666
Taj Gibson,2023,37,C,WAS,49,9.8,0.52,0.333,0.714,3.4,1.9,0.7,0.3,0.2,0.5,12.842448979591834,18,3.081038
Taj Gibson,2024,38,PF,DET,20,10.2,0.405,0.2,1.0,1.7,1.9,0.6,0.2,0.4,0.3,7.92,19,4.918224
Taj Gibson,2025,39,C,CHO,37,11.1,0.495,0.5,0.6,2.9,3.2,0.6,0.2,0.5,0.7,11.416216216216219,20,2.087519
Talen Horton-Tucker,2020,19,SG,LAL,6,13.5,0.467,0.308,0.5,5.7,1.2,1.0,1.3,0.2,1.0,16.82133333333333,1,0.89831
Talen Horton-Tucker,2021,20,SG,LAL,65,20.1,0.458,0.282,0.775,9.0,2.6,2.8,1.0,0.3,1.6,17.87462686567164,1,1.84995
Talen Horton-Tucker,2022,21,SG,LAL,60,25.2,0.416,0.269,0.8,10.0,3.2,2.7,1.0,0.5,1.4,16.177142857142858,2,10.985301
Talen Horton-Tucker,2023,22,SG,UTA,65,20.2,0.419,0.286,0.75,10.7,3.2,3.8,0.6,0.4,1.9,22.17742574257426,3,10.878554
Talen Horton-Tucker,2024,23,PG,UTA,51,19.8,0.396,0.33,0.807,10.1,2.4,3.5,0.9,0.4,1.3,20.589090909090906,4,11.347447
Talen Horton-Tucker,2025,24,SG,CHI,58,12.5,0.457,0.336,0.735,6.5,1.7,1.4,0.4,0.2,0.7,18.570240000000002,5,2.087519
Tari Eason,2023,21,PF,HOU,82,21.5,0.448,0.343,0.752,9.3,6.0,1.1,1.2,0.6,1.2,16.73079069767442,2,3.561677
Tari Eason,2024,22,PF,HOU,22,21.8,0.466,0.36,0.636,9.8,7.0,1.2,1.4,0.9,0.9,16.777981651376145,3,3.631965
Tari Eason,2025,23,PF,HOU,57,24.9,0.487,0.342,0.76,12.0,6.4,1.5,1.7,0.9,1.1,16.90409638554217,4,3.69516
Tarik Black,2015,23,C,LAL,63,19.0,0.575,0.0,0.551,6.0,5.8,0.7,0.3,0.4,0.8,11.247157894736842,4,0.507336
Tarik Black,2016,24,C,LAL,39,12.7,0.548,,0.422,3.4,4.0,0.4,0.4,0.5,0.6,10.851023622047247,5,0.845059
Tarik Black,2017,25,C,LAL,67,16.3,0.51,0.5,0.752,5.7,5.1,0.6,0.4,0.7,0.9,13.260368098159509,6,6.191
Tarik Black,2018,26,C,HOU,51,10.5,0.591,0.091,0.46,3.5,3.2,0.3,0.4,0.6,0.7,12.781714285714285,7,3.29
Taurean Prince,2017,22,SF,ATL,59,16.6,0.4,0.324,0.787,5.7,2.7,0.9,0.7,0.5,1.0,14.105060240963853,3,2.31828
Taurean Prince,2018,23,SF,ATL,82,30.0,0.426,0.385,0.844,14.1,4.7,2.6,1.0,0.5,2.3,18.2016,4,2.52684
Taurean Prince,2019,24,SF,ATL,55,28.2,0.441,0.39,0.819,13.5,3.6,2.1,1.0,0.3,1.8,17.264680851063833,5,2.52684
Taurean Prince,2020,25,PF,BRK,64,29.0,0.376,0.339,0.798,12.1,6.0,1.8,0.9,0.4,2.0,17.523310344827586,6,3.481986
Taurean Prince,2021,26,PF,CLE,41,22.1,0.401,0.4,0.855,9.5,3.5,1.9,0.7,0.6,1.1,16.185339366515837,7,14.92897
Taurean Prince,2022,27,PF,MIN,69,17.1,0.454,0.376,0.756,7.3,2.5,1.0,0.7,0.3,0.8,14.795789473684207,8,15.419171
Taurean Prince,2023,28,SF,MIN,54,22.1,0.467,0.381,0.844,9.1,2.4,1.6,0.5,0.3,1.3,14.523800904977374,9,7.528044
Taurean Prince,2024,29,PF,LAL,78,27.0,0.442,0.396,0.735,8.9,2.9,1.5,0.7,0.4,0.9,11.461333333333334,10,4.650188
Taurean Prince,2025,30,SF,MIL,80,27.1,0.457,0.439,0.813,8.2,3.6,1.9,1.0,0.2,1.0,10.180959409594095,11,2.087519
Taylor Griffin,2010,23,SF,PHO,8,4.0,0.4,0.0,0.5,1.3,0.3,0.1,0.0,0.3,0.1,14.580000000000002,4,0.457588
Taylor Hendricks,2024,20,PF,UTA,40,21.4,0.45,0.379,0.793,7.3,4.6,0.8,0.7,0.8,0.7,11.789158878504674,1,5.735375
Taylor Hendricks,2025,21,PF,UTA,3,25.0,0.222,0.25,0.75,4.7,5.0,0.7,1.7,1.3,0.7,10.471680000000001,2,5.84868
Tayshaun Prince,2010,29,SF,DET,49,34.0,0.486,0.37,0.714,13.5,5.1,3.3,0.7,0.4,1.2,14.696470588235295,10,10.32438
Tayshaun Prince,2011,30,SF,DET,78,32.8,0.473,0.347,0.702,14.1,4.2,2.8,0.4,0.5,1.1,16.318536585365855,11,11.14876
Tayshaun Prince,2012,31,SF,DET,63,33.1,0.421,0.356,0.774,12.7,4.5,2.4,0.4,0.5,1.2,15.97921450151057,12,6.292135
Tayshaun Prince,2013,32,SF,MEM,82,32.1,0.438,0.404,0.738,10.4,4.4,2.4,0.6,0.3,1.1,13.238130841121496,13,6.764045
Tayshaun Prince,2014,33,SF,MEM,76,25.6,0.407,0.29,0.567,6.0,3.1,1.6,0.5,0.3,0.5,10.338750000000001,14,7.235955
Tayshaun Prince,2015,34,SF,DET,58,24.1,0.44,0.463,0.754,7.5,3.6,1.6,0.5,0.3,0.6,11.926307053941906,15,7.707865
Tayshaun Prince,2016,35,SF,MIN,77,19.0,0.445,0.174,0.684,2.9,1.9,0.9,0.5,0.2,0.4,6.608842105263157,16,0.947276
Taze Moore,2024,25,SG,POR,4,10.0,0.421,0.143,0.5,4.5,2.0,1.3,0.5,0.0,0.8,20.951999999999998,6,0.072787
Terance Mann,2020,23,SF,LAC,41,8.8,0.468,0.35,0.667,2.4,1.3,1.3,0.3,0.1,0.4,10.669090909090908,4,1.0
Terance Mann,2021,24,SG,LAC,67,18.9,0.509,0.418,0.83,7.0,3.6,1.6,0.4,0.2,0.6,12.22095238095238,5,1.84995
Terance Mann,2022,25,SF,LAC,81,28.6,0.484,0.365,0.78,10.8,5.2,2.6,0.7,0.3,1.0,13.065734265734266,6,2.061329
Terance Mann,2023,26,SG,LAC,81,23.1,0.519,0.389,0.78,8.8,3.4,2.3,0.5,0.3,1.0,12.716883116883116,7,2.047077
Terance Mann,2024,27,SG,LAC,75,25.0,0.515,0.348,0.832,8.8,3.4,1.6,0.6,0.2,0.6,11.191679999999998,8,10.891205
Terance Mann,2025,28,SG,ATL,67,21.1,0.496,0.368,0.691,7.7,3.0,1.8,0.7,0.2,0.7,12.523222748815165,9,11.423077
Terence Davis,2020,22,SG,TOR,72,16.8,0.456,0.388,0.864,7.5,3.3,1.6,0.5,0.2,1.1,16.182857142857138,3,0.89831
Terence Davis,2021,23,SG,SAC,61,17.6,0.428,0.367,0.818,8.7,2.5,1.4,0.7,0.2,1.0,18.196363636363635,4,1.84995
Terence Davis,2022,24,SG,SAC,30,17.9,0.423,0.329,0.818,10.4,3.1,1.3,0.8,0.4,1.1,21.439106145251397,5,4.62539
Terence Davis,2023,25,SG,SAC,64,13.1,0.423,0.366,0.791,6.7,2.2,1.0,0.7,0.2,0.8,18.709007633587785,6,4.241152
Terence Davis,2025,27,SG,SAC,1,8.0,0.0,0.0,,0.0,1.0,1.0,0.0,0.0,0.0,9.0,8,0.064301
Terquavion Smith,2024,21,PG,PHI,16,5.3,0.391,0.371,0.6,3.3,0.3,0.8,0.5,0.0,0.4,23.311698113207548,2,0.576415
Terrance Ferguson,2018,19,SG,OKC,61,12.5,0.414,0.333,0.9,3.1,0.8,0.3,0.4,0.2,0.2,8.89344,1,1.785
Terrance Ferguson,2019,20,SG,OKC,74,26.1,0.429,0.366,0.725,6.9,1.9,1.0,0.5,0.2,0.6,9.252413793103447,1,2.11884
Terrance Ferguson,2020,21,SF,OKC,56,22.4,0.355,0.292,0.75,3.9,1.3,0.9,0.5,0.3,0.6,7.515,2,2.47584
Terrance Ferguson,2021,22,SG,PHI,13,3.8,0.143,0.0,,0.2,0.1,0.2,0.1,0.0,0.3,7.578947368421053,3,4.806534
Terrel Harris,2012,24,SG,MIA,22,14.5,0.349,0.205,0.667,3.6,2.3,1.2,0.4,0.1,1.1,13.257931034482759,5,0.473604
Terrel Harris,2013,25,SG,NOH,20,6.9,0.148,0.0,0.7,0.8,1.3,0.5,0.1,0.2,0.9,13.14782608695652,6,0.094154
Terrence Jones,2013,21,PF,HOU,19,14.5,0.457,0.263,0.765,5.5,3.4,0.8,0.6,1.0,0.7,14.886620689655174,2,1.485
Terrence Jones,2014,22,PF,HOU,76,27.3,0.542,0.307,0.605,12.1,6.9,1.1,0.7,1.3,0.9,15.090989010989013,3,1.55184
Terrence Jones,2015,23,PF,HOU,33,26.9,0.528,0.351,0.606,11.7,6.7,1.1,0.5,1.8,1.1,15.299330855018587,4,1.61868
Terrence Jones,2016,24,PF,HOU,50,20.9,0.452,0.316,0.664,8.7,4.2,0.8,0.5,0.8,1.0,16.03980861244019,5,2.48953
Terrence Jones,2017,25,PF,MIL,54,23.5,0.47,0.253,0.606,10.8,5.7,1.1,0.7,1.0,0.9,17.40868085106383,6,0.980431
Terrence Ross,2013,21,SG,TOR,73,17.0,0.407,0.332,0.714,6.4,2.0,0.7,0.6,0.2,0.7,15.382588235294119,2,2.56332
Terrence Ross,2014,22,SG,TOR,81,26.7,0.423,0.395,0.837,10.9,3.1,1.0,0.8,0.3,1.1,14.73438202247191,3,2.67864
Terrence Ross,2015,23,SF,TOR,82,25.5,0.41,0.372,0.786,9.8,2.8,1.0,0.6,0.3,0.8,14.552470588235293,4,2.79396
Terrence Ross,2016,24,SF,TOR,73,23.9,0.431,0.386,0.79,9.9,2.5,0.8,0.7,0.3,0.6,14.387949790794979,5,3.553917
Terrence Ross,2017,25,SF,ORL,78,25.1,0.437,0.363,0.831,11.0,2.6,1.1,1.1,0.4,0.9,15.690836653386452,6,10.0
Terrence Ross,2018,26,SG,ORL,24,25.0,0.398,0.323,0.75,8.7,3.0,1.6,1.1,0.5,1.2,14.1984,7,10.5
Terrence Ross,2019,27,SG,ORL,81,26.5,0.428,0.383,0.875,15.1,3.5,1.7,0.9,0.4,1.1,19.82309433962264,8,10.5
Terrence Ross,2020,28,SG,ORL,69,27.4,0.403,0.351,0.853,14.7,3.2,1.2,1.1,0.3,1.0,19.03532846715329,9,12.5
Terrence Ross,2021,29,SG,ORL,46,29.3,0.412,0.337,0.87,15.6,3.4,2.3,1.0,0.5,1.6,20.0518771331058,10,16.452334
Terrence Ross,2022,30,SG,ORL,63,23.0,0.397,0.292,0.862,10.0,2.6,1.8,0.4,0.2,1.2,17.098434782608695,11,14.454344
Terrence Ross,2023,31,SG,PHO,63,21.1,0.43,0.368,0.794,8.3,2.4,1.5,0.6,0.2,0.7,14.195260663507106,12,12.193311
Terrence Shannon Jr.,2025,24,SG,MIN,32,10.6,0.482,0.355,0.81,4.3,1.5,1.0,0.2,0.2,0.5,14.970566037735848,5,2.54664
Terrence Williams,2010,22,SF,NJN,78,22.6,0.401,0.31,0.715,8.4,4.5,2.9,0.6,0.1,1.6,17.031504424778763,3,2.06004
Terrence Williams,2011,23,SG,HOU,21,13.8,0.374,0.273,0.667,5.0,2.4,1.8,0.4,0.0,1.6,19.66956521739131,4,2.21448
Terrence Williams,2012,24,SG,SAC,30,18.3,0.429,0.348,0.587,7.1,3.4,2.2,0.7,0.2,1.4,17.03606557377049,5,0.254938
Terrence Williams,2013,25,SF,BOS,24,13.3,0.495,0.333,0.429,4.6,1.8,1.6,0.5,0.1,0.9,14.335037593984962,6,0.24471
Terry Rozier,2016,21,PG,BOS,39,8.0,0.274,0.222,0.8,1.8,1.6,0.9,0.2,0.0,0.5,14.994000000000002,2,1.82436
Terry Rozier,2017,22,PG,BOS,74,17.1,0.367,0.318,0.773,5.5,3.1,1.8,0.6,0.1,0.6,13.88631578947368,3,1.90644
Terry Rozier,2018,23,PG,BOS,80,25.9,0.395,0.381,0.772,11.3,4.7,2.9,1.0,0.2,1.0,16.45158301158301,4,1.98852
Terry Rozier,2019,24,PG,BOS,79,22.7,0.387,0.353,0.785,9.0,3.9,2.9,0.9,0.3,0.9,15.586255506607932,5,3.05039
Terry Rozier,2020,25,PG,CHO,63,34.3,0.423,0.407,0.874,18.0,4.4,4.1,1.0,0.2,2.2,19.332944606413992,6,19.894737
Terry Rozier,2021,26,SG,CHO,69,34.5,0.45,0.389,0.817,20.4,4.4,4.2,1.3,0.4,1.9,20.427130434782605,7,23.033268
Terry Rozier,2022,27,SG,CHO,73,33.7,0.444,0.374,0.852,19.3,4.3,4.5,1.3,0.3,1.3,19.608783382789316,8,20.704706
Terry Rozier,2023,28,SG,CHO,63,35.3,0.415,0.327,0.809,21.1,4.1,5.1,1.2,0.3,2.1,22.986968838526913,9,22.781683
Terry Rozier,2024,29,PG-SG,MIA,61,33.4,0.443,0.363,0.869,19.8,4.0,5.6,1.0,0.3,1.7,21.026586826347305,10,23.89474
Terry Rozier,2025,30,PG,MIA,64,25.9,0.391,0.295,0.852,10.6,3.7,2.6,0.6,0.2,1.2,16.468262548262548,11,24.924126
Terry Taylor,2022,22,SG,IND,33,21.6,0.614,0.316,0.706,9.6,5.2,1.2,0.4,0.2,0.7,13.433333333333334,3,1.035075
Terry Taylor,2023,23,PF,CHI,31,8.5,0.52,0.263,0.545,2.9,1.5,0.3,0.1,0.2,0.3,12.18070588235294,4,1.806626
Terry Taylor,2024,24,PF,CHI,31,6.1,0.513,0.222,0.8,1.5,1.2,0.3,0.2,0.1,0.2,9.371803278688526,5,2.079719
Terry Taylor,2025,25,PF,SAC,3,2.0,0.0,,,0.0,0.3,0.7,0.0,0.0,0.0,5.3999999999999995,6,0.119972
Thabo Sefolosha,2010,25,SG,OKC,82,28.6,0.44,0.313,0.674,6.0,4.7,1.8,1.2,0.6,1.1,8.791048951048952,6,2.759628
Thabo Sefolosha,2011,26,SG,OKC,79,25.9,0.471,0.275,0.747,5.1,4.4,1.4,1.2,0.5,0.7,7.422393822393825,7,3.25
Thabo Sefolosha,2012,27,SG,OKC,42,21.8,0.432,0.437,0.884,4.8,3.0,1.1,0.9,0.4,1.0,8.488073394495414,8,3.3
Thabo Sefolosha,2013,28,SG,OKC,81,27.5,0.481,0.419,0.826,7.6,3.9,1.5,1.3,0.5,0.8,9.1584,9,3.9
Thabo Sefolosha,2014,29,SG,OKC,61,26.0,0.415,0.316,0.768,6.3,3.6,1.5,1.3,0.3,0.9,9.670153846153847,10,3.9
Thabo Sefolosha,2015,30,SF,ATL,52,18.8,0.418,0.321,0.776,5.3,4.3,1.4,1.0,0.4,0.7,11.45872340425532,11,4.15
Thabo Sefolosha,2016,31,SF,ATL,75,23.4,0.505,0.339,0.626,6.4,4.5,1.4,1.1,0.5,0.9,9.95692307692308,12,4.0
Thabo Sefolosha,2017,32,SF,ATL,62,25.7,0.441,0.342,0.733,7.2,4.4,1.7,1.5,0.5,0.9,10.965291828793777,13,3.85
Thabo Sefolosha,2018,33,SF,UTA,38,21.2,0.492,0.381,0.815,8.2,4.2,0.9,1.4,0.3,0.8,13.10264150943396,14,5.5
Thabo Sefolosha,2019,34,SF,UTA,50,12.2,0.477,0.436,0.636,3.8,2.5,0.5,0.9,0.1,0.5,10.8472131147541,15,5.25
Thabo Sefolosha,2020,35,PF,HOU,41,10.6,0.407,0.278,0.375,2.2,2.3,0.6,0.6,0.3,0.4,9.129056603773586,16,1.620564
Thaddeus Young,2010,21,PF,PHI,67,32.0,0.47,0.348,0.691,13.8,5.2,1.4,1.2,0.2,1.9,16.9875,2,2.1054
Thaddeus Young,2011,22,PF,PHI,82,26.0,0.541,0.273,0.707,12.7,5.3,1.0,1.1,0.3,1.2,17.202461538461538,3,2.901241
Thaddeus Young,2012,23,PF,PHI,63,27.9,0.507,0.25,0.771,12.8,5.2,1.2,1.0,0.7,0.9,16.53161290322581,4,8.03913
Thaddeus Young,2013,24,PF,PHI,76,34.6,0.531,0.125,0.574,14.8,7.5,1.6,1.8,0.7,1.2,15.502890173410403,5,8.28913
Thaddeus Young,2014,25,PF,PHI,79,34.4,0.454,0.308,0.712,17.9,6.0,2.3,2.1,0.5,2.1,20.486511627906978,6,8.85
Thaddeus Young,2015,26,PF,BRK,76,32.0,0.466,0.33,0.655,14.1,5.4,2.3,1.6,0.3,1.5,17.262,7,9.410869
Thaddeus Young,2016,27,PF,BRK,73,33.0,0.514,0.233,0.644,15.1,9.0,1.9,1.5,0.5,1.9,17.52872727272727,8,11.235955
Thaddeus Young,2017,28,PF,IND,74,30.2,0.527,0.381,0.523,11.0,6.1,1.6,1.5,0.4,1.3,13.265165562913909,9,14.153652
Thaddeus Young,2018,29,PF,IND,81,32.2,0.487,0.32,0.598,11.8,6.3,1.9,1.7,0.4,1.3,13.95726708074534,10,13.964045
Thaddeus Young,2019,30,PF,IND,81,30.7,0.527,0.349,0.644,12.6,6.5,2.5,1.5,0.4,1.5,14.831530944625406,11,13.964045
Thaddeus Young,2020,31,PF,CHI,64,24.9,0.448,0.356,0.583,10.3,4.9,1.8,1.4,0.4,1.6,16.603373493975905,12,12.9
Thaddeus Young,2021,32,PF,CHI,68,24.3,0.559,0.267,0.628,12.1,6.2,4.3,1.1,0.6,2.0,18.44148148148148,13,16.507175
Thaddeus Young,2022,33,PF,TOR,52,16.3,0.518,0.354,0.469,6.2,4.0,2.0,1.0,0.3,1.0,14.567852760736196,14,16.408571
Thaddeus Young,2023,34,PF,TOR,54,14.7,0.545,0.176,0.692,4.4,3.1,1.4,1.0,0.1,0.8,11.55918367346939,15,8.482304
Thaddeus Young,2024,35,PF,PHO,33,13.3,0.602,0.143,0.4,4.2,3.1,1.7,0.7,0.2,0.5,10.881203007518794,16,9.278104
Thanasis Antetokounmpo,2016,23,SF,NYK,2,3.0,0.75,0.0,,3.0,0.5,0.0,0.0,0.0,0.0,24.0,4,0.030888
Thanasis Antetokounmpo,2020,27,SF,MIL,20,6.5,0.5,0.0,0.412,2.8,1.2,0.8,0.4,0.1,0.6,18.808615384615386,8,1.445697
Thanasis Antetokounmpo,2021,28,SF,MIL,57,9.7,0.489,0.241,0.51,2.9,2.2,0.8,0.4,0.2,0.8,13.345979381443302,9,2.073716
Thanasis Antetokounmpo,2022,29,SF,MIL,48,9.9,0.547,0.143,0.63,3.6,2.1,0.5,0.3,0.3,0.5,13.236363636363635,10,1.999575
Thanasis Antetokounmpo,2023,30,SF,MIL,37,5.6,0.435,0.0,0.5,1.4,1.2,0.4,0.1,0.1,0.3,11.34,11,1.991984
Thanasis Antetokounmpo,2024,31,PF,MIL,34,4.6,0.533,0.0,0.0,0.9,0.4,0.5,0.2,0.1,0.4,10.518260869565218,12,2.416341
Theo Maledon,2021,19,PG,OKC,65,27.4,0.368,0.335,0.748,10.1,3.2,3.5,0.9,0.2,2.2,16.454890510948907,1,2.437382
Theo Maledon,2022,20,PG,OKC,51,17.8,0.375,0.293,0.79,7.1,2.6,2.2,0.6,0.2,1.3,16.948314606741572,1,2.312695
Theo Pinson,2019,23,SG,BRK,18,11.7,0.342,0.261,0.864,4.5,2.0,1.2,0.3,0.0,1.0,17.31692307692308,4,0.004737
Theo Pinson,2020,24,SG,BRK,33,11.1,0.29,0.188,0.938,3.6,1.6,1.7,0.5,0.1,1.0,19.2,5,1.445697
Theo Pinson,2021,25,SG,NYK,17,2.0,0.111,0.0,,0.1,0.3,0.1,0.0,0.0,0.1,10.799999999999999,6,0.977612
Theo Pinson,2022,26,SF,DAL,19,7.8,0.359,0.333,1.0,2.5,1.1,0.9,0.3,0.1,0.3,12.092307692307694,7,0.509613
Theo Pinson,2023,27,SG,DAL,40,8.1,0.356,0.355,0.846,2.4,1.6,1.2,0.2,0.0,0.3,11.69777777777778,8,2.086832
Theo Ratliff,2010,36,C,CHA,49,16.5,0.461,,0.76,3.6,3.2,0.5,0.2,1.2,0.8,9.469090909090909,17,0.825497
Theo Ratliff,2011,37,C,LAL,10,7.1,0.167,,0.0,0.2,1.3,0.3,0.2,0.5,0.3,5.009577464788732,18,0.854389
Thomas Bryant,2018,20,C,LAL,15,4.8,0.381,0.1,0.556,1.5,1.1,0.4,0.1,0.1,0.1,13.23,1,0.815615
Thomas Bryant,2019,21,C,WAS,72,20.8,0.616,0.333,0.781,10.5,6.3,1.3,0.3,0.9,0.8,14.946923076923078,2,1.378242
Thomas Bryant,2020,22,C,WAS,46,24.9,0.581,0.407,0.741,13.2,7.2,1.8,0.5,1.1,1.2,16.481927710843372,3,8.0
Thomas Bryant,2021,23,C,WAS,10,27.1,0.648,0.429,0.667,14.3,6.1,1.5,0.4,0.8,1.1,14.95261992619926,4,10.155761
Thomas Bryant,2022,24,C,WAS,27,16.3,0.52,0.286,0.875,7.4,4.0,0.9,0.2,0.8,0.7,15.150920245398773,5,10.021679
Thomas Bryant,2023,25,C,DEN,59,18.3,0.623,0.441,0.738,9.8,5.7,0.5,0.3,0.5,0.6,15.391475409836064,6,2.086832
Thomas Bryant,2024,26,C,MIA,38,11.6,0.577,0.182,0.872,5.7,3.7,0.6,0.3,0.4,0.6,15.604137931034481,7,2.603356
Thomas Bryant,2025,27,C,IND,66,14.6,0.508,0.324,0.859,6.5,3.8,0.8,0.4,0.6,0.5,14.400000000000002,8,2.087519
Thomas Robinson,2013,21,PF,HOU,70,15.1,0.43,0.0,0.523,4.8,4.5,0.7,0.6,0.4,1.3,15.744635761589402,2,3.37464
Thomas Robinson,2014,22,PF,POR,70,12.5,0.481,0.0,0.564,4.8,4.4,0.5,0.3,0.3,0.8,16.17408,3,3.52644
Thomas Robinson,2015,23,PF,PHI,54,14.8,0.485,0.0,0.528,5.7,5.6,0.6,0.6,0.4,1.1,16.49189189189189,4,3.67836
Thomas Robinson,2016,24,PF,BRK,71,12.9,0.447,0.0,0.431,4.3,5.1,0.6,0.5,0.5,1.0,16.07441860465116,5,0.981348
Thomas Robinson,2017,25,PF,LAL,48,11.7,0.536,0.0,0.47,5.0,4.6,0.6,0.5,0.2,1.0,17.587692307692308,6,0.980431
Thon Maker,2017,19,C,MIL,57,9.9,0.459,0.378,0.653,4.0,2.0,0.4,0.2,0.5,0.3,14.167272727272726,1,2.5686
Thon Maker,2018,20,C,MIL,74,16.7,0.411,0.298,0.699,4.8,3.0,0.6,0.5,0.7,0.6,11.795928143712574,1,2.79972
Thon Maker,2019,21,C-PF,DET,64,15.2,0.407,0.32,0.667,5.0,3.2,0.7,0.3,0.8,0.5,12.486315789473684,2,2.79972
Thon Maker,2020,22,C,DET,60,12.9,0.482,0.344,0.664,4.7,2.8,0.7,0.4,0.7,0.8,13.373023255813953,3,3.569643
Thon Maker,2021,23,C,CLE,8,9.5,0.556,0.0,0.909,3.8,2.3,0.5,0.3,0.5,0.4,12.565894736842104,4,2.117043
Tiago Splitter,2011,26,C,SAS,60,12.3,0.529,0.0,0.543,4.6,3.4,0.4,0.5,0.3,0.5,13.791219512195122,7,3.4
Tiago Splitter,2012,27,C,SAS,59,19.0,0.618,,0.691,9.3,5.2,1.1,0.4,0.8,1.5,16.416,8,3.944
Tiago Splitter,2013,28,PF,SAS,81,24.7,0.56,0.0,0.73,10.3,6.4,1.6,0.8,0.8,1.2,14.195951417004046,9,3.944
Tiago Splitter,2014,29,C,SAS,59,21.5,0.523,0.0,0.699,8.2,6.2,1.5,0.5,0.5,1.3,14.192372093023257,10,10.0
Tiago Splitter,2015,30,C,SAS,52,19.8,0.558,,0.75,8.2,4.8,1.5,0.7,0.7,1.2,14.567272727272725,11,9.25
Tiago Splitter,2016,31,C,ATL,36,16.1,0.523,0.0,0.813,5.6,3.3,0.8,0.6,0.3,0.7,12.459130434782608,12,9.75625
Tiago Splitter,2017,32,C,PHI,8,9.5,0.452,0.333,0.818,4.9,2.8,0.5,0.1,0.1,0.8,20.14484210526316,13,8.55
Tidjane Salaun,2025,19,PF,CHO,60,20.7,0.33,0.283,0.713,5.9,4.7,1.2,0.5,0.2,1.0,13.050434782608697,1,7.48872
Tim Duncan,2010,33,C,SAS,78,31.3,0.518,0.182,0.725,17.9,10.1,3.2,0.6,1.5,1.8,20.486645367412144,14,22.18322
Tim Duncan,2011,34,C,SAS,76,28.4,0.5,0.0,0.716,13.4,8.9,2.7,0.7,1.9,1.6,17.868169014084508,15,18.835381
Tim Duncan,2012,35,C,SAS,58,28.2,0.492,0.0,0.695,15.4,9.0,2.3,0.7,1.5,1.7,20.67063829787234,16,21.164619
Tim Duncan,2013,36,C,SAS,69,30.1,0.502,0.286,0.817,17.8,9.9,2.7,0.7,2.7,2.1,21.638272425249166,17,9.638554
Tim Duncan,2014,37,C,SAS,74,29.2,0.49,0.0,0.731,15.1,9.7,3.0,0.6,1.9,2.1,19.962739726027397,18,10.361446
Tim Duncan,2015,38,C,SAS,77,28.9,0.512,0.286,0.74,13.9,9.1,3.0,0.8,2.0,1.7,17.514186851211072,19,10.361446
Tim Duncan,2016,39,C,SAS,61,25.2,0.488,0.0,0.702,8.6,7.3,2.7,0.8,1.3,1.5,13.748571428571429,20,5.25
Tim Frazier,2015,24,PG,POR,11,21.7,0.344,0.294,0.476,5.2,2.5,5.5,0.7,0.0,2.3,14.32700460829493,5,0.059686
Tim Frazier,2016,25,PG,NOP,51,14.5,0.419,0.333,0.716,5.1,2.2,3.2,0.6,0.0,1.3,16.038620689655172,6,0.845059
Tim Frazier,2017,26,PG,NOP,65,23.5,0.403,0.313,0.76,7.1,2.7,5.2,0.9,0.1,1.6,13.297021276595746,7,2.09
Tim Frazier,2019,28,PG,MIL,59,19.0,0.444,0.366,0.759,5.3,2.8,4.2,0.5,0.1,1.3,11.550315789473686,9,0.196553
Tim Frazier,2020,29,PG,DET,27,13.1,0.362,0.333,0.792,3.6,1.2,3.4,0.5,0.1,1.3,14.279083969465647,10,1.620564
Tim Frazier,2021,30,PG,MEM,5,12.4,0.15,0.0,0.333,1.6,1.6,3.2,0.4,0.2,0.8,15.468387096774196,11,0.728123
Tim Frazier,2022,31,PG,CLE,12,17.3,0.311,0.353,0.556,3.3,1.6,2.8,0.3,0.1,1.3,11.345202312138728,12,0.446496
Tim Hardaway Jr.,2014,21,SG,NYK,81,23.1,0.428,0.363,0.828,10.2,1.5,0.8,0.5,0.1,0.6,15.27896103896104,2,1.19676
Tim Hardaway Jr.,2015,22,SG,NYK,70,24.0,0.389,0.342,0.801,11.5,2.2,1.8,0.3,0.2,1.2,18.551999999999996,3,1.25064
Tim Hardaway Jr.,2016,23,SG,ATL,51,16.9,0.43,0.338,0.893,6.4,1.7,1.0,0.4,0.1,0.5,13.173017751479291,4,1.30452
Tim Hardaway Jr.,2017,24,SG,ATL,79,27.3,0.455,0.357,0.766,14.5,2.8,2.3,0.7,0.2,1.3,18.44571428571429,5,2.281605
Tim Hardaway Jr.,2018,25,SG,NYK,57,33.1,0.421,0.317,0.816,17.5,3.9,2.7,1.1,0.2,1.6,19.537885196374624,6,17.325
Tim Hardaway Jr.,2019,26,SG,DAL,65,31.6,0.393,0.34,0.841,18.1,3.4,2.4,0.8,0.1,1.6,21.358481012658228,7,19.200127
Tim Hardaway Jr.,2020,27,SG,DAL,71,29.5,0.434,0.398,0.819,15.8,3.3,1.9,0.6,0.1,1.0,17.870644067796608,8,20.025127
Tim Hardaway Jr.,2025,32,SG,DET,77,28.0,0.406,0.368,0.855,11.0,2.4,1.6,0.5,0.1,0.6,13.16057142857143,13,16.193183
Tim Ohlbrecht,2013,24,C,HOU,3,4.0,0.333,,1.0,1.0,0.3,0.3,0.3,0.0,1.3,21.888000000000005,5,0.144867
Tim Quarterman,2017,22,SG,POR,16,5.0,0.448,0.385,0.0,1.9,0.9,0.7,0.1,0.2,0.7,18.6336,3,0.543471
Tim Quarterman,2018,23,SG,HOU,3,4.3,0.333,0.0,1.0,1.3,1.0,0.3,0.0,0.0,0.7,16.811162790697676,4,0.096406
Tim Thomas,2010,32,SF,DAL,18,15.8,0.462,0.372,0.875,7.5,2.3,0.8,0.6,0.1,0.8,16.569113924050633,13,0.825497
Timmy Allen,2024,24,SF,MEM,5,25.0,0.261,0.0,0.5,2.6,3.4,1.0,0.8,0.0,0.4,7.4534400000000005,5,0.066254
Timofey Mozgov,2011,24,C,DEN,45,11.6,0.474,,0.712,3.6,2.7,0.3,0.3,0.6,0.8,13.431724137931036,5,3.567096
Timofey Mozgov,2012,25,C,DEN,44,15.6,0.526,,0.684,5.4,4.1,0.5,0.3,1.0,1.2,14.012307692307694,6,3.343896
Timofey Mozgov,2013,26,C,DEN,41,8.9,0.506,0.0,0.769,2.6,2.6,0.2,0.1,0.4,0.6,11.989213483146067,7,3.140429
Timofey Mozgov,2014,27,C,DEN,82,21.6,0.523,0.167,0.754,9.4,6.4,0.8,0.3,1.2,1.5,15.846666666666664,8,4.4
Timofey Mozgov,2015,28,C,CLE,81,25.2,0.555,0.333,0.718,9.7,7.3,0.7,0.4,1.2,1.4,13.697142857142858,9,4.65
Timofey Mozgov,2016,29,C,CLE,76,17.4,0.565,0.143,0.716,6.3,4.4,0.4,0.3,0.8,0.9,12.769655172413795,10,4.95
Timofey Mozgov,2017,30,C,LAL,54,20.4,0.515,0.0,0.808,7.4,4.9,0.8,0.3,0.6,1.3,14.145882352941179,11,16.0
Timofey Mozgov,2018,31,C,BRK,31,11.6,0.559,0.222,0.767,4.2,3.2,0.4,0.2,0.4,1.1,14.089655172413794,12,16.0
Timothe Luwawu-Cabarrot,2017,21,SF,PHI,69,17.2,0.402,0.311,0.854,6.4,2.2,1.1,0.5,0.1,1.1,14.843720930232559,2,1.32696
Timothe Luwawu-Cabarrot,2018,22,SF,PHI,52,15.5,0.375,0.335,0.793,5.8,1.4,1.0,0.2,0.1,0.7,14.595096774193548,3,1.3866
Timothe Luwawu-Cabarrot,2019,23,SF,CHI,50,13.4,0.376,0.31,0.756,4.6,1.9,0.5,0.4,0.2,0.4,13.84119402985075,4,1.544951
Timothe Luwawu-Cabarrot,2020,24,SF,BRK,47,18.1,0.435,0.388,0.852,7.8,2.7,0.6,0.4,0.1,0.8,14.415911602209944,5,0.654469
Tobias Harris,2012,19,SF,MIL,42,11.4,0.467,0.261,0.815,5.0,2.4,0.5,0.3,0.2,0.7,16.64842105263158,1,1.41816
Tobias Harris,2013,20,SF-PF,ORL,55,23.6,0.455,0.315,0.752,11.0,5.2,1.3,0.6,0.8,1.2,17.694915254237287,1,1.54584
Tobias Harris,2014,21,PF,ORL,61,30.3,0.464,0.254,0.807,14.6,7.0,1.3,0.7,0.4,1.3,17.536633663366338,2,1.54584
Tobias Harris,2015,22,SF,ORL,68,34.8,0.466,0.364,0.788,17.1,6.3,1.8,1.0,0.5,1.7,17.88,3,2.380594
Tobias Harris,2016,23,PF,DET,76,33.1,0.469,0.335,0.831,14.7,6.7,2.2,0.9,0.5,1.4,15.779093655589124,4,16.0
Tobias Harris,2017,24,PF,DET,82,31.3,0.481,0.347,0.841,16.1,5.1,1.7,0.7,0.5,1.2,17.749265175718847,5,17.2
Tobias Harris,2018,25,PF,LAC,80,33.4,0.46,0.411,0.829,18.6,5.5,2.4,0.9,0.4,1.3,19.172694610778446,6,16.0
Tobias Harris,2019,26,PF,PHI,82,34.7,0.487,0.397,0.866,20.0,7.9,2.8,0.6,0.5,1.8,19.42962536023055,7,14.8
Tobias Harris,2020,27,PF,PHI,72,34.3,0.471,0.367,0.806,19.6,6.9,3.2,0.7,0.6,1.4,19.962682215743442,8,32.742
Tobias Harris,2021,28,PF,PHI,62,32.5,0.512,0.394,0.892,19.5,6.8,3.5,0.9,0.8,1.7,19.996061538461536,9,41.872836
Tobias Harris,2022,29,PF,PHI,73,34.8,0.482,0.367,0.842,17.2,6.8,3.5,0.6,0.6,1.6,17.41241379310345,10,41.623828
Tobias Harris,2023,30,PF,PHI,74,32.9,0.501,0.389,0.876,14.7,5.7,2.5,0.9,0.5,1.2,14.605714285714285,11,39.901871
Tobias Harris,2024,31,PF,PHI,70,33.8,0.487,0.353,0.878,17.2,6.5,3.1,1.0,0.7,1.3,17.275739644970415,12,40.437022
Tobias Harris,2025,32,PF,DET,73,31.6,0.477,0.345,0.861,13.7,5.9,2.2,1.0,0.8,1.2,15.051645569620252,13,25.365854
Tomas Satoransky,2017,25,SG,WAS,57,12.6,0.415,0.243,0.697,2.7,1.5,1.6,0.5,0.1,0.7,10.182857142857143,6,2.870813
Tomas Satoransky,2018,26,SG,WAS,73,22.5,0.523,0.465,0.781,7.2,3.2,3.9,0.7,0.2,1.1,11.155199999999999,7,3.0
Tomas Satoransky,2019,27,PG,WAS,80,27.1,0.485,0.395,0.819,8.9,3.5,5.0,1.0,0.2,1.5,11.929151291512916,8,3.129187
Tomas Satoransky,2020,28,SG,CHI,65,28.9,0.43,0.322,0.876,9.9,3.9,5.4,1.2,0.1,2.0,14.120968858131489,9,10.0
Tomas Satoransky,2021,29,SG,CHI,58,22.5,0.514,0.356,0.848,7.7,2.4,4.7,0.7,0.2,1.7,12.825600000000001,10,12.186914
Tomas Satoransky,2022,30,SG,WAS,55,16.5,0.377,0.208,0.796,3.6,2.3,3.3,0.5,0.1,0.8,10.341818181818184,11,11.563475
Toney Douglas,2010,23,PG,NYK,56,19.4,0.458,0.389,0.809,8.6,1.9,2.0,0.8,0.1,1.0,15.825154639175262,4,0.99624
Toney Douglas,2011,24,SG,NYK,81,24.3,0.416,0.373,0.794,10.6,3.0,3.0,1.1,0.0,1.1,16.254814814814814,5,1.071
Toney Douglas,2012,25,PG,NYK,38,17.3,0.324,0.231,0.846,6.2,1.9,2.0,0.8,0.0,1.5,19.577341040462425,6,1.14564
Toney Douglas,2013,26,PG,SAC,71,18.2,0.403,0.38,0.905,7.5,1.9,2.1,1.0,0.0,1.1,16.275164835164833,7,2.06788
Toney Douglas,2014,27,PG,MIA,51,13.2,0.384,0.304,0.735,4.0,1.7,1.3,0.4,0.1,0.7,12.84,8,1.6
Toney Douglas,2015,28,SG,NOP,12,14.8,0.373,0.278,0.615,4.3,1.8,2.0,0.9,0.3,0.8,13.582702702702703,9,0.107676
Toney Douglas,2016,29,PG,NOP,61,20.7,0.411,0.399,0.848,8.7,2.3,2.6,1.1,0.1,1.0,15.65913043478261,10,1.164858
Toney Douglas,2017,30,PG,MEM,24,16.4,0.368,0.167,0.828,4.9,2.5,2.3,0.8,0.2,0.9,13.890731707317077,11,0.379159
Tony Allen,2010,28,SG,BOS,54,16.5,0.51,0.0,0.605,6.1,2.7,1.3,1.1,0.4,1.2,14.984727272727273,9,2.5
Tony Allen,2011,29,SG,MEM,72,20.8,0.51,0.174,0.753,8.9,2.7,1.4,1.8,0.6,1.2,15.749999999999998,10,3.0
Tony Allen,2012,30,SG,MEM,58,26.3,0.469,0.308,0.8,9.8,4.0,1.4,1.8,0.6,1.6,14.536882129277567,11,3.15
Tony Allen,2013,31,SG,MEM,79,26.7,0.445,0.125,0.717,8.9,4.6,1.2,1.5,0.6,1.2,13.963146067415728,12,3.3
Tony Allen,2014,32,SG,MEM,55,23.2,0.494,0.234,0.628,9.0,3.8,1.7,1.6,0.3,1.6,15.622758620689655,13,4.494383
Tony Allen,2015,33,SG,MEM,63,26.2,0.495,0.345,0.627,8.6,4.4,1.4,2.0,0.5,1.4,13.025954198473285,14,4.831461
Tony Allen,2016,34,SG,MEM,64,25.3,0.458,0.357,0.652,8.4,4.6,1.1,1.7,0.3,1.2,13.472252964426877,15,5.158539
Tony Allen,2017,35,SG,MEM,71,27.0,0.461,0.278,0.615,9.1,5.5,1.4,1.6,0.4,1.4,14.122666666666667,16,5.505618
Tony Allen,2018,36,SF,NOP,22,12.4,0.484,0.333,0.524,4.7,2.1,0.4,0.5,0.1,0.9,15.793548387096774,17,1.471382
Tony Battie,2010,33,C,NJN,15,8.9,0.35,0.25,0.7,2.4,1.5,0.2,0.3,0.1,0.2,12.9761797752809,14,6.6066
Tony Battie,2011,34,C,PHI,38,9.9,0.469,0.667,0.571,2.6,2.6,0.3,0.1,0.4,0.3,10.82181818181818,15,0.854389
Tony Battie,2012,35,C,PHI,27,10.9,0.373,0.0,1.0,1.6,2.5,0.6,0.1,0.2,0.1,6.750825688073395,16,0.854389
Tony Bradley,2018,20,C,UTA,9,3.2,0.273,0.0,1.0,0.9,1.2,0.1,0.0,0.0,0.0,14.49,1,1.41492
Tony Bradley,2019,21,C,UTA,3,12.0,0.5,,0.5,5.7,5.0,0.3,0.7,0.7,1.0,19.823999999999998,2,1.67952
Tony Bradley,2020,22,C,UTA,58,11.4,0.667,1.0,0.652,4.9,4.6,0.4,0.2,0.6,0.5,13.111578947368418,3,1.96236
Tony Bradley,2021,23,C,OKC,42,16.3,0.665,0.0,0.691,7.1,5.7,0.9,0.4,0.7,0.8,13.410552147239263,4,4.316678
Tony Bradley,2022,24,C,CHI,55,10.0,0.585,,0.655,3.0,3.4,0.5,0.2,0.6,0.6,10.872000000000002,5,2.069001
Tony Bradley,2023,25,C,CHI,12,2.8,0.5,0.6,1.0,1.6,0.9,0.1,0.1,0.1,0.1,15.840000000000002,6,2.159083
Tony Bradley,2025,27,C,IND,14,8.1,0.644,0.333,0.333,4.4,3.0,0.4,0.1,0.6,0.4,16.782222222222224,8,0.600545
Tony Mitchell,2014,21,PF,DET,21,3.8,0.417,1.0,0.579,1.0,1.2,0.1,0.3,0.1,0.2,11.330526315789474,2,0.5
Tony Parker,2010,27,PG,SAS,56,30.9,0.487,0.294,0.756,16.0,2.4,5.7,0.5,0.1,2.7,20.313786407766994,8,12.6
Tony Parker,2011,28,PG,SAS,78,32.4,0.519,0.357,0.769,17.5,3.1,6.6,1.2,0.0,2.6,20.017777777777777,9,13.5
Tony Parker,2012,29,PG,SAS,60,32.1,0.48,0.23,0.799,18.3,2.9,7.7,1.0,0.1,2.6,21.833271028037387,10,12.5
Tony Parker,2013,30,PG,SAS,66,32.9,0.522,0.353,0.845,20.3,3.0,7.6,0.8,0.1,2.6,21.775075987841948,11,12.5
Tony Parker,2014,31,PG,SAS,68,29.4,0.499,0.373,0.811,16.7,2.3,5.7,0.5,0.1,2.2,21.041632653061225,12,12.5
Tony Parker,2015,32,PG,SAS,68,28.7,0.486,0.427,0.783,14.4,1.9,4.9,0.6,0.0,2.1,19.261881533101047,13,12.5
Tony Parker,2016,33,PG,SAS,72,27.5,0.493,0.415,0.76,11.9,2.4,5.3,0.8,0.2,1.8,16.698763636363637,14,13.4375
Tony Parker,2017,34,PG,SAS,63,25.2,0.466,0.333,0.726,10.1,1.8,4.5,0.5,0.0,1.4,16.051428571428573,15,14.445313
Tony Parker,2018,35,PG,SAS,55,19.5,0.459,0.27,0.705,7.7,1.7,3.5,0.5,0.0,1.2,16.46030769230769,16,15.453126
Tony Parker,2019,36,PG,CHO,56,17.9,0.46,0.255,0.734,9.5,1.5,3.7,0.4,0.1,1.3,21.254078212290505,17,5.0
Tony Snell,2014,22,SG,CHI,77,16.0,0.384,0.32,0.756,4.5,1.6,0.9,0.4,0.2,0.6,11.745,3,1.40904
Tony Snell,2015,23,SF,CHI,72,19.6,0.429,0.371,0.8,6.0,2.4,0.9,0.4,0.2,0.7,11.48326530612245,4,1.4724
Tony Snell,2016,24,SF,CHI,64,20.3,0.372,0.361,0.909,5.3,3.1,1.0,0.3,0.3,0.8,11.207881773399013,5,1.53588
Tony Snell,2017,25,SG,MIL,80,29.2,0.455,0.406,0.81,8.5,3.1,1.2,0.7,0.2,0.7,9.626301369863013,6,2.368327
Tony Snell,2018,26,SG,MIL,75,27.4,0.435,0.403,0.792,6.9,1.9,1.3,0.6,0.4,0.5,8.492846715328469,7,10.607143
Tony Snell,2019,27,SF,MIL,74,17.6,0.452,0.397,0.881,6.0,2.1,0.9,0.4,0.2,0.3,11.176363636363636,8,10.807143
Tony Snell,2020,28,SF,DET,59,27.8,0.445,0.402,1.0,8.0,1.9,2.2,0.5,0.3,0.5,9.349640287769784,9,11.392857
Tony Snell,2021,29,SG,ATL,47,21.1,0.515,0.569,1.0,5.3,2.4,1.3,0.3,0.2,0.4,6.9747867298578194,10,14.84192
Tony Snell,2022,30,SG,NOP,53,15.5,0.404,0.352,1.0,3.5,1.9,0.5,0.3,0.2,0.4,8.463483870967742,11,2.763255
Tony Wroten,2013,19,SG,MEM,35,7.8,0.384,0.25,0.724,2.6,0.8,1.2,0.2,0.1,0.8,16.855384615384615,1,1.11012
Tony Wroten,2014,20,PG,PHI,72,24.5,0.427,0.213,0.641,13.0,3.2,3.0,1.1,0.2,2.8,23.48081632653061,1,1.16004
Tony Wroten,2015,21,PG,PHI,30,29.8,0.403,0.261,0.667,16.9,2.9,5.2,1.6,0.3,3.8,25.296644295302013,2,1.21008
Tony Wroten,2016,22,PG,PHI,8,18.0,0.338,0.176,0.541,8.4,2.6,2.5,0.4,0.0,3.6,27.447999999999997,3,0.167406
Tornike Shengelia,2013,21,SF,BRK,19,4.9,0.435,0.5,0.563,1.6,1.2,0.2,0.2,0.1,0.6,15.81061224489796,2,0.473604
Torrey Craig,2019,28,SF,DEN,75,20.0,0.442,0.324,0.7,5.7,3.5,1.0,0.5,0.6,0.6,10.432799999999999,9,2.0
Torrey Craig,2020,29,SF,DEN,58,18.5,0.461,0.326,0.611,5.4,3.3,0.8,0.4,0.6,0.4,10.24345945945946,10,2.0
Torrey Craig,2021,30,SF,PHO,50,16.1,0.48,0.368,0.773,5.5,3.9,1.0,0.6,0.5,0.5,11.573664596273291,11,2.046005
Torrey Craig,2022,31,SF,PHO,78,20.5,0.454,0.329,0.75,6.6,4.0,1.2,0.6,0.5,0.9,12.131121951219512,12,5.640719
Torrey Craig,2023,32,SF,PHO,79,24.7,0.456,0.395,0.711,7.4,5.4,1.5,0.6,0.8,0.9,10.878704453441296,13,5.430743
Torrey Craig,2024,33,SF,CHI,53,19.8,0.43,0.392,0.75,5.7,4.1,1.1,0.6,0.4,0.6,10.196363636363635,14,2.603356
Torrey Craig,2025,34,SF,BOS,26,12.1,0.422,0.364,0.667,4.2,2.8,0.7,0.3,0.5,0.3,11.9603305785124,15,3.625162
Tosan Evbuomwan,2024,22,SF,DET,17,21.6,0.507,0.375,0.68,5.9,3.5,0.9,0.4,0.3,0.5,8.933333333333334,3,0.30477
Toumani Camara,2024,23,PF,POR,70,24.8,0.45,0.337,0.758,7.5,4.9,1.2,0.9,0.5,1.2,11.781290322580645,4,1.152829
Toumani Camara,2025,24,PF,POR,78,32.7,0.458,0.375,0.722,11.3,5.8,2.2,1.5,0.6,1.4,12.444770642201835,5,1.891857
Toure' Murry,2014,24,PG,NYK,51,7.3,0.434,0.417,0.59,2.7,0.9,1.0,0.4,0.0,0.7,17.51671232876712,5,0.49018
Toure' Murry,2015,25,SG-PG,WAS,5,3.6,0.4,,1.0,1.2,0.2,0.2,0.2,0.0,0.8,19.759999999999998,6,0.096056
Tracy McGrady,2010,30,SG,NYK,30,22.4,0.387,0.25,0.746,8.2,3.1,3.3,0.5,0.5,1.5,16.431428571428572,11,22.843124
Tracy McGrady,2011,31,SG,DET,72,23.4,0.442,0.341,0.698,8.0,3.5,3.5,0.9,0.5,1.4,14.295384615384616,12,0.854389
Tracy McGrady,2012,32,SF,ATL,52,16.1,0.437,0.455,0.675,5.3,3.0,2.1,0.3,0.3,1.0,13.648695652173911,13,0.854389
Trae Young,2019,20,PG,ATL,81,30.9,0.418,0.324,0.829,19.1,3.7,8.1,0.9,0.2,3.8,25.099805825242722,1,5.35644
Trae Young,2020,21,PG,ATL,60,35.3,0.437,0.361,0.86,29.6,4.3,9.3,1.1,0.1,4.8,30.280793201133147,2,6.273
Trae Young,2021,22,PG,ATL,63,33.7,0.438,0.343,0.886,25.3,3.9,9.4,0.8,0.2,4.1,27.37709198813056,3,8.008996
Trae Young,2022,23,PG,ATL,76,34.9,0.46,0.382,0.904,28.4,3.7,9.7,0.9,0.1,4.0,28.379140401146135,4,9.628294
Trae Young,2023,24,PG,ATL,73,34.8,0.429,0.335,0.886,26.2,3.0,10.2,1.1,0.1,4.1,27.902068965517245,5,39.332974
Trae Young,2024,25,PG,ATL,54,36.0,0.43,0.373,0.855,25.7,2.8,10.8,1.3,0.2,4.4,26.4,6,41.254687
Trae Young,2025,26,PG,ATL,76,36.0,0.411,0.34,0.875,24.2,3.1,11.6,1.2,0.2,4.7,26.056,7,43.03194
Travis Diener,2010,27,PG,POR,9,5.7,0.2,0.143,0.25,0.7,0.3,0.9,0.4,0.0,0.0,8.058947368421052,8,0.208802
Travis Leslie,2012,21,SG,LAC,10,4.5,0.357,,0.444,1.4,0.9,0.5,0.2,0.2,0.2,15.967999999999998,2,0.5
Travis Outlaw,2010,25,SF,LAC,34,21.5,0.391,0.381,0.831,9.1,3.6,1.0,0.5,0.5,0.9,16.65711627906977,6,3.6
Travis Outlaw,2011,26,SF,NJN,82,28.8,0.375,0.302,0.772,9.2,4.0,1.0,0.4,0.4,0.9,13.405000000000001,7,7.0
Travis Outlaw,2012,27,SF,SAC,39,12.8,0.343,0.267,0.674,4.3,1.6,0.4,0.5,0.5,0.5,15.5475,8,3.0
Travis Outlaw,2013,28,SF,SAC,38,11.7,0.418,0.28,0.731,5.3,1.6,0.6,0.3,0.2,0.5,17.895384615384618,9,3.0
Travis Outlaw,2014,29,SF,SAC,63,16.9,0.399,0.35,0.808,5.4,2.7,0.8,0.3,0.3,0.4,12.67881656804734,10,3.0
Travis Wear,2015,24,SF,NYK,51,13.2,0.402,0.367,0.769,3.9,2.1,0.8,0.3,0.2,0.7,13.69090909090909,5,0.507336
Travis Wear,2018,27,SF,LAL,17,13.4,0.347,0.362,1.0,4.4,2.2,0.4,0.2,0.3,0.4,12.949253731343283,8,0.148318
Trayce Jackson-Davis,2024,23,PF,GSW,68,16.6,0.702,0.0,0.561,7.9,5.0,1.2,0.4,1.1,0.7,13.957590361445783,4,1.152829
Trayce Jackson-Davis,2025,24,C,GSW,62,15.6,0.576,0.0,0.578,6.6,5.0,1.7,0.4,0.6,0.7,14.547692307692309,5,1.891857
Trayvon Palmer,2022,27,SG,DET,1,17.0,0.0,,,0.0,2.0,0.0,0.0,0.0,1.0,4.235294117647059,8,0.061489
Tre Jones,2021,21,PG,SAS,37,7.3,0.474,0.6,0.895,2.5,0.6,1.1,0.2,0.0,0.4,13.413698630136986,2,1.094762
Tre Jones,2022,22,PG,SAS,69,16.6,0.49,0.196,0.78,6.0,2.2,3.4,0.6,0.1,0.7,13.385060240963854,3,1.755313
Tre Jones,2023,23,PG,SAS,68,29.2,0.459,0.285,0.86,12.9,3.6,6.6,1.3,0.1,1.6,16.767123287671232,4,1.890091
Tre Jones,2024,24,PG,SAS,77,27.8,0.505,0.335,0.856,10.0,3.8,6.2,1.0,0.1,1.5,12.897841726618703,5,10.189877
Tre Jones,2025,25,PG,CHI,46,19.7,0.538,0.396,0.821,7.2,2.5,4.2,0.8,0.2,0.8,12.170558375634517,6,9.104167
Tre Mann,2022,20,PG,OKC,60,22.8,0.393,0.36,0.793,10.4,2.9,1.5,0.8,0.2,1.2,18.341052631578947,1,3.354841
Tre Mann,2023,21,PG,OKC,67,17.7,0.393,0.315,0.764,7.7,2.3,1.8,0.6,0.2,0.9,17.800677966101695,2,3.229849
Tre Mann,2024,22,PG,CHO,41,24.1,0.459,0.373,0.763,9.3,3.6,4.0,1.2,0.1,1.6,14.812282157676348,3,3.286229
Tre Mann,2025,23,PG,CHO,13,24.5,0.435,0.4,0.905,14.1,2.9,3.0,0.5,0.3,1.9,22.04669387755102,4,4.908373
Tre Scott,2022,25,SF,CLE,2,5.5,0.5,0.0,,3.0,1.0,0.0,0.5,0.5,0.0,19.636363636363637,6,0.061489
Tremont Waters,2021,23,PG,BOS,26,9.2,0.405,0.395,0.941,3.8,0.8,2.4,0.6,0.0,1.0,17.640000000000004,4,0.868047
Tremont Waters,2022,24,PG,WAS,3,16.7,0.286,0.222,,3.3,1.3,2.3,1.7,0.0,1.3,12.934131736526947,5,0.221856
Trendon Watford,2022,21,SF,POR,48,18.1,0.532,0.237,0.755,7.6,4.1,1.7,0.5,0.6,0.9,14.678453038674032,2,0.889034
Trendon Watford,2023,22,PF,POR,62,19.1,0.56,0.391,0.72,7.4,3.8,2.1,0.5,0.2,1.1,13.201256544502616,3,1.657779
Trendon Watford,2024,23,PF,BRK,63,13.6,0.527,0.397,0.794,6.9,3.1,1.3,0.4,0.3,1.0,17.364705882352943,4,2.079719
Trendon Watford,2025,24,PF,BRK,44,20.8,0.469,0.33,0.762,10.2,3.6,2.6,0.6,0.3,1.9,19.266923076923078,5,2.726603
Trent Forrest,2021,22,PG,UTA,30,10.1,0.451,0.192,1.0,2.9,1.5,1.5,0.3,0.1,0.7,11.99049504950495,3,0.573625
Trent Forrest,2022,23,PG,UTA,60,12.8,0.49,0.185,0.792,3.3,1.7,1.8,0.5,0.1,0.8,10.5525,4,0.535632
Trent Forrest,2023,24,PG,ATL,23,12.0,0.417,0.0,0.667,2.3,1.6,1.7,0.3,0.1,0.7,10.032000000000002,5,0.539571
Trent Forrest,2024,25,SG,ATL,38,10.9,0.378,0.2,0.765,2.2,1.3,2.4,0.3,0.1,0.5,10.159266055045872,6,1.146002
Trenton Hassell,2010,30,SF,NJN,52,21.3,0.411,0.0,0.754,4.5,2.9,1.0,0.3,0.2,0.9,9.586478873239436,11,4.35
Trevelin Queen,2022,24,SG,HOU,10,7.4,0.455,0.375,1.0,4.3,1.6,0.4,0.5,0.1,0.7,20.315675675675678,5,0.350491
Trevelin Queen,2023,25,SG,IND,7,10.0,0.241,0.133,1.0,3.0,2.4,0.9,0.3,0.7,1.0,19.468799999999998,6,0.889466
Trevelin Queen,2024,26,SG,ORL,14,11.8,0.368,0.176,0.75,2.9,1.4,1.3,0.5,0.4,0.5,10.97084745762712,7,0.576415
Treveon Graham,2017,23,SG,CHO,27,7.0,0.475,0.6,0.667,2.1,0.8,0.2,0.2,0.0,0.1,9.586285714285713,4,0.543471
Treveon Graham,2019,25,SG,BRK,35,20.4,0.335,0.297,0.818,5.3,3.1,1.0,0.4,0.2,0.5,11.054117647058826,6,1.512601
Treveon Graham,2020,26,SF,ATL,55,16.9,0.36,0.275,0.643,4.4,2.7,0.8,0.4,0.1,0.5,11.375147928994085,7,1.645357
Trevor Ariza,2010,24,SF,HOU,72,36.5,0.394,0.334,0.649,14.9,5.6,3.8,1.8,0.6,2.2,17.268164383561643,5,5.854
Trevor Ariza,2012,26,SF,NOH,41,32.9,0.417,0.333,0.775,10.8,5.2,3.3,1.7,0.6,1.9,14.006079027355623,7,6.79064
Trevor Ariza,2014,28,SF,WAS,77,35.4,0.456,0.407,0.772,14.4,6.2,2.5,1.6,0.3,1.7,14.135593220338983,9,7.72728
Trevor Ariza,2018,32,SF,HOU,67,33.9,0.412,0.368,0.854,11.7,4.4,1.6,1.5,0.2,0.8,11.75787610619469,13,7.420912
Trevor Ariza,2020,34,SF,SAC,53,28.2,0.438,0.372,0.838,8.0,4.6,1.7,1.3,0.3,1.1,9.977872340425531,15,12.195122
Trevor Ariza,2022,36,SF,LAL,24,19.3,0.333,0.27,0.556,4.0,3.4,1.1,0.5,0.3,0.5,9.236891191709844,17,3.054712
Trevor Booker,2011,23,PF,WAS,65,16.4,0.549,0.0,0.673,5.3,3.9,0.5,0.4,0.6,0.6,11.423414634146342,4,1.20456
Trevor Booker,2012,24,PF,WAS,50,25.2,0.531,0.5,0.602,8.4,6.5,0.8,1.0,0.9,1.2,12.622857142857143,5,1.29492
Trevor Booker,2013,25,PF,WAS,48,18.5,0.491,0.0,0.556,5.3,5.0,0.8,0.7,0.3,0.6,11.403243243243242,6,2.35082
Trevor Booker,2014,26,PF,WAS,72,21.6,0.551,0.0,0.618,6.8,5.3,0.9,0.6,0.6,0.8,11.473333333333333,7,2.35082
Trevor Booker,2015,27,PF,UTA,79,19.8,0.487,0.345,0.581,7.2,5.0,1.1,0.5,0.5,1.1,14.247272727272726,8,5.0
Trevor Booker,2016,28,PF,UTA,79,20.7,0.49,0.293,0.67,5.9,5.7,1.1,0.7,0.5,1.0,11.255652173913045,9,4.775
Trevor Booker,2017,29,PF,BRK,71,24.7,0.516,0.321,0.673,10.0,8.0,1.9,1.1,0.4,1.8,15.682591093117413,10,9.25
Trevor Hudgins,2023,23,PG,HOU,5,5.6,0.222,0.25,1.0,1.8,0.0,0.6,0.0,0.0,0.2,14.554285714285717,4,0.539571
Trevor Keels,2023,19,SG,NYK,3,2.7,0.25,0.25,0.0,1.0,0.7,0.0,0.0,0.0,0.0,17.333333333333332,1,0.551974
Trey Burke,2014,21,PG,UTA,70,32.3,0.38,0.33,0.903,12.8,3.0,5.7,0.6,0.1,1.9,17.16854489164087,2,2.43876
Trey Burke,2015,22,PG,UTA,76,30.1,0.368,0.318,0.752,12.8,2.7,4.3,0.9,0.2,1.6,18.700863787375415,3,2.54856
Trey Burke,2016,23,PG,UTA,64,21.3,0.413,0.344,0.817,10.6,1.8,2.3,0.5,0.1,1.3,19.89633802816902,4,2.65824
Trey Burke,2017,24,PG,WAS,57,12.3,0.455,0.443,0.759,5.0,0.8,1.8,0.2,0.1,0.8,16.156097560975606,5,3.386598
Trey Burke,2018,25,PG,NYK,36,21.8,0.503,0.362,0.649,12.8,2.0,4.7,0.7,0.1,1.2,20.813944954128438,6,1.544951
Trey Burke,2019,26,PG,DAL,58,19.4,0.431,0.352,0.831,10.9,1.7,2.7,0.6,0.1,0.8,20.642474226804126,7,1.795015
Trey Burke,2020,27,PG,DAL,33,15.8,0.45,0.427,0.793,7.4,1.5,2.5,0.5,0.1,0.6,16.623797468354425,8,1.620564
Trey Burke,2021,28,PG,DAL,62,14.7,0.428,0.354,0.895,6.6,0.9,1.3,0.6,0.1,0.5,16.153469387755106,9,3.656074
Trey Burke,2022,29,PG,DAL,42,10.5,0.391,0.317,0.87,5.1,0.8,1.4,0.3,0.0,0.6,20.297142857142855,10,3.642494
Trey Gilder,2010,25,SF,MEM,2,2.5,1.0,,,1.0,0.5,0.0,0.5,0.0,0.0,7.2,6,0.457588
Trey Jemison,2024,24,C,MEM,25,22.9,0.551,0.0,0.84,6.8,5.4,1.1,0.5,1.1,1.4,11.381659388646288,5,0.351149
Trey Johnson,2011,26,SG,LAL,8,11.8,0.364,0.333,0.9,4.3,0.9,1.4,0.1,0.1,0.6,16.084067796610167,7,0.008967
Trey Johnson,2012,27,SG,NOH,11,5.5,0.571,,1.0,1.9,1.1,0.4,0.1,0.0,0.5,13.22181818181818,8,0.854389
Trey Lyles,2016,20,PF,UTA,80,17.3,0.438,0.383,0.695,6.1,3.7,0.7,0.3,0.2,0.8,14.025433526011561,1,2.2398
Trey Lyles,2017,21,PF,UTA,71,16.3,0.362,0.319,0.722,6.2,3.3,1.0,0.4,0.3,0.9,16.74993865030675,2,2.3406
Trey Lyles,2018,22,PF,DEN,73,19.1,0.491,0.381,0.706,9.9,4.8,1.2,0.4,0.5,0.8,17.302617801047123,3,2.4414
Trey Lyles,2019,23,PF,DEN,64,17.5,0.418,0.255,0.698,8.5,3.8,1.4,0.5,0.4,1.1,19.732114285714285,4,3.364249
Trey Lyles,2020,24,PF,SAS,63,20.2,0.446,0.387,0.733,6.4,5.7,1.1,0.4,0.4,0.6,11.241980198019801,5,5.5
Trey Lyles,2021,25,PF,SAS,23,15.6,0.478,0.35,0.652,5.0,3.7,0.6,0.3,0.0,0.3,10.707692307692307,6,6.702802
Trey Lyles,2022,26,PF,SAC,75,20.5,0.466,0.321,0.802,10.5,5.1,1.2,0.4,0.4,1.0,17.39941463414634,7,2.890868
Trey Lyles,2023,27,PF,SAC,74,16.9,0.458,0.363,0.815,7.6,4.1,0.9,0.4,0.4,0.9,15.226508875739649,8,2.783256
Trey Lyles,2024,28,PF,SAC,58,20.0,0.445,0.384,0.7,7.2,4.4,1.2,0.3,0.3,0.7,12.110400000000002,9,8.237711
Trey Lyles,2025,29,PF,SAC,69,19.6,0.42,0.34,0.7,6.5,4.6,1.2,0.6,0.3,0.6,11.990204081632653,10,8.0
Trey Murphy III,2025,24,SF,NOP,53,35.0,0.454,0.361,0.887,21.2,5.1,3.5,1.1,0.7,1.9,20.151771428571426,5,5.159854
Trey Thompkins,2012,21,C,LAC,24,5.0,0.393,0.308,0.714,2.4,1.0,0.1,0.1,0.1,0.3,21.1104,2,0.535
Tristan Da Silva,2025,23,SF,ORL,74,22.0,0.412,0.335,0.873,7.2,3.3,1.5,0.4,0.2,0.8,12.593454545454545,4,3.62844
Tristan Thompson,2012,20,PF,CLE,60,23.7,0.439,0.0,0.552,8.2,6.5,0.5,0.5,1.0,1.4,15.505822784810126,1,3.7266
Tristan Thompson,2013,21,PF,CLE,82,31.3,0.488,0.0,0.608,11.7,9.4,1.3,0.7,0.9,1.5,14.653035143769966,2,3.89424
Tristan Thompson,2014,22,PF,CLE,82,31.6,0.477,0.0,0.693,11.7,9.2,0.9,0.5,0.4,1.3,14.13113924050633,3,4.062
Tristan Thompson,2015,23,PF,CLE,82,26.8,0.547,,0.641,8.5,8.0,0.5,0.4,0.7,1.0,11.176119402985073,4,5.13843
Tristan Thompson,2016,24,PF,CLE,82,27.7,0.588,,0.616,7.8,9.0,0.8,0.5,0.6,0.7,9.253429602888087,5,14.26087
Tristan Thompson,2017,25,C,CLE,78,29.9,0.6,0.0,0.498,8.1,9.2,1.0,0.5,1.1,0.8,9.136053511705686,6,15.330435
Tristan Thompson,2018,26,C,CLE,53,20.2,0.562,,0.544,5.8,6.6,0.6,0.3,0.3,0.7,10.265346534653466,7,17.469565
Tristan Thompson,2019,27,C,CLE,43,27.9,0.529,,0.642,10.9,10.2,2.0,0.7,0.4,1.4,14.580645161290324,8,17.469565
Tristan Thompson,2020,28,PF,CLE,57,30.2,0.512,0.391,0.615,12.0,10.1,2.1,0.6,0.9,1.8,15.415629139072848,9,18.53913
Tristan Thompson,2021,29,PF,BOS,54,23.8,0.518,0.0,0.592,7.6,8.1,1.2,0.4,0.6,1.1,12.203697478991595,10,11.282645
Tristan Thompson,2022,30,PF,CHI,57,15.7,0.528,0.333,0.526,6.0,5.1,0.6,0.4,0.4,0.8,14.629299363057326,11,11.501738
Tristan Thompson,2024,32,C,CLE,49,11.2,0.608,0.0,0.288,3.3,3.6,1.0,0.2,0.3,0.6,11.19857142857143,13,3.291427
Tristan Thompson,2025,33,C,CLE,40,8.2,0.437,0.0,0.233,1.7,3.4,0.6,0.1,0.3,0.4,11.203902439024391,14,2.087519
Tristan Vukcevic,2024,20,C,WAS,10,15.3,0.433,0.278,0.773,8.5,3.6,1.3,0.5,0.7,1.0,20.395294117647058,1,2.496945
Troy Brown Jr.,2019,19,SF,WAS,52,14.0,0.415,0.319,0.681,4.8,2.8,1.5,0.4,0.1,0.6,14.132571428571428,1,2.74908
Troy Brown Jr.,2020,20,SF,WAS,69,25.8,0.439,0.341,0.784,10.4,5.6,2.6,1.2,0.1,1.1,15.32093023255814,1,3.21948
Troy Daniels,2014,22,SG,HOU,5,15.0,0.484,0.48,,8.4,0.8,1.0,0.0,0.0,0.6,16.32,3,0.158588
Troy Daniels,2015,23,SG,CHO,47,8.4,0.37,0.364,0.846,3.7,0.7,0.5,0.1,0.0,0.4,17.279999999999998,4,0.816482
Troy Daniels,2016,24,SG,CHO,43,11.1,0.476,0.484,0.556,5.6,1.3,0.5,0.3,0.1,0.6,16.177297297297297,5,0.947276
Troy Daniels,2017,25,SG,MEM,67,17.7,0.374,0.389,0.796,8.2,1.5,0.7,0.3,0.1,0.7,17.190508474576273,6,3.33294
Troy Daniels,2018,26,SG,PHO,79,20.5,0.403,0.4,0.875,8.9,1.6,0.6,0.3,0.1,0.7,14.666926829268293,7,3.40852
Troy Daniels,2019,27,SG,PHO,51,14.9,0.411,0.381,0.783,6.2,1.4,0.5,0.5,0.1,0.5,14.786577181208052,8,3.258539
Troy Daniels,2020,28,SG,DEN,47,11.3,0.387,0.348,0.625,4.3,1.1,0.4,0.2,0.1,0.3,14.119646017699113,9,0.384541
Troy Murphy,2010,29,PF,IND,72,32.6,0.472,0.384,0.798,14.6,10.2,2.1,1.0,0.5,1.4,15.336441717791413,10,11.047619
Troy Murphy,2011,30,PF,BOS,35,13.3,0.368,0.152,0.667,3.1,3.2,0.7,0.4,0.1,0.6,11.628270676691727,11,0.21611
Troy Murphy,2012,31,PF,LAL,59,16.2,0.45,0.418,0.667,3.2,3.2,0.9,0.3,0.3,0.4,7.528888888888889,12,0.854389
Troy Murphy,2013,32,PF,DAL,14,18.3,0.361,0.314,0.909,4.6,3.5,0.5,0.7,0.4,0.5,10.331803278688525,13,0.839312
Troy Williams,2017,22,SF,HOU,30,18.6,0.437,0.29,0.656,6.2,2.3,0.8,0.9,0.3,1.1,13.904516129032256,3,0.076725
Troy Williams,2018,23,SF,NYK,21,14.6,0.468,0.289,0.667,6.3,3.0,0.8,1.0,0.2,0.9,16.560000000000002,4,1.544951
Troy Williams,2019,24,SF,SAC,21,14.9,0.449,0.318,0.6,5.3,2.8,0.5,0.5,0.4,0.4,13.066308724832215,5,1.512601
Ty Jerome,2020,22,SG,PHO,31,10.6,0.336,0.28,0.75,3.3,1.5,1.4,0.5,0.1,0.6,15.011320754716982,3,2.19348
Ty Jerome,2021,23,SG,OKC,33,23.9,0.446,0.423,0.765,10.7,2.8,3.6,0.6,0.2,1.4,15.876150627615061,4,2.806695
Ty Jerome,2022,24,SG,OKC,48,16.7,0.378,0.29,0.809,7.1,1.6,2.3,0.6,0.1,0.8,17.331736526946113,5,2.790081
Ty Jerome,2023,25,SG,GSW,45,18.1,0.488,0.389,0.927,6.9,1.7,3.0,0.5,0.1,0.7,12.92022099447514,6,5.014046
Ty Jerome,2024,26,SG,CLE,2,7.5,0.5,0.0,0.0,2.0,0.5,1.5,0.0,0.0,0.5,12.0,7,2.511498
Ty Jerome,2025,27,SG,CLE,70,19.9,0.516,0.439,0.872,12.5,2.5,3.4,1.1,0.0,1.3,19.942914572864325,8,2.560975
Ty Lawson,2010,22,PG,DEN,65,20.3,0.515,0.41,0.757,8.3,1.9,3.1,0.7,0.0,1.3,14.662463054187192,3,1.43868
Ty Lawson,2011,23,PG,DEN,80,26.3,0.503,0.404,0.764,11.7,2.6,4.7,1.0,0.1,1.7,15.78524714828897,4,1.54656
Ty Lawson,2012,24,PG,DEN,61,34.8,0.488,0.365,0.824,16.4,3.7,6.6,1.3,0.1,2.4,17.110344827586207,5,1.65444
Ty Lawson,2013,25,PG,DEN,73,34.4,0.461,0.366,0.756,16.7,2.7,6.9,1.5,0.1,2.5,18.514883720930236,6,2.544529
Ty Lawson,2014,26,PG,DEN,62,35.8,0.431,0.356,0.798,17.6,3.5,8.8,1.6,0.2,3.2,19.166480446927373,7,10.786517
Ty Lawson,2015,27,PG,DEN,75,35.5,0.436,0.341,0.73,15.2,3.1,9.6,1.2,0.1,2.5,17.15019718309859,8,11.595506
Ty Lawson,2016,28,PG,IND,66,21.4,0.393,0.333,0.686,5.7,1.8,3.6,0.8,0.1,1.4,12.401495327102804,9,0.211744
Ty Lawson,2017,29,PG,SAC,69,25.1,0.454,0.288,0.797,9.9,2.6,4.8,1.1,0.1,1.9,15.58183266932271,10,0.980431
Ty-Shon Alexander,2021,22,SG,PHO,15,3.1,0.25,0.222,0.5,0.6,0.7,0.4,0.0,0.1,0.2,12.123870967741937,3,0.547332
Tyler Bey,2021,22,SF,DAL,18,3.9,0.318,0.25,0.6,1.0,1.1,0.2,0.0,0.1,0.2,14.14153846153846,3,0.547332
Tyler Cavanaugh,2018,23,PF,ATL,39,13.3,0.441,0.36,0.81,4.7,3.3,0.7,0.2,0.1,0.4,12.234586466165416,4,0.679919
Tyler Cook,2021,23,SF-PF,DET,32,13.7,0.67,0.5,0.486,4.9,3.0,0.5,0.3,0.1,0.7,11.520000000000001,4,0.844724
Tyler Cook,2022,24,PF,CHI,20,10.0,0.605,,0.656,3.4,2.7,0.2,0.2,0.2,0.4,10.814400000000001,5,0.534959
Tyler Dorsey,2018,21,SG,ATL,56,17.4,0.377,0.362,0.714,7.2,2.3,1.4,0.3,0.1,0.7,16.518620689655172,2,1.378242
Tyler Dorsey,2019,22,SG,MEM,48,14.5,0.405,0.333,0.623,6.2,2.4,1.2,0.3,0.0,0.6,16.56496551724138,3,1.378242
Tyler Dorsey,2023,26,SG,DAL,3,2.7,0.8,0.5,0.0,3.0,0.7,0.0,0.0,0.0,0.0,22.666666666666664,7,0.213968
Tyler Ennis,2015,20,PG,MIL,33,12.5,0.361,0.279,0.714,3.7,1.1,2.2,0.5,0.2,1.3,16.669439999999998,1,1.59072
Tyler Ennis,2016,21,PG,MIL,46,14.2,0.449,0.333,0.735,4.5,1.6,2.1,0.5,0.0,1.0,13.710422535211267,2,1.66236
Tyler Ennis,2017,22,PG,LAL,53,11.1,0.433,0.386,0.84,4.3,0.8,1.6,0.5,0.0,0.8,15.956756756756757,3,1.73388
Tyler Ennis,2018,23,PG,LAL,54,12.6,0.42,0.25,0.759,4.1,1.8,1.9,0.6,0.2,0.7,14.342857142857142,4,1.524305
Tyler Hall,2022,24,SG,NYK,1,2.0,,,,0.0,0.0,0.0,0.0,0.0,0.0,0.0,5,0.061489
Tyler Hansbrough,2010,24,PF,IND,29,17.6,0.36,0.0,0.743,8.5,4.8,1.0,0.6,0.3,0.7,20.89636363636363,5,1.85916
Tyler Hansbrough,2011,25,PF,IND,70,21.9,0.465,0.0,0.779,11.0,5.2,0.6,0.5,0.2,1.1,18.877808219178082,6,1.9986
Tyler Hansbrough,2012,26,PF,IND,66,21.8,0.405,0.0,0.813,9.3,4.4,0.5,0.8,0.1,1.0,16.75816513761468,7,2.13804
Tyler Hansbrough,2013,27,PF,IND,81,16.9,0.432,0.0,0.72,7.0,4.6,0.4,0.4,0.2,1.0,16.248994082840237,8,3.055259
Tyler Hansbrough,2014,28,PF,TOR,64,15.3,0.474,0.0,0.681,4.9,4.5,0.3,0.4,0.3,0.7,11.943529411764706,9,3.183
Tyler Hansbrough,2015,29,PF,TOR,74,14.3,0.521,0.143,0.698,3.6,3.6,0.3,0.4,0.2,0.3,8.398321678321677,10,3.326235
Tyler Hansbrough,2016,30,PF,CHO,44,7.8,0.451,0.667,0.585,2.4,2.0,0.2,0.3,0.2,0.3,11.815384615384616,11,0.947276
Tyler Herro,2020,20,SG,MIA,55,27.4,0.428,0.389,0.87,13.5,4.1,2.2,0.6,0.2,1.6,18.252262773722627,1,3.6402
Tyler Herro,2021,21,SG,MIA,54,30.3,0.439,0.36,0.803,15.1,5.0,3.4,0.6,0.3,1.9,18.734257425742573,2,4.658131
Tyler Herro,2022,22,SG,MIA,66,32.6,0.447,0.399,0.868,20.7,5.0,4.0,0.7,0.1,2.6,23.247607361963187,3,4.630339
Tyler Herro,2023,23,SG,MIA,67,34.9,0.439,0.378,0.934,20.1,5.4,4.2,0.8,0.2,2.4,20.82429799426934,4,6.06709
Tyler Herro,2024,24,SG,MIA,42,33.5,0.441,0.396,0.856,20.8,5.3,4.5,0.7,0.1,2.2,22.399522388059697,5,27.802277
Tyler Herro,2025,25,SG,MIA,77,35.4,0.472,0.375,0.878,23.9,5.2,5.5,0.9,0.2,2.6,22.726779661016952,6,29.0
Tyler Honeycutt,2012,21,SF,SAC,15,5.9,0.333,0.333,0.6,1.3,0.9,0.5,0.3,0.2,0.1,11.178305084745764,2,0.809875
Tyler Honeycutt,2013,22,SF,SAC,9,3.6,0.273,0.0,1.0,0.9,1.1,0.2,0.0,0.1,0.6,18.879999999999995,3,0.809875
Tyler Johnson,2015,22,SG,MIA,32,18.8,0.419,0.375,0.681,5.9,2.5,1.3,1.0,0.3,0.9,12.94468085106383,3,0.19995
Tyler Johnson,2016,23,SG,MIA,36,24.0,0.486,0.38,0.797,8.7,3.0,2.2,0.7,0.4,1.3,13.338,4,0.845059
Tyler Johnson,2017,24,PG,MIA,73,29.8,0.433,0.372,0.768,13.7,4.0,3.2,1.2,0.6,1.2,16.96107382550335,5,5.628
Tyler Johnson,2018,25,PG,MIA,72,28.5,0.435,0.367,0.822,11.7,3.4,2.3,0.8,0.5,1.1,14.895157894736842,6,19.24537
Tyler Johnson,2019,26,PG,PHO,57,26.8,0.413,0.346,0.748,10.9,3.0,2.9,0.9,0.5,1.4,15.53910447761194,7,19.356932
Tyler Johnson,2020,27,PG-SG,BRK,39,18.2,0.388,0.319,0.84,7.0,1.9,1.9,0.4,0.2,0.7,15.175384615384617,8,0.183115
Tyler Johnson,2021,28,SG,BRK,39,17.5,0.393,0.364,0.857,5.4,2.0,1.2,0.4,0.0,0.4,10.944,9,2.47223
Tyler Johnson,2022,29,PG,SAS,6,15.2,0.3,0.385,,2.8,2.0,1.2,0.5,0.5,0.3,8.526315789473685,10,0.297664
Tyler Kolek,2025,23,PG,NYK,41,7.2,0.329,0.298,0.765,2.0,0.7,1.7,0.3,0.1,0.4,12.88,4,2.087519
Tyler Lydon,2018,21,PF,DEN,1,2.0,,,,0.0,0.0,0.0,0.0,0.0,0.0,0.0,2,1.57944
Tyler Lydon,2019,22,PF,DEN,25,3.8,0.5,0.4,0.333,0.9,0.7,0.2,0.1,0.0,0.2,8.94315789473684,3,1.87464
Tyler Smith,2025,20,PF,MIL,23,5.3,0.48,0.433,0.75,2.9,1.1,0.2,0.1,0.2,0.3,17.877735849056606,1,1.157153
Tyler Ulis,2017,21,PG,PHO,61,18.4,0.421,0.266,0.775,7.3,1.6,3.7,0.8,0.1,1.3,17.663478260869567,2,0.918369
Tyler Ulis,2018,22,PG,PHO,71,23.4,0.388,0.288,0.832,7.8,1.8,4.4,1.0,0.1,1.8,15.71692307692308,3,1.312611
Tyler Zeller,2013,23,C,CLE,77,26.4,0.438,0.0,0.764,7.9,5.7,1.2,0.5,0.9,1.2,12.79090909090909,4,1.56312
Tyler Zeller,2014,24,C,CLE,70,15.0,0.538,0.0,0.719,5.7,4.0,0.5,0.3,0.5,0.9,13.7952,5,1.63344
Tyler Zeller,2015,25,C,BOS,82,21.1,0.549,,0.823,10.2,5.7,1.4,0.2,0.6,0.9,16.058388625592418,6,1.70376
Tyler Zeller,2016,26,C,BOS,60,11.8,0.476,,0.815,6.1,3.0,0.5,0.2,0.4,0.8,19.50101694915254,7,2.616975
Tyler Zeller,2017,27,C,BOS,51,10.3,0.494,0.0,0.564,3.5,2.4,0.8,0.1,0.4,0.4,13.463300970873785,8,8.0
Tyler Zeller,2018,28,C,MIL,66,16.8,0.56,0.357,0.722,6.7,4.6,0.7,0.2,0.5,0.7,13.56,9,1.933941
Tyler Zeller,2019,29,C,MEM,6,15.5,0.533,0.0,0.778,7.7,4.0,0.7,0.2,0.5,0.7,16.304516129032258,10,0.05982
Tyler Zeller,2020,30,C,SAS,2,2.0,0.25,,,1.0,2.0,0.0,0.0,0.0,0.0,36.0,11,0.245686
Tyreke Evans,2010,20,SG,SAC,72,37.2,0.458,0.255,0.748,20.1,5.3,5.8,1.5,0.4,3.0,21.34838709677419,1,3.61008
Tyreke Evans,2011,21,SG,SAC,57,37.0,0.409,0.291,0.771,17.8,4.8,5.6,1.5,0.5,3.2,21.08237837837838,2,3.88092
Tyreke Evans,2012,22,SG,SAC,63,34.3,0.453,0.202,0.779,16.5,4.6,4.5,1.3,0.5,2.7,19.73597667638484,3,5.251825
Tyreke Evans,2013,23,SG,SAC,65,31.0,0.478,0.338,0.775,15.2,4.4,3.5,1.4,0.4,2.0,18.17187096774194,4,5.250825
Tyreke Evans,2014,24,SF,NOP,72,28.2,0.436,0.221,0.771,14.5,4.7,5.0,1.2,0.3,2.4,21.43659574468085,5,11.796247
Tyreke Evans,2015,25,SG,NOP,79,34.1,0.447,0.304,0.694,16.6,5.3,6.6,1.3,0.5,3.1,20.51049853372434,6,11.265416
Tyreke Evans,2016,26,SG,NOP,25,30.6,0.433,0.388,0.796,15.2,5.2,6.6,1.3,0.3,2.9,20.150588235294116,7,10.734586
Tyreke Evans,2017,27,SF,SAC,40,19.7,0.405,0.356,0.75,10.3,3.4,3.1,0.9,0.2,1.5,21.5853807106599,8,10.203755
Tyreke Evans,2018,28,PG,MEM,52,30.9,0.452,0.399,0.785,19.4,5.1,5.2,1.1,0.3,2.3,22.90485436893204,9,3.29
Tyreke Evans,2019,29,SG,IND,69,20.3,0.389,0.356,0.719,10.2,2.9,2.4,0.8,0.3,1.7,21.834088669950738,10,12.4
Tyrell Terry,2021,20,PG,DAL,11,5.1,0.313,0.0,0.333,1.0,0.5,0.5,0.5,0.0,0.2,12.931764705882353,1,1.571924
Tyrell Terry,2022,21,PG,MEM,2,1.5,1.0,,,1.0,0.0,0.0,0.0,0.0,0.0,12.0,2,2.161719
Tyrese Haliburton,2021,20,PG,SAC,58,30.1,0.472,0.409,0.857,13.0,3.0,5.3,1.3,0.5,1.6,15.237209302325578,1,4.66983
Tyrese Haliburton,2022,21,SG-PG,IND,77,35.0,0.473,0.414,0.842,15.3,4.0,8.2,1.7,0.6,2.6,15.942857142857143,2,4.652679
Tyrese Haliburton,2023,22,PG,IND,56,33.6,0.49,0.4,0.871,20.7,3.7,10.4,1.6,0.4,2.5,20.447142857142858,3,4.469241
Tyrese Haliburton,2024,23,PG,IND,69,32.2,0.477,0.364,0.855,20.1,3.9,10.9,1.2,0.7,2.3,21.18857142857143,4,5.981026
Tyrese Haliburton,2025,24,PG,IND,73,33.6,0.473,0.388,0.851,18.6,3.5,9.2,1.4,0.7,1.6,17.914285714285715,5,42.1764
Tyrese Martin,2023,23,SG,ATL,16,4.1,0.391,0.143,1.0,1.3,0.8,0.1,0.1,0.0,0.1,13.557073170731709,4,1.07914
Tyrese Martin,2025,25,SG,BRK,60,21.9,0.406,0.351,0.793,8.7,3.7,2.0,0.6,0.2,1.2,15.517808219178082,6,0.635853
Tyrese Maxey,2021,20,SG,PHI,61,15.3,0.462,0.301,0.871,8.0,1.7,2.0,0.4,0.2,0.7,19.256470588235292,1,3.020941
Tyrese Maxey,2022,21,PG,PHI,75,35.3,0.485,0.427,0.866,17.5,3.2,4.3,0.7,0.4,1.2,16.26832861189802,2,3.00988
Tyrese Maxey,2023,22,SG,PHI,60,33.6,0.481,0.434,0.845,20.3,2.9,3.5,0.8,0.1,1.3,19.375714285714285,3,2.891278
Tyrese Maxey,2024,23,PG,PHI,70,37.5,0.45,0.373,0.868,25.9,3.7,6.2,1.0,0.5,1.7,23.40096,4,4.472995
Tyrese Maxey,2025,24,PG,PHI,52,37.7,0.437,0.337,0.879,26.3,3.3,6.1,1.8,0.4,2.4,24.697718832891244,5,35.147
Tyrone Wallace,2019,24,PG,LAC,62,10.1,0.424,0.211,0.526,3.5,1.6,0.7,0.3,0.1,0.6,16.025346534653465,5,1.349383
Tyrone Wallace,2020,25,SG,ATL,14,11.4,0.318,0.067,0.647,2.9,1.6,0.9,0.5,0.1,0.7,13.667368421052632,6,1.588231
Tyrone Wallace,2022,27,SG,NOP,6,12.5,0.35,0.25,0.2,2.8,1.3,0.2,0.5,0.2,0.3,11.38176,8,0.229835
Tyrus Thomas,2010,23,PF-C,CHA,54,22.6,0.462,0.0,0.686,9.4,6.2,1.0,1.2,1.6,1.7,17.375575221238936,4,4.743598
Tyrus Thomas,2011,24,C,CHA,41,21.0,0.471,0.0,0.787,10.2,5.5,0.7,0.7,1.6,1.6,19.117714285714285,5,6.61157
Tyrus Thomas,2012,25,PF,CHA,54,18.8,0.367,0.333,0.759,5.6,3.7,0.6,0.7,1.1,1.0,14.859574468085107,6,7.305785
Tyrus Thomas,2013,26,PF,CHA,26,13.8,0.353,0.375,0.839,4.8,2.3,0.7,0.5,0.6,0.7,16.76869565217391,7,8.0
Tyrus Thomas,2015,28,PF,MEM,2,3.5,1.0,,1.0,2.0,0.0,0.5,0.0,0.0,0.0,9.668571428571427,9,0.053838
Tyshawn Taylor,2013,22,PG,BRK,38,5.8,0.368,0.462,0.556,2.2,0.5,0.6,0.3,0.0,0.7,20.532413793103448,3,0.473604
Tyson Chandler,2010,27,C,CHA,51,22.8,0.574,,0.732,6.5,6.3,0.3,0.3,1.1,1.8,10.837894736842104,8,11.7
Tyson Chandler,2011,28,C,DAL,74,27.8,0.654,,0.732,10.1,9.4,0.4,0.5,1.1,1.2,10.955395683453235,9,12.6
Tyson Chandler,2012,29,C,NYK,62,33.2,0.679,0.0,0.689,11.3,9.9,0.9,0.9,1.4,1.6,10.348915662650601,10,13.107837
Tyson Chandler,2013,30,C,NYK,66,32.8,0.638,,0.694,10.4,10.7,0.9,0.6,1.1,1.3,10.005365853658537,11,13.604188
Tyson Chandler,2014,31,C,NYK,55,30.2,0.593,0.0,0.632,8.7,9.6,1.1,0.7,1.1,1.3,10.051390728476822,12,14.100538
Tyson Chandler,2015,32,C,DAL,75,30.5,0.666,,0.72,10.3,11.5,1.1,0.6,1.2,1.4,10.38216393442623,13,14.846888
Tyson Chandler,2016,33,C,PHO,66,24.5,0.583,0.0,0.62,7.2,8.7,1.0,0.5,0.7,1.4,10.791183673469385,14,13.0
Tyson Chandler,2017,34,C,PHO,47,27.6,0.671,,0.734,8.4,11.5,0.6,0.7,0.5,1.4,9.709565217391305,15,12.415
Tyson Chandler,2018,35,C,PHO,46,25.0,0.647,,0.624,6.5,9.1,1.2,0.3,0.6,1.3,9.043199999999999,16,13.0
Tyson Chandler,2019,36,C,LAL,55,15.9,0.616,0.0,0.586,3.1,5.6,0.7,0.4,0.4,0.8,7.480754716981133,17,1.33314
Tyson Chandler,2020,37,C,HOU,26,8.4,0.778,,0.462,1.3,2.5,0.2,0.2,0.3,0.3,5.228571428571429,18,1.620564
Tyus Jones,2016,19,PG,MIN,37,15.5,0.359,0.302,0.718,4.2,1.3,2.9,0.8,0.1,0.9,12.969290322580648,1,1.28208
Tyus Jones,2017,20,PG,MIN,60,12.9,0.414,0.356,0.767,3.5,1.1,2.6,0.8,0.1,0.6,10.906046511627906,1,1.33968
Tyus Jones,2018,21,PG,MIN,82,17.9,0.457,0.349,0.877,5.1,1.6,2.8,1.2,0.1,0.7,10.337430167597768,2,1.471382
Tyus Jones,2019,22,PG,MIN,68,22.9,0.415,0.317,0.841,6.9,2.0,4.8,1.2,0.1,0.7,12.167685589519651,3,2.444053
Tyus Jones,2020,23,PG,MEM,65,19.0,0.459,0.379,0.741,7.4,1.6,4.4,0.9,0.1,0.8,14.771368421052628,4,9.258
Tyus Jones,2021,24,PG,MEM,70,17.5,0.431,0.321,0.911,6.3,2.0,3.7,0.9,0.1,0.7,14.120228571428575,5,10.745376
Tyus Jones,2022,25,PG,MEM,73,21.2,0.451,0.39,0.818,8.7,2.4,4.4,0.9,0.0,0.6,14.596981132075474,6,9.685897
Tyus Jones,2023,26,PG,MEM,80,24.3,0.438,0.371,0.8,10.3,2.5,5.2,1.0,0.1,0.9,15.365925925925927,7,15.90432
Tyus Jones,2024,27,PG,WAS,66,29.3,0.489,0.414,0.8,12.0,2.7,7.3,1.1,0.3,1.0,13.962593856655289,8,14.415995
Tyus Jones,2025,28,PG,PHO,81,26.8,0.448,0.414,0.895,10.2,2.4,5.3,0.9,0.1,1.1,13.174925373134327,9,2.087519
Udoka Azubuike,2021,21,C,UTA,15,3.8,0.444,,0.8,1.1,0.9,0.0,0.1,0.3,0.2,10.496842105263157,2,2.409352
Udoka Azubuike,2023,23,C,UTA,36,10.0,0.819,0.0,0.35,3.5,3.3,0.3,0.2,0.4,0.5,9.9504,4,2.305999
Udoka Azubuike,2024,24,C,PHO,16,7.1,0.696,0.0,0.231,2.2,2.0,0.2,0.1,0.4,0.3,10.404507042253522,5,0.576415
Udonis Haslem,2010,29,PF,MIA,78,27.9,0.494,,0.762,9.9,8.1,0.7,0.4,0.3,1.0,13.161290322580646,10,7.1
Udonis Haslem,2011,30,PF,MIA,13,26.5,0.512,,0.8,8.0,8.2,0.5,0.5,0.2,1.1,11.356981132075472,11,3.5
Udonis Haslem,2012,31,PF,MIA,64,24.8,0.423,,0.814,6.0,7.3,0.7,0.5,0.4,0.9,10.45741935483871,12,4.06
Udonis Haslem,2013,32,PF,MIA,75,18.9,0.514,,0.711,3.9,5.4,0.5,0.4,0.2,0.6,7.9314285714285715,13,4.34
Udonis Haslem,2014,33,PF,MIA,46,14.2,0.507,,0.568,3.8,3.8,0.3,0.2,0.3,0.5,10.495774647887325,14,4.34
Udonis Haslem,2015,34,PF,MIA,62,16.0,0.448,0.2,0.703,4.2,4.2,0.7,0.3,0.2,0.7,11.34,15,2.732
Udonis Haslem,2016,35,PF,MIA,37,7.0,0.377,0.111,0.75,1.6,2.0,0.4,0.1,0.1,0.1,9.648,16,2.85494
Udonis Haslem,2017,36,C,MIA,16,8.1,0.478,0.0,0.6,1.9,2.3,0.4,0.4,0.1,0.5,10.204444444444444,17,4.0
Udonis Haslem,2019,38,C,MIA,10,7.4,0.333,0.0,0.75,2.5,2.7,0.2,0.0,0.0,0.3,18.369729729729727,19,1.512601
Udonis Haslem,2020,39,C,MIA,4,11.0,0.364,0.333,0.75,3.0,4.0,0.3,0.0,0.0,0.3,11.585454545454544,20,1.620564
Udonis Haslem,2021,40,C,MIA,1,3.0,1.0,,,4.0,1.0,0.0,0.0,0.0,0.0,24.0,20,3.125642
Udonis Haslem,2022,41,C,MIA,13,6.4,0.452,0.25,1.0,2.5,1.9,0.3,0.1,0.1,0.4,16.244999999999997,20,3.054712
Udonis Haslem,2023,42,C,MIA,7,10.1,0.345,0.333,0.8,3.9,1.6,0.0,0.1,0.3,0.1,16.068118811881185,20,3.081038
Usman Garuba,2022,19,PF,HOU,24,10.0,0.432,0.25,0.714,2.0,3.5,0.7,0.4,0.5,0.3,8.0352,1,2.721255
Usman Garuba,2023,20,PF,HOU,75,12.9,0.486,0.407,0.617,3.0,4.1,0.9,0.6,0.4,0.6,9.108837209302324,1,2.620141
Usman Garuba,2024,21,PF,GSW,6,3.0,0.167,0.0,0.5,0.5,1.2,0.2,0.2,0.5,0.3,17.184,2,3.253679
Vasilije Micic,2025,31,PG,PHO,41,19.1,0.348,0.36,0.829,6.6,2.2,3.1,0.4,0.0,1.9,17.038743455497382,12,7.723
Vernon Macklin,2012,25,C,DET,23,5.9,0.543,,0.571,2.0,1.5,0.2,0.2,0.2,0.1,11.373559322033897,6,0.473604
Victor Claver,2013,24,SF,POR,49,16.6,0.392,0.287,0.467,3.8,2.4,0.9,0.5,0.2,0.9,10.982168674698794,5,1.3
Victor Claver,2014,25,SF,POR,21,8.8,0.405,0.167,0.909,2.2,1.9,0.6,0.1,0.1,0.5,11.127272727272727,6,1.33
Victor Claver,2015,26,SF,POR,10,7.6,0.45,0.545,,2.4,2.0,0.1,0.1,0.1,0.4,11.368421052631579,7,1.37
Victor Oladipo,2014,21,PG,ORL,80,31.1,0.419,0.327,0.78,13.8,4.1,4.1,1.6,0.5,3.2,19.284887459807074,2,4.76376
Victor Oladipo,2015,22,SG,ORL,72,35.7,0.436,0.339,0.819,17.9,4.2,4.1,1.7,0.3,2.8,20.002689075630254,3,4.9782
Victor Oladipo,2016,23,SG,ORL,72,33.0,0.438,0.348,0.83,16.0,4.8,3.9,1.6,0.8,2.1,18.650181818181817,4,5.19252
Victor Oladipo,2017,24,SG,OKC,67,33.2,0.442,0.361,0.753,15.9,4.3,2.6,1.2,0.3,1.8,18.121445783132526,5,6.552961
Victor Oladipo,2018,25,SG,IND,75,34.0,0.477,0.371,0.799,23.1,5.2,4.3,2.4,0.8,2.9,24.306352941176467,6,21.0
Victor Oladipo,2019,26,SG,IND,36,31.9,0.423,0.343,0.73,18.8,5.6,5.2,1.7,0.3,2.3,22.9271473354232,7,21.0
Victor Oladipo,2020,27,SG,IND,19,27.8,0.394,0.317,0.814,14.5,3.9,2.9,0.9,0.2,2.5,21.70877697841727,8,21.0
Victor Oladipo,2021,28,SG,MIA,33,32.7,0.408,0.326,0.754,19.8,4.8,4.6,1.4,0.4,2.5,24.052844036697245,9,25.59252
Victor Oladipo,2022,29,SG,MIA,8,21.6,0.479,0.417,0.737,12.4,2.9,3.5,0.6,0.1,2.0,20.259999999999998,10,2.763255
Victor Oladipo,2023,30,SG,MIA,42,26.3,0.397,0.33,0.747,10.7,3.0,3.5,1.4,0.3,2.1,17.15954372623574,11,9.27752
Victor Wembanyama,2024,20,C,SAS,71,29.7,0.465,0.325,0.796,21.4,10.6,3.9,1.2,3.6,3.7,27.50060606060606,1,12.521972
Victor Wembanyama,2025,21,C,SAS,46,33.2,0.476,0.352,0.836,24.3,11.0,3.7,1.1,3.8,3.2,25.59469879518072,2,12.76896
Vince Carter,2010,33,SG,ORL,75,30.8,0.428,0.367,0.84,16.6,3.9,3.1,0.7,0.2,1.4,19.524155844155846,14,16.12325
Vince Carter,2011,34,SG,PHO,73,28.1,0.437,0.361,0.74,14.0,3.8,2.0,0.9,0.3,1.2,18.520142348754444,15,17.522375
Vince Carter,2012,35,SG,DAL,61,25.3,0.411,0.361,0.826,10.1,3.4,2.3,0.9,0.4,1.4,15.845691699604743,16,3.0
Vince Carter,2013,36,SF,DAL,81,25.8,0.435,0.406,0.816,13.4,4.1,2.4,0.9,0.5,1.3,18.323720930232557,17,3.09
Vince Carter,2014,37,SG,DAL,81,24.4,0.407,0.394,0.821,11.9,3.5,2.6,0.8,0.4,1.3,18.230163934426233,18,3.18
Vince Carter,2015,38,SG,MEM,66,16.5,0.333,0.297,0.789,5.8,2.0,1.2,0.7,0.2,0.7,15.918545454545455,19,3.911981
Vince Carter,2016,39,SG,MEM,60,16.8,0.388,0.349,0.833,6.6,2.4,0.9,0.6,0.3,0.6,14.819999999999999,20,4.088019
Vince Carter,2017,40,SF,MEM,73,24.6,0.394,0.378,0.765,8.0,3.1,1.8,0.8,0.5,0.7,11.85951219512195,20,4.264057
Vince Carter,2018,41,SF,SAC,58,17.7,0.403,0.345,0.757,5.4,2.6,1.2,0.7,0.4,0.6,11.723389830508475,20,8.0
Vince Carter,2019,42,PF,ATL,76,17.5,0.419,0.389,0.712,7.4,2.6,1.1,0.6,0.4,0.6,14.803199999999999,20,1.512601
Vince Carter,2020,43,PF,ATL,60,14.6,0.352,0.302,0.793,5.0,2.1,0.8,0.4,0.4,0.6,14.597260273972601,20,1.620564
Vince Williams Jr.,2025,24,SG,MEM,27,18.5,0.401,0.274,0.792,6.6,3.6,2.0,0.4,0.3,1.2,15.170594594594595,5,2.120693
Vincent Poirier,2020,26,C,BOS,22,5.9,0.472,0.5,0.857,1.9,2.0,0.4,0.1,0.4,0.4,13.008813559322034,7,2.505793
Vincent Poirier,2021,27,C,PHI,10,3.9,0.25,0.0,0.333,0.8,1.4,0.2,0.0,0.3,0.4,17.206153846153846,8,3.192005
Vit Krejci,2022,21,SG,OKC,30,23.0,0.407,0.327,0.864,6.2,3.4,1.9,0.6,0.3,1.0,10.812521739130434,2,1.069919
Vit Krejci,2023,22,PG,ATL,29,5.7,0.405,0.238,0.5,1.2,0.9,0.6,0.2,0.0,0.2,9.75157894736842,3,1.657779
Vit Krejci,2024,23,PG,ATL,22,24.6,0.49,0.412,0.833,6.1,2.4,2.3,0.6,0.3,0.9,8.38829268292683,4,0.380964
Vit Krejci,2025,24,PG,ATL,57,20.2,0.497,0.437,0.711,7.2,2.7,2.6,0.6,0.5,0.9,11.320396039603962,5,2.162606
Vladimir Radmanovic,2010,29,PF,GSW,41,21.7,0.377,0.278,0.741,6.2,4.3,1.1,0.7,0.2,1.1,13.451059907834104,10,6.4666
Vladimir Radmanovic,2011,30,PF,GSW,74,15.8,0.431,0.405,0.882,5.1,2.9,1.1,0.6,0.6,0.8,12.121518987341771,11,6.8838
Vladimir Radmanovic,2012,31,SF,ATL,49,15.4,0.376,0.37,0.759,4.5,2.9,1.1,0.4,0.3,0.7,11.604155844155844,12,0.854389
Vladimir Radmanovic,2013,32,PF,CHI,25,5.8,0.302,0.185,0.667,1.3,1.1,0.3,0.3,0.2,0.3,12.68689655172414,13,0.854389
Vlatko Cancar,2020,22,PF,DEN,14,3.2,0.4,0.167,1.0,1.2,0.7,0.2,0.1,0.1,0.2,16.11,3,0.89831
Vlatko Cancar,2021,23,PF,DEN,41,6.9,0.458,0.273,0.769,2.1,1.2,0.3,0.3,0.0,0.3,11.645217391304346,4,1.84995
Vlatko Cancar,2022,24,PF,DEN,15,11.7,0.561,0.583,0.643,4.1,2.1,1.1,0.1,0.2,0.6,11.372307692307693,5,2.061329
Vlatko Cancar,2025,27,PF,DEN,13,10.5,0.385,0.267,,1.8,2.5,0.7,0.2,0.2,0.8,9.6,8,2.087519
Von Wafer,2011,25,SG,BOS,58,9.5,0.421,0.269,0.842,3.2,0.8,0.6,0.3,0.1,0.3,12.535578947368421,6,0.854389
Von Wafer,2012,26,SG,ORL,33,14.2,0.452,0.359,0.704,5.9,1.4,0.9,0.3,0.1,1.1,16.742535211267604,7,1.069509
Walker Kessler,2023,21,C,UTA,74,23.0,0.72,0.333,0.516,9.2,8.4,0.9,0.4,2.3,0.8,11.463652173913044,2,2.85896
Walker Kessler,2024,22,C,UTA,64,23.3,0.654,0.211,0.602,8.1,7.5,0.9,0.5,2.4,1.0,11.062660944206009,3,2.915285
Walker Kessler,2025,23,C,UTA,58,30.0,0.663,0.176,0.52,11.1,12.2,1.7,0.6,2.4,1.5,11.812800000000001,4,2.96592
Wayne Ellington,2010,22,SG,MIN,76,18.2,0.424,0.395,0.871,6.6,2.1,1.0,0.3,0.1,1.0,14.431648351648352,3,1.00356
Wayne Ellington,2011,23,SG,MIN,62,19.0,0.403,0.397,0.792,6.6,1.7,1.2,0.5,0.0,0.9,14.581894736842107,4,1.0788
Wayne Ellington,2012,24,SG,MIN,51,19.1,0.404,0.324,0.8,6.1,1.9,0.6,0.5,0.2,0.5,12.72628272251309,5,1.15404
Wayne Ellington,2013,25,SG,CLE,78,21.3,0.427,0.392,0.907,7.9,2.1,1.3,0.6,0.0,0.7,13.419718309859157,6,2.083042
Wayne Ellington,2014,26,SG,DAL,45,8.7,0.437,0.424,0.909,3.2,1.0,0.4,0.4,0.0,0.2,12.77793103448276,7,2.652
Wayne Ellington,2015,27,SG,LAL,65,25.8,0.412,0.37,0.813,10.0,3.2,1.6,0.5,0.0,0.8,14.986046511627906,8,0.915243
Wayne Ellington,2016,28,SG,BRK,76,21.3,0.389,0.358,0.857,7.7,2.3,1.1,0.6,0.1,0.6,14.11605633802817,9,1.5
Wayne Ellington,2017,29,SG,MIA,62,24.2,0.416,0.378,0.86,10.5,2.1,1.1,0.6,0.1,0.5,14.590413223140494,10,6.0
Wayne Ellington,2019,31,SG,DET,53,24.5,0.403,0.371,0.796,10.3,2.0,1.4,1.0,0.1,0.8,14.394122448979594,12,2.383076
Wayne Ellington,2020,32,SG,NYK,36,15.5,0.351,0.35,0.846,5.1,1.8,1.2,0.4,0.1,0.5,12.718451612903225,13,8.0
Wayne Ellington,2021,33,SG,DET,46,22.0,0.441,0.422,0.8,9.6,1.8,1.5,0.4,0.2,0.7,13.666909090909092,14,4.344333
Wayne Ellington,2022,34,SG,LAL,43,18.8,0.414,0.389,0.818,6.7,1.8,0.7,0.5,0.1,0.4,11.55063829787234,15,3.054712
Wayne Selden,2017,22,SG,MEM,14,16.9,0.431,0.25,0.636,5.1,1.1,0.9,0.4,0.1,0.9,12.150532544378699,3,0.083119
Wayne Selden,2018,23,SG,MEM,35,19.8,0.431,0.402,0.746,9.3,1.6,1.9,0.5,0.1,1.5,18.08727272727273,4,1.312611
Wayne Selden,2019,24,SG,CHI,75,19.2,0.406,0.316,0.728,6.9,2.4,1.5,0.4,0.2,1.1,15.052500000000002,5,1.544951
Wayne Selden,2022,27,SG,NYK,3,6.3,0.25,0.5,0.5,1.7,0.3,0.3,0.0,0.0,0.0,10.69714285714286,8,0.939373
Wendell Carter Jr.,2019,19,C,CHI,44,25.2,0.485,0.188,0.795,10.3,7.0,1.8,0.6,1.3,1.5,15.714285714285715,1,4.4412
Wendell Carter Jr.,2020,20,C,CHI,43,29.2,0.534,0.207,0.737,11.3,9.4,1.2,0.8,0.8,1.7,13.85753424657534,1,5.2014
Wendell Carter Jr.,2025,25,C,ORL,68,25.9,0.46,0.234,0.737,9.1,7.2,2.0,0.8,0.6,1.1,13.126795366795369,6,11.95
Wendell Moore Jr.,2025,23,SG,CHO,36,13.9,0.468,0.341,0.818,4.2,2.6,1.2,0.6,0.1,0.8,11.82043165467626,4,2.53704
Wenyen Gabriel,2020,22,PF,POR,30,7.8,0.438,0.3,0.682,2.1,1.7,0.3,0.4,0.2,0.5,11.113846153846156,3,1.445697
Wenyen Gabriel,2021,23,PF,NOP,21,11.5,0.4,0.406,0.647,3.4,2.6,0.5,0.4,0.4,0.7,12.371478260869564,4,1.974967
Wenyen Gabriel,2022,24,PF,LAL,26,13.8,0.491,0.286,0.595,5.4,3.7,0.5,0.2,0.4,0.6,14.358260869565216,5,0.603628
Wenyen Gabriel,2023,25,PF,LAL,68,15.1,0.596,0.278,0.619,5.5,4.2,0.5,0.4,0.5,0.7,11.98728476821192,6,1.991984
Wenyen Gabriel,2024,26,PF,MEM,5,16.2,0.364,0.167,0.0,3.4,5.0,0.6,0.4,0.4,1.6,14.311111111111114,7,0.128122
Wes Iwundu,2018,23,SF,ORL,62,16.5,0.427,0.196,0.723,3.7,2.2,0.9,0.5,0.2,0.5,9.495272727272729,4,1.378242
Wes Iwundu,2019,24,SF,ORL,68,18.1,0.412,0.367,0.816,5.0,2.7,1.1,0.4,0.3,0.6,10.461878453038672,5,1.378242
Wes Iwundu,2020,25,SF,ORL,52,18.3,0.416,0.341,0.804,5.8,2.5,1.2,0.5,0.3,0.5,11.480655737704918,6,1.61842
Wesley Johnson,2011,23,SG,MIN,79,26.2,0.397,0.356,0.696,9.0,3.0,1.9,0.7,0.7,1.2,14.191145038167939,4,3.7266
Wesley Johnson,2012,24,SF,MIN,65,22.6,0.398,0.314,0.706,6.0,2.7,0.9,0.5,0.7,0.9,11.500884955752213,5,4.00608
Wesley Johnson,2013,25,SF,PHO,50,19.1,0.407,0.323,0.771,8.0,2.5,0.7,0.4,0.4,1.0,17.355392670157066,6,4.28556
Wesley Johnson,2014,26,SF,LAL,79,28.4,0.425,0.369,0.792,9.1,4.4,1.6,1.1,1.0,1.1,12.346478873239434,7,0.884293
Wesley Johnson,2015,27,SF,LAL,76,29.5,0.414,0.351,0.804,9.9,4.2,1.6,0.8,0.6,1.1,13.252881355932203,8,0.915243
Wesley Johnson,2016,28,SF,LAC,80,20.8,0.404,0.333,0.652,6.9,3.1,0.6,1.1,0.7,0.7,12.745384615384618,9,1.100602
Wesley Johnson,2017,29,SF,LAC,68,11.9,0.365,0.246,0.647,2.7,2.7,0.3,0.4,0.4,0.3,10.08,10,5.628
Wesley Johnson,2018,30,SF,LAC,74,20.1,0.408,0.339,0.741,5.4,2.9,0.8,1.0,0.8,0.7,10.839402985074626,11,5.88226
Wesley Johnson,2019,31,SF,WAS,38,14.1,0.352,0.329,0.684,3.4,1.9,0.6,0.4,0.3,0.5,10.519148936170213,12,6.13452
Wesley Matthews,2010,23,SG,UTA,82,24.7,0.483,0.382,0.829,9.4,2.3,1.5,0.8,0.2,1.1,13.199028340080973,4,0.457588
Wesley Matthews,2011,24,SG,POR,82,33.6,0.449,0.407,0.844,15.9,3.1,2.0,1.2,0.1,1.7,16.362857142857145,5,5.765
Wesley Matthews,2012,25,SG,POR,66,33.8,0.412,0.383,0.86,13.7,3.4,1.7,1.5,0.2,1.1,14.74508875739645,6,6.50532
Wesley Matthews,2013,26,SG,POR,69,34.8,0.436,0.398,0.797,14.8,2.8,2.5,1.3,0.3,1.6,14.987586206896552,7,6.50532
Wesley Matthews,2014,27,SG,POR,82,33.9,0.441,0.393,0.837,16.4,3.5,2.4,0.9,0.2,1.3,16.17132743362832,8,6.87548
Wesley Matthews,2015,28,SG,POR,60,33.7,0.448,0.389,0.752,15.9,3.7,2.3,1.3,0.2,1.4,15.97673590504451,9,7.24564
Wesley Matthews,2016,29,SF,DAL,78,33.9,0.388,0.36,0.863,12.5,3.1,1.9,1.0,0.2,1.0,13.52495575221239,10,16.4075
Wesley Matthews,2017,30,SG,DAL,73,34.2,0.393,0.363,0.816,13.5,3.5,2.9,1.1,0.2,1.4,14.842105263157892,11,17.145838
Wesley Matthews,2018,31,SF,DAL,63,33.8,0.406,0.381,0.822,12.7,3.1,2.7,1.2,0.3,1.3,13.95692307692308,12,17.884176
Wesley Matthews,2019,32,SF-SG,IND,69,30.3,0.4,0.372,0.81,12.2,2.5,2.3,0.8,0.2,1.3,14.799207920792078,13,0.512746
Wesley Matthews,2020,33,SG,MIL,67,24.4,0.396,0.364,0.765,7.4,2.5,1.4,0.6,0.1,0.6,10.829508196721312,14,2.564753
Wesley Matthews,2021,34,SG,LAL,58,19.5,0.353,0.335,0.854,4.8,1.6,0.9,0.7,0.3,0.4,9.245538461538462,15,4.415319
Wesley Matthews,2022,35,SG,MIL,49,20.4,0.395,0.338,0.786,5.1,1.9,0.7,0.5,0.2,0.4,9.11294117647059,16,2.2647
Wesley Matthews,2023,36,SG,MIL,52,15.8,0.363,0.315,0.857,3.4,2.2,0.7,0.4,0.3,0.3,8.248101265822784,17,3.081038
Wesley Matthews,2024,37,SG,ATL,36,11.5,0.351,0.348,0.75,3.1,1.5,0.6,0.4,0.3,0.2,10.042434782608696,18,3.291427
Will Barton,2013,22,SG,POR,73,12.2,0.382,0.138,0.769,4.0,2.0,0.8,0.5,0.1,0.8,15.922622950819672,3,0.55
Will Barton,2014,23,SG,POR,41,9.4,0.417,0.303,0.813,4.0,1.8,0.8,0.2,0.2,0.4,17.433191489361704,4,0.788872
Will Barton,2015,24,SG,DEN,58,16.9,0.425,0.271,0.787,6.8,2.8,1.4,0.8,0.3,1.1,16.836923076923078,5,0.915243
Will Barton,2016,25,SG,DEN,82,28.7,0.432,0.345,0.806,14.4,5.8,2.5,0.9,0.5,1.7,19.005993031358884,6,3.533333
Will Barton,2017,26,SG,DEN,60,28.4,0.443,0.37,0.753,13.7,4.3,3.4,0.8,0.5,1.6,17.88338028169014,7,3.533333
Will Barton,2018,27,SG,DEN,81,33.1,0.452,0.37,0.805,15.7,5.0,4.1,1.0,0.6,1.8,17.110332326283988,8,3.533333
Will Barton,2019,28,SF,DEN,43,27.7,0.402,0.342,0.77,11.5,4.6,2.9,0.4,0.5,1.5,16.82772563176895,9,11.830358
Will Barton,2020,29,SF,DEN,58,33.0,0.45,0.375,0.767,15.1,6.3,3.7,1.1,0.5,1.5,16.594909090909088,10,12.776786
Will Barton,2021,30,SF,DEN,56,31.0,0.426,0.381,0.785,12.7,4.0,3.2,0.9,0.4,1.7,15.756387096774192,11,16.724363
Will Barton,2022,31,SG,DEN,71,32.1,0.438,0.365,0.803,14.7,4.8,3.9,0.8,0.4,1.8,17.037757009345796,12,18.06793
Will Barton,2023,32,SG,TOR,56,17.7,0.379,0.367,0.787,6.8,2.4,2.0,0.5,0.2,0.9,15.76677966101695,13,15.967631
Will Bynum,2010,27,PG,DET,63,26.5,0.444,0.218,0.798,10.0,2.3,4.5,0.9,0.1,1.8,15.66611320754717,8,0.825497
Will Bynum,2011,28,PG,DET,61,18.4,0.448,0.32,0.836,7.9,1.2,3.2,0.9,0.1,1.4,17.569565217391307,9,3.25
Will Bynum,2012,29,PG,DET,36,14.3,0.381,0.241,0.766,5.7,1.6,1.8,0.6,0.1,1.5,19.364475524475527,10,3.25
Will Bynum,2013,30,PG,DET,65,18.8,0.469,0.316,0.809,9.8,1.5,3.6,0.7,0.1,1.9,21.217021276595748,11,3.25
Will Bynum,2014,31,PG,DET,56,18.8,0.428,0.323,0.802,8.7,1.8,3.9,0.7,0.1,1.8,20.045106382978727,12,2.790343
Will Bynum,2015,32,SG,WAS,7,9.6,0.323,0.0,0.5,3.1,0.9,2.6,0.1,0.1,1.1,21.615000000000006,13,2.915908
Will Cherry,2015,23,PG,CLE,8,8.6,0.263,0.222,0.5,1.9,0.6,1.0,0.8,0.1,0.5,13.613023255813953,4,0.495399
Will Magnay,2021,22,C,NOP,1,3.0,0.0,0.0,,0.0,0.0,0.0,0.0,0.0,1.0,24.0,3,0.416159
Willie Cauley-Stein,2016,22,C,SAC,66,21.4,0.563,0.0,0.648,7.0,5.3,0.6,0.7,1.0,0.7,11.16336448598131,3,3.39828
Willie Cauley-Stein,2017,23,C,SAC,75,18.9,0.53,0.0,0.669,8.1,4.5,1.1,0.7,0.6,0.9,15.580952380952382,4,3.55116
Willie Cauley-Stein,2018,24,C,SAC,73,28.0,0.502,0.25,0.619,12.8,7.0,2.4,1.1,0.9,1.5,17.48057142857143,5,3.70416
Willie Cauley-Stein,2019,25,C,SAC,81,27.3,0.556,0.5,0.551,11.9,8.4,2.4,1.2,0.6,1.0,15.117362637362637,6,4.696875
Willie Cauley-Stein,2020,26,C,DAL,54,20.3,0.579,0.0,0.606,7.2,5.8,1.3,0.9,1.1,0.7,12.108768472906405,7,2.177483
Willie Cauley-Stein,2021,27,C,DAL,53,17.1,0.632,0.091,0.628,5.3,4.5,0.7,0.4,0.8,0.5,9.6,8,4.996634
Willie Cauley-Stein,2022,28,C,PHI,20,9.2,0.457,0.5,0.5,1.7,2.0,0.5,0.3,0.2,0.4,8.780869565217392,9,4.879881
Willie Green,2010,28,SG,PHI,73,21.3,0.457,0.346,0.833,8.7,1.8,2.1,0.4,0.2,0.9,15.218028169014087,9,3.682
Willie Green,2011,29,SG,NOH,77,21.7,0.443,0.348,0.78,8.7,2.1,1.0,0.5,0.2,0.9,15.548018433179726,10,3.976
Willie Green,2012,30,SG,ATL,53,17.4,0.471,0.442,0.857,7.6,1.5,0.8,0.4,0.1,0.6,14.863448275862067,11,0.854389
Willie Green,2013,31,SG,LAC,72,16.5,0.461,0.428,0.719,6.3,1.3,0.8,0.4,0.2,0.4,13.038545454545456,12,1.399507
Willie Green,2014,32,SG,LAC,55,15.8,0.376,0.339,0.824,5.0,1.4,0.9,0.4,0.2,0.6,13.133164556962026,13,1.399507
Willie Green,2015,33,SG,ORL,52,18.3,0.386,0.347,0.824,5.9,1.5,1.3,0.5,0.1,0.9,13.982950819672132,14,1.44849
Willie Reed,2016,25,C,BRK,39,10.9,0.571,,0.545,4.7,3.1,0.3,0.2,0.8,0.4,14.584954128440366,6,0.947276
Willie Reed,2017,26,C,MIA,71,14.5,0.568,0.25,0.557,5.3,4.7,0.4,0.3,0.7,0.4,12.235034482758621,7,1.015696
Willie Reed,2018,27,C,DET,42,10.2,0.669,0.5,0.582,4.6,2.9,0.2,0.2,0.5,0.5,14.018823529411765,8,1.471382
Willie Warren,2011,21,PG,LAC,19,7.1,0.371,0.333,0.75,1.9,0.6,1.4,0.3,0.0,0.4,12.047323943661972,2,0.5
Willy Hernangomez,2017,22,C,NYK,72,18.4,0.529,0.267,0.728,8.2,7.0,1.3,0.6,0.5,1.4,16.919999999999998,3,1.35
Willy Hernangomez,2018,23,C,CHO,48,10.3,0.555,0.417,0.656,5.1,3.8,0.7,0.4,0.3,0.7,17.252038834951456,4,1.544951
Willy Hernangomez,2019,24,C,CHO,58,14.0,0.519,0.385,0.694,7.3,5.4,1.0,0.3,0.3,1.0,18.514285714285712,5,1.544951
Willy Hernangomez,2020,25,C,CHO,31,12.1,0.532,0.227,0.627,6.1,4.3,0.9,0.3,0.2,1.0,18.85090909090909,6,1.676735
Willy Hernangomez,2021,26,C,NOP,47,18.0,0.563,0.1,0.667,7.8,7.1,1.1,0.5,0.5,0.7,14.559999999999999,7,2.117043
Willy Hernangomez,2022,27,C,NOP,50,16.8,0.52,0.333,0.773,9.1,6.8,1.3,0.4,0.4,1.0,18.71142857142857,8,2.691075
Wilson Chandler,2010,22,SG,NYK,65,35.7,0.479,0.267,0.806,15.3,5.4,2.1,0.7,0.8,1.7,16.1344537815126,3,1.25544
Wilson Chandler,2011,23,SF,DEN,72,33.3,0.45,0.35,0.807,15.3,5.7,1.7,0.7,1.3,1.4,16.830270270270272,4,2.130482
Wilson Chandler,2012,24,SF,DEN,8,26.9,0.392,0.25,0.833,9.4,5.1,2.1,0.8,0.8,2.3,17.210408921933087,5,5.516664
Wilson Chandler,2013,25,PF,DEN,43,25.1,0.462,0.413,0.793,13.0,5.1,1.3,1.0,0.3,1.4,18.85195219123506,6,5.930414
Wilson Chandler,2014,26,SF,DEN,62,31.1,0.416,0.348,0.724,13.6,4.7,1.8,0.7,0.5,1.3,16.553054662379424,7,6.344164
Wilson Chandler,2015,27,SF,DEN,78,31.7,0.429,0.342,0.775,13.9,6.1,1.7,0.7,0.4,1.4,16.68492113564669,8,6.757913
Wilson Chandler,2017,29,SF,DEN,71,30.9,0.461,0.337,0.727,15.7,6.5,2.0,0.7,0.4,1.6,18.626796116504856,10,11.233146
Wilson Chandler,2018,30,SF,DEN,74,31.7,0.445,0.358,0.772,10.0,5.4,2.1,0.6,0.5,1.2,11.765299684542587,11,12.016854
Wilson Chandler,2019,31,PF-SF,LAC,51,23.1,0.418,0.373,0.72,6.0,4.2,1.6,0.5,0.4,0.9,10.161038961038962,12,12.800562
Wilson Chandler,2020,32,PF,BRK,35,21.0,0.404,0.306,0.87,5.9,4.1,1.1,0.5,0.3,1.0,11.156571428571429,13,1.620564
Xavier Cooks,2023,27,PF,WAS,10,12.6,0.607,0.0,0.4,3.8,3.8,0.6,0.6,0.4,0.8,11.542857142857143,8,0.148847
Xavier Henry,2011,19,SG,MEM,38,13.9,0.406,0.118,0.635,4.3,1.0,0.5,0.3,0.1,0.3,13.250071942446041,1,2.0202
Xavier Henry,2012,20,SG,NOH,45,16.9,0.395,0.412,0.612,5.3,2.4,0.8,0.6,0.2,0.8,14.34887573964497,1,2.17164
Xavier Henry,2013,21,SF,NOH,50,12.5,0.41,0.364,0.63,3.9,1.8,0.3,0.3,0.1,0.6,13.22496,2,2.3232
Xavier Henry,2014,22,SF,LAL,43,21.1,0.417,0.346,0.655,10.0,2.7,1.2,1.0,0.2,1.3,18.94521327014218,3,0.884293
Xavier Henry,2015,23,SF,LAL,9,9.6,0.231,,0.583,2.2,0.4,0.3,0.3,0.0,0.3,10.83,4,1.082
Xavier Moon,2022,27,SG,LAC,10,13.7,0.49,0.357,0.6,5.8,1.4,2.4,0.7,0.3,0.6,15.556204379562043,8,0.233661
Xavier Moon,2023,28,SG,LAC,4,5.0,0.333,0.333,0.0,1.8,0.8,1.3,0.0,0.0,0.3,18.72,9,0.124038
Xavier Moon,2024,29,SG,LAC,14,8.5,0.326,0.118,0.5,2.4,1.3,1.5,0.2,0.2,0.4,15.856941176470587,10,0.503535
Xavier Rathan-Mayes,2018,23,SG,MEM,5,23.6,0.286,0.071,0.444,5.8,1.0,3.6,1.2,0.6,2.2,17.377627118644064,4,0.815615
Xavier Silas,2012,24,SG,PHI,2,19.5,0.267,0.167,0.667,5.5,2.0,1.5,0.0,0.0,1.5,17.833846153846153,5,0.011458
Xavier Sneed,2022,24,SF,UTA,9,4.3,0.2,0.125,,0.6,0.7,0.1,0.0,0.0,0.0,9.209302325581396,5,0.169096
Xavier Sneed,2023,25,SF,CHO,4,12.0,0.5,0.5,1.0,4.3,1.3,1.3,0.0,0.3,0.8,11.22,6,0.109114
Xavier Tillman Sr.,2025,26,C,BOS,33,7.0,0.245,0.156,0.75,1.0,1.3,0.2,0.3,0.2,0.4,10.512,7,2.237691
Yakhouba Diawara,2010,27,SG,MIA,6,7.3,0.2,0.167,,0.8,0.7,0.5,0.2,0.0,0.5,10.849315068493151,8,0.945
Yante Maten,2019,22,PF,MIA,2,6.5,0.25,0.0,,1.0,1.5,0.0,0.5,0.0,0.0,11.076923076923077,3,0.018948
Yao Ming,2011,30,C,HOU,5,18.2,0.486,,0.938,10.2,5.4,0.8,0.0,1.6,1.4,20.191648351648354,11,17.6861
Yi Jianlian,2010,22,PF,NJN,52,31.8,0.403,0.366,0.798,12.0,7.2,0.9,0.7,1.0,1.5,15.767547169811321,3,3.1944
Yi Jianlian,2011,23,PF,WAS,63,17.7,0.418,0.231,0.681,5.6,3.9,0.4,0.4,0.5,0.8,14.066440677966101,4,4.050499
Yi Jianlian,2012,24,PF,DAL,30,6.8,0.378,0.3,0.667,2.6,1.6,0.2,0.2,0.3,0.5,18.57176470588235,5,0.771706
Yogi Ferrell,2017,23,PG,DAL,46,26.0,0.406,0.386,0.831,10.0,2.4,3.7,0.9,0.2,1.5,15.142153846153848,4,0.207798
Yogi Ferrell,2018,24,SG,DAL,82,27.8,0.426,0.373,0.796,10.2,3.0,2.5,0.8,0.1,1.0,13.56086330935252,5,1.312611
Yogi Ferrell,2019,25,PG,SAC,71,15.0,0.435,0.362,0.896,5.9,1.5,1.9,0.5,0.1,0.6,14.3904,6,3.0
Yogi Ferrell,2020,26,PG,SAC,50,10.6,0.42,0.304,0.857,4.4,1.0,1.4,0.4,0.1,0.6,16.138867924528302,7,3.15
Yogi Ferrell,2021,27,PG,LAC,10,13.6,0.351,0.321,0.778,5.6,1.9,2.2,0.7,0.3,0.3,16.930588235294117,8,0.54128
Yuri Collins,2025,23,PG,GSW,2,8.0,0.333,,,1.0,1.5,2.0,1.0,0.0,0.0,6.75,4,0.066503
Yuta Watanabe,2021,26,SF,TOR,50,14.5,0.439,0.4,0.828,4.4,3.2,0.8,0.5,0.4,0.4,10.586482758620692,7,0.899389
Yuta Watanabe,2022,27,SF,TOR,38,11.7,0.406,0.342,0.6,4.3,2.4,0.6,0.3,0.4,0.5,14.104615384615387,8,2.038404
Yuta Watanabe,2023,28,SF,BRK,58,16.0,0.491,0.444,0.723,5.6,2.4,0.8,0.4,0.3,0.4,10.692000000000002,9,2.086832
Yuta Watanabe,2024,29,SF,MEM,34,13.6,0.353,0.294,0.588,3.4,1.6,0.4,0.4,0.2,0.6,11.170588235294117,10,2.416341
Yves Missi,2025,20,C,NOP,73,26.8,0.547,0.0,0.623,9.1,8.2,1.4,0.5,1.3,1.1,12.132537313432834,1,3.1932
Yves Pons,2022,22,SF,MEM,12,5.9,0.313,0.333,0.0,1.1,1.0,0.1,0.1,0.3,0.1,9.079322033898306,3,0.534959
Zabian Dowdell,2011,26,PG,PHO,24,12.2,0.408,0.3,0.941,5.0,0.8,2.1,0.8,0.1,1.2,19.794098360655738,7,0.186656
Zaccharie Risacher,2025,19,SF,ATL,75,24.6,0.458,0.355,0.711,12.6,3.6,1.2,0.7,0.5,1.2,18.26341463414634,1,12.56904
Zach Collins,2018,20,C,POR,66,15.8,0.398,0.31,0.643,4.4,3.3,0.8,0.3,0.5,0.9,12.677468354430381,1,3.05724
Zach Collins,2019,21,C,POR,77,17.6,0.473,0.331,0.746,6.6,4.2,0.9,0.3,0.9,1.0,14.12181818181818,2,3.62892
Zach Collins,2020,22,PF,POR,11,26.4,0.471,0.368,0.75,7.0,6.3,1.5,0.5,0.5,1.3,10.647272727272727,3,4.2402
Zach Collins,2022,24,PF,SAS,28,17.9,0.49,0.341,0.8,7.8,5.5,2.2,0.5,0.8,1.6,16.31463687150838,5,8.094432
Zach Collins,2023,25,C,SAS,63,22.9,0.518,0.374,0.761,11.6,6.4,2.9,0.6,0.8,2.0,18.411877729257643,6,7.793116
Zach Collins,2024,26,C,SAS,69,22.1,0.484,0.32,0.753,11.2,5.4,2.8,0.5,0.8,1.9,19.241266968325792,7,7.928797
Zach Collins,2025,27,PF,CHI,64,15.3,0.507,0.302,0.885,6.4,4.5,1.7,0.5,0.5,0.9,14.418823529411764,8,16.7412
Zach Edey,2025,22,C,MEM,66,21.5,0.58,0.346,0.709,9.2,8.3,1.0,0.5,1.3,1.3,14.62772093023256,3,5.75688
Zach LaVine,2015,19,PG,MIN,77,24.7,0.422,0.341,0.842,10.1,2.8,3.6,0.7,0.1,2.5,17.944615384615386,1,2.05584
Zach LaVine,2016,20,SG,MIN,82,28.0,0.452,0.389,0.793,14.0,2.8,3.1,0.8,0.2,1.9,18.9,1,2.14836
Zach LaVine,2017,21,SG,MIN,47,37.2,0.459,0.387,0.836,18.9,3.4,3.0,0.9,0.2,1.8,17.632258064516126,2,2.24088
Zach LaVine,2019,23,SG,CHI,63,34.5,0.467,0.374,0.832,23.7,4.7,4.5,1.0,0.4,3.4,25.085217391304347,4,19.5
Zach LaVine,2020,24,SF,CHI,60,34.8,0.45,0.38,0.802,25.5,4.8,4.2,1.5,0.5,3.4,26.755862068965516,5,19.5
Zach LaVine,2021,25,SG,CHI,58,35.1,0.507,0.419,0.849,27.4,5.0,4.9,0.8,0.5,3.5,25.788717948717945,6,23.764483
Zach LaVine,2022,26,SF,CHI,67,34.7,0.476,0.389,0.853,24.4,4.6,4.5,0.6,0.3,2.6,23.616829971181556,7,22.548776
Zach LaVine,2023,27,SG,CHI,77,35.9,0.485,0.375,0.848,24.8,4.5,4.2,0.9,0.2,2.5,23.027966573816155,8,39.332974
Zach LaVine,2024,28,SG,CHI,25,34.9,0.452,0.349,0.854,19.5,5.2,3.9,0.8,0.3,2.1,19.499828080229225,9,41.254687
Zach LaVine,2025,29,SF,SAC,74,35.2,0.511,0.446,0.825,23.3,4.3,4.2,0.8,0.2,2.8,21.493636363636362,10,44.53194
Zach Randolph,2010,28,PF,MEM,81,37.7,0.488,0.288,0.778,20.8,11.7,1.8,1.0,0.4,2.1,20.156180371352786,9,16.0
Zach Randolph,2011,29,PF,MEM,75,36.3,0.503,0.186,0.758,20.1,12.2,2.2,0.8,0.3,2.0,19.965619834710747,10,17.666666
Zach Randolph,2012,30,PF,MEM,28,26.3,0.463,0.25,0.659,11.6,8.0,1.7,0.8,0.1,1.4,17.745399239543726,11,15.2
Zach Randolph,2013,31,PF,MEM,76,34.3,0.46,0.087,0.75,15.4,11.2,1.4,0.8,0.4,2.0,18.06927113702624,12,16.5
Zach Randolph,2014,32,PF,MEM,79,34.2,0.467,0.1,0.742,17.4,10.1,2.5,0.7,0.3,2.3,20.412631578947366,13,18.238333
Zach Randolph,2015,33,PF,MEM,71,32.5,0.487,0.35,0.765,16.1,10.5,2.2,1.0,0.2,2.2,18.994707692307692,14,16.5
Zach Randolph,2016,34,PF,MEM,68,29.6,0.475,0.231,0.796,15.3,7.8,2.1,0.6,0.2,1.5,19.71243243243243,15,9.638555
Zach Randolph,2017,35,PF,MEM,73,24.5,0.449,0.223,0.731,14.1,8.2,1.7,0.5,0.1,1.4,23.13404081632653,16,10.361445
Zach Randolph,2018,36,PF,SAC,59,25.6,0.473,0.347,0.785,14.5,6.7,2.2,0.7,0.2,2.0,22.066875,17,12.307692
Zavier Simpson,2022,24,PG,OKC,4,43.5,0.365,0.125,1.0,11.0,5.3,7.5,1.3,1.0,2.5,13.300965517241378,5,0.043042
Zavier Simpson,2024,26,PG,MEM,7,23.0,0.315,0.294,0.75,6.0,2.9,3.6,1.0,0.4,1.4,14.656695652173914,7,0.213253
Zaza Pachulia,2010,25,C,ATL,78,14.0,0.488,0.0,0.65,4.3,3.8,0.5,0.5,0.4,0.7,12.065142857142858,6,4.75
Zaza Pachulia,2011,26,C,ATL,79,15.7,0.461,,0.754,4.4,4.2,0.7,0.4,0.3,0.9,11.033885350318473,7,4.25125
Zaza Pachulia,2012,27,C,ATL,58,28.3,0.499,,0.741,7.8,7.9,1.4,0.9,0.5,1.4,10.670247349823322,8,4.75
Zaza Pachulia,2013,28,C,ATL,52,21.8,0.473,0.0,0.757,5.9,6.5,1.5,0.7,0.2,1.3,11.196330275229357,9,5.24875
Zaza Pachulia,2014,29,C,MIL,53,25.0,0.427,0.0,0.846,7.7,6.3,2.6,0.8,0.3,1.7,13.536,10,5.2
Zaza Pachulia,2015,30,C,MIL,73,23.7,0.454,0.0,0.788,8.3,6.8,2.4,1.1,0.3,1.8,15.141265822784813,11,5.2
Zaza Pachulia,2016,31,C,DAL,76,26.4,0.466,0.0,0.768,8.6,9.4,1.7,0.8,0.3,1.6,12.796363636363637,12,5.2
Zaza Pachulia,2017,32,C,GSW,70,18.1,0.534,0.0,0.778,6.1,5.9,1.9,0.8,0.5,1.2,12.713370165745857,13,2.898
Zaza Pachulia,2018,33,C,GSW,69,14.1,0.564,0.0,0.806,5.4,4.7,1.6,0.6,0.2,1.0,13.715744680851063,14,3.4776
Zaza Pachulia,2019,34,C,DET,68,12.9,0.44,0.0,0.782,3.9,3.9,1.3,0.5,0.3,0.8,12.25674418604651,15,1.512601
Zeke Nnaji,2021,20,PF,DEN,42,9.5,0.481,0.407,0.8,3.2,1.5,0.2,0.2,0.1,0.2,10.898526315789475,1,2.90029
Zeke Nnaji,2022,21,PF,DEN,41,17.0,0.516,0.463,0.631,6.6,3.6,0.4,0.4,0.3,0.6,12.290823529411764,2,2.889434
Zeke Nnaji,2023,22,PF,DEN,53,13.7,0.561,0.262,0.645,5.2,2.6,0.3,0.3,0.4,0.6,12.686715328467153,3,2.775621
Zeke Nnaji,2024,23,PF,DEN,58,9.9,0.463,0.261,0.677,3.2,2.2,0.6,0.3,0.7,0.5,13.032727272727273,4,4.434237
Zeke Nnaji,2025,24,PF,DEN,57,10.7,0.496,0.327,0.614,3.2,1.6,0.4,0.4,0.7,0.2,10.268411214953272,5,8.888889
Zhaire Smith,2019,19,SG,PHI,6,18.5,0.412,0.375,0.75,6.7,2.2,1.7,0.3,0.3,1.0,14.15091891891892,1,2.52684
Zhaire Smith,2020,20,SF,PHI,7,4.6,0.273,0.0,0.5,1.1,0.3,0.3,0.4,0.0,0.3,16.93565217391305,1,3.0588
Zhou Qi,2018,22,C,HOU,18,6.9,0.188,0.105,0.667,1.2,1.2,0.1,0.1,0.8,0.6,14.128695652173912,3,0.815615
Zhou Qi,2019,23,PF,HOU,1,1.0,1.0,,,2.0,0.0,0.0,0.0,0.0,0.0,36.0,4,1.378242
Ziaire Williams,2022,20,SF,MEM,62,21.7,0.45,0.314,0.782,8.1,2.1,1.0,0.6,0.2,0.7,13.099354838709676,1,5.056754
Ziaire Williams,2023,21,SF,MEM,37,15.2,0.429,0.258,0.773,5.7,2.1,0.9,0.4,0.2,1.0,15.546315789473685,2,4.868503
Ziaire Williams,2024,22,SF,MEM,51,20.4,0.397,0.307,0.827,8.2,3.5,1.5,0.7,0.2,1.3,16.51764705882353,3,4.95313
Ziaire Williams,2025,23,SF,BRK,63,24.5,0.412,0.341,0.821,10.0,4.6,1.3,1.0,0.4,1.1,15.105306122448981,4,6.133005
Zion Williamson,2020,19,PF,NOP,24,27.8,0.583,0.429,0.64,22.5,6.3,2.1,0.7,0.4,2.5,26.878273381294964,1,9.75744
Zion Williamson,2021,20,PF,NOP,61,33.2,0.611,0.294,0.698,27.0,7.2,3.7,0.9,0.6,2.7,25.5122891566265,1,12.486078
Zion Williamson,2023,22,PF,NOP,29,33.0,0.608,0.368,0.714,26.0,7.0,4.6,1.1,0.6,3.4,25.509818181818176,3,14.350804
Zion Williamson,2024,23,PF,NOP,70,31.5,0.57,0.333,0.702,22.9,5.8,5.0,1.1,0.7,2.8,24.598857142857145,4,35.015681
Zion Williamson,2025,24,PF,NOP,30,28.6,0.567,0.231,0.656,24.6,7.2,5.3,1.2,0.9,3.0,29.479720279720276,5,36.72567
Zoran Dragic,2015,25,SG,MIA,16,4.7,0.367,0.214,0.6,1.8,0.5,0.3,0.1,0.0,0.3,17.862127659574465,6,1.706225
Zydrunas Ilgauskas,2010,34,C,CLE,64,20.9,0.443,0.478,0.743,7.4,5.4,0.8,0.2,0.8,1.0,14.648038277511963,15,0.925
Zydrunas Ilgauskas,2011,35,C,MIA,72,15.9,0.508,0.0,0.783,5.0,4.0,0.4,0.3,0.8,0.7,12.144905660377361,16,1.352181
Zylan Cheatham,2022,26,SF,UTA,1,5.0,0.0,0.0,,0.0,0.0,0.0,0.0,0.0,0.0,21.6,7,0.296871
