Year,Age,Games_Played,Minutes_Per_Game,Field_Goal_Percent,Three_Point_Percent,Free_Throw_Percent,Points_Per_Game,Rebounds_Per_Game,Assists_Per_Game,Steals_Per_Game,Blocks_Per_Game,Turnovers_Per_Game,Usage_Percent,Years_In_League,Points_Efficiency,Rebound_Assist_Ratio,Turnover_Usage_Ratio,Age_Experience_Gap,Prime_Age_Factor,Shooting_Accuracy,Defensive_Impact,Experience_Level,Position_C,Position_PF,Position_PG,Position_SF,Position_SG,Team_BOS,Team_DEN,Team_GSW,Team_LAL,Team_MIA,Team_PHX
-1.4526048222934442,-1.8698917213277126,-0.2312649246496411,0.6922705106658585,0.1911316564909934,-0.6036741444089828,1.4085983195570553,-1.379471798579722,-0.9286549960956921,-0.7619670642479155,-2.016856042514936,1.2558929937928431,0.7115553541109692,0.05082207961983264,-1.1306185213972826,-1.304207504433718,-0.025099010128353295,0.05834036394288358,-0.19074089688084422,-1.971924319228569,0.4467583609068868,-0.11546829072678243,Early,False,False,False,False,True,False,True,False,False,False,False
-1.4526048222934442,-0.36069743454182696,0.7156797167729141,-0.1808811808978583,-0.033247807113152686,2.318030827423485,2.2962088799648863,1.1041686520918657,0.8946503577271573,-0.37973050561336985,1.3199090520856107,0.5149383370236359,-0.4094616830638605,0.06700676934968669,0.5153806200740119,0.9479341080360744,0.12155256307128631,0.02676370064897962,-0.6477877743908548,0.48785653635800325,2.631682845747354,1.1609581584009374,Veteran,False,False,False,True,False,False,True,False,False,False,False
-1.4526048222934442,-0.6122298156728079,-0.757345280995505,0.7290778903027337,0.38491927581444135,1.5195264193769964,-0.9279206336329858,0.2146467625840256,0.4041632121223022,-1.1067898791595996,-0.7791520932410815,-0.458856138511995,-0.17160340876188285,0.4045276199184841,0.6982694135708224,-0.17728049427520243,0.27935169925392006,0.02790353516449194,-0.9524856927308617,0.07789306042690809,0.6840866346020974,-0.8110736215318187,Veteran,False,False,True,False,False,False,True,False,False,False,False
-1.4526048222934442,0.14236732772013497,-1.283425637341369,-1.4672131718088504,-1.277328512812524,1.6891623928432682,-0.5751549445763551,-0.43197608926590947,-0.6236146049831534,-0.9563223168641655,-1.789910255103925,-0.9279900010180178,0.02078761100024785,-0.453562975036455,-1.313507314894093,0.22111491375811845,0.047248035222385215,0.051812999841039216,1.1803997356491873,1.3077834882201935,0.09522495899012953,-1.760845273266637,Rookie,True,False,False,False,False,False,False,False,False,False,True
-1.4526048222934442,1.1484968522440588,0.4000315029653957,-0.6707956135403356,-1.9480077349819678,-1.989892059109512,0.2993185554878142,-0.7205008333191555,0.19645072543115197,-0.6507541094471789,-0.5170927467420571,-0.37343672800654476,0.30052313138174974,-0.30350240009891966,-1.4963961083909034,-0.5110849375491121,0.09731041998911327,0.05644912726233105,1.9421445314992047,-0.33207041550418837,-2.1313262595389553,-0.59422777085938,Rookie,False,False,False,True,False,False,False,False,False,False,True
-1.4526048222934442,0.8969644711130779,-1.809505993687233,-0.58649159789239,-1.2384459271063168,0.46331648530235,1.3601274739892144,0.7464977221489708,-1.0361511388217843,-0.3882734926906399,-0.6988684303013682,0.4070449951393306,1.9083238621094911,0.04245575267829796,-0.21617455391323007,0.9025281894214371,-0.063940614999902,0.09211593651332764,0.7233528581391768,0.07789306042690809,0.34045748965625583,-0.06285777516068393,Peak,False,False,True,False,False,False,False,False,False,True,False
-1.4526048222934442,1.1484968522440588,0.2948154316962229,-0.4339547730564765,0.8046588370417003,-0.8381433887992604,0.08783123753215424,-0.5109418722492002,-0.482856229213202,-2.946910118887393,-0.695546385846013,1.1698949989299037,-1.2660462295486785,-0.22754738578689637,-0.03328576041641958,-0.387865904196054,-0.30643088189541146,0.00524072361541848,0.7233528581391768,-0.33207041550418837,-0.05896082439650768,0.5583743916862961,Peak,False,True,False,False,False,False,False,False,False,False,True
-1.4526048222934442,0.14236732772013497,-0.1260488533804683,0.7850919103966992,-0.7061425669390626,-2.0500506457700753,-0.9678734684429915,-0.1805104387871404,1.3921317368727189,-1.5746620196495134,-0.68579319648311,-1.9416740198324531,0.4231685588202128,-2.7185342637414602,1.0640470005644433,-0.4708678197465119,1.4739556949811001,-1.4408480343896939,-0.8001367335608582,1.3077834882201935,-2.1673796343473923,-1.9624376088421267,Veteran,False,True,False,False,False,True,False,False,False,False,False
-1.4526048222934442,-0.10916505341084601,-0.4416970671879867,0.18793632155414453,0.22542353684197325,0.7009462251225225,0.54168280753707,0.24962298338902858,0.7550030116283247,-0.4526442414925239,-1.2162492542054868,0.3384451780927217,0.46742542861433456,-1.0130570762827869,-1.6792849018877138,0.037474620905443526,0.12083334836592018,0.09635764943981472,1.332748694819191,0.8978200122890985,0.841382691246609,-0.40974878779847657,Rookie,False,False,False,False,True,False,False,False,True,False,False
-1.4526048222934442,0.6454320899820969,1.3469761443879509,-1.509603253661322,0.20428647090056348,0.24896018420480442,0.3685744692242939,-0.528848390964568,0.09020394673737102,0.3725012978082273,1.3867258879356748,0.4404348505372645,-1.9560048279171174,0.22680086321984078,-1.1306185213972826,0.1219916673124516,-0.016956582192687416,-0.016128613879611654,1.332748694819191,0.48785653635800325,0.45539787715702906,1.1380744639078983,Early,False,False,False,False,True,False,True,False,False,False,False
-1.4526048222934442,0.3938997088511159,-0.8625613522646779,0.6067972267310259,1.5722117191515503,0.8463285472438898,0.32053764708507904,1.5550589475747456,2.7094558250118776,-0.22189628583393556,-1.256390778096514,-0.9544818185665477,1.717548771990014,0.5236941218524152,0.1496030330803909,0.8359797279159273,0.25445300926171194,0.07103900868734986,0.1139570214591628,0.8978200122890985,1.5305003605284333,-1.482076498966276,Peak,False,True,False,False,False,True,False,False,False,False,False
-1.4526048222934442,0.8969644711130779,-1.5990738511488873,-0.3520928457126108,-0.5328882650672067,0.3482697477046748,-0.8111331926954924,0.4481517393003677,-1.8136402612749523,-1.7698433998982404,1.1536685281650665,0.8128683678113673,1.5296708071635192,0.08772664676642601,-0.581952140906851,0.4658571995365347,-0.18048234619088688,0.07987200555795616,1.0280507764791837,0.07789306042690809,-0.4802129043072925,1.3092851374165595,Early,False,False,False,False,True,False,False,False,False,False,True
-1.4526048222934442,0.3938997088511159,-2.651234563840615,0.6644147085983838,-2.542254540924683,-0.2890915022270741,0.39648100611208065,-0.4687691376407855,0.5928269782563907,-1.459739490800996,1.0700251463713433,-0.21766659539226876,0.04988399939360459,-0.3422778381325655,0.8811582070676328,-0.6481536026821091,0.7185627321836944,0.04945839972493924,-0.4954388152208512,0.8978200122890985,-1.3208876038803532,0.42551117806912986,Veteran,False,False,False,False,True,False,False,False,False,False,True
-1.4526048222934442,-0.10916505341084601,1.4521922156571236,-1.4690304496449387,-0.6426815073574568,1.545289883914219,0.7506687700800422,0.15211124256787764,-2.5183750215534206,0.3068194475587437,-0.007717907767784394,-1.1303737607736504,-0.6231265670915243,-0.7709064461999957,-1.4963961083909034,0.9970669258408935,-0.1847304959052577,0.037378636029281626,1.1803997356491873,0.8978200122890985,1.023949488999492,-0.9221009816904695,Rookie,False,False,True,False,False,False,True,False,False,False,False
-1.4526048222934442,1.1484968522440588,0.9261118593112596,0.7135099514660626,0.6104922562379356,1.2110495589122008,0.9331359850615398,0.8164006026262106,-1.3618782428884766,1.6270585463510487,0.03188865141709511,1.1146459555872623,-0.4545247475562379,-1.7774476340368741,0.1496030330803909,0.2552272981184668,-0.11933666431186149,0.1172233240226907,0.5710038989691733,-0.33207041550418837,1.5690221108572542,0.9229353613093985,Peak,False,True,False,False,False,False,True,False,False,False,False
-1.4526048222934442,-0.36069743454182696,-0.02083278211129551,2.2018634243499675,1.0908921729721128,-0.7018393173010102,0.8502095431675322,1.0083519601923603,-0.9599855038136852,-0.13743307003142555,0.24194111908588622,-0.06354601475890946,0.498411503920192,0.33646040341907146,-0.581952140906851,-0.09169439272939627,-0.06826601857471129,0.04580108161014077,0.2663059806291663,0.48785653635800325,0.5718400665656863,0.08457691493665498,Early,False,False,False,False,True,False,True,False,False,False,False
-1.4526048222934442,-1.1152945779347698,0.2948154316962229,0.2760235173352166,-0.6312723556966306,-0.30354429820514406,0.42590481568515953,-0.599759790411754,0.42655024463800373,1.7530434838758437,-0.8644978510159222,0.5559891836544384,1.1002911277230998,1.8331760346116273,0.5153806200740119,-0.6624035215991821,-0.049528026189071275,0.035231283607573466,-1.1048346519008652,-0.7420338914352835,-0.3053489006254268,-0.035149341001785475,Veteran,False,True,False,False,False,True,False,False,False,False,False
-1.4526048222934442,2.6576911390299447,0.7156797167729141,-0.6315230094874699,0.8374252077034958,-1.0623648451096845,-0.8800943333907354,0.21869531729768155,2.159967414496631,-0.6922341729732597,-0.28803018483827936,1.805284710477086,1.079036282739688,-0.7251349834927991,0.3324918265772014,0.41091826147853305,0.34553065739852684,0.10336403853195071,1.332748694819191,-2.7918512710907595,-0.6828723841569945,1.3036110181315674,Peak,False,False,True,False,False,False,True,False,False,False,False
-1.4526048222934442,-0.36069743454182696,0.4000315029653957,1.071855473704513,0.1552203463215108,-0.560603300057626,0.6549863650255185,0.3059561799360154,0.6616157403053538,-1.6165221714082103,-1.6238132803377587,2.8917379623410366,0.3001413083210526,-1.1045865371657504,0.1496030330803909,-0.21461639864203044,1.3215679134405058,0.0949095839512627,-0.34308985605084774,0.48785653635800325,0.06600572410441376,1.4338978886258325,Peak,False,False,False,False,True,False,True,False,False,False,False
-1.4526048222934442,0.6454320899820969,0.5052475742345685,0.1975402766415342,0.059104782881722,-0.4655595036445399,-1.3533457678209908,0.5988974213803772,1.5545993053765477,-0.012676659638486777,1.4706032912835358,1.1403555860262562,0.6310334004851176,0.14689871323591733,1.4298245875580644,0.31253518141508313,0.12098935102620771,0.05359324252430465,-0.8001367335608582,0.48785653635800325,-0.9613625589788855,1.7535524849587116,Veteran,False,False,False,False,True,False,False,True,False,False,False
-1.4526048222934442,-0.36069743454182696,-0.4416970671879867,-0.03230332466309251,0.6173375808789595,-0.31453633978262846,0.34473573492382675,0.915736356404221,1.1315758657027823,0.980955526976367,0.026647145526682205,-0.06802458783632503,-0.7832401454565138,0.3693274401055211,0.1496030330803909,0.6923774379149096,0.009517932468463768,0.013161908457108306,-0.34308985605084774,0.48785653635800325,0.30539258237558237,-0.040231909472210274,Peak,True,False,False,False,False,False,False,True,False,False,False
-1.4526048222934442,0.8969644711130779,0.8208957880420868,-0.045669444969896666,0.134097235411884,-0.148255631569554,-0.37094359447699743,0.5628899879347319,-0.8442787378753764,-0.1819633454731562,-0.8322788836677215,-1.2081027956651953,1.9956831423486208,0.3131406320018208,0.5153806200740119,0.4011281084596937,-0.05662044108313442,0.0843513591521741,0.1139570214591628,0.07789306042690809,-0.2142655688116193,-1.4492924636632525,Veteran,False,False,False,True,False,False,True,False,False,False,False
-1.4526048222934442,-0.10916505341084601,-0.2312649246496411,-0.6397360111293546,1.4623723725390105,-0.05976065844891756,0.8327590738236714,-0.252774674944118,0.03841343087302333,-0.46910786915572367,1.3919831724789065,0.2018314314483834,-1.3861386134551297,1.0607355717825049,0.8811582070676328,-0.0545996396047336,0.05044339032291452,-0.004398650886568047,-0.8001367335608582,0.8978200122890985,1.1645946535929843,0.9473098601956302,Veteran,False,True,False,False,False,False,False,False,True,False,False
-1.4526048222934442,-1.366826959065751,0.7156797167729141,-1.580583686956212,-0.07240317812224707,-0.572251599296655,0.858489934731944,0.47476133193674236,0.6996106264242117,0.014091869090239934,0.752892775940277,-0.056808684015391936,0.6841377185779284,0.7605256864225598,-0.39906334741004057,1.5659148975181525,0.05231863195550553,0.042184342401829625,-0.4954388152208512,-1.1519973673663786,0.04344700554504467,0.3776229178587378,Peak,False,False,True,False,False,False,False,False,False,True,False
-1.4526048222934442,0.6454320899820969,-1.809505993687233,-2.0293784146290887,-0.3866713260896785,-0.05976065844891756,0.9732838157035162,0.8401419995354493,-1.4324556442698033,-0.2260845414082143,1.37138692151033,1.886311977392752,-0.9806235335488978,1.0033929910216097,0.5153806200740119,2.9180874867970035,-0.1057447561043833,0.004105870604986821,-0.038391937710840714,0.48785653635800325,0.2603677558413237,2.303357533473663,Veteran,False,True,False,False,False,False,True,False,False,False,False
-1.4526048222934442,-1.6183593401967318,0.5052475742345685,0.7687162422989865,-0.44588920671935894,1.2686042279650427,-0.3480968678504014,1.9648195220135083,-0.4017069432994697,0.1619882799960629,0.4023163555551786,-1.6415500741570896,-1.8949503168583544,2.0317850952387704,1.2469357940612538,1.0403238486341972,-0.03910484040064038,-0.01480281116551243,-2.018928406920886,-1.5619608432974739,0.3860147507177627,-1.1063508811831557,Veteran,False,False,False,False,True,False,False,False,True,False,False
-1.4526048222934442,-0.8637621968037889,-0.757345280995505,0.6862634145771526,-0.23201886071198768,1.0969450880159968,1.1473309702671401,-1.2029741752716394,-0.502176136021633,0.6758489283262429,-1.8672438405396365,1.058471156169816,-1.843182609315825,1.2261072342937018,-1.4963961083909034,-1.177614844898418,-0.06455800238989155,-0.013710892573570912,0.7233528581391768,-0.33207041550418837,1.1624568072905805,-0.19155089283668783,Rookie,True,False,False,False,False,True,False,False,False,False,False
-1.4526048222934442,-0.8637621968037889,-2.0199381362255786,-0.47461106984415563,1.2820146459338257,-1.0517962584046894,-0.7654582418404005,-0.9911890185327432,-0.7418290411070979,1.8948383203189882,-0.5861084272724852,1.137228034161747,0.40974859964207205,-0.6633179681485639,0.8811582070676328,-0.8303668723365953,-0.09708649812767584,0.07396691000866666,-1.2571836110708687,-0.33207041550418837,-0.3821716299565089,0.5934462136898777,Veteran,False,False,False,False,True,False,False,False,False,True,False
-1.4526048222934442,1.9030939956370017,1.6626243581954692,-0.11471910758426064,-2.413804570479402,1.0219838458405226,-0.5167938519756763,-1.0261378029488253,2.162434114379791,1.0744933852413765,1.866249683491683,0.7919622187452613,0.28241022345752004,-0.5008733606249272,1.4298245875580644,-0.9337779395683644,0.05483774701369817,0.06255970682341774,-0.038391937710840714,-1.5619608432974739,-0.8963761454170293,1.6933691832302051,Veteran,True,False,False,False,False,False,False,False,True,False,False
-1.4526048222934442,-0.10916505341084601,-0.5469131384571595,-0.16141643846030823,0.929606707271053,0.12687446792297577,0.8472670626496146,-0.03505287537906981,0.6663325880073117,0.18782556009146428,-1.3995292703469182,-1.0876262634173246,-0.30584082048096567,-0.6118094101463747,-0.21617455391323007,-0.059948066510375875,0.03393047792808716,0.044985814959961797,0.1139570214591628,0.8978200122890985,1.0085246138785116,-1.6707390610320951,Peak,False,False,False,False,True,False,False,False,False,True,False
-1.4526048222934442,0.14236732772013497,0.6104636455037412,-1.2456540029950889,1.0251206958137198,-1.3680042633720844,-0.4530791343815474,0.9259602970743959,0.1458381358488032,-0.8259220408959754,2.0024113248364475,0.7754884144901035,0.7896342301761997,-0.22982930979223803,-0.581952140906851,1.726865218874987,0.13015243819536057,0.0695035648244757,0.5710038989691733,1.3077834882201935,-0.556350304023409,1.756629061875399,Early,False,True,False,False,False,True,False,False,False,False,False
-1.4526048222934442,-0.6122298156728079,-1.0729934948030235,-0.7417185360611704,0.4947520787434822,-1.590336135674674,0.6200691403384702,-0.3378960038025187,1.3649624602290422,-1.1643563595516913,-1.3235666925738911,-0.6351520358900582,0.6511255436017219,-1.4686087583871428,0.5153806200740119,-0.0930889312258603,0.5116279449762204,0.15345775011274634,-0.8001367335608582,0.07789306042690809,-0.4230221421827728,-1.260618981448582,Veteran,True,False,False,False,False,False,False,False,False,False,True
-1.4526048222934442,0.3938997088511159,-0.02083278211129551,-0.8476213305390065,0.06668870324476737,-0.06367205656188911,-0.1384870167264776,0.16098230258068036,0.745233325271262,-1.7636567246877057,-0.5593972675404878,0.45928517997339113,0.7708167260350903,-0.946941926219638,-0.03328576041641958,0.48912632214305296,3.7979362359011675,0.10548849611801565,0.2663059806291663,0.8978200122890985,-0.07646749224674937,0.05805407707179545,Peak,False,False,False,True,False,False,True,False,False,False,False
-1.4526048222934442,-0.36069743454182696,-0.8625613522646779,-1.3698068929647986,0.7277979994597741,-1.4575842469157745,-0.7134195112793462,-1.9075131069102365,-0.8273080425967697,0.9282795789754578,-0.4774527192210491,-0.12256100043767165,-0.46519789655508337,0.6446086776456953,0.8811582070676328,-1.7300741476770243,-0.08769473669581673,0.018008663483466116,-0.9524856927308617,0.48785653635800325,-0.9043664327806558,-0.36822991633126384,Veteran,False,False,True,False,False,True,False,False,False,False,False
-1.4526048222934442,-1.1152945779347698,-0.6521292097263323,0.6614138841021278,1.451976348186021,1.0560600063008214,-0.8690534277770952,1.184393557182217,1.3283766942639987,0.6104120688206015,0.6572999476473852,0.9039785861339417,0.882527481578653,-1.0728136050392885,0.5153806200740119,0.5407255779116731,0.04283196517286959,0.12088091869989198,-1.1048346519008652,-0.7420338914352835,0.985428102316385,1.103889846916468,Veteran,True,False,False,False,False,False,True,False,False,False,False
-1.4526048222934442,-0.8637621968037889,-1.1782095660721963,0.4518949497554362,1.1685759756726524,0.24971274141870853,-0.1802635251806139,0.8240450946408495,-1.140909969600878,1.1465121770598568,1.2094447992052728,0.8479370348421055,0.2640267102096088,-0.7720450879955377,-0.581952140906851,0.3713812817033381,-0.10609957885039505,0.07337435732235792,-0.038391937710840714,-0.33207041550418837,0.6819717584275305,1.3691498275428846,Early,True,False,False,False,False,True,False,False,False,False,False
-1.4526048222934442,-2.1214241024586937,0.4000315029653957,0.1834929959485727,0.5439632588496993,-0.845242418778993,0.10254442277190687,0.8604023469407105,0.6629116767800438,-0.1451173789318547,-0.6538794981401236,-1.6211521669044664,-0.11345539057483074,-1.5522687572235334,-0.03328576041641958,0.5285250294651869,0.0668680691643723,0.11282362614516278,-1.2571836110708687,-2.381887795159664,-0.19356294535326313,-1.6842422168253164,Peak,False,False,True,False,False,True,False,False,False,False,False
-1.4526048222934442,0.8969644711130779,0.2948154316962229,0.2243042164748131,0.2530875325846077,-0.20726194272891027,-0.022032120006119482,0.4952329135899147,0.8774886311101576,1.1912320786894952,-0.0635018126107409,0.03802669413577795,-0.7312839848908043,-0.07464519815276556,0.6982694135708224,0.21802710114222495,-0.01242359428336812,0.01968356484193908,-0.038391937710840714,0.07789306042690809,-0.008581625799100635,-0.004866254354939588,Veteran,False,False,False,False,True,False,False,True,False,False,False
-1.4526048222934442,-0.36069743454182696,2.0834886432721604,0.4452672684881464,1.1296015558861319,-1.023804912216585,-1.355212982627391,-0.47812298376870144,2.0847111651860435,-0.14076087502809304,0.935822760024937,-2.182430789860012,1.0725233422911458,-0.3245916060830996,0.3324918265772014,-0.6072239853705246,0.1841704472858487,0.08224671989756596,-0.4954388152208512,0.48785653635800325,-0.7494137486776312,-1.2452248599955524,Peak,False,False,True,False,False,False,False,True,False,False,False
-1.4526048222934442,0.14236732772013497,2.188704714541333,1.076352931266611,-1.8904001422234316,-0.3811986886586877,0.06210837226735551,-1.7802786824043098,-0.8504359157347557,0.35196648309852124,-0.6183954981590163,0.2853277392623228,0.594459160174287,0.926316422596142,0.5153806200740119,-1.5925833280339678,-0.07638831599191508,0.03759963321759193,-0.34308985605084774,1.3077834882201935,-1.207308121198924,-0.11638862831333432,Veteran,False,False,True,False,False,False,False,False,False,False,True
-1.4526048222934442,-0.6122298156728079,-0.1260488533804683,0.3709634996175561,-1.4160038228096778,0.32747701368923754,1.7361522325605174,-0.9491630686385504,0.6498020074339418,-0.19880074857360508,-0.6661907990169753,-0.8300127886737617,-0.4512103409918634,-1.1369109569150717,-0.947729727900472,-0.9511031406565963,0.0723414757553351,0.05927840515555875,0.4186549397991698,0.07789306042690809,0.3549575758448725,-1.0488405632378779,Early,False,False,False,True,False,True,False,False,False,False,False
-1.4526048222934442,0.3938997088511159,-0.2312649246496411,-0.33439327721115336,-1.4709595680103458,-0.49222651875643375,-1.2039675050320109,-0.7598618229166749,1.581274000381636,0.8948291183444602,0.4774212663728575,0.1368448822402277,0.9015618008202285,1.008249044480418,-1.313507314894093,-0.6490585371873938,0.03732866395367147,0.042700405136681926,1.332748694819191,0.8978200122890985,-1.7093607246649387,0.3798093822157696,Rookie,False,True,False,False,False,False,False,False,True,False,False
-1.4526048222934442,1.4000292333750397,0.08438328915787728,-0.9879198777143904,-0.8601101779244257,-1.4569698125560726,0.48954881950326423,-1.5132214057395976,-1.7005134183533517,-1.1774126069105773,-0.958381172411278,-0.06439968608135643,-1.0641110971213583,0.44530872585596143,-0.7648409344036615,-1.2768588866547488,-0.11848912392373058,0.005623119316547236,1.4850976539891942,-0.7420338914352835,-1.121867774611551,-0.5916865409708758,Early,True,False,False,False,False,False,True,False,False,False,False
-1.4526048222934442,-0.36069743454182696,0.2948154316962229,1.5035088832624663,0.2659062598584525,1.3013338679333684,-0.698010502276321,0.8343571558442195,1.9957439825020922,-0.018846395639820098,0.6741508985096658,1.262414843083964,-0.11410910285340793,1.0728793400176122,1.2469357940612538,-0.0034017576384704857,0.15598423843561648,0.021206611615916623,-1.2571836110708687,0.48785653635800325,0.6020815217476087,1.4043904904879636,Veteran,False,False,False,True,False,True,False,False,False,False,False
-1.4526048222934442,0.14236732772013497,1.3469761443879509,0.297853166075228,0.09961727037691519,-1.4699083381133946,-0.34284876805988673,0.8284426946462892,-0.586477297966928,-0.39896592201925474,-2.729569274683571,0.6681578328703802,-0.5379324155011377,-0.9274817029331214,1.0640470005644433,0.44632320796541974,-0.019535873627652665,0.04608813457344084,-0.8001367335608582,1.3077834882201935,-1.0527133589182565,-0.9937861600193877,Veteran,False,False,False,True,False,False,False,False,True,False,False
-1.4526048222934442,-1.366826959065751,-0.8625613522646779,-1.0205013087559447,-0.819376955801207,-0.21288333989494562,-0.7871895946871126,0.6636168346875724,-0.04146840758572111,0.8876800211801958,1.4427625344451322,-0.46568422626310985,-1.7089053459913028,0.12455963181955178,1.6127133810548748,1.1777853711692203,-0.04626712297677819,-0.00944571273753648,-2.17127736609089,-1.1519973673663786,-0.9736077641319046,0.4339297913035946,Veteran,False,False,True,False,False,False,False,False,True,False,False
-1.4526048222934442,0.3938997088511159,-0.8625613522646779,0.23813049714445092,1.5844439090509457,-0.5070855153959678,-1.0522756588166045,-0.5017020917439368,-0.3322824938625852,-0.4798076946845012,0.33289735079909283,0.4329814942531417,-1.5798797555158635,0.6614978450868726,-0.21617455391323007,-0.5762908924278451,0.013608118549485584,-0.007469830938039517,0.4186549397991698,0.8978200122890985,-0.02642614734083307,0.5389029051990976,Peak,False,True,False,False,False,False,False,True,False,False,False
-1.4526048222934442,-0.8637621968037889,0.4000315029653957,-0.7175537644893231,0.2582284267056997,-0.6850630833409262,-1.4106053758031984,-1.2951291081063294,0.8339105096522649,-1.0038690317949324,-0.24269152480797548,0.22422754178202728,1.9539228338406034,0.19581478543972688,0.8811582070676328,-1.0823273488367553,0.30076843126395264,0.0874288500267294,-1.2571836110708687,-0.33207041550418837,-1.024365387335047,0.04545902287983695,Veteran,False,False,False,True,False,False,False,False,True,False,False
-1.4526048222934442,0.14236732772013497,-0.757345280995505,-0.5240585193212695,-1.2495109760254854,0.8621205289521648,0.23359085516937828,0.052463251611145505,0.9089926126054815,-0.061769964466080525,0.9737242403652219,1.4330257203332246,0.8326568107026465,-0.4162332333253474,-1.313507314894093,0.18762006635131173,0.07690086557223032,0.07820627610798138,1.1803997356491873,1.3077834882201935,0.00501618233091115,1.7115175799787525,Rookie,False,True,False,False,False,False,False,False,True,False,False
-1.4526048222934442,-0.36069743454182696,-0.9677774235338507,0.07610786633776019,0.8950363373467791,-0.9857854836299966,1.3328670628274695,1.2290087842856932,-1.846905532505257,0.7720385432822628,-0.5124124910621918,-1.2766130275055083,0.4015590280238094,0.30541162054493204,1.6127133810548748,0.8883307534837128,-0.13991486754386803,0.04398542653594576,-1.5618815294108757,0.48785653635800325,0.538172068049201,-1.324887801359818,Veteran,False,False,False,True,False,False,False,False,False,False,True
-1.4526048222934442,-0.10916505341084601,-0.2312649246496411,1.9762166886121864,-1.4014859563283988,0.4626244991804442,-0.24729714175327122,0.029943065396245982,-0.2459240018060019,1.1698211471873587,-0.0763942717729133,-0.5855337779449226,-1.8008900613897503,0.46139306101007105,0.1496030330803909,-0.5821975081348782,-0.06430353209697273,-0.01230782758989735,-0.19074089688084422,0.8978200122890985,-0.5757960406605107,-0.5183948851114267,Peak,False,False,True,False,False,False,False,False,False,True,False
-1.4526048222934442,-0.36069743454182696,0.6104636455037412,-0.5906971823268102,0.6777533717107249,-2.0220416191871746,-0.2847511873802092,0.4822531640701331,-0.12646004451374843,1.5301426501803983,0.08895138927173324,-0.48959564464852173,-0.5261404344055443,-0.09543977766488039,-0.21617455391323007,0.6457543419057369,-0.06699552857530362,0.026040422228550367,-0.038391937710840714,0.48785653635800325,-1.0660430415433766,-0.34744161738452767,Peak,False,True,False,False,False,False,False,False,False,False,True
-1.4526048222934442,0.14236732772013497,-0.33648099591881386,-1.3307760461628955,0.7126372608616678,-0.7091447923583449,0.558256868414228,-1.6710911288045665,-1.0038720564820158,0.07707681783045302,1.9647903348679232,-0.5621253229389684,-0.6448482683469493,0.16815032497406754,0.3324918265772014,-1.4312022479618554,-0.07908973136837409,0.01893016632663667,-0.19074089688084422,1.3077834882201935,0.21671761143340798,0.649438538309374,Peak,False,False,True,False,False,False,True,False,False,False,False
-1.4526048222934442,0.14236732772013497,0.7156797167729141,0.09089817283732898,1.405241887129968,0.8871823956899186,0.6233271069294889,-0.6921856179633488,-0.2722507167415381,1.1119636648380489,-0.23368878548698752,0.8606338503999184,0.3694519970048442,-1.1362600913640828,-0.39906334741004057,-0.6947195889541873,-0.06415240930943533,0.1008083104852971,0.4186549397991698,1.3077834882201935,1.6243891181822765,0.567228036263666,Peak,False,True,False,False,False,False,False,False,False,False,True
-1.4526048222934442,0.14236732772013497,-0.02083278211129551,0.25058166598433324,-0.8571818152584966,-0.4657193250565527,0.8535531537781107,0.06860478825885896,-1.0274260670646633,-0.02015315339139443,-2.95091742272328,0.32409769617841044,1.059355416965707,-0.8210587909089676,1.2469357940612538,-0.12971642840959688,-0.07786088758485482,0.10895037517552943,-0.9524856927308617,1.3077834882201935,-0.30637763848114075,-1.3977107043901704,Veteran,False,False,True,False,False,False,False,True,False,False,False
-1.4526048222934442,2.4061587578989636,-0.5469131384571595,-0.7827940256327586,0.8879478305416496,-0.47613453871345746,1.0275123160127428,0.7169702982934539,-0.57076995790758,0.37973503101552986,1.4208117510312233,-1.1658393148602215,-1.105957118328391,1.5388539664652816,-1.1306185213972826,1.026096775728343,-0.05936016986541249,-0.0006394884627846139,2.3991914090092155,-2.381887795159664,0.6987028166729632,-0.14688470614424431,Early,True,False,False,False,False,False,False,False,True,False,False
-1.4526048222934442,1.6515616145060208,0.18959936042705008,0.886018049889278,1.8375073049851676,-1.0908098811582638,-0.16812853413544118,-0.3533582836187543,-2.062298093276457,-1.9801263674604561,0.44574372163155607,-1.339887663901771,-0.11602378545068334,-1.7208323230663365,1.0640470005644433,-0.6131528919094036,0.17569253181829136,0.13724675560958538,0.1139570214591628,-1.1519973673663786,0.19494633066531503,-0.8369874123865462,Veteran,False,False,True,False,False,False,False,False,True,False,False
-1.4526048222934442,-0.10916505341084601,0.18959936042705008,0.3297716760968062,-0.4139623621911924,-1.091680577784029,-0.5922615514140814,-0.3404866386788333,-0.04372358226074456,0.9415692296047511,-0.4169894703807391,1.2906267937775138,-1.1267655004601256,0.6205300682211451,0.8811582070676328,-0.47364190362667985,-0.04812414325160317,0.0030468606821772203,-0.8001367335608582,0.8978200122890985,-1.2138671180038578,0.8131758065070818,Veteran,True,False,False,False,False,False,True,False,False,False,False
-1.4526048222934442,-0.10916505341084601,0.5052475742345685,0.21172337145092426,-0.04898726145195166,2.1601886692388104,-2.3998620717998076,-0.7263592448668774,-1.7518855829717987,-0.41077695137786546,0.5470007065600845,-0.24930048567716273,1.5160901756852045,-1.5933375567747432,-0.7648409344036615,-0.7484966905283957,-0.13320563692462442,0.2381838925627936,0.5710038989691733,0.8978200122890985,0.0997478939845495,0.10545665725377855,Early,False,False,True,False,False,False,False,False,False,False,True
-1.4526048222934442,0.3938997088511159,-0.5469131384571595,1.178366018824208,0.9906756934891621,0.37570896404093135,-0.3835669519667209,-1.75059060431741,-1.0982403988146336,1.606728638634688,-0.32586078677591207,0.4623656362610759,-0.33957467489619897,0.7442567569349919,-0.03328576041641958,-1.5739042448187313,-0.10841595216711651,0.019798633002343267,0.2663059806291663,0.8978200122890985,0.5626355337089317,0.19199508550445113,Peak,False,False,True,False,False,False,False,False,False,False,True
-1.4526048222934442,-1.1152945779347698,-0.757345280995505,-0.8033631271603723,-0.2921872458558927,0.3284128605475696,0.5812229009314169,0.13172902598704703,0.08363661469152955,1.9655802725316407,-1.7766818335401175,-0.5709710241487348,-1.2600871097501174,-1.0115057145066477,-1.6792849018877138,0.429152128299384,-0.06712724403773576,0.01564202794885153,0.7233528581391768,-0.7420338914352835,0.35307678258176645,-1.4635341747118775,Rookie,False,True,False,False,False,False,False,True,False,False,False
-1.4526048222934442,-0.8637621968037889,-0.8625613522646779,-0.7893326688070957,-0.1905639463694837,-1.8572456003820803,0.3711860351369502,-0.9206678815354266,-0.27995509215621356,0.4279641545595943,-0.1985439489952787,-0.2834978299301306,-1.0167134280853467,0.3432809093545686,-0.947729727900472,-0.6791342446438767,-0.04289818900254811,0.007539304889113956,0.2663059806291663,-0.33207041550418837,-1.0820810984669726,-0.3419188949182584,Early,True,False,False,False,False,False,True,False,False,False,False
-1.4526048222934442,0.3938997088511159,0.2948154316962229,0.12688117517801395,0.8099743231830892,1.2247116243772864,-0.3766805992529271,2.2923000465166754,-1.2443988431496844,-0.49112881698623045,0.5828424680428809,0.9281517876681358,0.036103922839192934,-0.328703040442127,0.6982694135708224,1.7209056008317787,-0.08014387337440673,0.048621816509347514,-0.34308985605084774,0.8978200122890985,1.0069509968087997,1.081609746002381,Veteran,False,False,False,False,True,True,False,False,False,False,False
-1.4526048222934442,-0.36069743454182696,-0.1260488533804683,-0.5725762914730913,0.4648883709924832,2.593068199368255,0.7953632059123102,-1.1309475357880123,2.3541733065919073,-1.421021754686597,-0.49158540296580416,-0.554442236906162,-0.7908372613638394,0.5354593651645445,-1.1306185213972826,-0.9444817893848523,1.2187186997800095,0.011476593894628583,0.7233528581391768,0.48785653635800325,2.2938549833531687,-0.7268310677978747,Early,False,False,False,False,True,True,False,False,False,False,False
-1.4526048222934442,0.6454320899820969,-0.5469131384571595,-0.17639964540556208,-0.9220239092924675,-1.1793523700684223,-1.7792146625323764,-0.8151008907770007,0.9426065361415681,0.6639754401057408,0.31054384109617544,1.8234565917183945,-0.45730293897879376,-0.5874002357219074,0.1496030330803909,-0.737678712512357,0.01725943997042281,0.0386786525472822,0.2663059806291663,0.48785653635800325,-2.150282803280164,1.6552567844436588,Peak,True,False,False,False,False,False,True,False,False,False,False
-1.4526048222934442,0.6454320899820969,-1.3886417086105418,0.21759202287112545,-0.1021613773403963,-1.8504880676057842,1.4580104132203207,2.090158731933941,-1.2023111728487443,-0.5711789051258251,0.3630725203851553,1.9366675569869127,0.14011282665716637,0.6363362543588501,0.8811582070676328,1.4882756399272772,-0.07196114206201873,0.03194279630631195,-0.34308985605084774,0.48785653635800325,-0.4701377003502832,1.7767378466988233,Veteran,False,False,False,False,True,False,False,False,False,False,True
-1.4526048222934442,0.6454320899820969,-0.33648099591881386,-0.7047132607149825,-1.8225465233086457,-0.31296322892833106,0.6222235716183382,0.33114058492650544,-1.080945252744894,-0.8469406936151292,-0.07674364253991033,-0.6751462468301788,-0.24103803391429998,0.9017843514578928,0.5153806200740119,0.5705785145964308,-0.03715250704964951,0.020304815353842157,-0.038391937710840714,0.48785653635800325,-0.8392581193448214,-0.5913484140980434,Veteran,False,False,False,True,False,False,True,False,False,False,False
-1.4526048222934442,-0.8637621968037889,0.6104636455037412,0.8659354535577913,1.2794530864024791,0.3257543817166537,0.11563256387778323,-0.5814550108878644,0.08057764802885851,-0.3283939353000654,-1.0536453632691667,1.4172362347764362,0.8502372182036058,1.3701196632656465,-0.7648409344036615,-0.7660371468559519,0.03711853504756858,0.036458804834962735,0.1139570214591628,-0.33207041550418837,0.94129958060833,0.5576454601302662,Early,False,False,False,False,True,True,False,False,False,False,False
-1.4526048222934442,1.1484968522440588,0.7156797167729141,1.1441164205619618,0.8095876661459314,0.3097822491496003,2.3858507552614188,-0.5515136760167072,0.8792606587340291,-1.990936879188428,-0.8980236865010288,0.422705570769098,-0.7349279299549889,-1.1576742009723378,1.2469357940612538,-0.7927671967039231,-2.925445847652167,0.045770447876275426,-0.34308985605084774,-0.33207041550418837,1.8548033570984723,-0.16223224572121137,Veteran,False,False,False,True,False,True,False,False,False,False,False
-1.4526048222934442,-1.366826959065751,-0.4416970671879867,-0.21478047369322462,-1.4288276504782387,-1.577261347299782,0.2212749038449441,1.4815826016579434,-1.19482716294571,0.5401412394287524,0.9652713308572926,-0.309579804905297,-0.6583805801073923,-1.991943911054728,0.5153806200740119,1.3052230966016791,-0.10155192897909787,0.13926118953966707,-1.2571836110708687,-1.1519973673663786,-1.6367405533604855,0.291928322852657,Veteran,False,False,False,True,False,False,False,False,False,True,False
-1.4526048222934442,-0.10916505341084601,0.7156797167729141,0.7237046307580445,1.181437641310994,-0.4568006187715682,2.045425713087615,0.0009727698428056198,-1.2896447679437493,0.15088847165303085,-1.0901123412667457,1.5206709336667255,0.9261627644494991,2.520459531435936,1.2469357940612538,-0.32719080585080956,-0.10144740095586516,0.025936827087654067,-1.1048346519008652,0.8978200122890985,1.3913577522117684,0.6211002099554184,Veteran,False,False,False,True,False,False,False,True,False,False,False
-1.4526048222934442,-0.10916505341084601,-0.9677774235338507,0.6016480793752281,-0.5942200607156908,-0.391150467877614,-0.4031454769717357,-0.4895717432639999,-0.653512344459765,0.9013923347747936,0.046240814091401454,1.3200600530322342,-0.4873616978331973,0.7958206570837355,-0.581952140906851,-0.6500264092504424,-0.07825987023203014,0.016043917314690126,0.4186549397991698,0.8978200122890985,-0.7690302987841137,1.0977900282040505,Early,False,False,False,True,False,False,True,False,False,False,False
-1.4526048222934442,-0.10916505341084601,1.1365440018496051,0.35464720966307656,0.17090321172179304,1.5625104915171846,0.6276709646423804,-0.8129806648618988,-0.09266633313652706,-0.6675152402644047,-0.1779100244538473,0.5192748886284332,0.3709890094893741,-0.4317514884534834,1.2469357940612538,-0.8437979825508747,0.06602826515890278,0.06310260201949365,-1.1048346519008652,0.8978200122890985,1.4011164968016134,0.3214703046300332,Veteran,False,False,False,False,True,True,False,False,False,False,False
-1.4526048222934442,0.3938997088511159,-1.0729934948030235,-0.4043973953510391,-1.0438696011629662,-0.24139767516681104,-1.7012381999208595,0.21571063854709072,0.1714453597307142,-0.272723409116621,1.3307541521110264,-0.4984521219723317,0.1509274461306294,-0.4096590913633712,1.4298245875580644,0.2795376944519439,0.03916133810458794,0.0548686768012963,-0.9524856927308617,0.8978200122890985,-1.582002059577142,0.3442843216689429,Veteran,False,False,False,False,True,False,True,False,False,False,False
-1.4526048222934442,1.1484968522440588,-0.02083278211129551,-0.4589975533116341,0.5459403919859388,-0.8017643605903537,0.2730045368418962,0.5878037163859453,0.3623884713188411,-0.24321701862953904,0.9804638465662797,-0.8402176450106783,-1.0465894634014192,1.4654335397566718,0.3324918265772014,0.6612150678830754,0.05277073626216468,0.0007053013503554081,0.4186549397991698,-0.33207041550418837,-0.0770735526888664,-0.1303489705016767,Peak,False,True,False,False,False,False,True,False,False,False,False
-1.4526048222934442,-0.6122298156728079,-0.4416970671879867,-0.9327278593572486,-0.5693428595600145,1.256272608314325,0.5299356512518462,-1.258862110269868,1.1551115260622788,-1.195440308881423,1.2737865463580067,0.9383642664998867,-0.22125252667698844,0.5979724105173886,1.6127133810548748,-1.0048799320212083,0.49698512793234395,0.024142195923425935,-1.7142304885808792,0.07789306042690809,0.7662180769014862,1.4787813211223775,Veteran,False,False,False,False,True,True,False,False,False,False,False
-1.4526048222934442,0.6454320899820969,-0.33648099591881386,-1.7106793588001952,-0.806946011193965,0.10688005309446089,-0.5023768505772553,-0.1239148286639419,0.041339354110306537,0.048149959089999424,-0.09173526133143191,-1.1311404863275456,-0.7725363904352782,0.3102997062396992,1.0640470005644433,0.8695638587911645,-0.00019806716573281526,0.014010763691739248,-0.4954388152208512,0.48785653635800325,-0.6180742392799099,-0.9700104850337912,Veteran,False,True,False,False,False,False,True,False,False,False,False
-1.4526048222934442,-0.8637621968037889,-0.9677774235338507,0.20558784827704776,-1.078217161415757,-0.6750311207166443,0.18751616594039203,-1.3964081606368024,-0.40264101144773673,0.7913709687026967,-0.3871438033641267,1.322443938278726,2.5337450694950054,-1.1132667599471826,-0.947729727900472,-1.2811631953416232,-0.06236388878436698,0.2069234433280925,0.2663059806291663,-0.33207041550418837,-0.8991204647059584,0.8558061964450969,Early,True,False,False,False,False,False,False,False,False,True,False
-1.4526048222934442,-0.6122298156728079,-1.4938577798797146,-1.1894506755653025,-0.5048534845980656,0.4063470040925276,-0.19336381282234402,1.508222555863021,2.040688415518989,0.7283909923576986,-0.544414494223611,0.022157611894984632,-1.1002145811126267,-0.029196366118572088,1.4298245875580644,2.3548271687922635,0.07380228063325296,0.008436832333873493,-1.5618815294108757,0.07789306042690809,-0.10985417570716466,-0.2884197201999997,Veteran,False,False,False,True,False,False,False,False,True,False,False
-1.4526048222934442,0.8969644711130779,1.1365440018496051,0.9607760419834337,0.06889742254009995,0.4344584078037012,-0.9603859309290377,0.11375137811020797,-0.35994142834568366,1.6791733701322435,0.4375411137097829,0.1284227634335333,-0.33171012450389115,0.09054601258130407,0.1496030330803909,-0.31289983924080217,-0.07931943658436641,0.028536047198956103,0.4186549397991698,0.07789306042690809,-0.18492171499090415,0.35052590161730673,Peak,False,True,False,False,False,False,False,False,False,True,False
-1.4526048222934442,-0.6122298156728079,1.767840429464642,1.4187532436250496,-0.7935892343307099,0.6966190401100174,-1.064915769584455,-1.2325387541699604,-1.5739505375847036,1.890531150167414,-1.0327049534917312,1.0805389811227208,-1.0310369190618125,0.07177155986774579,1.0640470005644433,-1.2556939952323318,-0.12860098999116276,0.009458933381627286,-1.2571836110708687,0.07789306042690809,-0.5289093908790565,0.2960647320501609,Veteran,False,False,False,False,True,False,False,False,False,False,True
-1.4526048222934442,-0.10916505341084601,0.08438328915787728,0.14438307777706952,1.4078406060884379,0.7518368151870164,0.10101916321085687,0.7449929343596321,0.6728135806340407,1.3431252883308424,-1.0920049247163994,0.3252007439500394,-0.34271602907373366,0.03226977641402762,0.5153806200740119,0.45551470975578806,-0.027417042959814748,0.02919650638281631,-0.4954388152208512,0.8978200122890985,1.270684617318267,-0.3505743151495052,Veteran,True,False,False,False,False,False,False,True,False,False,False
-1.4526048222934442,0.6454320899820969,-0.9677774235338507,0.3524725918705725,0.33371353446316665,-0.05976065844891756,1.2508274659958245,0.1874089626106974,1.1176360216870647,0.44600160113891385,1.42963174132718,0.19266167117848607,0.30685458920392195,1.0985913631248465,0.3324918265772014,-0.07319714829910808,0.042648601206103316,0.02937968035834562,0.1139570214591628,0.48785653635800325,0.7841695059981363,0.9610544006621692,Peak,True,False,False,False,False,True,False,False,False,False,False
-1.4526048222934442,-0.6122298156728079,-0.8625613522646779,-1.6572403849757391,-1.0121278976516355,-0.16986700571968064,-1.2595863036529327,0.4970507379579637,-0.4625646371743355,0.2355387761512896,-0.2411676150831425,0.758250840865755,-0.11446833271920015,-0.7914505335300978,1.4298245875580644,1.7025286154983144,-0.04667350922751047,0.05881860708033202,-1.5618815294108757,0.07789306042690809,-1.2920932010229542,0.4798933981272464,Veteran,True,False,False,False,False,False,True,False,False,False,False
-1.4526048222934442,-1.1152945779347698,1.767840429464642,0.8334472715937409,0.3260956698988346,-1.9416328973253125,-1.261737003249356,0.1447439646369966,0.12376168222560545,-0.5659264685772436,-0.5021372835739532,-1.2800874861253826,0.6864596752222915,-0.3538607789480617,0.5153806200740119,-0.25693352092636357,0.073902787171062,0.0707864837880671,-1.1048346519008652,-0.7420338914352835,-1.7053041368566837,-1.3219256001453006,Veteran,False,False,True,False,False,False,False,True,False,False,False
-1.4526048222934442,-0.6122298156728079,1.767840429464642,0.11457394585543945,0.4938257718263264,-0.6808519556915352,0.8123473596764648,1.1664006673310958,-1.54537481621884,0.23122862935134336,0.1950178924014382,0.29439963306659506,-0.17245612457766762,-1.1513554019844174,1.6127133810548748,0.8138344397070281,-0.12021777963205614,0.07428811542902099,-1.7142304885808792,0.07789306042690809,0.2501510702809682,0.3487855837563515,Veteran,False,False,False,True,False,False,False,True,False,False,False
-1.4526048222934442,-0.8637621968037889,-0.4416970671879867,0.6683147005189725,0.712397711163516,1.8884250675567793,-0.9007255088044326,-0.8676271295821691,0.9221886434144213,0.41495675653392977,2.014096082142499,0.20299986962652167,0.20312240427130165,0.6543811475629293,1.0640470005644433,-0.9352312043390932,0.032870071045465514,0.03311458861778557,-1.4095325702408723,-0.33207041550418837,1.1041053277805981,1.2983986821600098,Veteran,False,False,False,True,False,False,False,False,False,False,True
-1.4526048222934442,0.6454320899820969,1.5574082869262964,-1.8062117166906355,1.2204870298493014,1.395471295028118,1.5197037438043186,-0.616317281575615,0.8885066521536502,0.4393252033755654,0.9691710120876553,1.0438160320685306,1.548132205232784,3.3781783376977033,1.4298245875580644,0.22457748421388146,0.02898371391022891,0.027727399672935575,-0.8001367335608582,0.48785653635800325,2.310494274436355,1.392953260178907,Veteran,False,False,False,True,False,False,False,False,True,False,False
-1.4526048222934442,3.1607559012919064,-1.3886417086105418,-1.0507376776598174,-0.5381320078999262,-0.47755673467848625,-0.15027600560441426,-0.13905574194355752,1.817063402508658,0.6354608908330737,-0.5892105878312043,-0.5577125421016241,1.9965827589211667,1.300804840605348,-0.03328576041641958,0.2935380643044659,0.06890101312038466,0.05913438100385036,1.9421445314992047,-3.611778222952951,-0.6634531129236473,-0.7844320581706076,Peak,False,False,False,True,False,False,True,False,False,False,False
-1.4526048222934442,-0.10916505341084601,0.9261118593112596,-0.955789449123038,-0.8920722362019604,0.05518102233031414,-0.22041572295755057,0.12510498375210177,-0.2140600569010582,0.6756868095672104,-0.6865109453901359,0.7643429677316752,-0.4992905155646648,0.967517185787229,-1.6792849018877138,0.5247560258661986,-0.048380481601611625,0.014289838215893523,1.332748694819191,0.8978200122890985,-0.5501571913178186,0.2341896575075585,Rookie,True,False,False,False,False,False,False,False,False,False,True
-0.8715628933760665,-1.366826959065751,-0.4416970671879867,-0.29666819151544604,-0.22445365615820037,-1.7477857364485996,1.2867151795967737,0.2199635090378778,-0.7506052008573441,0.599355559932309,1.4921675406919812,0.2863066329650966,-2.4176426419117516,1.6932217706010342,-1.1306185213972826,0.2280031286000773,-0.07668865750093802,-0.023781733092768362,0.1139570214591628,-1.1519973673663786,-0.5582895749082624,1.0722819574060147,Early,False,False,True,False,False,True,False,False,False,False,False
-0.8715628933760665,-0.36069743454182696,-0.6521292097263323,-1.494504884541603,1.9847586159112702,-0.8844511610662272,-0.24638679931341725,-0.7963029363923817,0.41444742855458055,0.05919955507548408,-1.3497143823148827,-2.207440997692606,1.376454776361415,-0.657722197168349,0.1496030330803909,-0.2468663644294162,0.026702644603646835,0.11058693931258122,-0.34308985605084774,0.48785653635800325,0.36267112508171945,-2.551886260503196,Peak,True,False,False,False,False,False,False,True,False,False,False
-0.8715628933760665,-0.8637621968037889,0.4000315029653957,-0.11796558878113884,1.7080848789375498,-0.22834988461849473,0.9037226389016136,0.2706251328783492,-0.7366514935180466,-0.05901812771158843,0.7948959630344682,-1.3743874514968744,1.2444877065725453,-0.9868861249336641,0.8811582070676328,0.18649339798007225,-0.05358891733539825,0.13024730140865073,-1.2571836110708687,-0.33207041550418837,1.2245430109582551,-0.6684866862864839,Veteran,False,False,True,False,False,False,False,False,False,False,True
-0.8715628933760665,-0.8637621968037889,-0.02083278211129551,-0.22697890562390127,-0.8433557783560267,0.26450200172276417,-2.465723609864089,-0.3438276751013412,-1.1097894418810277,1.537774261980015,0.9757719420382945,0.7258855284677733,0.31671891548321607,-0.032766775914882466,0.6982694135708224,-0.30711795842661166,-0.10832479002243835,0.04934786689371396,-1.1048346519008652,-0.33207041550418837,-1.551159750478967,1.1385387623852425,Veteran,True,False,False,False,False,True,False,False,False,False,False
-0.8715628933760665,-0.10916505341084601,0.5052475742345685,-1.0243645548349847,0.1355714897452008,-0.05976065844891756,0.6560065467582201,-0.3247359125041151,0.7121096505340873,-0.23793667377488553,0.07268919430124317,-0.13263504620156205,0.524477409071111,-0.8355748174189394,1.2469357940612538,0.06719950068691831,0.08287372687664117,0.08750918310330737,-1.1048346519008652,0.8978200122890985,0.3724771319444152,-0.06677594735026493,Veteran,False,False,False,True,False,True,False,False,False,False,False
-0.8715628933760665,-0.6122298156728079,-0.1260488533804683,-0.12834699838257924,-0.12603216654078442,-0.8683617129297121,0.9334527343756356,0.02741059054817327,0.39413622539767806,-0.3670041088619716,-0.9391664383134072,-1.6148222839578776,-0.5328776518541409,-0.5721712490228027,-1.6792849018877138,-0.019221632790368544,0.07156227225626348,0.0355119944870879,1.0280507764791837,0.07789306042690809,-0.13320821190598453,-1.8396693225898784,Rookie,False,False,True,False,False,False,False,False,False,True,False
-0.8715628933760665,0.14236732772013497,1.1365440018496051,-0.5301608937284267,1.2387171799046315,0.1612674913920516,0.2706157373884108,0.1947977890903717,1.3824774285182913,-0.4816186859223238,-0.07056523653409208,2.330493968357158,0.31352924577160113,-0.683181568875523,-1.313507314894093,0.3283485069131086,0.19116682708919253,0.07117340542676935,1.1803997356491873,1.3077834882201935,0.8958897387436757,1.85242604926801,Rookie,False,True,False,False,False,False,False,False,False,True,False
-0.8715628933760665,-0.8637621968037889,2.3991368570796787,-0.4568581262088645,-0.5140906921091607,-0.059342459922603,-0.39266899614209577,1.393681989086314,1.3292749397666386,0.3718595303179638,-0.6233469967378544,0.8530350723261125,1.3941933820204235,-0.36178835115427305,-0.581952140906851,1.4224184053184208,0.062120284125305375,0.09451515689799973,-0.038391937710840714,-0.33207041550418837,-0.5117295344345699,0.34174949771705243,Early,False,True,False,False,False,False,False,False,False,False,True
-0.8715628933760665,-0.36069743454182696,-0.2312649246496411,-0.6766087534362548,-0.3568255241598447,1.586425943455455,2.213496251450951,-0.9437977416419733,-1.9180635774751347,-1.048497699906585,-0.9518904552593274,-0.3063195061956578,0.4659505855364186,-2.3128338154118904,-0.581952140906851,-0.7344556052767841,-0.15971462405485015,0.6066311661533166,0.2663059806291663,0.48785653635800325,1.9559891494105186,-0.7844495446936905,Early,False,False,False,False,True,False,True,False,False,False,False
-0.8715628933760665,0.6454320899820969,-0.5469131384571595,0.041017997427229766,1.4392948084016546,0.7398365153747268,-0.6761820332007344,-0.38995125140174486,-1.5259675235553054,-1.4388272250438432,0.6121260240139231,1.543872381746148,1.288174517699726,0.7036937852846175,-0.03328576041641958,-0.43260652733142274,-0.04748826193754552,0.05671087363673797,0.4186549397991698,0.48785653635800325,0.8785599962711365,1.5979984382143708,Peak,False,False,False,True,False,False,False,False,False,True,False
-0.8715628933760665,-0.8637621968037889,-2.756450635109788,-0.5457651511665638,0.5423365108191682,0.788761453896683,-0.5059705060006611,-1.5831382107733818,-0.8914973057365324,-0.8770500146938893,0.147809264371283,0.38893810927400946,0.7036555532917375,0.3905557023585517,-1.4963961083909034,-1.3886774833526667,-0.0065707840613570545,0.04977810688692311,0.7233528581391768,-0.33207041550418837,0.5234971462236395,0.3989717777657386,Rookie,False,True,False,False,False,False,False,False,False,False,True
-0.8715628933760665,0.6454320899820969,0.9261118593112596,-1.0105503705398484,1.4907851988982683,1.4686924721557881,1.6236707524360725,0.20230544948629717,0.2306380619437859,-0.025950397604996664,-1.396422942452755,-0.6868886908674553,-1.0266679535590446,1.5529267705044036,1.6127133810548748,0.6507909088717365,0.020033487842397123,0.0007244216560215801,-0.9524856927308617,0.48785653635800325,2.553188811323574,-1.3436295341031819,Veteran,False,True,False,False,False,False,True,False,False,False,False
-0.8715628933760665,-0.10916505341084601,-1.809505993687233,-1.0522147836334335,0.6123343513121768,-1.1458077644512696,-1.2237131260372915,0.9705369748960928,-0.09025495391605483,-1.0500059256987027,0.7019632253438426,-0.06774186307831986,0.5178230365595933,0.7042884904317693,-0.947729727900472,1.5572692089462374,0.16276561017274432,0.03943561231940458,0.7233528581391768,0.8978200122890985,-1.0318409453410555,0.3400818247222848,Early,False,False,False,True,False,True,False,False,False,False,False
-0.8715628933760665,0.14236732772013497,0.4000315029653957,-1.2026646628304143,1.6487550025226698,0.886636967535842,-0.9400753571884497,-0.11528758126999894,0.6755237197420763,-2.468660028954689,0.8674284496951101,0.488811097641862,-1.3702628996044672,-0.6965055987325857,-0.7648409344036615,0.42630560606611384,-0.7069389736496723,0.006235859525095717,0.7233528581391768,1.3077834882201935,0.9457130376769014,0.885078294352172,Early,False,True,False,False,False,True,False,False,False,False,False
-0.8715628933760665,0.14236732772013497,-1.5990738511488873,-0.016083439199907606,1.0056878148166464,-0.18954340099484418,-0.03115618806514668,-0.8522573512323792,-0.12739692563046623,0.6371216126778256,0.8589081717498355,2.77148256676051,-0.10635991205277072,0.478841026429515,-1.4963961083909034,-0.8045023559582164,-0.042073916519901645,0.028430505926430774,1.332748694819191,1.3077834882201935,0.3954619543019034,2.7335973731409613,Rookie,False,False,True,False,False,False,False,False,True,False,False
-0.8715628933760665,-0.10916505341084601,-1.4938577798797146,-1.4132307829916835,0.16048822036267152,0.39505363621075124,0.002478328795926567,0.6307801370863506,0.0901459147988636,0.6693053424051455,-0.1409107369877158,-0.7251421039850371,0.39900160758700515,-1.120753343671526,-0.581952140906851,1.5614814947952997,-0.031037984959626574,0.10107014109176533,0.4186549397991698,0.8978200122890985,0.3355670700243661,-0.6680551362945765,Early,True,False,False,False,False,True,False,False,False,False,False
-0.8715628933760665,0.14236732772013497,-0.2312649246496411,-1.2672061937706252,-0.6561607881743166,0.6304272978712937,-0.3058122058703167,-0.8736407664146452,0.31817227535245945,1.6990242577688899,1.4901168075935363,0.2528683341135152,-0.8525543536167722,1.2572094677504264,0.8811582070676328,-0.45639521308019676,-0.052535127954369584,0.005290512652760831,-0.6477877743908548,1.3077834882201935,-0.10629840381065112,1.043979002273333,Veteran,False,True,False,False,False,False,False,True,False,False,False
-0.8715628933760665,0.3938997088511159,0.9261118593112596,-0.48517323403834345,0.38329302985826136,-1.2811243934475947,1.127305545963251,1.1438504015268247,0.8802354902373389,0.272067676921323,-0.33115933050693697,0.21710395121780823,-1.3282434518971153,-0.7570298864062972,-1.6792849018877138,1.2086718031472723,0.04145854540712025,0.008631504082861974,1.6374466131591978,0.8978200122890985,-0.024791485749795002,-0.010116478719367192,Rookie,False,False,True,False,False,False,False,True,False,False,False
-0.8715628933760665,0.14236732772013497,-1.809505993687233,0.1528871952344694,0.36397383904624686,-0.4128687894330458,1.4427040287530002,-1.7568350516186773,0.5552550940215523,-0.359232211386593,0.413376915010017,0.5291497499533739,-1.101025809874124,0.5780238756775531,0.1496030330803909,-1.5677287980049481,0.08578159437400926,0.0038912913122929613,-0.038391937710840714,1.3077834882201935,0.6761762439966182,0.6622783231520225,Peak,False,False,False,False,True,False,False,True,False,False,False
-0.8715628933760665,0.6454320899820969,-0.1260488533804683,-1.6377884427002167,0.6156568588509777,1.3286952500122633,0.16261457448480934,-0.10413680109143811,1.5411826450730028,-0.478052522738775,-0.601609616436031,-1.8859840875192468,1.2884601248352145,-0.172223404446028,0.5153806200740119,0.8205515081323463,0.206690394620517,0.08270907942596264,-0.038391937710840714,0.48785653635800325,1.2483401906853258,-1.869842072083953,Veteran,False,True,False,False,False,False,False,False,False,False,True
-0.8715628933760665,1.9030939956370017,-0.5469131384571595,0.49082907179401614,-1.6680838316730129,-0.7669794220310642,0.6111304809589092,-0.26595016810792266,0.3090908761501859,1.99828865648263,0.913141988555028,-0.4136194367922106,-0.2207300720826831,2.354030229913288,0.6982694135708224,-0.45920363293754685,-0.059406021638885365,0.010184530295450104,0.5710038989691733,-1.5619608432974739,-1.050138294417291,0.1781182770292701,Veteran,False,False,True,False,False,False,True,False,False,False,False
-0.8715628933760665,1.1484968522440588,1.5574082869262964,0.34435488164438216,-1.4929281793643239,-0.003501335180955373,0.7640738068440873,-0.5548799306805204,-0.9363222534243448,0.32367292383506274,-0.5330495709645084,0.22946059619434392,0.21239972654543504,0.8325817042362048,-0.03328576041641958,-0.6428695105549708,-0.08120517211302683,0.030802571631915767,0.7233528581391768,-0.33207041550418837,-0.3964678125302448,-0.11371274531052088,Peak,False,False,False,False,True,False,False,False,False,False,True
-0.8715628933760665,0.14236732772013497,1.5574082869262964,-1.5547385540498486,-1.3771193830633972,-0.3064660287253811,-0.769912075407019,-1.292437271127683,0.3077401030362337,1.2471783638492617,0.9484541938008886,-0.05622877906466967,-1.236066876257167,-1.0331697878070476,1.6127133810548748,-0.8940608262335146,-0.04075495536076808,0.017206077800997966,-1.2571836110708687,1.3077834882201935,-1.3184234786491265,0.48816043191833464,Veteran,False,False,False,False,True,False,True,False,False,False,False
-0.8715628933760665,-1.1152945779347698,2.293920785810506,-1.1730860761410282,0.11954174197753406,-0.08420125373767458,0.09145601882402965,1.670812317734196,-0.798748664496215,-1.783636127610308,-1.2267804998373455,0.9165825428811344,-0.6450721498455088,-0.4555976189868553,-0.581952140906851,2.524714722547972,1.8286289708967953,0.028873535624496637,-0.19074089688084422,-0.7420338914352835,0.05717397968814338,0.053717126508515324,Early,False,False,True,False,False,False,False,False,True,False,False
-0.8715628933760665,0.14236732772013497,1.1365440018496051,-2.492148523539774,0.2999142630828309,-0.923867507365305,0.39149152363441836,-0.825567515250112,0.3816677874152626,-0.23622003254073687,0.7485616101008915,-1.1817899446687827,-0.26281899385507834,1.5895944282085033,-0.947729727900472,0.6018869932759381,0.053643657834816456,0.01408163398126817,0.8757018173091803,1.3077834882201935,-0.22299729594932108,-0.5381937209233958,Early,True,False,False,False,False,False,False,False,True,False,False
-0.8715628933760665,0.6454320899820969,-0.1260488533804683,-1.3563019369769371,0.6272720832104902,2.0664932654495574,-1.0492569253224815,-1.044511635807737,3.1062947674473733,0.5944382871071321,-1.0183671728690296,0.014049345944903592,-0.7537527344680662,0.17803463356500152,-0.7648409344036615,-0.633969371405958,0.14711332998918417,0.01590530249021054,1.0280507764791837,0.48785653635800325,1.0949364986206611,-0.5617548756467371,Early,False,False,False,False,True,False,False,False,False,True,False
-0.8715628933760665,1.9030939956370017,0.6104636455037412,0.6383648100445156,-0.5163696609785878,1.8245514309302273,-0.45137065865217896,0.6486227238745489,0.1616406925370817,-0.0792108772949601,1.2044208182775091,-0.6345003774034509,-0.8914217249339081,-0.059487753353771676,0.8811582070676328,0.1644653751333104,0.019214512153714926,0.014806421992152673,0.4186549397991698,-1.5619608432974739,0.6466049540765823,0.16272248732478695,Veteran,False,False,True,False,False,False,False,False,True,False,False
-0.8715628933760665,1.6515616145060208,-1.4938577798797146,-0.3812027895232524,-1.0602131744547012,1.5887273393439991,-1.7930588704335024,0.25597326459453607,-0.4858635597404215,0.48584634380990904,-1.0076432746905062,1.3192928090636238,0.3642004379110503,0.5810895403986321,-0.21617455391323007,0.30463470905600715,-0.057713059940153806,0.03797898018022621,1.1803997356491873,-1.1519973673663786,-0.48215155052815994,0.5040156979110085,Peak,False,True,False,False,False,False,False,False,False,True,False
-0.8715628933760665,-0.6122298156728079,-1.0729934948030235,0.5475472142530623,0.6377212873187644,1.6925016795107477,-0.5361711598722964,0.6649498394275974,1.1267899768502043,0.9199409250878002,-0.6438010479704657,0.9900002285597311,-0.1403697409984142,0.6375107359166516,1.0640470005644433,0.21219545798623005,0.012487708848342981,0.025510751478517963,-1.2571836110708687,0.07789306042690809,1.1290840760557062,0.4414402862698219,Veteran,False,False,False,False,True,True,False,False,False,False,False
-0.8715628933760665,-1.6183593401967318,-0.2312649246496411,1.2739408202255647,0.21800230214368232,-2.5097551378492895,0.6743747739936411,0.9721672351614076,0.06662968921741552,-0.2063084229622626,-1.2121364039460658,-0.663118500247384,-0.8215276563477204,-0.5508419160403231,-0.39906334741004057,0.15459471916119508,0.023046632023528985,0.02454694137148377,-0.6477877743908548,-1.5619608432974739,-1.1218758397422517,-1.2206094638592293,Peak,True,False,False,False,False,False,False,False,True,False,False
-0.8715628933760665,-0.10916505341084601,-0.9677774235338507,-0.4395360372702352,-0.5400537655335376,0.05936949420928384,-0.06890573942863978,0.033930633693987515,0.4964244917489987,0.05938399337090903,0.6633599891483433,0.043597221188363754,0.5236878182761661,0.7644077519654859,0.3324918265772014,0.12715463739643212,0.032769888106044795,0.03858692180613945,-0.34308985605084774,0.8978200122890985,-0.28335390643148994,0.4087518542178513,Peak,True,False,False,False,False,False,False,False,True,False,False
-0.8715628933760665,-0.6122298156728079,-0.5469131384571595,-0.6996419413883759,-0.44232173656219614,1.1613690646901484,1.3821833666844758,-0.8392569754732102,-0.2870120411199344,0.30678502090400017,0.27676854066677314,-0.5307513033768358,0.26138921569417106,0.23244057932936543,-0.03328576041641958,-0.6220381308426092,-0.038104351023368704,0.04184788799332561,-0.34308985605084774,0.07789306042690809,1.213274857705389,-0.27514811494588676,Peak,True,False,False,False,False,True,False,False,False,False,False
-0.8715628933760665,0.14236732772013497,-0.02083278211129551,-0.7331837710931914,0.5390535620049619,0.27417647753584634,-0.2717762862776666,0.43434419789683215,-0.8655621408216158,-2.4587394165969867,1.411215064959993,-1.6202061658630913,0.26001972883736,1.3852985706206067,-0.39906334741004057,0.6956667732314582,-0.3536316229532841,0.025297794581903156,0.4186549397991698,1.3077834882201935,0.31764109468685425,-0.5211890923743945,Peak,False,False,False,False,True,True,False,False,False,False,False
-0.8715628933760665,-0.6122298156728079,0.6104636455037412,1.3032304124496916,-0.4746855400457963,-1.066264814013244,0.06306583323436223,-0.7092293889920367,-1.8683871135788757,0.9766383984984737,0.2625617909658853,0.9087773022417335,0.0873215701027805,-1.6461829368915795,-1.4963961083909034,-0.9172268489425264,-0.14075991064062074,0.14109638466719396,0.8757018173091803,0.07789306042690809,-0.891637424567409,0.8856177914935288,Rookie,False,False,False,True,False,False,False,False,False,True,False
-0.8715628933760665,0.6454320899820969,0.18959936042705008,-1.1985290299686577,-1.2884434087656231,-0.22739681481706958,0.708189046174252,-0.28358383537338105,1.1656929411397545,-1.963733873204898,1.6926642016289535,-2.7082728917959025,0.3250821561771223,-0.41904043488417386,0.6982694135708224,0.2217068129633544,-3.998316066727914,0.06108609803891814,-0.19074089688084422,0.48785653635800325,-0.4587028292928346,-1.2461905501171702,Veteran,False,False,False,True,False,False,False,True,False,False,False
-0.8715628933760665,-1.1152945779347698,0.6104636455037412,1.62834193016811,1.2266806380566204,-0.45607618034383884,-0.6641717733487559,2.920538839188339,-1.404348117464394,0.8749788577603491,-1.055438034964932,-0.7300747247273572,-0.7072942928562744,2.208240173687373,-0.947729727900472,1.2021244175259262,-0.11676471416040045,0.0034651233468427217,0.1139570214591628,-0.7420338914352835,0.017125715582346514,-1.1867779954790358,Early,False,False,False,False,True,False,False,False,False,False,True
-0.8715628933760665,-0.10916505341084601,-1.1782095660721963,1.3571742194034189,1.8465976353579445,1.2328299980043742,1.2050343944113562,-0.2930585790112413,-0.5881364052502678,0.569545201543215,-1.0446043170303538,-0.8418473354276906,0.7045529179705987,0.5335692632706683,1.0640470005644433,-0.6640981266559146,-0.06643175260340801,0.046829375495035165,-0.9524856927308617,0.8978200122890985,2.376096389162772,-1.2714293627427877,Veteran,False,True,False,False,False,False,True,False,False,False,False
-0.8715628933760665,-0.36069743454182696,-0.5469131384571595,-0.9454348050807756,1.1336781134054532,0.8866902178825626,0.17059427597809249,-0.3123912829235106,0.7174368740262212,1.068449592113473,-0.8958639707477316,-0.06555203581400482,0.4692980615066345,-0.720106270259999,-0.39906334741004057,0.03703508872170439,-0.014981711933778737,0.0790131035675466,0.1139570214591628,0.48785653635800325,1.24694111258121,-0.5574359506180555,Peak,False,False,False,True,False,False,False,True,False,False,False
-0.8715628933760665,-0.36069743454182696,-0.4416970671879867,-0.30099621242439834,-0.4512166188581671,0.33644831693505856,-0.9189147391763477,-0.786561751682154,-0.35092526616603675,1.854114708315827,-0.5979956138953902,1.418162672478129,1.8924254196183596,0.2452610072406527,-0.39906334741004057,-0.682039603288482,-0.0816801893271968,0.0840421878798245,0.1139570214591628,0.48785653635800325,-0.5001686149827881,0.8148483163199499,Peak,True,False,False,False,False,False,False,False,False,False,True
-0.8715628933760665,0.6454320899820969,-0.9677774235338507,0.6040117327269632,1.3099347806694022,-0.7796186611709959,0.5616508554059966,0.6221762326311989,-0.005900930612132605,-0.7160663521166101,-0.08977022082344553,0.7836745446138529,0.6991659549558428,0.0062387108902857815,1.0640470005644433,0.1585568537835347,0.08549081655794878,0.0592483480902778,-0.4954388152208512,0.48785653635800325,0.489482645561306,0.5857451613288429,Veteran,True,False,False,False,False,False,True,False,False,False,False
-0.8715628933760665,-1.6183593401967318,-0.6521292097263323,2.622705794906804,-1.3951469793705706,0.21068896769181955,1.1713954159389264,1.0689482177146157,-0.7267851910451919,-0.9872122882009947,0.6251988976003792,-1.4741269611553462,1.29882967416853,0.5262232508046851,-1.6792849018877138,-0.15827159886821535,0.03690733264647497,0.06105137583661528,0.4186549397991698,-1.5619608432974739,0.0007081430464390913,-0.8449753894256207,Rookie,False,True,False,False,False,False,False,True,False,False,False
-0.8715628933760665,-0.8637621968037889,0.5052475742345685,0.934905872870652,0.11673706037681462,-0.34372618167328145,-1.5033508993749614,-1.3899061815245737,-1.011796756349303,0.33588608829412575,-0.6480591701292806,-0.9907417357892285,-1.0742841526230293,-1.1250259097111233,0.6982694135708224,-1.3268103893107508,-0.08640818147784207,0.027361526229906723,-1.1048346519008652,-0.33207041550418837,-0.9313970352221341,-1.169132429819834,Veteran,False,False,False,True,False,False,True,False,False,False,False
-0.8715628933760665,-1.8698917213277126,1.3469761443879509,-0.4055466037338235,0.007359666018277657,-0.28179925880441997,0.12930740400109833,-2.8309937983777007,-0.23772059609349025,-1.5319959775139347,-1.1140245733466518,-0.18769639720279993,2.3771208014240015,1.084498178232128,-0.947729727900472,-2.5616093641785427,0.5446522503985431,0.07115042433871603,-0.34308985605084774,-1.971924319228569,-0.1073487704781362,-0.7793917340574917,Early,False,False,True,False,False,False,False,True,False,False,False
-0.8715628933760665,-1.6183593401967318,-1.0729934948030235,-0.5152138023063252,-0.7007706868980869,-0.7863810158873373,-1.0163848133097173,-1.5701654236067466,0.30522323627020825,2.1464745835181223,1.9145909680215398,0.11956796321563044,-0.9892058094173296,0.08179939503129698,-0.581952140906851,-1.3782224091438149,-0.06240549263175024,0.010521703021624125,-0.4954388152208512,-1.5619608432974739,-1.391467656514424,1.1746559430270729,Early,False,True,False,False,False,False,True,False,False,False,False
-0.8715628933760665,-1.1152945779347698,-0.1260488533804683,-0.4202407865686509,-0.6170001252264072,-0.40069956330313455,0.19139293109426594,-0.5977392466477885,1.3065649998070943,0.8612227038788403,-0.18656514938854155,0.2755399516065286,-1.7748319433400215,0.44357821117600876,-0.947729727900472,-0.4738882918990849,0.025114648097226952,-0.011656711184665929,0.1139570214591628,-0.7420338914352835,-0.48021726694042643,0.1187091512633363,Early,False,True,False,False,False,False,False,False,False,False,True
-0.8715628933760665,-1.1152945779347698,1.5574082869262964,-0.7181231018144577,-0.028076928257464703,-0.05976065844891756,0.5445691043891723,0.7013258229717776,0.892071667012017,-0.0895112272243961,1.4351918031823316,1.0210270281711367,0.578447260337018,0.7678357414375584,-0.7648409344036615,0.9578236057643923,0.07889545161934745,0.039735984975036207,-0.038391937710840714,-0.7420338914352835,0.22850989903725033,1.6367384813381594,Early,False,False,True,False,False,False,False,False,False,False,True
-0.8715628933760665,-0.8637621968037889,-0.02083278211129551,-1.7821006628516616,-0.9971601902541349,-0.6934787007670657,0.2561564003996587,0.19675643015036814,0.03220275148059085,-1.1207887324680936,0.7773996091235189,1.291556602010221,-1.146735262173695,-1.4436463099001522,-0.39906334741004057,1.4356553099328582,0.2153227742155468,0.03448196219953702,-0.19074089688084422,-0.33207041550418837,-0.8325237609348078,1.4861617235173379,Peak,False,False,True,False,False,True,False,False,False,False,False
-0.8715628933760665,-0.8637621968037889,-2.230370278763924,-0.1624781418186587,-1.5417009148900584,-2.0833415823034622,-0.5747240273954841,-1.0473649773143414,1.0321320744869331,0.9710948555825052,0.3734646171265574,1.1873496958004432,-3.3436892348655713,-0.24787812735257908,1.0640470005644433,-0.9437670252532439,0.005029438752097967,-0.060010456588991776,-1.4095325702408723,-0.33207041550418837,-2.426862205234428,1.174211156299614,Veteran,False,False,False,False,True,False,False,False,False,False,True
-0.8715628933760665,2.1546263767679825,0.9261118593112596,0.008617143279596147,0.22464094689571226,-0.6886594414524978,-0.7842038410639012,1.4084985087735342,-1.1648394245908764,-1.1345437481651,0.7620643468538153,0.09014231179123167,-1.435539442352245,-0.49859673048551206,-0.03328576041641958,1.080729869039924,-0.013961085713585463,0.0019098100489139034,1.332748694819191,-1.971924319228569,-0.7210552226617302,0.5020952839042838,Peak,False,True,False,False,False,False,False,True,False,False,False
-0.8715628933760665,-0.36069743454182696,0.5052475742345685,-0.9218202767641959,0.20067560261017803,-0.22563042236833258,1.1795456490397498,0.07317312776950008,1.1903248259570802,-1.7454834423784165,-0.4936948451865696,0.7415535431153093,-0.21293171562511673,-1.1239438237903536,-1.4963961083909034,0.4444297320333385,3.7224442720119937,0.07058935095208083,1.0280507764791837,0.48785653635800325,0.5723383447931896,0.32420834332955734,Rookie,False,False,False,True,False,True,False,False,False,False,False
-0.8715628933760665,-0.10916505341084601,0.5052475742345685,0.9811825782452451,-0.031221487834958744,0.6349566252052723,-0.9017940184144742,-0.28248919555997204,-0.7006361588649225,-0.83138233297723,0.57289180205308,-0.3688949557832093,-0.32971577358498816,-0.1216846240746007,1.2469357940612538,-0.5847499519897171,0.01411025729569795,0.032348393421190356,-1.1048346519008652,0.8978200122890985,-0.08093528119053467,0.02292933146812397,Veteran,False,False,True,False,False,False,False,False,False,True,False
-0.8715628933760665,0.3938997088511159,-0.8625613522646779,0.9607490482999176,0.595455946130602,2.48528644736174,0.2084258964690347,-0.1072381036957964,-1.217799580667452,0.027153820757188245,1.052970584095111,-0.012481587558443464,-1.328787588192996,-2.6879556339059176,-1.4963961083909034,-0.46213045287779736,-0.09370784966680311,-0.4967330294395318,1.4850976539891942,0.8978200122890985,1.9917999451504553,0.5825033829557416,Rookie,False,True,False,False,False,False,False,False,True,False,False
-0.8715628933760665,-0.36069743454182696,0.7156797167729141,1.8608041390680958,1.2554779037369503,-1.1073995003276371,0.9459866678894072,-2.0994352279862967,-0.017437049697001505,0.20241177076037148,-0.5515803497287501,0.9164736294298808,0.9058439562359457,-1.6253144590889945,0.3324918265772014,-1.7785285743781902,-0.014490170768670678,0.20006063488782067,-0.4954388152208512,0.48785653635800325,0.4520737260823995,0.4336476392814735,Peak,True,False,False,False,False,False,False,False,True,False,False
-0.8715628933760665,1.6515616145060208,1.6626243581954692,0.7170195448819101,-0.3834863879274137,-2.0539042520614696,0.946389047711883,1.7633276149851735,0.2872229785319554,2.1942480453709714,2.4607483684331752,-1.6608283851055015,-1.7862792396097609,2.084787268516953,-0.947729727900472,0.9264169806872866,-0.06391344281009972,-0.01309057988808643,1.7897955723292014,-1.1519973673663786,-1.0113017006733287,0.03653216041506618,Early,False,False,False,True,False,False,False,True,False,False,False
-0.8715628933760665,-0.8637621968037889,0.08438328915787728,-0.015793707227111653,0.0769691516618231,1.2928034352952615,-2.369834625172461,0.6919137160350494,0.13185713438524338,-0.41739885447395164,-0.4414583042224919,-0.6636677474615179,1.2273609895488375,0.6522680544189605,-1.4963961083909034,0.4944822892250143,0.05294598500120063,0.05646498767515042,0.7233528581391768,-0.33207041550418837,-0.3660433536206732,-0.7872991663013691,Rookie,False,True,False,False,False,False,False,False,True,False,False
-0.8715628933760665,-0.36069743454182696,-0.5469131384571595,-0.39789004976316994,-0.43179810305792626,-0.060178856975231544,-0.01351669243355037,0.8664534215818624,-1.364000933044005,0.5228266316323962,-0.22652946258364692,-1.6635396855601163,-1.8838750426086246,0.38718720281038194,1.0640470005644433,0.8817721803420725,-0.11140276531236555,-0.014292299418292345,-1.1048346519008652,0.48785653635800325,-0.27308286357121786,-1.4781339804979785,Veteran,False,False,True,False,False,False,False,False,False,False,True
-0.8715628933760665,-0.36069743454182696,-0.33648099591881386,-0.9074848497764246,-0.26931552262522374,0.5505203014041458,0.9216956460709476,1.984310757040965,1.0342753434689373,0.04195675506329743,2.565128085077498,0.8056219443002798,0.3707746974212061,1.8994273730335818,0.5153806200740119,2.5076780802053333,0.07460372601813688,0.022485677495070393,-0.6477877743908548,0.48785653635800325,0.6811772320033935,2.097805227028628,Veteran,False,True,False,False,False,False,False,False,False,False,True
-0.8715628933760665,-0.10916505341084601,-0.757345280995505,0.5859161490057851,-1.3161094102007846,0.14301835924490977,-0.003978530400371392,-1.3316939517892623,0.48778430978095083,-0.22806843440086516,1.494130874644186,-1.7129677904673761,-0.4023814054877021,0.01088042495739264,0.1496030330803909,-1.2619779210641995,0.06195541988830499,0.02786839545519523,-0.19074089688084422,0.8978200122890985,-0.6069623330319379,-0.5498357864166669,Peak,True,False,False,False,False,False,False,False,False,False,True
-0.8715628933760665,-0.10916505341084601,1.3469761443879509,-1.357454193555934,-0.16822315300356938,0.8788349858293645,0.08015068497593521,-2.691070279598863,2.584331867235761,1.869682654049884,-0.4583109219273265,0.7453495839360854,1.5232021216568763,-0.3182683177180645,-1.313507314894093,-2.7246751210579614,0.030039076439654002,0.09660725808291959,1.0280507764791837,0.8978200122890985,0.5075649416633075,0.34720529736535777,Rookie,False,False,False,True,False,False,False,False,False,True,False
-0.8715628933760665,-0.6122298156728079,-1.3886417086105418,0.6912262435955006,-1.4173487780503238,1.3307724478502934,1.0660994893782012,0.8132954568685169,-0.1219112395308624,-0.6316980569128764,-0.5450919288498546,0.8132662096069515,0.17620208642251312,1.089211756582262,-0.947729727900472,0.26193244426446427,0.056697255729632384,0.026871220538012965,0.4186549397991698,0.07789306042690809,0.642057515161792,0.3535047632077969,Early,True,False,False,False,False,False,False,False,False,False,True
-0.8715628933760665,-0.10916505341084601,-0.4416970671879867,0.10971590382955347,-0.7840012346445739,-0.05976065844891756,0.28414764993631636,-0.22998910346371712,-0.4224418370842217,-1.3961541250293847,-0.16749671961916193,-1.8545657519888195,1.8648383332057956,-1.416194873093447,0.5153806200740119,-0.3220409283569781,0.28580256532024,0.22201289107752764,-0.4954388152208512,0.8978200122890985,-0.30522780663106697,-1.6000041237041998,Veteran,True,False,False,False,False,False,True,False,False,False,False
-0.8715628933760665,-0.8637621968037889,-2.335586350033097,0.993327993758977,-1.970405709229076,-0.7546272874408437,-1.4392712945694563,0.669390090571335,-1.8890216717798798,0.7854322164985904,0.8048035223545918,-1.168709526743997,-1.1014805406292763,-0.6298214284196954,-0.39906334741004057,0.05134563170083429,-0.1421643955980659,0.015616058376372755,-0.19074089688084422,-0.33207041550418837,-2.260376875406595,-0.49591934647364994,Peak,False,False,False,False,True,False,False,False,False,True,False
-0.8715628933760665,-0.8637621968037889,0.9261118593112596,-0.29280208797592294,-1.2467149830685003,-0.05976065844891756,-0.5642323724842265,-1.468061745500031,-0.13315129394924927,0.7999777706379011,1.9612062586812877,0.009058867605189801,-0.34146354544103485,-0.5786636085398744,-1.1306185213972826,-1.3003885960021693,-0.04818565318880282,0.04269116113840715,0.4186549397991698,-0.33207041550418837,-0.9875579988617755,1.1111691638626569,Early,False,False,True,False,False,False,False,False,False,False,True
-0.8715628933760665,-1.6183593401967318,0.4000315029653957,0.48879919971722735,0.4072127936645707,1.0423600115064273,-0.6251268469147918,0.30397316132319496,0.6561427348967334,-0.7125267718306413,-0.4083376137121722,-1.9375043770804075,1.5167920220676772,-0.8444208910435227,-1.1306185213972826,-0.033242912815733903,0.167117543133389,0.12991499272939708,-0.038391937710840714,-1.5619608432974739,0.5507828141957517,-1.8028935528781094,Early,False,False,False,True,False,True,False,False,False,False,False
-0.8715628933760665,0.6454320899820969,0.8208957880420868,1.1491689773643239,0.6922759217115619,-0.23904804508434344,1.0547030075670973,0.19501636604856695,-1.023729734574061,1.6152632658837036,0.13713253033243442,0.5682632685523648,0.31768421800057295,0.9986233243004774,-1.1306185213972826,-0.30791984994792176,-0.10543536207974402,0.030842832751316718,1.332748694819191,0.48785653635800325,0.7591137127907611,0.5385578139789295,Early,False,False,True,False,False,False,True,False,False,False,False
-0.8715628933760665,0.14236732772013497,-0.1260488533804683,1.206151729399258,1.015091753096439,-2.9596040454182035,-0.8203876579745807,0.04886749027545006,0.6253142141482116,-0.08068709021232026,-1.71335744992273,-1.2732987614168705,1.0243782608538916,1.443974896658903,1.0640470005644433,-0.41633543976503007,0.05646642781778844,0.03870196106237445,-0.8001367335608582,1.3077834882201935,-1.756468041267356,-1.9981177363968683,Veteran,False,False,True,False,False,False,True,False,False,False,False
-0.8715628933760665,1.4000292333750397,0.6104636455037412,-0.9534996843585629,-0.1926477271153762,-0.6846759425651668,0.48311481419348057,0.1840418042110309,0.6178554676408868,-0.7888161458737323,-2.2168253685733017,-0.27666559474864355,-1.2235836677889655,1.394317606049661,-0.7648409344036615,0.588031654909635,0.18375344510292663,-0.0022911874532558205,1.4850976539891942,-0.7420338914352835,-0.28483192399213114,-1.4723092562760278,Early,True,False,False,False,False,False,False,False,False,False,True
-0.8715628933760665,-0.6122298156728079,0.8208957880420868,-0.2963173896933108,-1.796823544276725,-0.8068643101893719,-0.324388807633001,0.8972354278444482,-1.0449656794589428,2.0341666643433,0.3003896339646746,0.49716923801495383,0.9741937641109164,-0.28897041862746387,0.6982694135708224,0.8408590830993685,-0.10957795118774874,0.0775905048226522,-0.9524856927308617,0.07789306042690809,-1.6262147464063257,0.572721187248154,Veteran,True,False,False,False,False,False,False,True,False,False,False
-0.8715628933760665,-1.366826959065751,-0.02083278211129551,-0.49551465095207853,-1.0408363451638951,0.9000389932883418,-1.079410530725096,-0.9167756547616474,-0.760212277396985,-1.044479454086172,1.8456280086110606,0.9249949354485685,-0.4951015441648508,1.4377376648245925,1.6127133810548748,-0.7544534215900378,0.04331359540567604,0.01092608109953843,-2.17127736609089,-1.1519973673663786,-0.5385228544640914,1.7897728581832013,Veteran,False,False,False,True,False,False,False,True,False,False,False
-0.8715628933760665,1.4000292333750397,0.7156797167729141,0.09237265364351425,-0.9066025092412487,-0.8725615667014828,-0.5581899876745516,-0.48553954500315316,1.106263078629791,-0.90129051111827,0.7034518274564763,0.020546188505372813,-0.9205092284963421,-0.21879465645054028,1.0640470005644433,-0.5258173047231331,0.2942853188645266,0.015913819050347847,-0.038391937710840714,-0.7420338914352835,-1.3181265152766084,0.41260123834732365,Veteran,True,False,False,False,False,False,True,False,False,False,False
-0.8715628933760665,-0.10916505341084601,-3.4929631339939977,0.715290377948438,0.08818288910479978,0.36748819610626565,0.8465687403983584,1.654760679363549,-0.24601514841401537,0.3934301792452402,-0.7939376809384577,0.2698861568510724,0.11843229449358435,-0.3731185205141638,-0.581952140906851,0.85021077493827,-0.0393132958674737,0.05263583961478572,0.4186549397991698,0.8978200122890985,0.7156485362569033,-0.22772511773685825,Early,True,False,False,False,False,False,False,True,False,False,False
-0.8715628933760665,1.9030939956370017,-0.9677774235338507,0.5269202860531034,-2.7631855474748326,-1.3551231130918298,-1.0211378386152896,0.9290187107887192,0.14768423186241816,-0.24826631781407021,1.333102763342096,1.3426298426097338,-1.2067894178750633,-0.5206359502823518,-0.7648409344036615,0.41601666198743587,0.034383938903153465,0.010241837448917523,1.7897955723292014,-1.5619608432974739,-2.8426035747681833,1.8403915372446176,Early,False,False,False,True,False,True,False,False,False,False,False
-0.8715628933760665,0.14236732772013497,-0.5469131384571595,0.7399144647918376,2.225755686512539,-2.6811927245687057,0.8807641594939541,0.49035337480443314,0.7553074707693678,-1.0900655847600902,0.09790652141624508,0.33738411448892447,-0.2106675117901813,0.37598384961192693,-0.947729727900472,0.014298045368483019,0.3354616607036854,0.027345659008966218,0.8757018173091803,1.3077834882201935,-0.06302395398840718,0.3290283156772962,Early,False,False,False,True,False,False,True,False,False,False,False
-0.8715628933760665,0.14236732772013497,0.08438328915787728,0.1930303431680805,-0.25352993532819146,1.365387832342043,1.2288400478162103,-1.334001320307769,0.9614940750215804,0.2784535566157305,1.43970820605861,-0.6460528191806413,0.5540264831897662,1.0376160857209553,-1.1306185213972826,-1.2302691230981848,0.04633587223526755,0.03515885140158694,1.0280507764791837,1.3077834882201935,1.3627096097240392,0.2857684118051723,Early,False,False,True,False,False,False,False,False,False,False,True
-0.8715628933760665,-0.6122298156728079,-1.1782095660721963,0.2377590983603966,1.0413749094032447,-1.8369625964140956,0.12688957866373815,-0.4044762108424975,1.5856071695414533,1.513084436809598,-1.9777575256822921,-1.2118035399039817,-1.110583602401207,-1.0535628220919384,0.5153806200740119,-0.4993127456924409,0.005568036932689991,0.023649358362802967,-0.8001367335608582,0.07789306042690809,-0.544593344484986,-2.0970001453831686,Veteran,False,False,False,False,True,False,True,False,False,False,False
-0.29052096445868886,1.4000292333750397,0.2948154316962229,1.0661286990576018,0.21693970378658406,0.07416981861037236,0.10114970250984882,-2.241049329483503,0.2736522463597077,-0.4082417347387165,2.061200847223447,0.2690916715766225,0.8482160069419911,0.5336977019312256,1.0640470005644433,-1.8972099199577814,0.06566807036997245,0.05022150513871664,-0.038391937710840714,-0.7420338914352835,0.2136528040698238,1.3785707065860504,Veteran,False,False,True,False,False,False,False,True,False,False,False
-0.29052096445868886,1.6515616145060208,-0.02083278211129551,1.009920403985527,1.2395944202759883,0.4248361787765197,0.09275063544938325,0.8388604639782352,-0.520453111778812,0.3202435846078751,-0.6978480532296708,0.8102188492293402,0.37346933467733084,-0.763608287044186,-0.947729727900472,0.1591223214547832,-0.05395925054662661,0.07738269022099588,1.7897955723292014,-1.1519973673663786,0.9710119221092947,0.26505575972557355,Early,False,False,False,False,True,True,False,False,False,False,False
-0.29052096445868886,-0.8637621968037889,-0.5469131384571595,-0.873665947656836,-0.3562364730882389,-0.5275677599620195,0.9834469123622062,-0.37156010797445904,-0.3434177514453226,-0.3257275576557007,-0.21832526076291525,-1.2471476411992835,0.9362733384770906,-0.6851857110791658,1.2469357940612538,-0.0645874567655595,-0.002568896018094423,0.09536140736595387,-1.5618815294108757,-0.33207041550418837,-0.01376882698042666,-1.135445288628523,Veteran,False,False,False,False,True,False,True,False,False,False,False
-0.29052096445868886,0.14236732772013497,-1.1782095660721963,0.9844957629172156,0.9005211462947366,0.1643224802311627,-0.8838606114541907,-0.11615611977982758,0.13118488380110435,-0.2948182897268113,0.2219778318570827,0.3399490894853419,-1.7775719961443444,-0.1387042862197701,-1.1306185213972826,-0.4736477752597304,0.03798595600129881,-0.01089250976398646,1.0280507764791837,1.3077834882201935,0.12327064687103019,0.40094116202418256,Early,False,False,True,False,False,False,False,False,True,False,False
-0.29052096445868886,-1.6183593401967318,0.2948154316962229,2.0531135274351917,0.07334959470535993,-1.64175490095419,0.3631890738791401,-0.23587841372576662,-0.15442474611698676,-1.2715161083116995,0.3425955265328184,-0.6686220119936682,-0.274674197649119,-1.161986734925138,0.5153806200740119,-0.7424573689730143,0.2608112600778052,0.06968164754196282,-1.4095325702408723,-1.5619608432974739,-0.8106955134866652,-0.35003714417156195,Veteran,False,True,False,False,False,False,False,False,True,False,False
-0.29052096445868886,0.3938997088511159,-0.33648099591881386,0.3747860074100772,-0.7654563397947046,0.007724539775321901,-1.6951102512228,-1.3904424633983516,-1.9290423505600258,0.4702733956548333,0.9082090991985367,0.18283952020918282,-0.22265917371783328,-0.446502924205989,-1.4963961083909034,-1.2896979388135894,-0.14535058764623293,0.04321820038745778,1.4850976539891942,0.8978200122890985,-1.2744251039225403,0.6596104906860945,Rookie,True,False,False,False,False,False,False,True,False,False,False
-0.29052096445868886,-0.6122298156728079,0.8208957880420868,1.0845686338431264,-2.3709606688116738,0.06012347978109933,0.7129532967993152,1.6157507458337983,0.5343935243131516,1.2415611861881122,1.6816640884153955,0.7181949546471452,-0.46470579425400727,-0.2269552814977474,0.5153806200740119,0.6448073175980897,-0.030183053168683867,0.030248332298666424,-0.8001367335608582,0.07789306042690809,-0.8464918864029324,1.529587876404966,Veteran,False,False,True,False,False,True,False,False,False,False,False
-0.29052096445868886,-0.6122298156728079,1.4521922156571236,1.0172253574825778,-1.300406019303209,0.23484629644354305,0.11920313223649256,0.6458382905909521,-1.0230250725365657,-0.940444689730703,-2.066265523073221,1.105278735023109,-0.6888615257256012,0.009360833313431056,1.0640470005644433,0.027647191579079314,-0.01798036698094517,0.019762260553754827,-1.2571836110708687,0.07789306042690809,-0.4770883013195796,-0.2655617483657961,Veteran,False,False,True,False,False,True,False,False,False,False,False
-0.29052096445868886,0.14236732772013497,0.8208957880420868,-0.10536179995631768,1.5807814890115792,1.3524928627684925,1.120755876057109,-0.668848761352499,-1.2227573276058938,-0.426525638785584,0.4993791238977442,-0.26186420152658396,0.29498577818575367,0.5575503288584458,-1.313507314894093,-0.6279269191979046,-0.08054915288376696,0.03675291425179403,1.1803997356491873,1.3077834882201935,2.2677544645952494,0.06845352582517775,Rookie,False,False,False,True,False,False,True,False,False,False,False
-0.29052096445868886,1.9030939956370017,-0.8625613522646779,0.5956958805765799,-0.6646973348045416,0.7993803497519484,0.4779634552982667,-0.8494130188267986,-0.5088648959541884,0.46076780047068566,0.013111641793962398,0.6991534173808529,-1.8546099371314584,0.20364112730061046,1.4298245875580644,-0.9111201651643938,-0.05826872372876771,-0.01345776262258964,-0.038391937710840714,-1.5619608432974739,0.4004548904989897,0.5750263524157767,Veteran,True,False,False,False,False,False,False,False,False,False,True
-0.29052096445868886,1.6515616145060208,-0.9677774235338507,0.1515215991126334,-0.9969966394661408,1.2033029849469186,-0.8847294352754766,-0.12862359796469225,-0.939932716131805,-0.6738696103096872,-0.7009825624816902,0.7763519287878485,0.36440443645031845,0.3642364826187791,-0.03328576041641958,-0.253305742484252,-0.03477831464150376,0.041880854264310166,1.0280507764791837,-1.1519973673663786,-0.22334083006228686,0.2357948288074193,Peak,False,False,False,True,False,False,False,True,False,False,False
-0.29052096445868886,1.1484968522440588,-0.02083278211129551,0.8680536465782466,-0.6886167418084633,0.5444386281691767,0.37710422382111236,-0.3910225012600464,-0.867370562466594,-0.4024406945740996,0.7102404697738177,-1.0097775408821077,-2.9658371113320356,-0.678731045541873,-1.1306185213972826,-0.6353531757777923,-0.04672532642667817,-0.055496903165244214,1.6374466131591978,-0.33207041550418837,0.1747425972451236,-0.4201038932910814,Early,True,False,False,False,False,False,False,False,False,True,False
-0.29052096445868886,-1.1152945779347698,1.6626243581954692,-0.5602621407037058,1.4235888710594955,-0.27020002466198983,0.632789967544995,1.3513482506641885,-0.05405991865176371,-1.873587076325482,1.4926086874773097,0.7136449349434554,0.47643940761450043,0.3270613746902569,0.6982694135708224,1.4728551357866637,-13.453810127816384,0.0454413913505192,-1.2571836110708687,-0.7420338914352835,0.9079806907991957,1.4194887459885566,Veteran,False,True,False,False,False,True,False,False,False,False,False
-0.29052096445868886,1.6515616145060208,0.5052475742345685,-2.170729512553776,-0.872504479752822,1.6249727330057138,0.009597118744774253,1.1023780612671101,-0.6741827365838843,1.2373619712596722,0.578339261899761,1.6898228144542455,-0.5344909935346867,0.7537885444652822,-1.1306185213972826,3.752553236365596,-0.08555792320150207,0.015395756381613716,1.9421445314992047,-1.1519973673663786,0.5703590904541316,1.6974804545336963,Early,True,False,False,False,False,False,False,False,False,True,False
-0.29052096445868886,-0.6122298156728079,1.1365440018496051,-0.21511957509617935,0.5759944513139978,0.2136781346070564,-0.1317437665295345,-0.4575120013713189,-0.11427559125542847,-0.17617566902306972,-1.5016702217164153,-0.5538833107419283,0.8824587540952273,0.1190968547273596,0.6982694135708224,-0.4119278532227399,0.0048724162735368825,0.06114571733767151,-0.9524856927308617,0.07789306042690809,0.3712247357549495,-1.294877386442015,Veteran,False,False,False,False,True,False,False,False,True,False,False
-0.29052096445868886,-0.6122298156728079,-1.0729934948030235,-1.418617236084332,-1.2983645319797792,1.3865293311393125,-0.3686436119096859,0.10672735096096941,0.25968977981544455,-0.08955999301059156,0.5126994508142207,1.0494384173014804,1.8000042113061994,-0.5806823759436521,-0.39906334741004057,0.8867639369616857,0.02801778098522293,0.12131930173174854,-0.038391937710840714,0.07789306042690809,-0.0004325043212982344,1.1406048965782225,Peak,False,False,False,True,False,False,True,False,False,False,False
-0.29052096445868886,0.6454320899820969,-0.6521292097263323,0.010204998693941985,0.18033176834986103,-0.5367298585726474,-1.2484768678342424,0.2839105267473691,0.23165562691557867,-0.5381881844043684,-0.38776452850231885,-1.5043450886768028,1.1357299791958309,-1.3814798265192227,-1.4963961083909034,0.13973999550028401,0.08110595685641979,0.17085980062068395,1.6374466131591978,0.48785653635800325,-0.8881450253386025,-1.4396299300875628,Rookie,False,False,False,False,True,False,False,False,True,False,False
-0.29052096445868886,0.14236732772013497,-0.5469131384571595,1.2051209841480184,1.1194827420697584,-0.37843392953195754,0.829562071400211,-2.044071929873437,0.2718948390551346,-1.0326546366399334,0.13592844277707372,-0.05934676007278952,-0.5423833702757436,0.013807396574644151,-0.21617455391323007,-1.7630074083753111,0.21900225890719113,0.023853118136986658,0.2663059806291663,1.3077834882201935,0.7805434345780966,0.028319821895222305,Peak,False,False,False,False,True,False,False,True,False,False,False
-0.29052096445868886,1.1484968522440588,1.1365440018496051,0.03121372686948456,0.30096911602544524,-0.8260079039748639,-0.5766189494961066,0.4965051052449004,0.2875837245344102,-0.5247291019022017,0.6032510675882885,0.4809346023455104,-0.305486750566575,1.5535684784662376,-1.4963961083909034,0.3073061757007935,0.08487469592923064,0.013575599496537062,1.9421445314992047,-0.33207041550418837,-0.6603346017287929,0.7299979146336482,Rookie,False,False,False,False,True,False,True,False,False,False,False
-0.29052096445868886,-1.366826959065751,2.188704714541333,-0.8888448354806971,0.1636015294794688,0.6887084337464892,0.7655746922718837,-0.3475805308330939,1.2139063686126552,-0.6150465725572964,0.816789862763885,-0.10472304688838242,-1.2975336538630047,-0.39254754614498594,-0.947729727900472,-0.031125866247315868,0.20713272791000745,0.005716428156923981,-0.038391937710840714,-1.1519973673663786,0.9165602368985163,0.3746837852212811,Early,False,False,False,True,False,False,True,False,False,False,False
-0.29052096445868886,1.4000292333750397,-0.2312649246496411,-0.6092816435444859,0.3146403594810276,0.5029633450733314,-1.8252035338959836,-0.9221414246858577,-1.4386749122753155,0.5414429754804467,0.8229870055021733,0.8952837378017928,-1.30378979355442,1.3033639399979617,1.0640470005644433,-0.730658917361263,-0.11602573240719648,-0.0035106535118036037,-0.038391937710840714,-0.7420338914352835,-0.45822631330201263,1.190083122986736,Veteran,False,False,False,False,True,False,False,True,False,False,False
-0.29052096445868886,-0.6122298156728079,-0.5469131384571595,-0.6904742898412441,-1.5046810677695677,1.2559450214441108,0.9290833493150695,-0.7696407478651852,-0.9652204637080591,-0.26653488495830063,0.1758331065408319,-0.5843761588689422,0.034092841356123435,0.48211825356007404,-0.21617455391323007,-0.5542682458775057,-0.06317296219936548,0.03175844790924362,-0.19074089688084422,0.07789306042690809,0.47794183675820295,-0.37549535136871937,Peak,False,False,True,False,False,False,False,False,False,False,True
-0.29052096445868886,-0.8637621968037889,0.8208957880420868,0.08229989185911182,0.817312379308049,-0.29507546311503136,1.0127639535785158,-0.939433413891791,0.006288052001415081,-1.6119561231102975,0.7331395267725693,-0.2433316142912995,-0.9117558408775717,-0.8764557504513796,-0.03328576041641958,-0.895756092495008,0.9112907608055183,0.02819594220669622,-0.4954388152208512,-0.33207041550418837,0.7681310688029584,0.2150662397382867,Peak,False,False,False,False,True,False,True,False,False,False,False
-0.29052096445868886,0.8969644711130779,0.8208957880420868,-0.3887418475448991,0.5339753784662858,-0.1627432855985494,-0.25877706405403095,0.4768943767824486,0.9582546689138673,0.6976139030530056,-0.3612288350344496,0.43576047779734356,1.0218261533307325,0.723155231041694,1.2469357940612538,0.5137606525948549,0.016101532746729704,0.050354652354609515,-0.4954388152208512,0.07789306042690809,0.04571655025853453,0.1504882084814457,Veteran,False,False,False,True,False,True,False,False,False,False,False
-0.29052096445868886,1.6515616145060208,0.6104636455037412,-1.190075140285125,-1.3116522171127698,-0.7888350615343913,-1.2213989257308597,1.2001570366993055,-0.15982545922512018,0.22677540501204912,0.27854891634895007,0.10173711236515594,-0.8268993570578921,0.6285218752312973,1.6127133810548748,1.9878577844356993,-0.025636494396703673,0.009878921965252481,-0.34308985605084774,-1.1519973673663786,-1.8215370939680062,0.23937501742209732,Veteran,False,False,False,True,False,False,False,True,False,False,False
-0.29052096445868886,-1.6183593401967318,0.4000315029653957,0.14507527597957673,-0.3771342182176094,0.29237912391923865,1.8443933667729575,1.7360572697511623,0.3572240200573265,0.7274313806246995,1.5046242320673378,0.15607023506888146,-0.7188669237820857,0.4952634233773837,-1.1306185213972826,1.2564710507391539,-0.018724469667874027,0.013545533316530996,-0.038391937710840714,-1.5619608432974739,0.937444728987508,0.973553180491958,Early,False,True,False,False,False,False,False,False,True,False,False
-0.29052096445868886,-0.8637621968037889,-0.757345280995505,-0.13914248327293705,0.7747205438472501,-0.407464545841598,-0.9877728650975164,-0.8512089641959855,-0.25157862067911996,0.28897440360551746,-0.4306008815084671,0.14959970126183472,1.0634597772227727,-0.8702791524815562,-0.581952140906851,-0.7775568137710566,-0.03493762985092244,0.11266630993987149,-0.038391937710840714,-0.33207041550418837,-0.3579509374362448,-0.120891684303924,Early,False,False,True,False,False,False,False,True,False,False,False
-0.29052096445868886,0.8969644711130779,-0.2312649246496411,0.5599993548859341,-0.13413765170750108,-0.0020573589020642063,-1.1694921986264373,-0.511365337397853,0.9094735869841766,0.5963138477817478,0.16834526337085357,-0.37520967917655695,1.3804812165709768,-0.9039494055679582,-0.39906334741004057,-0.6571686845787382,0.019588671927007643,0.12906259433167247,0.8757018173091803,0.07789306042690809,-0.6758044001849147,-0.20988618547591478,Peak,False,False,False,False,True,True,False,False,False,False,False
-0.29052096445868886,1.9030939956370017,-0.1260488533804683,0.3875814016356083,-0.06617113702569122,-0.3398052019470558,-0.618952247924186,0.8985983943543074,-1.318049509778294,0.450674229825715,0.7512094331708357,1.1064248350029757,0.4431909763014865,0.5192042529969015,-0.03328576041641958,0.4575656524124105,-0.10778019525530476,0.040910915883917064,1.1803997356491873,-1.5619608432974739,-0.5690498302277137,1.3211116813531334,Peak,False,False,False,True,False,False,False,True,False,False,False
-0.29052096445868886,2.1546263767679825,0.2948154316962229,2.1846884450128083,-0.5033445160611707,-0.20991062296292762,1.181337371279414,-0.2016582268095216,0.5175775452361184,1.0945517420291,0.26103564645632726,-0.9454510260031008,-0.46270378979767773,0.7723400386973827,1.2469357940612538,-0.7426113368398067,-0.02568442207401779,0.016803260559363084,0.2663059806291663,-1.971924319228569,0.21129177447920797,-0.6207001305472462,Veteran,False,False,True,False,False,True,False,False,False,False,False
-0.29052096445868886,-1.1152945779347698,0.18959936042705008,0.10962750001635856,0.09554292005515276,-0.47579727535197847,-0.9881599578876897,0.6516040470764333,0.42921472681062234,1.4792777316235375,0.9108940903000528,-0.6823551028215816,-0.27306922015136825,0.3818174086273981,-0.7648409344036615,0.39694341954822604,-0.0422577323681259,0.025712574621903468,-0.038391937710840714,-0.7420338914352835,-0.7600853006466719,-0.04133497460432018,Early,False,True,False,False,False,False,False,True,False,False,False
-0.29052096445868886,-0.10916505341084601,0.4000315029653957,0.3879339449221683,0.2617491461710904,-0.5789609654839236,-0.8175195954644262,-0.8134809883193822,-0.9482912510037509,1.0335247036937543,-0.10762813687986446,0.43118732871349175,-1.282725183436997,0.13013390864512192,0.1496030330803909,-0.8500758190581418,-0.09542993775874904,0.0021031548329514585,-0.19074089688084422,0.8978200122890985,-0.6493652186089932,0.28950783513582395,Peak,True,False,False,False,False,False,False,True,False,False,False
-0.29052096445868886,1.4000292333750397,-1.809505993687233,1.58061191338688,-2.4940268454501227,-0.4732774138757001,-0.02618279504625991,-0.13278915420239587,-0.3477655781129434,0.5507281279649631,0.5764404207546394,0.5044785461615697,-0.7786151848837123,-0.6382498608716392,1.6127133810548748,-0.6062190824103896,-0.05168857108063038,0.027942859170815085,-0.4954388152208512,-0.7420338914352835,-1.6299028657264791,0.7340237030746768,Veteran,True,False,False,False,False,False,False,False,True,False,False
-0.29052096445868886,1.1484968522440588,1.2417600731187781,-0.9952696855652157,0.869529320347265,-0.672133778588177,-1.115153975361114,1.3483794581968114,-0.09650201041393096,-1.1446769487371835,-0.18488226203634525,-0.4754857831514755,-0.6164484853583234,-1.2287305491966665,0.5153806200740119,1.918693369484508,0.20142272687667323,0.055344722366859,0.2663059806291663,-0.33207041550418837,-0.5407781858432082,-0.490105925051025,Veteran,False,False,False,True,False,False,False,False,False,False,True
-0.29052096445868886,-0.6122298156728079,-0.8625613522646779,2.4143774405970584,0.5288907324661014,-0.2696221309321082,0.23338224883036401,-0.08927803256273531,0.3507194876418951,-1.4952458142101688,-0.8367697506099544,-0.8700674512983501,1.9630388908634677,1.3370371403809362,1.4298245875580644,-0.7153837630345906,0.7073719500968777,0.05781869422084876,-1.5618815294108757,0.07789306042690809,0.22956114629503854,-1.1773671320884984,Veteran,False,False,False,False,True,False,False,False,False,False,True
-0.29052096445868886,-1.6183593401967318,-1.0729934948030235,1.5217393429857655,0.44224726971957035,-1.7401655017302244,-1.9124839302791867,-0.38596002190184286,0.12634715049338754,-0.23746713670644512,-0.9026445193550956,0.8243742549197286,-0.8198453148514266,0.8137106747925457,-0.39906334741004057,-0.7489676033521706,0.031367992512591085,0.008668492214071781,-0.6477877743908548,-1.5619608432974739,-1.8525935711520887,0.1612842236737561,Peak,False,False,False,True,False,False,True,False,False,False,False
-0.29052096445868886,-0.10916505341084601,-0.5469131384571595,-0.3202676377350324,-0.16258962367054894,0.4520728834036581,-1.780016349852001,-0.03345931626573044,0.5027629903892717,0.10139143216019099,-1.3815693176693133,-1.4260157951900154,0.8940105091531099,0.540357475095959,-0.7648409344036615,0.009000121547524968,0.02959157321024863,0.051162361373958715,0.5710038989691733,0.8978200122890985,-0.7191415688743401,-1.935371232936665,Early,False,True,False,False,False,True,False,False,False,False,False
-0.29052096445868886,-0.10916505341084601,1.2417600731187781,0.29399152499000797,-0.4264345873430022,2.0225844412842116,-0.1729298439839322,-1.3720711679864035,-0.48837074864230345,-0.33155830246792833,0.7801939658802548,0.36752151599376043,1.0363340384879647,0.1978020174676707,0.1496030330803909,-1.2691460103840382,-0.015571611130678367,0.06306774595754638,-0.19074089688084422,0.8978200122890985,0.9629082138412322,0.7375048911683822,Peak,False,True,False,False,False,False,False,False,True,False,False
-0.29052096445868886,0.14236732772013497,-0.02083278211129551,1.2426806247691846,-2.534676223297317,0.21039999637162987,-0.2654777203338598,-1.0250275198332468,-1.8001637389715435,1.3449332663230151,0.9066431738597716,-1.1935883569117502,-0.27524216669677026,0.9551820553409355,-0.581952140906851,-1.1108768173856813,-0.13726340109693286,0.019058287389389278,0.5710038989691733,1.3077834882201935,-1.3430907900331854,-0.4588008024230978,Early,False,True,False,False,False,True,False,False,False,False,False
-0.29052096445868886,0.14236732772013497,0.7156797167729141,0.5526341553074806,-0.10305784531767063,0.014794932601687886,-0.6364691344516331,1.2651774958016073,0.38626665307031044,0.8431366322136573,0.454151158480544,-0.485795067796197,-0.1112993723760951,0.5612790677616007,1.4298245875580644,0.65190473789163,-0.02225418353360952,0.02717509803919829,-1.1048346519008652,1.3077834882201935,-0.373616939534346,-0.13881266240335846,Veteran,True,False,False,False,False,False,False,True,False,False,False
-0.29052096445868886,0.14236732772013497,-0.1260488533804683,0.5460786242813894,-0.16483613768510028,-1.829098854438789,0.06449704043214663,-0.8344014787735234,0.04950065665997088,-1.1427786161409241,0.08511512600146347,0.00845830104499707,-0.4110928354029203,-0.25916830649721856,0.3324918265772014,-0.8923104681148344,0.2296396783958989,0.032571543235786635,-0.19074089688084422,1.3077834882201935,-1.2090142774358328,0.054772191900611625,Peak,False,False,False,True,False,True,False,False,False,False,False
-0.29052096445868886,1.1484968522440588,-0.8625613522646779,-0.1871737012603826,-0.21692363724252703,0.6522558361121044,0.5432633270499213,-0.7439062240532526,0.12662301173512028,0.4860059353708096,1.4618043290695097,0.5231288583286987,0.2891607675978621,-0.9304455245124409,0.5153806200740119,-0.6725889777990868,-0.020551957441838263,0.08291241994187755,0.2663059806291663,-0.33207041550418837,0.5777757963231401,1.2474701776894934,Veteran,True,False,False,False,False,False,False,True,False,False,False
-0.29052096445868886,-1.6183593401967318,0.2948154316962229,1.5554109722690317,0.5591037352397444,-0.40203210323271465,0.14362039745718236,-0.03898608532424864,0.9154631035526487,0.4862007573508562,0.6933871536545303,1.7800873850987349,-1.0452030931053249,1.6811623398487745,-1.313507314894093,-0.5450618585533193,0.027302244067909258,-7.434720336790841e-05,0.1139570214591628,-1.5619608432974739,0.11556155801320085,1.8355185246330608,Rookie,False,False,False,True,False,False,False,False,False,True,False
-0.29052096445868886,-2.1214241024586937,-0.4416970671879867,-0.9319018629798922,-0.8271360916614012,-0.7371821301983901,3.0062572498264917,-0.06355271834582037,-0.1404957016849077,-0.8506682220124534,-1.1550981864423422,-1.4797750964829628,-0.1591831094801822,-0.2081752681480745,-0.581952140906851,0.3017542504328894,0.09622920825022764,0.03935225877136334,-0.8001367335608582,-2.381887795159664,0.6491848765677062,-1.8515553098548108,Early,False,False,False,True,False,False,False,False,False,True,False
-0.29052096445868886,-1.366826959065751,0.4000315029653957,-0.6056695971971977,-0.16837887673377647,-0.8551450429060581,-1.9289196829895747,0.9348712506845666,-0.028384135175114563,-0.9738579682535399,0.32141189570784023,-0.5595001010870467,0.02616422646682944,0.1778933563567444,0.6982694135708224,1.10290992550252,0.14686313542162283,0.03669900884183727,-1.4095325702408723,-1.1519973673663786,-1.6246762567625626,-0.2733630765499701,Veteran,True,False,False,False,False,False,False,False,False,True,False
-0.29052096445868886,0.3938997088511159,0.7156797167729141,-0.47566150709792193,-0.36506257083884575,0.9619622891081959,0.9879859195141969,1.1185186777088887,0.5854851677028916,0.9366349166471588,-0.6246750877997337,-1.1584486979009418,-1.1850082038054168,1.1393170737418603,1.6127133810548748,1.1769188212242507,-0.01594942773329972,-0.0006442635057002963,-1.1048346519008652,0.8978200122890985,0.9246754869744599,-1.29213358057749,Veteran,True,False,False,False,False,False,True,False,False,False,False
-0.29052096445868886,0.8969644711130779,-0.33648099591881386,0.25300410534909995,-1.7336538045028191,0.8438038203958915,0.668721081523128,0.45026351052553737,-1.7062679803060774,1.0221374976304172,0.1749691818305935,-1.387751508444676,-0.35169348999422667,0.6780279443103856,0.8811582070676328,0.170165641081477,-0.13269112746227066,0.020233304104506484,-0.19074089688084422,0.07789306042690809,-0.0377042284886206,-1.028246797563626,Veteran,False,True,False,False,False,False,False,False,True,False,False
-0.29052096445868886,-0.10916505341084601,-0.8625613522646779,1.1300499620379658,0.765222397189689,-0.029773657923370857,-0.9738777759668866,0.00996204019957867,-0.7446105074107946,-1.4386810863870443,-0.7420407864709657,0.023966396806672282,1.2129452601704345,1.645977182892965,-0.7648409344036615,-0.4238610776058724,0.21904209068178346,0.03942184424479674,0.5710038989691733,0.8978200122890985,-0.11725259138053622,-0.3981800039408134,Early,False,True,False,False,False,True,False,False,False,False,False
-0.29052096445868886,-0.36069743454182696,0.2948154316962229,-1.3773874717834913,0.2649254996888413,-1.0184202772602353,-0.5497420857648531,0.09488424209301707,0.2196884454346861,-0.3374374668970295,0.9067322826658164,0.7153512924052982,1.4462168373264326,0.4546758078543825,0.5153806200740119,0.8320608304239635,0.05117579519856798,0.06641277954343387,-0.6477877743908548,0.48785653635800325,-0.7870265464184796,1.0911287671340715,Veteran,True,False,False,False,False,True,False,False,False,False,False
-0.29052096445868886,0.14236732772013497,0.7156797167729141,-2.2981555642435807,-0.038115672579774634,-1.8877661049873489,-0.422041144285131,-1.5335683567030576,-0.851448687318765,-0.41498227628252504,-0.7677229168283889,1.2220497796665297,-0.35352525788742073,-0.44276443820433947,-0.03328576041641958,-1.0519295750628619,-0.04437117782292527,0.038622720334346335,0.1139570214591628,1.3077834882201935,-1.430259468448103,0.56009647372867,Peak,False,False,False,False,True,False,False,False,False,False,True
-0.29052096445868886,-0.10916505341084601,0.18959936042705008,-0.08053865717116246,0.6811264336503473,-0.5278733265556013,1.2989037943838804,1.2044002078190648,0.10867713176929455,-0.6987896159202942,-0.5644067950330834,0.6138221988221919,-0.46412884521053227,-1.369995199613901,1.0640470005644433,0.9677604606057596,0.09624785956450427,0.07265504559363098,-0.9524856927308617,0.8978200122890985,0.6968534396576916,0.18070411575337322,Veteran,False,True,False,False,False,False,True,False,False,False,False
-0.29052096445868886,0.14236732772013497,-0.02083278211129551,2.025752231645427,-0.6250588525272278,-0.08160683542909217,-0.2116566152617401,0.22583479539726692,-0.5144312641336063,-0.19439651570572686,0.13201605385512272,-0.03521843949280341,1.7940014732010021,-0.19336673154625036,-0.581952140906851,-0.48186784452964565,-0.02780482535411082,0.09912989672019967,0.5710038989691733,1.3077834882201935,-0.4909788961670016,0.04570776149072758,Early,False,False,False,True,False,False,False,False,True,False,False
-0.29052096445868886,-0.36069743454182696,-0.9677774235338507,0.12444593235146667,1.0592182209865,-0.6832240755796553,1.7525114815670404,-1.4128415962328242,0.0463536399089762,0.5092461087491249,-0.5927850495336858,0.5685425970625574,1.9633354695943388,1.584948652563628,1.4298245875580644,-1.2878499324821986,-0.026516552689301046,0.053493315085770744,-1.4095325702408723,0.48785653635800325,1.032598655485331,0.12796937214495926,Veteran,False,False,False,True,False,False,True,False,False,False,False
-0.29052096445868886,0.3938997088511159,-1.0729934948030235,-0.7374840215890061,2.0438844790216995,0.21398535347639783,0.8034447536632654,0.03117139525704087,0.3629911701566589,-0.6686864112978431,0.594624017049872,-0.5377713906088545,-0.6858907616661257,-1.4923948579117,1.6127133810548748,0.28429690987213424,0.12078896315328788,0.06754194773127752,-1.1048346519008652,0.8978200122890985,1.629542142976604,-0.10195103192053317,Veteran,False,True,False,False,False,True,False,False,False,False,False
-0.29052096445868886,0.8969644711130779,0.9261118593112596,0.9940372490163256,1.121088208969942,-0.24760241738358377,-0.5884618790001176,1.0618367431017464,-0.415943530975515,-0.23428480844377375,-0.06022996576091014,0.5585681454488499,0.6250619857271992,-0.920377915137611,1.6127133810548748,0.3143632995968128,-0.01649276051370103,0.09714438887401987,-0.8001367335608582,0.07789306042690809,0.13209362311365486,0.4196059099705692,Veteran,False,False,True,False,False,True,False,False,False,False,False
-0.29052096445868886,2.1546263767679825,-1.0729934948030235,0.9987880347557077,0.3100706071896954,-0.5367336250184609,0.6147146928475333,0.28325017535682817,0.533593071546844,0.022850534806822084,0.15436466526365664,-0.9181178800737168,0.009018851393436398,-0.7662759654587096,1.4298245875580644,-0.20926088007137958,0.03887834181056276,0.06279033677636194,0.1139570214591628,-1.971924319228569,0.14209466073915372,-0.6585451900333177,Veteran,False,False,True,False,False,False,False,True,False,False,False
-0.29052096445868886,-0.8637621968037889,-0.2312649246496411,0.17725805304619371,0.48949231697102746,-1.0120076142655008,-1.8102298518249922,-1.2269652467908247,0.016857596989944195,-2.049265486721208,-0.26972714202820375,-1.8753696050807451,0.5435503754254734,0.03111393524788052,-1.6792849018877138,-1.142923681628481,-1.4567323085098602,0.054163030434508534,0.8757018173091803,-0.33207041550418837,-1.314963584344868,-1.6744326443840054,Rookie,False,False,True,False,False,True,False,False,False,False,False
-0.29052096445868886,0.3938997088511159,-1.283425637341369,0.7962198877023378,0.6890143180857293,0.8708176485774644,-1.9025387841244712,1.8998236483782764,0.4127248824863693,-0.9337646495838677,-0.20449167204078383,1.2474161797251293,-1.5972154897699813,0.3644110630853002,1.4298245875580644,0.9796392948361298,0.20253868148770737,-0.007124254713810633,-0.9524856927308617,0.8978200122890985,-0.06804910645523711,0.897691742298051,Veteran,False,True,False,False,False,False,False,True,False,False,False
-0.29052096445868886,-0.36069743454182696,-0.02083278211129551,-0.8032857240687334,-1.407838730099943,-1.0068988262170484,-0.8673447024859058,-1.5707619864135476,-0.1702547182097971,0.8840173825766597,1.9524184984037072,-0.11331842820658096,-0.0808507446728491,1.151203163573477,0.1496030330803909,-1.3570631850149586,-0.052825568107828395,0.021101570847042776,-0.34308985605084774,0.48785653635800325,-1.8273243584456882,1.0068643483984143,Peak,False,False,False,True,False,False,False,True,False,False,False
-0.29052096445868886,0.6454320899820969,0.4000315029653957,-0.0818681854686384,-0.441575856940159,-1.3286645939158164,-0.15231881766841945,0.10665440997848774,0.2689011796356309,1.1607162265823667,0.8163376580746081,0.19021241316462612,0.10564578571218253,0.9652350235588764,1.2469357940612538,0.029541220355679982,-0.039833914269684544,0.026871335325676766,-0.6477877743908548,0.48785653635800325,-1.1510479869158132,0.6138891218248598,Veteran,False,True,False,False,False,False,False,True,False,False,False
-0.29052096445868886,0.3938997088511159,0.4000315029653957,-1.7826016557668982,-1.715093022849657,0.8673898802642487,-0.3346778747904347,0.10472180060277804,-0.0749833542124254,-2.001832728566087,-0.09923006491862839,0.020375253001103894,-0.9871546861736774,-0.1299094541917274,0.3324918265772014,1.2969517585679406,-1.794522947722588,0.01279324931524456,-0.038391937710840714,0.8978200122890985,-0.5309185542746405,-0.03930628673560986,Peak,True,False,False,False,False,False,True,False,False,False,False
-0.29052096445868886,0.8969644711130779,-1.1782095660721963,0.11264606167860569,2.0159343465554325,0.8457773927722682,-1.3642596711428299,0.09552212329373379,-0.18072780110065936,-0.00425607613240794,-0.5743179471976404,0.030365953110490236,0.24215882974934333,0.9584856343611398,-0.581952140906851,-0.057701967201190904,-0.013377943799158439,0.029791580549643912,1.0280507764791837,0.07789306042690809,0.8949223406228249,-0.2985857043555872,Early,True,False,False,False,False,False,False,True,False,False,False
-0.29052096445868886,-0.8637621968037889,0.6104636455037412,-1.6863262068166707,1.367881458806553,0.35847624219904917,1.0709882912652946,-1.2626898643969173,-1.9254528342682127,0.39366034392227317,1.906271220020476,-1.7290131521848062,0.4078150410905615,-0.36239393669482445,0.3324918265772014,-0.8094661200462441,-0.14541871019302804,0.06189028514857045,-0.8001367335608582,-0.33207041550418837,1.5017962471273243,-0.3309005774369071,Peak,False,False,False,True,False,False,False,False,True,False,False
-0.29052096445868886,1.9030939956370017,-1.1782095660721963,1.0208496228089874,1.6694812959896612,-0.07999731406114169,-0.4626292891220026,0.7259687917030803,0.23599775051474708,-0.05601406820008312,-0.07189651798162054,-0.4866726238067361,-0.3048134236233096,-0.3019971154099545,-1.6792849018877138,0.07992040039284022,0.023075727255514454,0.036889517589645676,2.551540368179219,-1.5619608432974739,0.5925898264153501,-0.43559748365804424,Rookie,False,True,False,False,False,False,True,False,False,False,False
-0.29052096445868886,0.14236732772013497,1.3469761443879509,0.09728862776393267,0.3488478896594878,-1.5121704905365712,-0.7147015197807892,1.2790581204747111,1.4858707043047075,-0.7823560062805792,-0.5008268090199682,-0.2354651057008478,0.29478503542434953,0.42024161679491784,1.0640470005644433,0.9162757009968705,0.2967733987452021,0.03911378512219457,-0.8001367335608582,1.3077834882201935,-1.1396849814247545,-0.47305293052616104,Veteran,False,False,False,True,False,True,False,False,False,False,False
-0.29052096445868886,0.8969644711130779,-0.8625613522646779,1.6586929573447329,0.01738261971914298,-1.0734839366686755,1.0951839918204977,-1.3016796763432261,0.7096307650186505,-0.3105028330284581,-1.6432035844078183,0.009520051490344279,0.7714536840946695,0.10363704712116806,-1.4963961083909034,-1.3120579661396543,0.09296124050826782,0.05854225606694568,1.7897955723292014,0.07789306042690809,-0.10352169303116258,-0.9171052493305346,Rookie,True,False,False,False,False,False,False,True,False,False,False
-0.29052096445868886,0.8969644711130779,-1.283425637341369,0.4479614232677397,1.4150365485879037,-0.6012386800666862,-0.7072031400259701,1.6511555072069346,-0.0703577408221426,0.19026238590143332,0.9171626278901045,-1.0157871210772045,1.275341255002151,-0.6702597815851111,-1.313507314894093,0.9962464982876488,-0.0174399024622054,0.10752338455045078,1.6374466131591978,0.07789306042690809,0.0027315437388798626,-0.30852232247789063,Rookie,False,True,False,False,False,False,True,False,False,False,False
-0.29052096445868886,0.8969644711130779,-0.4416970671879867,0.8353034003243345,1.2455385107814907,-0.8865273326379184,-0.719864069584872,1.3129352327450368,-0.41974545662310764,0.5653702665909828,0.2601657014897117,0.18477066730982292,0.9850895539666895,0.78172484638953,1.4298245875580644,0.551950258529819,-0.05642741840103752,0.04841335149739977,-0.6477877743908548,0.07789306042690809,-0.27352499614885595,0.2964439358860773,Veteran,False,False,False,False,True,False,False,False,True,False,False
-0.29052096445868886,0.14236732772013497,-0.02083278211129551,0.5602423814820731,-0.06067786656446914,-0.0034391734602786197,-2.1465141737487503,-1.2776844025534644,-1.8565936627863326,-0.22235991079884848,0.4495843589755269,1.5728319030411773,-1.3341293257280722,0.1166886562020666,-0.581952140906851,-1.220278395784315,-0.14271876193394836,0.0007877293429638942,0.5710038989691733,1.3077834882201935,-1.14217278106393,1.5300284732365437,Early,False,False,True,False,False,True,False,False,False,False,False
-0.29052096445868886,0.8969644711130779,-0.757345280995505,-0.2747758750053328,-0.21692109627810605,0.5219297415238565,-2.213610339165146,-0.9077503436805847,-0.6030461453351817,-0.46234430327361953,-0.35819726590523426,0.47371313231300555,-1.0352199999055014,1.0886330385578247,1.4298245875580644,-0.7977113945774584,-0.015894471072345588,0.0025628068706914334,-0.6477877743908548,0.07789306042690809,-0.9275261816154372,0.18300843392802615,Veteran,True,False,False,False,False,False,False,True,False,False,False
-0.29052096445868886,0.3938997088511159,0.5052475742345685,-0.6527276280463755,-1.364964203384484,1.3701886597363444,1.6526403228372228,1.6810213204379119,-1.4366714601944992,0.1226653130305886,0.2784410100653261,-0.11921062930606494,0.6649114007233617,-1.1005464656421455,-1.6792849018877138,1.8887996518481238,-0.11150522481775,0.1126453446422534,1.6374466131591978,0.8978200122890985,0.9973740724287873,0.059925503978671586,Rookie,False,False,True,False,False,False,False,False,False,True,False
-0.29052096445868886,-0.6122298156728079,0.9261118593112596,0.4030266717152053,0.2732357599882406,-0.8020664705193058,1.5038810886906389,0.30141447541247385,-0.5606529544984227,1.3336628515535027,0.23368414983184332,-1.082233948946807,1.8081216166612504,1.248709971804608,0.3324918265772014,-0.004224362308810053,-0.0820444510360146,0.05651655441826082,-0.6477877743908548,0.07789306042690809,0.414009774547283,-0.747149078919329,Peak,True,False,False,False,False,True,False,False,False,False,False
-0.29052096445868886,-0.6122298156728079,-0.5469131384571595,0.25640503068365167,-0.7759341208072595,-0.0631985282442506,-2.455240961691957,-0.8742798152912046,1.8345390585101535,-0.4041957765607359,0.7338015368024233,-0.16026536280096593,0.012050430138904538,-0.7021759394297957,1.6127133810548748,-0.8741210367634621,0.2179339058747736,0.060269119545910486,-1.7142304885808792,0.07789306042690809,-1.71710393714107,0.28288081694031614,Veteran,False,False,False,False,True,True,False,False,False,False,False
-0.29052096445868886,0.3938997088511159,1.3469761443879509,-0.897360045862408,-0.9238158427658671,0.9701645903433788,0.24225522052725687,-1.2625763260001632,0.0033384861277578606,0.45118854363163197,-0.9563307455811673,0.41366558434305684,-0.05552932804025218,-1.4554480396330658,1.0640470005644433,-1.0159208913557598,-0.026392580455171635,0.10571545322107989,-0.6477877743908548,0.8978200122890985,0.2497763107013993,-0.20238848436218174,Veteran,False,False,False,True,False,False,False,True,False,False,False
-0.29052096445868886,-1.366826959065751,-0.9677774235338507,2.1436454071622757,-0.35525066338131384,1.7607010379149153,0.758304877459919,-0.47293693616211846,0.8388371486603753,0.15868143312285127,1.512436206975068,-0.9465755221446654,-0.6050090913836154,2.3847770607524956,1.2469357940612538,-0.8846135992928089,0.0485690979535103,0.004321433137450357,-1.8665794477508828,-1.1519973673663786,1.3157770721392534,0.0827053220354118,Veteran,False,False,True,False,False,False,False,False,True,False,False
-0.29052096445868886,1.1484968522440588,0.8208957880420868,-0.28421964805383193,1.0262327251962182,-0.29558204759490386,0.3774997499141823,-2.5215139973728022,-0.5500508431768405,-0.1369606425224041,2.2286898910402577,-1.3927689128426621,-0.6653716397250224,-1.109003307932118,0.8811582070676328,-2.251544399658196,-0.034390082048969824,0.04723316521238735,-0.038391937710840714,-0.33207041550418837,0.5502748536972069,0.12356312318722755,Veteran,False,False,True,False,False,False,False,False,False,False,True
-0.29052096445868886,-0.10916505341084601,-0.8625613522646779,-0.6648105650040581,-0.8460423397223532,0.5798133608599666,0.10784395703953899,0.013329656112703588,-0.3425206093319199,0.5418510000809578,0.18941926983180127,-0.22203728840422723,-0.7801139747389737,-1.5820203688530623,-0.7648409344036615,0.2247552995494144,-0.05106289188464104,0.06798395195792624,0.5710038989691733,0.8978200122890985,-0.025057322368460498,-0.07366365399086025,Early,False,False,True,False,False,False,False,False,False,True,False
0.29052096445868886,2.1546263767679825,0.6104636455037412,-0.5801454771030874,-0.9637858357476357,0.30150231178598735,0.3170898208710271,-0.6145256057680645,-0.11644963823674327,0.7630839107003146,-1.5145692737314198,0.8127543724385683,-0.2515245209032754,-0.5787737872973399,0.5153806200740119,-0.4366367555643134,-0.04603220654637851,0.0459910525069108,0.8757018173091803,-1.971924319228569,-0.15502780545394737,-0.1925560481896685,Veteran,False,False,False,False,True,False,True,False,False,False,False
0.29052096445868886,-0.10916505341084601,0.7156797167729141,0.05827595004685218,0.11925966819966036,0.7859634377616134,-0.18987514275837702,-0.12792180122754385,-0.6067798462099544,0.6540629118647818,0.9548657361065097,0.5683049810827548,-0.04085721748615405,0.25682872803046874,-0.03328576041641958,-0.22126435781954934,-0.06985401682067115,0.033525254974759,-0.038391937710840714,0.8978200122890985,0.46139511884269946,0.99883166460359,Peak,False,False,False,False,True,False,False,False,False,False,True
0.29052096445868886,-1.1152945779347698,1.1365440018496051,-0.9509885074470094,0.007361250284896719,-1.4953884436922025,0.3332423243685763,0.9024972217074866,0.15407357986234824,-1.2302239038223655,0.2702971639817728,-0.5684134219362796,1.5609725285625842,1.4186094460340302,1.4298245875580644,1.3766092804228018,0.3046789283503583,0.04892783044751958,-1.8665794477508828,-0.7420338914352835,-0.7685685528600293,-0.30936845923859096,Veteran,False,True,False,False,False,False,True,False,False,False,False
0.29052096445868886,-0.36069743454182696,0.18959936042705008,1.5489493198966884,1.0097872432831672,1.2457665288400814,0.22165477387351784,1.6263869086182996,-0.1280465566667225,-1.432163186908436,-0.5434089096491433,1.660143928362808,-0.12131169305373993,0.4804463377483548,1.2469357940612538,0.46141256673381786,0.42066029555985573,0.028048313764616868,-1.2571836110708687,0.48785653635800325,1.4346379864167502,1.0420370469584554,Veteran,True,False,False,False,False,False,False,True,False,False,False
0.29052096445868886,-0.8637621968037889,1.0313279305804324,0.6764008932388579,0.6084142758815131,1.1195726003153061,1.1870469970040138,-0.562815761894461,-0.15362239204328695,0.20577176997812577,0.1652818342353386,-0.23158516878877833,-0.21244574643553735,-0.6170983216439445,-0.7648409344036615,-0.7180291915804687,-0.024077030747777853,0.0486363653910374,0.1139570214591628,-0.33207041550418837,1.641208028921652,-0.09500076597639893,Early,False,False,False,True,False,False,True,False,False,False,False
0.29052096445868886,0.6454320899820969,-0.02083278211129551,-2.213644962750939,-0.07779238010648049,2.068771878672376,-1.5058534730790047,0.522435108467769,1.5707398467661071,-0.568676697876463,-0.19626662634675093,-0.3732392636579383,0.1992430946485561,0.482686188051651,1.2469357940612538,2.790793189106529,0.23414484402979813,0.03571682900971306,-0.6477877743908548,0.48785653635800325,0.48824673943223335,-0.4134987647762371,Veteran,False,False,False,True,False,False,False,False,True,False,False
0.29052096445868886,0.8969644711130779,1.1365440018496051,-0.1526410098215623,-1.270717715364662,0.15099813047041627,-0.985377380271671,-0.26613827105988747,-1.0949579437164088,0.09505893460764515,0.350160070396542,0.4508194721148661,-2.5771780042751353,-0.34915572414841284,0.1496030330803909,-0.264848810233951,-0.08625615129374452,-0.036801807194191016,0.4186549397991698,0.07789306042690809,-1.0845042702599301,0.5631015403842506,Peak,False,False,True,False,False,False,True,False,False,False,False
0.29052096445868886,-0.8637621968037889,-0.33648099591881386,1.2091212855679205,0.07573373313194355,-0.47026391700817727,-1.9592402883244666,-1.7420685306155534,-0.16580706121672326,2.6223052821648616,-1.219728923877536,0.43188771906496265,0.6220743643986435,-1.1960759869684645,-0.39906334741004057,-1.5686920982920007,-0.08524561322243321,0.1191039875431928,-0.19074089688084422,-0.33207041550418837,-1.268288805207504,-0.33584067695270636,Peak,True,False,False,False,False,False,False,False,True,False,False
0.29052096445868886,0.14236732772013497,-0.6521292097263323,-0.29927642698275825,-1.0294566126584033,-0.05976065844891756,0.06419556956257533,-0.7668469965397978,0.7743107236279738,1.2450312154646495,-0.796615208722663,0.6826928212235978,1.191791278938966,1.201070773121862,1.2469357940612538,-0.6646172263299568,-0.019308237587919753,0.045412092417735986,-0.9524856927308617,1.3077834882201935,-0.5484207514094498,0.10592808281771793,Veteran,False,True,False,False,False,False,False,True,False,False,False
0.29052096445868886,0.14236732772013497,1.2417600731187781,-0.7799685336599282,0.31312182046989945,-0.35651544560542353,1.4658937613800922,-1.7119078559606964,-0.3535011173404093,-0.6961502445103186,-0.5090148007108866,1.2633611037969892,1.7703873562417813,-0.6677092563790642,1.0640470005644433,-1.5059746944816803,0.03906454557030322,0.12634362937637122,-0.8001367335608582,1.3077834882201935,0.6968751141514987,0.7392445542724319,Veteran,True,False,False,False,False,False,False,False,True,False,False
0.29052096445868886,0.6454320899820969,-2.0199381362255786,0.004860706306552061,-0.14684703007079625,-1.0556353910488265,-0.3526204551051354,0.8438960053792314,0.4903224746475498,-0.7746034339940392,0.5209590818552626,1.097211038309461,-0.1963530478512962,-0.1582285353448769,0.3324918265772014,0.6107489035608545,0.16277050444816688,0.037106804874008595,0.1139570214591628,0.48785653635800325,-0.9263039845211378,1.184040490451885,Peak,True,False,False,False,False,False,True,False,False,False,False
0.29052096445868886,1.6515616145060208,0.8208957880420868,1.477693349683501,-1.6390053411204146,0.42581759796013485,-0.7261209697644482,-0.2979535860011424,1.7704557171865412,0.7243992944016575,-0.8036491252871549,-0.11519127695480179,-0.3431658980342071,-0.10799736368871628,-1.4963961083909034,-0.688144061889018,0.05924543223373705,0.03168697464644932,2.2468424498392117,-1.1519973673663786,-0.9716630154251822,-0.5458376041436229,Rookie,True,False,False,False,False,False,False,False,False,True,False
0.29052096445868886,0.6454320899820969,0.4000315029653957,0.2391900079263396,0.7342194663054654,0.3052778993596774,0.8884458825156627,-0.4747496578181074,-0.9631416289715945,0.634752166151495,0.3539267778396966,-0.36321322452395216,-1.297698757542922,0.839450446105823,-1.313507314894093,-0.5552453140860476,-0.08966824007576059,-0.001797252626202887,1.4850976539891942,0.48785653635800325,1.0392427130910449,-0.09569643753015897,Rookie,False,False,False,True,False,False,False,True,False,False,False
0.29052096445868886,-2.1214241024586937,0.08438328915787728,0.06966525283055676,1.2164009009778547,0.9981681341143993,1.5139365539226766,-1.149303692274184,2.8039278298937322,-0.7174418814027204,-0.7280629160404106,1.2899722945420646,-0.37133847781411267,-0.4214355377518797,1.0640470005644433,-1.0663426085071728,0.43662820534630126,0.03748899145427226,-2.17127736609089,-2.381887795159664,2.0544285150886767,0.6375647718094468,Veteran,False,False,True,False,False,False,False,False,True,False,False
0.29052096445868886,-0.36069743454182696,0.4000315029653957,-0.7022991310116921,-0.13882331380704557,0.9977616229028977,-0.557499219942529,-0.9758431418573941,-0.1826523937649292,2.1042735367496666,0.8973710787553069,0.6513657689159694,1.2361986356763806,0.09431850096821362,0.5153806200740119,-0.7601296277352421,-0.07911852601193284,0.07157229568498763,-0.6477877743908548,0.48785653635800325,0.2690774743308513,1.0339098298329064,Veteran,False,False,False,True,False,False,False,False,False,True,False
0.29052096445868886,-2.372956483589675,-0.1260488533804683,-1.103201186385574,0.3084395259384721,0.13061908350673687,0.09331948468022165,-0.5989615308087973,-0.6758170867652628,-0.41319620960530573,1.006670994422796,-1.2096994916946033,-0.31477993022748546,-0.5567010070981117,-0.39906334741004057,-0.20433890894028894,-0.02718168887859198,0.043035131439738826,-1.1048346519008652,-2.7918512710907595,0.2935985498434238,-0.4155834566992462,Peak,False,False,False,False,True,True,False,False,False,False,False
0.29052096445868886,-0.36069743454182696,-0.5469131384571595,-1.1721547573602444,0.529611823472327,0.6380995608019446,-1.0562949019225438,-0.8695697320644434,1.084495594418504,-0.12497914808112684,-0.83409748490516,-1.1050397300084984,1.493770991012068,1.5988821134574622,-1.1306185213972826,-0.49078961009748223,0.09911518498122363,0.044986408157169935,0.7233528581391768,0.48785653635800325,0.1375634805653822,-1.3666385023938183,Early,False,False,True,False,False,False,False,True,False,False,False
0.29052096445868886,-0.10916505341084601,1.4521922156571236,1.2249039312566647,0.12310111398329895,0.6978123553374275,-0.05457920445635593,2.773605763575605,-1.3938953354966166,0.16996407562321464,0.7301817926498396,-0.6102209843055167,0.29699035775053373,2.1532355942171755,0.8811582070676328,1.3261916974182837,-0.10909276601092992,0.019321349850931844,-0.8001367335608582,0.8978200122890985,0.4775840481720246,-0.08447809874789448,Veteran,False,True,False,False,False,True,False,False,False,False,False
0.29052096445868886,-2.1214241024586937,-0.33648099591881386,1.608585100885095,0.8197225905281169,-2.100910143390709,-0.748832346401217,-0.28809444550980245,-1.2466627802773036,-0.04805311128052915,-0.895060216046372,0.813569563808825,0.9229919094099295,-1.3281279467801532,-1.313507314894093,-0.7040244394323866,-0.09418786010321911,0.15063077096159255,-0.19074089688084422,-2.381887795159664,-1.2804004150441632,0.15678045986066713,Rookie,False,False,False,True,False,True,False,False,False,False,False
0.29052096445868886,-1.1152945779347698,1.5574082869262964,0.46464984604895787,0.29011909705506084,0.7778922367286281,-0.10692524065399615,-0.11006730419195933,-0.6982347661896406,1.0734761334989074,-1.8572727022152615,1.4561596686217044,-0.21485865359069004,-0.5070082114193661,-1.313507314894093,-0.33539251289494904,-0.0838629673921927,0.04518652762480042,0.4186549397991698,-0.7420338914352835,0.5893697708901516,0.1369467651150726,Rookie,False,False,False,True,False,True,False,False,False,False,False
0.29052096445868886,0.14236732772013497,-0.4416970671879867,0.3246015677849141,0.37775344456149523,-0.5415914048240269,0.8095730556661334,0.7031702269731851,-1.1307202878437612,0.6994833514512884,0.018452266618932123,-0.02305719323830565,-0.13333448347379565,0.5125007516914335,-1.313507314894093,0.33644591021336606,-0.10017897978683016,0.027316119385556555,1.1803997356491873,1.3077834882201935,0.2753584705535806,-0.008334890873654558,Rookie,False,True,False,False,False,False,False,True,False,False,False
0.29052096445868886,-0.6122298156728079,-0.02083278211129551,3.4531289532052463,-2.5222573078041766,-0.39540475232594036,0.8247032743660199,0.0964501799553934,-0.6120230943315916,0.14184179526937357,0.04976858835970896,0.9833235662541419,0.8571822764590928,-0.6484315995918538,-1.1306185213972826,-0.7580956302029525,-0.05308206480423474,0.09027251235762909,0.5710038989691733,0.07789306042690809,-1.156438069363046,0.8263771950040292,Early,False,False,False,False,True,False,False,False,True,False,False
0.29052096445868886,-0.36069743454182696,-1.283425637341369,-0.9040163127146115,-0.2241681621362761,-1.0077877281086751,-0.826118817761073,1.570726523989213,1.1094775800792631,2.311756095643499,-0.33516713329452485,0.9802426406414853,-0.04231378630073,0.3236374858703527,-1.313507314894093,2.0549647132356315,-0.03793267728765749,0.03237302374808749,0.8757018173091803,0.48785653635800325,-1.1813306769478213,0.6072246587722214,Rookie,True,False,False,False,False,True,False,False,False,False,False
0.29052096445868886,0.14236732772013497,1.1365440018496051,-0.03043043471575754,-0.9110677876490642,1.1353393420299618,-1.8986431476339087,-0.4221386502290606,0.0013490751378690104,-1.2533476163445743,-0.0010165311465804509,-0.04925292255319439,0.9664852260988864,-0.32564172330268815,1.0640470005644433,-0.4383725805795843,0.2855845694073193,0.07883814260882338,-0.8001367335608582,1.3077834882201935,-0.7442165322569303,-0.040560868042246394,Veteran,True,False,False,False,False,False,False,True,False,False,False
0.29052096445868886,-0.36069743454182696,1.4521922156571236,0.6666072307994134,0.39435750583271345,-1.4971855738254456,-0.9391837087391198,2.3790883943719723,1.1595291449527279,-1.115236619320372,-0.29709243023608034,-1.133098220560391,-0.3834952080581222,1.1977782967059847,-0.7648409344036615,1.3960762308008403,0.42913999695974436,0.01475582955139879,0.4186549397991698,0.48785653635800325,-1.2220492249525625,-1.0871799519602727,Early,False,False,False,True,False,False,False,True,False,False,False
0.29052096445868886,-0.8637621968037889,0.18959936042705008,0.06625450190215898,-0.7287141775341115,0.06603230905763888,-0.9747310989984116,0.0011006260140375842,-0.16075846778938865,-0.06364256866897759,1.554928994467095,0.5532289763726401,-0.11482097282760038,-0.8213314327955401,1.0640470005644433,-0.11766869276044369,-0.007706439321484096,0.06005011704174026,-1.4095325702408723,-0.33207041550418837,-0.8463579085431073,1.3243214511786736,Veteran,False,True,False,False,False,False,False,False,False,False,True
0.29052096445868886,0.6454320899820969,-0.1260488533804683,1.092460013681335,-1.462162446147298,-2.1370295170642275,-0.9682986365734066,-1.963732219179294,-0.19196471264142934,-2.2776675094085714,0.6011338617466832,-0.0021403808044281793,0.735218516725253,-0.1849242007111781,-1.313507314894093,-1.713346237787296,-0.6730413785603553,0.06625707690029892,1.4850976539891942,0.48785653635800325,-2.6219023075335905,0.33659485772748404,Rookie,False,False,True,False,False,False,True,False,False,False,False
0.29052096445868886,1.6515616145060208,-0.33648099591881386,-0.3874314258259805,-0.054241639983603554,0.33031616188659507,-1.3869239853861455,1.3375869775052422,-1.2063972575398487,-0.8140509573846504,0.21858971109141256,0.2258183029493854,-0.07077248009794404,-1.5349092139517029,-0.39906334741004057,1.3117426688379432,-0.05741654045873948,0.11370354031722955,1.332748694819191,-1.1519973673663786,-0.5359071576899588,0.30637078376020926,Peak,False,False,False,False,True,False,False,False,False,True,False
0.29052096445868886,0.3938997088511159,0.18959936042705008,0.13874257022647188,0.6729156608731145,-0.36095751263205866,-0.06699578519842815,-0.30775861259501214,-0.6831293502867466,1.605082719345801,-0.3223572269409051,-0.07484363257430154,0.4056210163052037,-0.018407596344570322,0.5153806200740119,-0.3941359312231652,-0.09135969524988394,0.05153874708129648,-0.19074089688084422,0.8978200122890985,0.09291304485081839,-0.24219641626504734,Veteran,False,False,False,False,True,True,False,False,False,False,False
0.29052096445868886,0.6454320899820969,1.9782725720029877,-1.4716361345333173,-0.45015027806053987,1.3234741421088176,-0.854803016846743,0.12073625177547676,0.2206782584155742,-0.5183892657979849,0.49866428466824453,0.2649576144140681,-0.17562196987001658,-0.06678191477016272,0.8811582070676328,0.9581209289623042,0.07671331082375213,0.03582124582712454,-0.34308985605084774,0.48785653635800325,0.15687672449721451,0.4957809522771502,Veteran,False,False,False,True,False,True,False,False,False,False,False
0.29052096445868886,-0.10916505341084601,-0.02083278211129551,-0.16709585153557008,0.6934607310174233,-0.4108607048107988,1.0293692804835777,0.3928905713279292,-0.3187836400620459,0.8248146625245898,0.69250277947398,-0.1583350128231362,0.08803424784269745,0.12866476342240737,-1.313507314894093,0.3166272461553056,-0.058846247823292064,0.03931618057136013,1.0280507764791837,0.8978200122890985,0.638149116101047,0.26120414217140847,Rookie,False,False,True,False,False,True,False,False,False,False,False
0.29052096445868886,0.14236732772013497,0.08438328915787728,-0.6986559967114285,1.500995601440992,-0.05976065844891756,0.1679154907720147,-0.37059966865986604,1.3543881745061928,0.7785764834263605,0.5820813371576634,0.19632237794298268,0.5037568481263948,-0.6930919875052718,-1.1306185213972826,-0.14627656988798926,0.032771930955342865,0.07901472867106399,1.0280507764791837,1.3077834882201935,0.8418309317641619,0.48700472732321576,Early,False,True,False,False,False,False,True,False,False,False,False
0.29052096445868886,0.14236732772013497,0.4000315029653957,-0.9347042563843686,-0.44756936916555656,0.2524897620195754,-0.6682750817423865,0.31251126658388567,-0.8064090060920438,1.0970866060483029,-0.9551394966727484,0.2877091530001198,0.42715752425087056,0.3144951929120733,-1.4963961083909034,0.7150341452456627,-0.08949092127595025,0.04445108880745317,1.332748694819191,1.3077834882201935,-0.42189837532551205,-0.3039827939698457,Rookie,True,False,False,False,False,False,False,False,False,False,True
0.29052096445868886,1.9030939956370017,-0.9677774235338507,0.8353353830539365,-0.08037919911737262,-0.6753357206353205,-0.5199379713903525,1.246461178334749,-1.1023081260536591,0.6253798284117013,-2.186239722627323,-1.1207392705099644,-0.7450186710266794,0.1353596837669256,-0.581952140906851,0.505878117344205,-0.09746085725182703,0.016628093981048423,1.6374466131591978,-1.5619608432974739,-0.7373637493607453,-2.1404033373579474,Early,False,False,True,False,False,False,False,False,False,False,True
0.29052096445868886,1.1484968522440588,-0.6521292097263323,-0.7558605637386476,-0.09716895128091393,1.7256766987448884,-0.7760799641854752,0.5633142314729469,0.6524968388746013,0.5845391301550237,0.616828617332885,-1.6672693404911414,0.6828208518156839,-0.6578129885046212,0.5153806200740119,0.8452227060875221,0.005379083626236878,0.08413118869699002,0.2663059806291663,-0.33207041550418837,0.6379983088535464,-1.0064998278543,Veteran,False,False,False,False,True,False,False,True,False,False,False
0.29052096445868886,-0.6122298156728079,-0.5469131384571595,0.9918776678335562,0.005235385587915187,0.629884955464124,-0.9407544465013051,-0.036576989848793116,0.7014537346562667,1.871733227943556,0.1356912285967577,-0.48576485572641,-0.011139422549886362,0.03471357370070461,-0.7648409344036615,-0.4219399654179425,-0.0418251594116942,0.03847583421782413,0.2663059806291663,0.07789306042690809,-0.0849899298497679,-0.3180250675255661,Early,False,False,False,False,True,False,False,False,True,False,False
0.29052096445868886,0.6454320899820969,0.9261118593112596,1.1830391155107123,-0.5332389323746627,-0.2723029241638092,-1.2510882221090396,-0.2051464587977205,0.7075273015697578,0.004678040323509809,0.19494447346246918,1.3365116915017214,-1.0511370398456956,-0.31977856032050617,1.6127133810548748,-0.5751294865539022,0.05388010866163235,0.013051450606281734,-0.9524856927308617,0.48785653635800325,-1.099429871617027,1.1948412194140439,Veteran,True,False,False,False,False,False,False,False,False,True,False
0.29052096445868886,1.1484968522440588,0.6104636455037412,0.1574062661676779,0.17317776403479088,1.6412291394760183,-0.35824341403772275,-1.933942997668,1.3836022647428199,0.4336351633906287,0.03550572999773951,-0.3455241075035224,0.32344247014808597,-0.8705632159051291,1.2469357940612538,-1.7105559413763327,0.06012610448498249,0.08097699302927137,-0.34308985605084774,-0.33207041550418837,0.943144685048388,-0.260549589294067,Veteran,False,False,False,False,True,False,False,False,True,False,False
0.29052096445868886,0.8969644711130779,1.8730565007338147,-0.9891894145542128,0.16813705318543656,-0.851630746349011,-0.4073272130696021,2.2392723692608776,0.23598509433035225,-0.7298429200548993,0.5320257862886779,-1.0341169769911809,0.10101727553485869,-1.1792271944637274,-0.03328576041641958,2.904108767506698,0.11874870698432662,0.09031820172572586,0.5710038989691733,0.07789306042690809,-0.659304503054944,-0.5401687507732249,Peak,True,False,False,False,False,False,False,True,False,False,False
0.29052096445868886,-0.6122298156728079,-0.5469131384571595,0.8312500817735837,0.7641728181614248,-0.606035747542544,1.191674721960201,-0.40197023982879226,-0.203831617209435,0.8105050439611411,-1.1262998048614545,2.0193436365217,2.390061509978274,-2.611221317478606,-0.947729727900472,-0.635434486228442,-0.05230205688993503,-22.2251442746014,0.4186549397991698,0.07789306042690809,0.6360091718242302,1.005608355517923,Early,True,False,False,False,False,False,False,False,False,True,False
0.29052096445868886,-0.10916505341084601,-1.5990738511488873,0.16164477689153114,-0.07371831971299465,-0.43073946908774813,1.8338808755434923,1.0570509665459726,-0.1566181424708181,-0.9710733636714686,0.4257820384124054,-0.548441524618367,-0.2567417218957492,1.097014765793913,-0.03328576041641958,0.6981891220556888,0.1253629480258794,0.01811218146762525,-0.038391937710840714,0.8978200122890985,0.6355881474956694,-0.20564251750412638,Peak,False,False,True,False,False,False,False,True,False,False,False
0.29052096445868886,-1.1152945779347698,-1.70428992241806,0.5655303328885849,0.9844761097907149,-0.8472843568692952,-0.9585100575741954,-0.7411540538141698,-0.3552572343749536,0.23199336646354188,1.0274832664450326,-0.6129921982838893,-0.6488722448099613,-0.1032487720160093,-0.581952140906851,-0.8269796249371267,-0.03921653416043896,0.02252881415179486,-0.19074089688084422,-0.7420338914352835,-0.5098261980837144,0.08060038093666225,Early,False,False,True,False,False,False,False,False,True,False,False
0.29052096445868886,0.3938997088511159,0.8208957880420868,-0.21921034952568355,-0.4533082677827146,-0.5732833119452128,-0.30805953890696275,-1.5015061306449584,0.5909319091428129,-0.977061529935454,-0.8228882389382339,2.1017160639188726,-0.5553544102960106,1.8318067914304847,-0.947729727900472,-1.33626398017328,0.24809956175367198,0.007592170387342692,1.0280507764791837,0.8978200122890985,-0.7605459903439259,1.2432543696593354,Early,False,False,True,False,False,False,False,False,False,False,True
0.29052096445868886,0.6454320899820969,2.8200011421563698,-0.8898730730368212,0.658359394776432,-0.8323403529612736,0.7920445446654732,-1.5587727820181247,-3.1805755096619563,-0.3045546903914997,0.47043193475602,0.15959491126091074,-0.5217572552945247,-1.7897506917131862,-1.1306185213972826,-1.336811456469355,-0.2643417251337338,0.11308037185530459,1.332748694819191,0.48785653635800325,0.23090899661873734,0.39434650111428665,Early,False,False,True,False,False,False,False,False,False,False,True
0.29052096445868886,0.3938997088511159,-0.2312649246496411,1.6650211924865486,0.572176104717907,1.3896077700235963,2.0436241906128645,0.7556721719671047,-1.3250407978398033,1.544539247191101,1.6683757099201433,-0.9008350966770312,1.3460679679821688,-0.46004372711465696,-0.947729727900472,-0.09607051881356675,-0.11737599025058017,0.09789548946791782,1.0280507764791837,0.8978200122890985,2.234747109126243,0.2076087604239248,Early,False,False,False,False,True,False,False,False,True,False,False
0.29052096445868886,-1.1152945779347698,0.9261118593112596,-0.3974507765525676,-0.08359082864586752,2.0782988959079116,1.0075680157947617,-1.3556478734410125,-1.693720066465896,0.26232959268324285,0.22050701499117667,-0.3003392592915805,-0.6467562668905977,-1.2034042986029587,-1.1306185213972826,-1.1864857756611895,-0.1304124961462675,0.05245307511434177,0.2663059806291663,-0.7420338914352835,1.788531630251634,-0.11974055503789106,Early,False,True,False,False,False,False,False,False,True,False,False
0.29052096445868886,-0.10916505341084601,0.5052475742345685,1.8175570984950802,-0.295055894264571,-1.6845482713969429,0.16222211899463979,-1.8820312932052248,0.3594846976772761,-1.0727489686384222,-0.856897539418668,0.7037048490257989,-0.20033124532473692,0.7656766485923111,0.6982694135708224,-1.6545590718185168,0.25313613333464435,0.022638739473991535,-0.6477877743908548,0.8978200122890985,-1.1360652896463226,0.08905952213101678,Veteran,False,True,False,False,False,False,False,False,True,False,False
0.29052096445868886,-0.36069743454182696,0.6104636455037412,-0.4576847016042869,-1.8933635283121888,0.3624632119984746,-0.9225496871075533,0.792760499047081,-0.4203424836033624,0.049696765799791466,-1.1543801166540588,-2.016570028265079,-1.5948007574529037,-0.2540396176832063,1.0640470005644433,0.8543588061973408,-0.03474154748433088,-0.004908029927565043,-1.1048346519008652,0.48785653635800325,-1.2474306728540934,-2.286978149940012,Veteran,False,False,False,False,True,False,False,False,False,False,True
0.29052096445868886,-0.10916505341084601,-0.757345280995505,1.2176627391720223,1.0052286738155676,-0.3379821687351864,0.0525797925253198,0.6045629852891873,3.2418166506667765,0.24907924773902632,-1.462540333978886,-0.2923462369948208,-0.646256240665864,0.5130926614353711,0.3324918265772014,-0.06223786878088775,0.20284450497095557,0.015107675086400313,-0.34308985605084774,0.8978200122890985,0.34468908068340287,-1.0605106407363707,Peak,False,True,False,False,False,True,False,False,False,False,False
0.29052096445868886,0.14236732772013497,0.4000315029653957,-0.5412307951133352,1.926791826333553,0.4324683217357494,1.9410817547545967,-0.008648064199765645,-0.22850854817627583,0.32172319991070786,-3.1048703727595126,0.6787317568126042,0.06532673921987775,0.6694269239626363,1.2469357940612538,0.13737383018048918,-0.03496292975207128,0.029771161541912637,-0.9524856927308617,1.3077834882201935,2.292882335105772,-1.196429644276413,Veteran,True,False,False,False,False,False,False,False,False,False,True
0.29052096445868886,0.6454320899820969,0.9261118593112596,0.381465261352287,1.8964556643465442,-0.20869427505878654,-1.4784559037239748,-0.40544054288720127,-1.02769109464596,0.2803755416803474,2.4331285589262945,-1.2600012982160325,-1.3189849318407154,0.08024177359890824,0.6982694135708224,-0.5368658019317716,-0.08615836008522679,0.0014242801207115532,-0.19074089688084422,0.48785653635800325,0.10687606787306356,0.3464209528707982,Veteran,False,False,False,True,False,False,False,True,False,False,False
0.29052096445868886,1.6515616145060208,0.5052475742345685,-1.186462245355133,0.9931026588566905,1.5234901623979331,1.1575056004586108,1.126328579282863,-1.087592641416431,-0.9668907738234338,-1.8371245058028023,-1.0368985998680644,-0.4372250484846709,-1.1430036711197147,1.0640470005644433,1.895165637758567,-0.02477271467651267,0.06030223524845943,0.1139570214591628,-1.1519973673663786,2.0842801725320568,-1.8758421300505816,Veteran,True,False,False,False,False,False,False,True,False,False,False
0.29052096445868886,-0.36069743454182696,1.5574082869262964,0.06008749750213066,-0.6079288135990719,-0.08781870330151102,0.11109874398957979,-0.02408956397826688,-0.4124572448032636,0.3987098490680076,0.06502429630742725,-0.23829559704752526,0.8031037844279915,-0.8088951675142314,1.0640470005644433,-0.13617666704574388,-0.05003254012138814,0.09750369319266107,-1.1048346519008652,0.48785653635800325,-0.31925942926812284,-0.1568763644910466,Veteran,False,False,False,False,True,True,False,False,False,False,False
0.29052096445868886,2.1546263767679825,-0.33648099591881386,-1.443816341404307,-2.21823947192943,-0.9473955419379418,0.16525999415061307,-0.31594878671070037,0.7160127452924221,-0.28034152056727873,1.317601354858786,-0.8587091232427724,-0.5029619956219835,0.04762030587795385,1.2469357940612538,0.35655723805947387,0.08913835771141349,0.02445610316168655,0.2663059806291663,-1.971924319228569,-1.6848479725874659,0.044386815096451385,Veteran,False,False,False,False,True,False,True,False,False,False,False
0.29052096445868886,-0.6122298156728079,-0.1260488533804683,-1.1065460942256067,-1.1506136784771877,-0.6011671961627479,-0.3805407307803692,0.7212896874646147,1.4279159428662238,-0.08355552932018884,1.1494552897196597,0.24287453765693492,0.11212124639660472,-0.23806305847726328,0.8811582070676328,1.328122590310767,0.12114040308133768,0.04855213558606042,-1.1048346519008652,0.07789306042690809,-1.1839217104162716,0.8441324556588959,Veteran,True,False,False,False,False,False,False,False,False,True,False
0.29052096445868886,-0.6122298156728079,-0.33648099591881386,0.19708418288501844,0.9875216232947367,0.7256724047519537,0.04159633923658609,-0.49634422973242376,1.1513689235349047,0.9666580888796262,0.5827242883423276,-1.2139956748425904,0.14042229772848827,1.0777016446035104,-0.39906334741004057,-0.5617887895534553,0.01125525453789254,0.026282810938568046,-0.038391937710840714,0.07789306042690809,1.0014536424754195,-0.6576789912820982,Peak,False,False,True,False,False,False,False,False,True,False,False
0.29052096445868886,-0.6122298156728079,-2.335586350033097,1.4173875456495555,0.3156368593692672,2.230435877974216,-0.8594467105605105,1.3623853341575756,0.13040831234095976,-0.6079696036932647,0.2997280018847449,-0.2485330595496546,-0.026749082164551154,-0.4580139983044248,-0.947729727900472,0.3488057860703092,0.08175958245679205,0.0503084359889707,0.4186549397991698,0.07789306042690809,1.1318309547981862,-0.03309131097368724,Early,False,False,True,False,False,False,False,False,False,True,False
0.29052096445868886,-2.372956483589675,-0.2312649246496411,0.43121881185279126,0.11318501213577985,-0.22616254311387693,-0.9513512496626594,0.6825367156666203,-0.8297106790534812,0.10876647331434702,0.081521960982012,0.09339335319936806,-1.372979364557462,0.1464182210455953,0.6982694135708224,0.2736819453053847,-0.06742085621011577,-0.0004334711555013743,-2.018928406920886,-2.7918512710907595,-0.574101219649327,0.12170914422430996,Veteran,False,False,False,False,True,False,False,False,False,False,True
0.29052096445868886,-0.6122298156728079,0.6104636455037412,1.5679719415755724,1.2233812416532766,-1.023704003034692,0.5837675746123947,0.23687383939183318,0.9917416810427941,0.2529182153524005,0.5410406996772272,-1.0105110867870215,-0.2879442332068609,-2.2673287995709055,0.3324918265772014,-0.3815499276204088,0.05059142490353085,0.3515237548911998,-0.6477877743908548,0.07789306042690809,0.30101591243361137,-0.5159291777594741,Peak,False,False,False,True,False,True,False,False,False,False,False
0.29052096445868886,1.1484968522440588,1.1365440018496051,0.15512785849153737,-0.07212295765044044,-0.8842607855618155,-0.39599389123831114,1.4802509361902325,-1.4772148559031382,-0.38776750728531867,-0.6355162908104399,1.353337620889711,0.6293417466631221,0.3132746973672621,1.2469357940612538,1.0431719123946868,-0.10666779393355502,0.04961547852947431,-0.34308985605084774,-0.33207041550418837,-0.8009810427018383,0.7410989301506007,Veteran,False,True,False,False,False,True,False,False,False,False,False
0.29052096445868886,0.3938997088511159,0.5052475742345685,0.5774904654223307,-0.07233793283087511,1.0119462836293869,-1.369678623283587,0.5997694145700336,-1.0689251624807818,1.1861629524187898,-0.157790727400455,0.16924579637315312,0.015189111912288404,-0.5312419755869884,-0.7648409344036615,0.1524782132960963,-0.10313596817327725,0.05413374215396382,0.8757018173091803,0.8978200122890985,-0.10605825438613375,0.048603235703280345,Early,False,True,False,False,False,False,False,True,False,False,False
0.29052096445868886,0.14236732772013497,-0.1260488533804683,-1.0790762506787397,-0.7755788545919019,1.3053779934589023,0.6980091920865639,-0.327754584526642,0.1529644485671497,1.2670140888884265,0.4303350806684719,0.39356394705116954,0.7252327980939742,2.4624968292435367,1.0640470005644433,0.09542945943292955,-0.048407039325338935,0.02347065360079004,-0.8001367335608582,1.3077834882201935,0.775040822563742,0.5617398709721052,Veteran,False,True,False,False,False,False,False,False,True,False,False
0.29052096445868886,-1.366826959065751,1.1365440018496051,-2.7264885479696237,-0.9297956618053771,-0.6585490975561031,-0.1256109801569729,-2.3074153243200177,2.9108324437873665,-0.3830320288309396,0.4004949367412061,1.6661509985439371,-0.7601082619879777,-0.5666309291843018,-0.947729727900472,-2.9073057599753542,0.3167028079923699,0.027094164699080717,-0.038391937710840714,-1.1519973673663786,-0.9719308834963968,1.5781660884531032,Early,False,False,True,False,False,False,False,False,True,False,False
0.29052096445868886,-0.10916505341084601,0.18959936042705008,0.08072162220849806,2.074387909722764,-1.2958019243481245,0.28266101661026843,0.493918009561906,-2.107016681283517,-0.39873427975242615,0.6085882761300185,1.1094290170178875,-0.5018560099411828,-1.1952879604216917,-0.7648409344036615,0.2817509292589585,-0.16787582509613933,0.05970878384898702,0.5710038989691733,0.8978200122890985,0.4232892338074582,1.243280165234361,Early,False,True,False,False,False,False,True,False,False,False,False
0.29052096445868886,0.6454320899820969,1.767840429464642,-1.4160824846789772,-0.30750412308498576,-1.6885685566454791,0.5502842356922942,-1.178064856697383,-0.20878041913935955,0.39211363390975423,-0.12742125890176184,-1.0011193235286608,-0.07243756505071809,0.8831208674242661,0.8811582070676328,-0.784562947755784,-0.0369023881200463,0.02407930430149828,-0.34308985605084774,0.48785653635800325,-0.9448776027365867,-0.8845304729305129,Veteran,True,False,False,False,False,False,False,False,False,False,True
0.29052096445868886,-0.6122298156728079,1.2417600731187781,1.560489850587595,0.22704315819830984,0.4925073198764162,1.1297989488646818,-0.8610320575190088,0.4049757749595816,-1.368639358925656,-0.5624746337492674,1.7368757075606023,2.023356631228205,-2.9618418740214474,-0.947729727900472,-1.0412010998167651,0.5035378906710786,-0.814810129228511,0.4186549397991698,0.07789306042690809,1.0141542818111853,1.0936053836653454,Early,False,False,False,True,False,False,False,False,False,True,False
0.29052096445868886,0.8969644711130779,1.1365440018496051,0.41774400013163954,-0.9267010096246422,0.15068388445893807,-0.9477307061191608,-0.9039325565568977,-1.5627419998206458,0.11373544061702043,-0.6645384121492297,-0.6057473339411845,-1.248882546240268,-1.3825498789114627,1.2469357940612538,-0.9238861495118189,-0.12048759833702545,0.02575812103162334,-0.4954388152208512,0.07789306042690809,-0.8835436065899364,-0.8658281079450556,Veteran,False,False,False,False,True,False,False,False,False,False,True
0.29052096445868886,0.6454320899820969,1.1365440018496051,-1.0829879699021498,1.0022323116203822,0.23934519959131761,-1.0709394688475322,-1.4602118837510643,0.9249343096362967,0.6409964032947565,0.059077226679764464,-0.533206411456058,-0.409601335015791,2.195132609948715,0.6982694135708224,-1.204696791386422,0.01767095901607358,0.008111704436002261,-0.19074089688084422,0.48785653635800325,0.12782004961612542,-0.39966335718006835,Veteran,False,False,True,False,False,False,False,False,True,False,False
0.29052096445868886,0.6454320899820969,0.18959936042705008,1.4553902374022045,-1.1754556811974326,-0.4477072615430017,1.0167806640165171,0.45495769177180473,0.1860165286860629,-0.11888849381891718,0.8708088593735281,-2.500781238784499,-0.03621372155503234,0.12168119723879169,-0.581952140906851,-0.22206409092524185,0.024772014553428565,0.03607543694396889,0.8757018173091803,0.48785653635800325,-0.37887846779017376,-1.5402868689538027,Early,False,False,False,False,True,False,False,False,True,False,False
0.29052096445868886,-1.6183593401967318,-0.1260488533804683,-0.18469240276020166,-0.4275510805722995,-0.9654157491097036,0.5885088490541651,-0.5449123392324512,1.0789806430708921,-0.5982423740444189,0.5874814643438058,0.611377626544767,0.22685338667419597,1.8234901131886565,-0.581952140906851,-0.4983709757204435,0.18728519706234414,0.02072513073524732,-0.4954388152208512,-1.5619608432974739,-0.5318305480032479,0.8270298659118167,Early,False,False,False,False,True,False,False,False,True,False,False
0.29052096445868886,1.1484968522440588,-0.33648099591881386,0.6527796217745649,-1.6801764482569064,0.6632109141347069,-0.8911050702853378,0.7911132516246653,0.5855568741542444,0.2464536642427989,-0.08595635572206631,-1.3722160724354235,0.3324702565797375,0.5741888768491689,-1.313507314894093,0.2615365618472815,0.023710144078181714,0.03735458063205566,1.7897955723292014,-0.33207041550418837,-0.9286362202733955,-1.1624886748779357,Rookie,True,False,False,False,False,False,False,False,False,True,False
0.29052096445868886,0.14236732772013497,-0.6521292097263323,0.13268727878970762,0.4877150771532549,-0.956161948999648,1.08441978171559,0.8116452644974785,-1.5216003061396022,-0.9551557440615457,-0.5142496056804359,0.40864417786193225,0.6785504927755331,1.128636534539551,-0.947729727900472,0.5154528669958232,-0.0947429037279538,0.036400282237449795,0.8757018173091803,1.3077834882201935,0.21347485078058448,0.04234854099216395,Early,True,False,False,False,False,False,True,False,False,False,False
0.29052096445868886,0.6454320899820969,-0.757345280995505,-1.277717949762516,0.01995837327342486,-1.8350842428677705,1.2881509554964048,-1.1774815373530552,0.14186440807397885,-0.07869584015116601,-0.2522606705173165,1.7312313766487772,1.8483942066809451,-1.1308787371829807,-1.6792849018877138,-0.8264233515834122,0.017587772747967845,0.17500962299107478,1.7897955723292014,0.48785653635800325,-0.48357380255888627,1.2636186233749158,Rookie,False,False,False,True,False,False,True,False,False,False,False
0.29052096445868886,-0.8637621968037889,-0.4416970671879867,-1.056502936998379,-0.9650878341293242,1.3699834527937669,-1.6045636941759138,-0.14884724539054686,-0.3474830676965191,0.08535151045505346,-1.434826932445208,-1.703466234947924,1.060487307861217,-0.7349083970050547,-1.313507314894093,0.2861377942867269,-0.03128081830894637,0.10324961528535935,0.5710038989691733,-0.33207041550418837,-0.4727627403560992,-2.1906095605826783,Rookie,False,False,False,False,True,False,False,False,False,False,True
0.29052096445868886,-0.6122298156728079,-2.0199381362255786,0.9157172028622887,0.30954766170687514,0.9557355982963672,1.0630205613143942,0.43835386058251735,-0.4055646758943061,-0.9860711605624588,-1.7481827995066028,-0.8369350895248463,-0.06267975636080379,0.7619165063259284,0.8811582070676328,-0.07967982060742021,0.08918986022155526,0.02571275355633909,-1.1048346519008652,0.07789306042690809,1.3158367293474715,-1.6634320317851168,Veteran,True,False,False,False,False,True,False,False,False,False,False
0.29052096445868886,1.9030939956370017,1.0313279305804324,-0.984614735100965,0.45459955901293647,-0.42379206957447296,-0.7460134548828332,-0.32463738642538686,1.1208696959368656,-0.9746296449350529,0.4786777620892058,1.7921952564193522,-1.111119508409687,1.3904758193314997,-0.03328576041641958,0.04500399680683422,0.33254087340689253,-0.00019227880848588506,1.1803997356491873,-1.5619608432974739,-0.4125807310261243,1.7245053496058989,Peak,False,False,True,False,False,False,False,False,False,True,False
0.29052096445868886,-1.8698917213277126,-0.02083278211129551,1.0484383745357448,0.6942657467760618,-0.6670532958988,-1.0374631153354013,1.2678148875479474,0.3320828082172929,0.26550194920784115,0.8263254991874488,-1.5468925324212373,-1.7942238746416688,-0.11568932836338167,0.8811582070676328,0.43016530827793675,0.005288804846598392,-0.011429209201705277,-1.8665794477508828,-1.971924319228569,-0.5900516863114277,-0.7908552825634837,Veteran,False,False,False,True,False,False,False,False,False,False,True
0.29052096445868886,0.14236732772013497,0.6104636455037412,1.1874839488450597,-0.23756677769049006,0.3434108601074583,1.5199950319844115,0.02337096923595771,0.0314021116033759,-1.1267217928244502,-0.3599449493747946,0.6241430622509276,-0.21466021156452655,0.11168603958009432,-0.39906334741004057,-0.4284625277969996,0.21803401924815663,0.03139120609696993,0.4186549397991698,1.3077834882201935,0.8759604458817417,0.3041597473169892,Peak,False,True,False,False,False,False,True,False,False,False,False
0.29052096445868886,-0.10916505341084601,-0.6521292097263323,0.7035899098315634,-0.5371386487169758,-1.1523798934843967,-0.5349015980946489,-1.6141074621444225,0.8533407349260268,-0.8454911015439365,0.2831032312242803,-0.2567869664241984,0.08261300597068473,0.26203705040200326,0.3324918265772014,-1.472102057704859,0.23487708351017034,0.03663119337920081,-0.34308985605084774,0.8978200122890985,-1.2876649419488806,-0.049149529054051656,Peak,False,False,False,True,False,False,False,False,False,False,True
0.29052096445868886,0.14236732772013497,0.2948154316962229,0.5840712013437874,0.40410050395947783,-1.0084282247715861,0.11453007185587967,0.10853958476936405,0.255082067268893,-0.2229657108221764,0.5737135141744188,-2.5701060642146127,2.2112084517598762,-1.2134353746853388,-1.6792849018877138,-0.2091250013468828,0.04107988327333926,0.20576241717707455,1.4850976539891942,1.3077834882201935,-0.36432474395075165,-1.7637845362516544,Rookie,False,False,False,False,True,False,False,False,False,True,False
0.29052096445868886,0.6454320899820969,-0.6521292097263323,-0.9454827638971219,-0.533224604390126,-0.6017081457049047,0.622199055470857,0.6887669329889731,0.8737378099432205,1.1324493267556655,-0.19229789293391317,-0.16450140377151776,1.0233397232922778,-3.6570993531855454,1.6127133810548748,1.1364835155474704,-0.010156792251233634,-0.22071024246923776,-0.9524856927308617,0.48785653635800325,-0.3405511513370844,-0.2417895600425302,Veteran,False,True,False,False,False,False,False,True,False,False,False
0.29052096445868886,0.3938997088511159,1.0313279305804324,0.995644239072164,0.5544273939539983,0.6760498827028097,-0.25278976038090945,-0.9581236917845615,1.8260653988712914,-0.44530206046855586,-1.1896092132036904,1.1333723533767734,1.5981225301268254,-1.4468031055392059,-1.6792849018877138,-1.0408238935166432,0.22742018163693184,0.2111714931442642,1.6374466131591978,0.8978200122890985,0.5893794053621118,0.2506509559587805,Rookie,False,False,False,True,False,False,False,False,True,False,False
0.29052096445868886,-0.8637621968037889,-1.1782095660721963,-0.05132050302170941,0.8139305834810034,-1.2851651309319427,1.5565714304549483,1.5978600664794331,-0.6654714130665477,1.3874961799679555,1.0347726352912987,1.1723384460323187,0.22754705000669792,-0.158487845846812,-1.1306185213972826,1.282555763635049,-0.08754395749496303,0.04997229282853965,0.4186549397991698,-0.33207041550418837,0.42171185443576586,1.5342235467390362,Early,False,False,True,False,False,False,False,True,False,False,False
0.29052096445868886,-0.8637621968037889,-1.0729934948030235,-0.4384136752152395,0.6530580080571583,-0.05976065844891756,-0.4600490539457696,0.7712319536880378,0.07353334365384337,1.3441632155551486,1.344013301153855,0.45218937736139375,-0.7104068290524566,0.9527430531989911,-0.03328576041641958,0.8206708029676515,-0.054063167357372904,0.010013072603728874,-0.4954388152208512,-0.33207041550418837,0.06977555182856462,1.1235783592168846,Peak,False,False,False,False,True,False,True,False,False,False,False
0.29052096445868886,0.3938997088511159,1.1365440018496051,-0.5703804406254265,0.6072020671462243,0.8720955649422938,0.5932900934813206,0.37972089231574185,-0.2615199093314203,-0.03250693116661225,0.13227829000356117,0.44040978337278913,0.27478296277504255,0.07850059100844758,1.0640470005644433,0.5320525728234963,-0.01776379421226929,0.04550253335067777,-0.6477877743908548,0.8978200122890985,1.1777907427952305,0.4320207278671093,Veteran,False,True,False,False,False,True,False,False,False,False,False
0.29052096445868886,0.8969644711130779,-0.4416970671879867,1.0875400128807184,1.1119757608769842,0.039197608144097736,-0.12255397045730092,0.451223489164321,-0.9486779528315086,0.1280922588688178,-0.03923372146877607,0.14919245530686345,0.23113915810369573,-1.3526568968076154,-1.6792849018877138,-0.12330359475383497,-0.07661786651063573,0.11276702405732825,1.9421445314992047,0.07789306042690809,0.548901978384301,0.09904855349948556,Rookie,False,False,False,True,False,False,False,True,False,False,False
0.29052096445868886,-0.36069743454182696,0.08438328915787728,-0.9513452204464254,1.3924877098633537,-0.4982661710777543,0.4608412121209526,0.67455344525549,-1.1078016170728733,-1.3337408020337314,-0.37797209557712313,1.1762864513624969,0.017657121265145043,-0.49274066669887795,1.2469357940612538,1.126161470425649,0.0484743834370073,0.05295126909591514,-1.2571836110708687,0.48785653635800325,0.6587551580811262,0.7423021249339868,Veteran,False,False,True,False,False,False,False,False,False,True,False
0.29052096445868886,2.4061587578989636,-0.2312649246496411,2.353965225423273,-1.774968674323401,-0.9094034730832151,-0.6582462625751647,-1.5868348302105504,1.0139007743648965,-0.7417547924585174,-0.2720200805154373,-0.8506560122430747,-0.9589350618713106,0.8825916617100863,-0.581952140906851,-1.495999620230971,0.22074290323828147,0.0052383136148698856,1.9421445314992047,-2.381887795159664,-1.8517562919718884,-0.8437521252476484,Early,True,False,False,False,False,False,False,False,False,True,False
0.29052096445868886,1.1484968522440588,-2.230370278763924,-0.7497618492123729,1.0118317220003359,-0.885255647940139,-0.0566813704458348,0.4192479609103083,-0.6690818073828708,-0.4333739901626923,1.2876451088872896,-0.393309780558634,0.3213658894411059,0.2602688953286606,0.1496030330803909,0.6919340047153321,-0.024954419726711766,0.04284478486461402,0.5710038989691733,-0.33207041550418837,-0.053868588351551255,0.4053872019676186,Peak,False,True,False,False,False,False,False,False,False,False,True
0.29052096445868886,-0.8637621968037889,0.08438328915787728,-0.5490098762146963,1.248059839568707,-0.2765345937080846,0.019253123244660345,-0.268282255632709,0.8234384883806436,0.8166073628039024,-1.1370444600363054,-0.4089971261761677,0.9737653919618454,1.2855204533921183,1.0640470005644433,-0.11092059867196974,0.002127700251922295,0.039938807754893474,-1.4095325702408723,-0.33207041550418837,0.49457242740207613,-0.9720232555307577,Veteran,False,False,False,True,False,True,False,False,False,False,False
0.29052096445868886,1.4000292333750397,-0.8625613522646779,0.10662412929661427,0.06654878693946449,-0.5042607401186671,0.012354475791374045,1.6727370064671343,-1.5407575679698684,1.0137347117600348,0.3795293785236238,0.5832310858264501,-0.8593874364674358,1.3481901460093542,0.3324918265772014,1.2317858758684823,-0.12448351787266168,0.00468912054894641,0.5710038989691733,-0.7420338914352835,-0.2769517810681392,0.6871370698917907,Peak,False,True,False,False,False,False,False,True,False,False,False
0.29052096445868886,-0.8637621968037889,-1.70428992241806,1.0685981905857114,0.09412914699076616,-0.05976065844891756,0.6873900518631733,-0.3379375401531594,1.6745546699230671,-1.0306652424181366,-0.8652069261920349,-0.9940981751034716,0.7195881196588385,1.2364316237951083,-0.7648409344036615,-0.639273024471965,0.4598419730190895,0.0357402997193626,0.1139570214591628,-0.33207041550418837,0.3667840970157504,-1.2940735407081925,Early,True,False,False,False,False,False,True,False,False,False,False
0.29052096445868886,-0.36069743454182696,-0.6521292097263323,0.23131455411699398,1.8679604999696464,-0.285907355766046,-2.0760250997884753,0.7455696780104754,-0.5681146651311628,0.561911741265792,-0.5339696692201976,0.6569805747800218,-1.7898295929065364,0.22997156960127058,1.0640470005644433,0.413245291009658,-0.06503305479468137,-0.011779089894381499,-1.1048346519008652,0.48785653635800325,-0.2653851938345814,0.23287540602407703,Veteran,False,False,False,True,False,True,False,False,False,False,False
0.29052096445868886,-1.366826959065751,0.18959936042705008,0.37601165486372456,-0.015285242473774151,-1.1163226113810305,1.3508345845368495,-1.655206531570729,1.0638862236764248,0.9191032007531672,0.5362248163519676,-2.558140857627079,0.6572734147291154,-0.85029068166452,-1.4963961083909034,-1.4925365902629002,0.009311583384279036,0.09399919969507556,0.4186549397991698,-1.1519973673663786,-0.015877846857659902,-1.775169458010461,Rookie,False,False,False,False,True,False,False,False,False,False,True
0.29052096445868886,0.14236732772013497,-0.5469131384571595,-0.22477229955805214,-0.07317399237170205,1.0592362128367416,1.4527714918776742,0.33919918638584695,-0.05078409755248603,0.30414740272934265,1.0660058977972557,-1.3714131274084167,-1.082115657340416,0.1293236611617151,-1.6792849018877138,0.2986059043286525,-0.022441988989804228,0.007551719310807628,1.4850976539891942,1.3077834882201935,1.3802070970667664,-0.5134846004804102,Rookie,False,False,False,False,True,False,False,False,False,False,True
0.29052096445868886,0.8969644711130779,0.5052475742345685,1.271895624310293,-0.42348054643761535,-0.17533270929059847,-0.24626186481000178,-0.2917386674416671,-1.3418383325454908,1.1522225790048661,-0.8400416036167035,-0.04649677927796586,0.7085758543807422,-0.8766511418973009,0.8811582070676328,-0.6477800140293989,-0.11564922405176062,0.09787917367122269,-0.19074089688084422,0.07789306042690809,-0.4615525134224128,-0.510546699403213,Veteran,False,False,True,False,False,False,False,False,False,True,False
0.29052096445868886,-0.10916505341084601,-1.283425637341369,-0.9211398256670997,-0.8084115862409242,2.5371730901459597,-0.7659307653544473,-0.4918101181165992,-0.13298780952383435,-1.8173505522961528,-1.8901488593051488,-0.6863202386106056,0.8970285750289866,0.13059442957752976,0.5153806200740119,-0.1715429208735567,6.089658666059682,0.06121891046400652,-0.4954388152208512,0.8978200122890985,0.7800502728901435,-1.621048866288929,Veteran,False,False,False,True,False,False,False,False,True,False,False
0.8715628933760665,0.3938997088511159,-0.33648099591881386,1.435041688095196,-0.11113955998347264,-1.6524667309559782,0.08605327626392299,-0.6525910731460102,0.23685049929424074,-0.4902157143905417,-1.2517183341948999,0.10267314526359993,2.187331420795076,-1.127841424713096,-1.313507314894093,-0.8993781826048244,0.07399144355641432,0.19168366126993708,1.332748694819191,0.8978200122890985,-1.0579643960612022,-0.6211363531012309,Rookie,False,False,False,False,True,False,False,True,False,False,False
0.8715628933760665,0.3938997088511159,0.2948154316962229,-1.1253358986271926,1.446197723823797,0.3336849790544461,1.957301403393427,-0.613389202377759,-0.33890658660635464,-0.14599887124481717,-0.49593373936519836,2.1333028456772034,-1.8830978095905884,-0.9947194479259351,-1.1306185213972826,-0.21024479521076725,-0.016298633524331314,-0.013446791602938395,1.1803997356491873,0.8978200122890985,1.98498966461211,1.4529177483229747,Early,False,True,False,False,False,False,False,False,True,False,False
0.8715628933760665,1.1484968522440588,-0.33648099591881386,0.05740129253995856,0.9596674851368804,1.3502289662965417,2.4128771442344688,-0.154262113775484,1.2165890386414857,0.7464780502800749,1.0496635293012335,-1.0717541246578335,-0.024009847387260606,-1.5321313295866712,0.6982694135708224,-0.2427204776634197,0.027338190983274654,0.11661603755961168,0.1139570214591628,-0.33207041550418837,2.6051630938745762,-0.27938755925589404,Veteran,False,False,True,False,False,False,False,False,False,True,False
0.8715628933760665,1.6515616145060208,-1.4938577798797146,-1.842506024001129,-0.732879376099967,-0.3577224213192466,-0.38296092957128447,0.26480831950931355,-0.9139804786912018,-1.0695944761357439,1.0522427672877606,-0.9272204550082107,-1.9945107049323585,-0.3028466524182024,1.2469357940612538,1.627532772057011,0.02125946972155187,-0.017577537761941747,-0.038391937710840714,-1.1519973673663786,-0.8107461942572833,-0.1605881587219384,Veteran,False,False,False,True,False,True,False,False,False,False,False
0.8715628933760665,-1.366826959065751,-0.1260488533804683,2.2459352326562083,-0.13577576495657104,1.1093167814414877,-0.07562741296598334,-0.12537460557320596,0.9107988770271543,-0.892483240755357,-0.010635941696851807,0.9222373177187029,0.7593653202765581,-0.8003467491620511,0.5153806200740119,-0.7103225388306148,0.2614958029737654,0.0951662877745002,-1.2571836110708687,-1.1519973673663786,0.5898673998187312,0.7427837803525341,Veteran,False,False,False,False,True,False,False,False,False,True,False
0.8715628933760665,-1.366826959065751,0.08438328915787728,0.46708834255751414,-1.11456301166669,2.748825495132943,0.27446018760091845,-1.9100148259192278,-0.3911878941152564,-0.33531600468185063,1.905545131829798,0.4661313027430635,0.898243878793466,0.713589598062149,0.5153806200740119,-1.6862602978264338,-0.006187984020115017,0.04778267019925642,-1.2571836110708687,-1.1519973673663786,1.2890111422973998,1.450941557797866,Veteran,False,False,False,True,False,False,False,False,True,False,False
0.8715628933760665,-0.6122298156728079,-2.1251542074947514,-1.152616094072696,-0.02616652156106876,-0.2501498085135309,1.1529217956614324,-0.6914894786003831,-0.6398204723455938,1.7200623528695953,0.02818234743452324,2.6826947928867315,0.6508662707753945,1.1698511498226811,-0.7648409344036615,-0.28872498997104373,-0.09109680894227658,0.0352916615995196,0.2663059806291663,0.07789306042690809,0.4232803633862031,2.1939575099601374,Early,False,False,True,False,False,False,False,False,True,False,False
0.8715628933760665,0.14236732772013497,-0.4416970671879867,0.7892910824823306,0.3226915094039108,1.0121883977486485,0.23114267659274715,0.5527268608841354,-0.0678016608640908,-0.43246795617784045,0.38838703902893773,-0.26172600143943264,0.06405809575172461,-2.308973876925701,-1.1306185213972826,0.04105446981441787,0.03501717545255247,0.49502583594270677,1.0280507764791837,1.3077834882201935,0.9290515508245702,0.006096707167773107,Early,False,False,True,False,False,False,False,False,False,False,True
0.8715628933760665,0.14236732772013497,1.1365440018496051,1.3939843500099605,-0.8893422648871503,-0.7867256690813662,0.7809140525929117,-2.3454460370494976,-0.22149549147707798,-0.14418166770666183,1.1986444581186828,-0.43818025116230097,-0.9811528671686542,-0.28778256054375334,-0.7648409344036615,-1.9451088486310228,-0.006677599251595378,0.01490155502856391,0.7233528581391768,1.3077834882201935,-0.5636025187226128,0.3188648866455887,Early,False,False,False,False,True,True,False,False,False,False,False
0.8715628933760665,1.6515616145060208,0.8208957880420868,0.4852999894052913,-0.17584937414182653,-2.1117568599324654,-0.338278705909128,0.4736737213411213,0.9716353078611427,1.179211005225605,-1.725333413558263,-1.2235692161035203,-0.24466639702134513,0.07470619791946911,1.0640470005644433,0.0947738679293673,-0.007523476712169039,0.03120570598294566,0.1139570214591628,-1.1519973673663786,-1.6012516464288662,-1.9644823851439923,Veteran,True,False,False,False,False,False,False,False,True,False,False
0.8715628933760665,0.6454320899820969,-0.02083278211129551,0.5641313968040972,0.03271960708730061,-0.863342751093849,0.03863982660985017,0.8209471392487304,0.6070591461952872,1.3325009721284737,1.064133250319778,0.4977455891520886,0.07273740145452266,-2.102997169846627,-1.6792849018877138,0.3200484376388602,-0.02998328512086802,0.28351179452286196,1.7897955723292014,0.48785653635800325,-0.5080451954685983,1.0030424701780498,Rookie,True,False,False,False,False,False,True,False,False,False,False
0.8715628933760665,-2.1214241024586937,-0.9677774235338507,1.8856473097183986,-0.3895310164688141,0.3717008382738165,-0.7436767659392349,-0.11118625080770496,0.8030921943377036,0.3850833362301254,-0.8594433228798364,1.6462309642527706,-0.9078360845386723,-0.33167440487109645,0.1496030330803909,-0.6465168086466213,0.027578759968747,0.01787970089390554,-1.4095325702408723,-2.381887795159664,-0.35486710124188003,0.8528692337559162,Peak,False,False,False,True,False,True,False,False,False,False,False
0.8715628933760665,0.6454320899820969,-1.3886417086105418,-0.7030036886940203,1.316622414657421,-0.05976065844891756,1.0114048127858777,-0.8066959683641937,-0.3945700871770467,-1.1552699362409575,0.43510378661301985,-0.6295506102737404,-0.8213994103320409,0.8649458872207377,-0.21617455391323007,-0.5878991740664004,0.1460344300599301,0.008281568595901921,0.5710038989691733,0.48785653635800325,1.1798120131082726,-0.2662489600758436,Peak,True,False,False,False,False,False,True,False,False,False,False
0.8715628933760665,0.3938997088511159,-0.1260488533804683,0.00919348893304716,1.4859191147677029,1.9882335705722067,-1.1357620967548034,0.7605310140611529,0.3062374647804877,-0.2345898008093834,-1.2705989695407034,-0.022953534016137186,-1.5635922492163175,-0.5966870610454877,-0.39906334741004057,0.5386397518315095,0.046839604273564275,-0.0019854240457923156,0.5710038989691733,0.8978200122890985,1.454439966121096,-0.733759875941741,Peak,True,False,False,False,False,True,False,False,False,False,False
0.8715628933760665,-0.36069743454182696,0.8208957880420868,0.7640625506865865,2.125254149784414,-0.7140814145989838,1.5309160216532678,-0.72419301945001,0.1651178800525961,-0.23845346264325268,-0.29347780945290974,1.1598183079681283,2.263947606040203,-0.6032368739883321,0.8811582070676328,-0.8481359772784542,0.034877474281193165,0.1400787303055726,-0.9524856927308617,0.48785653635800325,1.4618658550664365,0.7764869651701843,Veteran,False,False,False,True,False,False,False,False,False,True,False
0.8715628933760665,-0.6122298156728079,1.6626243581954692,1.8425618818309744,-0.5900336087564098,1.658325384206958,0.023023096738522826,-0.5338400803057437,0.9159399992021364,0.9477287683671934,-0.4785886693643388,0.459170459228103,-1.121846107975871,1.0411882259556202,1.4298245875580644,-0.8816032115460151,0.0003217483337148944,0.001033471683777834,-1.5618815294108757,0.07789306042690809,0.7475697672358251,0.1034419639653233,Veteran,False,True,False,False,False,False,False,True,False,False,False
0.8715628933760665,0.3938997088511159,-1.283425637341369,0.20749879008504662,0.33228606462105054,0.10953398490433248,0.2446392733006013,-0.2674736152539751,-1.123013657657731,-0.055527403793894516,-0.274149252920996,0.8028340618407473,0.2343075790228649,-0.19852933852871749,1.4298245875580644,-0.38211603878299155,-0.0842502320842046,0.051269417280636435,-0.9524856927308617,0.8978200122890985,0.37098391793449204,0.49752791773656635,Veteran,False,True,False,False,False,False,False,False,True,False,False
0.8715628933760665,-0.8637621968037889,0.2948154316962229,-0.24884313529877325,-1.3771505628162897,-0.8857950286118074,-0.3199787671538634,-1.9532637245879731,0.6382369871995145,0.5823226396918674,0.004735807677581112,0.39302814540890363,1.0616310210665172,0.5703956677826384,0.1496030330803909,-1.7377413489609634,0.004677166997710812,0.05444757217422181,-0.6477877743908548,-0.33207041550418837,-1.4520969284657648,0.3217673078828663,Peak,False,False,True,False,False,False,False,False,False,False,True
0.8715628933760665,-1.8698917213277126,0.08438328915787728,0.8880742762974058,-1.2523460182178812,0.826987712928692,-0.6545337848082161,0.5944861211521597,0.7860957819582263,1.6253642810646884,0.7558800822315432,-1.4454627406347074,-0.7165823244204259,-1.7935073394179728,0.3324918265772014,0.0360539038965263,-0.03165485184542861,0.09574075927136114,-1.4095325702408723,-1.971924319228569,-0.4770863076055259,-0.7481522142063882,Peak,False,False,True,False,False,True,False,False,False,False,False
0.8715628933760665,0.14236732772013497,0.2948154316962229,-0.3669156401392202,1.2941791477807403,0.9487895809635126,-0.2835139442860934,0.4274119139302854,0.3407015378638138,-0.5859988285211497,2.5708991807312573,2.8692346461810407,1.8851575238288576,-0.39807312562137515,0.6982694135708224,0.45524933235953363,0.10151761818862264,0.1128435973484104,-0.4954388152208512,1.3077834882201935,1.1365539555450503,3.7765127241543466,Veteran,False,False,False,False,True,False,False,False,False,False,True
0.8715628933760665,0.6454320899820969,0.5052475742345685,-0.9445003199715944,1.4911584365642294,0.8569720464830505,-0.6002421878589405,-1.0631089159222957,0.14253696215050568,-0.6469958730659624,-0.05587152851875606,-0.31949525084510805,-0.5061440005270376,1.3898608686810354,-1.6792849018877138,-0.7876080766620535,0.09024271559729631,0.011035310759336314,1.7897955723292014,0.48785653635800325,1.019135215680519,-0.2908459327388107,Rookie,True,False,False,False,False,False,False,False,True,False,False
0.8715628933760665,-1.6183593401967318,-1.70428992241806,-0.1264411768618928,0.5946473799757822,2.1492425687793117,0.9414856287315496,-1.2139377401552587,0.6078336468497026,-0.27156851255262154,-0.3589924492437521,1.480814182006485,0.3318902192291101,-1.905749385290489,0.1496030330803909,-1.0942108622233737,0.07818226147625001,0.2259870707098669,-1.1048346519008652,-1.5619608432974739,2.157509806000459,1.0002321976287136,Peak,False,False,False,False,True,False,False,False,False,False,True
0.8715628933760665,1.9030939956370017,1.2417600731187781,-0.12651002924360183,-1.3689783881944424,-0.14100546793664673,-0.7531325619896775,0.5412704453660543,-1.2300262161263837,2.7729777622454783,-0.2452645148930017,-0.3083927169254282,-1.2248808698574434,-1.0451877092296284,-0.39906334741004057,0.4246938319243704,-0.11958737959625038,0.017990580437290297,1.4850976539891942,-1.5619608432974739,-1.200959750782664,-0.38842666331520503,Peak,False,True,False,False,False,True,False,False,False,False,False
0.8715628933760665,-0.8637621968037889,1.2417600731187781,0.7440426307347006,-0.3157702683623159,0.9569640495784016,-0.32530307240527107,-1.5121865997974464,-2.0658168519402276,-0.41962981087477763,-0.17991561874344864,0.46692898006397293,-0.8645482737766288,-0.22123526280662914,1.4298245875580644,-1.4013795851318203,-0.16425236410474722,0.01768835304073809,-1.7142304885808792,-0.33207041550418837,0.26968850803740657,0.27784155430317903,Veteran,False,False,False,False,True,False,True,False,False,False,False
0.8715628933760665,1.1484968522440588,1.767840429464642,0.10975777599725826,0.8480595682260847,1.6376301586831934,-1.3585241608588574,-0.13847190958787822,3.3814790732875566,-1.3428093160509884,1.3701299457553093,-1.1236144417290927,-0.11164458987042078,2.0003555943975875,-0.03328576041641958,-0.24742249544078598,1.2966633026853345,0.013895085114141113,0.7233528581391768,-0.33207041550418837,0.7810728545772406,-0.14112702455179704,Peak,False,False,False,False,True,False,True,False,False,False,False
0.8715628933760665,1.4000292333750397,0.4000315029653957,1.0478651625243307,0.7703545893491516,0.7460149622448774,-1.1617544311648418,2.0033015393395943,-0.9204271636935212,-0.8641094396943911,-0.8687588427447218,-1.7544975250349273,-0.7795420574393076,-0.4388037757486424,-0.39906334741004057,0.9184955069833923,-0.012417168152824794,0.023920994492212144,1.1803997356491873,-0.7420338914352835,0.27845978994005877,-1.9134453847244042,Peak,False,False,False,False,True,True,False,False,False,False,False
0.8715628933760665,-0.8637621968037889,-1.70428992241806,-0.9239020676436598,0.19510334116391048,-0.5016793584473835,-0.09892943367485114,1.7217183556594096,0.24634908578421652,-1.036567060868876,0.5609613085833821,0.03414485041637313,-0.2657844468899862,0.9192424823016773,1.4298245875580644,2.2434392638157354,0.21626879612941427,0.019607747753673063,-1.7142304885808792,-0.33207041550418837,-0.26485271301188273,0.34344496957117426,Veteran,False,True,False,False,False,True,False,False,False,False,False
0.8715628933760665,-0.6122298156728079,0.18959936042705008,-0.12219964607230205,-0.750225600442945,-0.01033521020955608,-0.9433148395593914,1.220274296606425,1.1404433618480632,-0.8076221219588964,0.020443681325897238,0.7600574124444373,1.049635878478088,-0.05057960743966902,-0.03328576041641958,1.0093472098035416,0.2603813524716742,0.071091974624904,-0.34308985605084774,0.07789306042690809,-0.8897380256318667,0.6286013158360111,Peak,False,False,True,False,False,False,True,False,False,False,False
0.8715628933760665,-1.1152945779347698,1.2417600731187781,-0.014070176662934235,1.2562993486861267,0.9344867159089069,-0.9686830794891975,0.19615717416406867,1.1193202352292821,-0.5371411727137159,-1.444772662899387,-1.3637554310993585,-0.013166989451311513,0.4017518926333352,1.4298245875580644,0.07668836207440392,0.1766134459868369,0.031851958644341614,-1.8665794477508828,-0.7420338914352835,0.7538526570462781,-1.9203940423591772,Veteran,True,False,False,False,False,True,False,False,False,False,False
0.8715628933760665,0.8969644711130779,1.4521922156571236,0.36568090807300124,-1.77925723139742,-1.045165305167792,0.5089027152454398,0.7135573944796312,-0.8307970093652333,1.623373614098616,0.6488160617420176,0.043839630082871686,1.5661305514718455,-0.375598184276649,-0.947729727900472,0.32597448218918396,-0.09762884944332158,0.10092337472655954,1.332748694819191,0.07789306042690809,-1.337329683362818,0.40076299407830057,Early,False,False,False,True,False,False,False,False,False,True,False
0.8715628933760665,-0.36069743454182696,-0.757345280995505,-0.04783769406006269,-0.7202139615599586,-0.35539137204900323,2.3345501693592654,0.17327633168729797,0.23731553792005908,-0.6208538358277332,0.16381273376521005,0.2518126856731641,-1.112434092441423,1.0712730461380249,-1.1306185213972826,0.0718100164269477,0.09634503011179059,0.0010898833225736117,0.7233528581391768,0.48785653635800325,0.6000905527756477,0.2966459723151237,Early,False,True,False,False,False,False,True,False,False,False,False
0.8715628933760665,0.8969644711130779,-0.6521292097263323,-0.09547909362733058,-1.6635709417719784,-0.05976065844891756,-1.335203889222816,1.177984871277621,0.7593952852275082,0.18107141281496653,-1.0892000967743984,0.6963462172120738,1.8286669204185122,-0.11369052898225605,-1.1306185213972826,0.955008126503468,0.04098933801602179,0.09649313723323252,1.4850976539891942,0.07789306042690809,-1.6057084672238746,-0.04766048049622775,Early,False,False,False,False,True,False,False,True,False,False,False
0.8715628933760665,-0.6122298156728079,-2.230370278763924,-0.9855989582781437,0.30469259221971,0.19874253679772674,1.3490678199080737,0.6953250590174551,-0.48533369570624496,-0.7395059294872637,-1.126133715227117,-0.3538419460158285,-0.37890506247647676,-0.5368403745372111,0.8811582070676328,1.1805773480372417,0.029107391252076207,0.04017071860589927,-1.1048346519008652,0.07789306042690809,0.9828135819229964,-0.9211016073068257,Veteran,False,True,False,False,False,False,False,False,False,True,False
0.8715628933760665,-0.10916505341084601,-1.3886417086105418,0.053682740193222576,-0.20200832517320702,0.6516324708025145,0.2230785607410943,0.45788358270303187,-0.7929186734429646,0.6118330716185698,0.9567330807251542,-0.4598858646512071,-0.6205107432551229,0.6197556112493507,-0.03328576041641958,0.26466886750345703,-0.07942883795450194,0.01469372186457123,-0.038391937710840714,0.8978200122890985,0.41999415221081104,0.16508840872766478,Peak,False,False,False,True,False,False,True,False,False,False,False
0.8715628933760665,-1.1152945779347698,0.6104636455037412,0.13340015530683277,0.3380477881827217,0.8162528862798922,-3.322080985362008,0.6958600472237761,-0.6890378958059579,-1.7899841918323298,-0.6913219458904425,-0.8149966959444037,-0.5527113529149222,-0.6801823059602595,1.0640470005644433,0.42120310697290025,2.2595989319083873,0.03760605273957737,-1.5618815294108757,-0.7420338914352835,-1.020622691963034,-1.0507933245331342,Veteran,False,False,False,True,False,False,False,False,False,False,True
0.8715628933760665,0.3938997088511159,-0.8625613522646779,-0.5552068863716766,2.1728897519993935,0.3088359220936269,0.9797532022685126,0.5353773951566111,0.9059278711003627,-1.418972231422058,-0.22222266007302785,0.5616118191476395,-0.8915758123326409,0.13908158678164848,-1.313507314894093,0.6740607652109551,0.7406045137581592,0.012622201737873576,1.332748694819191,0.8978200122890985,1.8485991130028514,0.33090368868106135,Rookie,False,True,False,False,False,True,False,False,False,False,False
0.8715628933760665,-2.6244888647206555,0.4000315029653957,-0.16238772190647757,0.6572684302424633,-1.6696363299780914,-0.04095985716910425,-0.3152969867405223,0.7485266355592025,-1.4985363084972443,-1.8671413311709548,-1.813484768340214,1.0768941429799739,-1.1105600465748828,1.2469357940612538,-0.30433896780450087,0.873656013897748,0.13401129264179723,-2.6283242436009004,-3.2018147470218556,-0.7284549411629516,-2.523251237395752,Veteran,False,False,False,False,True,False,False,False,False,False,True
0.8715628933760665,-1.366826959065751,-0.8625613522646779,1.5347194754064066,0.1837311858328235,-1.1504948691988384,-0.2783164449102481,0.4395514363363951,-0.13784438376826136,-1.8161669093643207,2.4179945975145642,-0.16334706848696032,1.3134299132338323,0.43419655553465797,-0.21617455391323007,-0.2514490089528448,5.882628082076752,0.06372372361293904,-0.6477877743908548,-1.1519973673663786,-0.7732344160562276,1.2282832639279402,Peak,False,False,False,True,False,False,False,False,False,True,False
0.8715628933760665,-0.36069743454182696,0.9261118593112596,1.3217222756182445,0.20998286938287686,1.8756225128895376,-1.9709937146876193,0.20874231427001685,0.8437526350988944,-0.2691285991241572,-1.3084118162570315,-0.8675105182203062,-0.6017798487139491,1.2098543996225926,-1.4963961083909034,-0.34187854640268717,0.09898384251924441,0.010418926211675904,1.0280507764791837,0.48785653635800325,0.2781869901620761,-1.4407426804623473,Rookie,False,False,False,False,True,False,False,True,False,False,False
0.8715628933760665,1.6515616145060208,-0.33648099591881386,2.381261085145498,1.5519545419870466,-0.03498243629058432,-2.7509732234041175,1.3020205910810347,1.2672404987266435,-0.4355350176677073,-1.7682863834163036,-0.8174526778294161,0.17502120921442277,-0.6403670302833795,1.2469357940612538,0.019396909716615184,0.1689911296116642,0.06404572629768283,-0.038391937710840714,-1.1519973673663786,-0.6222176800623128,-1.6589289284618134,Veteran,False,True,False,False,False,False,True,False,False,False,False
0.8715628933760665,0.6454320899820969,0.4000315029653957,2.135291339604336,-0.2788114988327439,0.8695548734895432,-0.9487065264904804,-0.5762482030645708,-1.4308794972886727,-1.013469939932391,-0.6566556639464598,-1.3191366840206207,1.288837282792182,-0.49430816107634473,-0.947729727900472,-0.9400011943447081,-0.07652305683792698,0.09772553988116,1.1803997356491873,0.48785653635800325,-0.08777094464294481,-1.4405965491217145,Early,False,False,False,False,True,False,False,False,False,True,False
0.8715628933760665,-1.366826959065751,-0.757345280995505,-0.4459385783533364,0.710681334834581,-0.8589482545440946,1.7637388093983515,0.11869056777675592,1.3127153162820229,0.5978597232107348,-0.43197820067442994,1.2073729687158616,-0.006363082752895616,-0.46824873014564256,0.5153806200740119,0.21026884601539866,0.04284362947800038,0.05133201271595513,-1.2571836110708687,-1.1519973673663786,0.7432939532380165,0.7371455132747017,Veteran,False,True,False,False,False,False,False,False,True,False,False
0.8715628933760665,1.1484968522440588,0.08438328915787728,0.6748820660169991,-1.1006345308571437,-0.09663517101132837,-1.1584398020600304,1.3834432252244797,-1.3080230574678855,0.28054208102595163,0.6578046785695076,0.8563796289732221,-0.21018453884926683,0.16831964295662044,-1.313507314894093,0.6771484111592615,-0.10480978341302105,0.03055607035993304,1.7897955723292014,-0.33207041550418837,-1.2403869869414605,1.0655280461881464,Rookie,False,False,False,True,False,False,False,False,True,False,False
0.8715628933760665,-1.6183593401967318,-0.02083278211129551,-3.030575587943089,1.1619753242929496,0.1856781016016471,-0.03960659875049622,0.03846674186998154,-0.3834906046323981,1.0048238057243333,-1.2687075141737927,-1.2873192311894097,-0.3887041064870055,-1.1309382356926503,-0.03328576041641958,4.85943675470215,-0.06696040844816607,0.06212901201307689,-0.9524856927308617,-1.5619608432974739,0.7106433349612463,-1.759241323572346,Peak,False,True,False,False,False,False,False,False,False,True,False
0.8715628933760665,0.6454320899820969,0.5052475742345685,-1.2110589527406757,-0.6971547779517342,0.5331097730955056,-0.7656412257326705,-1.185532399324861,0.8628463219481064,-0.31624918850088557,0.6584152483410359,1.5005529107210067,0.07310099768164574,0.17523633263751556,-1.6792849018877138,-0.8551263738572789,0.10796316041187613,0.038001288820861234,1.7897955723292014,0.48785653635800325,-0.42676369870527014,1.5888797955315785,Rookie,False,False,False,True,False,False,False,True,False,False,False
0.8715628933760665,0.8969644711130779,-0.2312649246496411,0.3890373249241705,0.31429397236144996,-0.31729042884232284,0.5767882484469237,-0.040195270437204965,-0.8333436517803458,0.3203385169329329,-0.9198101827225093,-0.1264938986180498,-1.5943882329496242,-1.3388499472624582,1.0640470005644433,-0.2598785392870792,-0.0743953684547693,0.004017911756088609,-0.34308985605084774,0.07789306042690809,0.2633463851810879,-0.6203925163105198,Veteran,False,False,False,False,True,True,False,False,False,False,False
0.8715628933760665,-1.1152945779347698,-0.6521292097263323,0.18328974539451176,-1.0886094101794472,-0.3234283820747382,-0.6841406110629745,0.9432436941644013,1.3796547601533697,0.2966017668179131,0.6029533990314059,-1.0975717097435618,1.4134700533961162,0.22874591917575407,1.0640470005644433,0.59499587912211,0.07240026397931006,0.07208355281255488,-1.5618815294108757,-0.7420338914352835,-1.1324588677539837,-0.5517682521678906,Veteran,False,False,False,True,False,False,False,False,False,False,True
0.8715628933760665,1.4000292333750397,0.6104636455037412,-1.1402767786874035,0.6041666490700571,1.9958890106171019,-0.9357155267478066,-0.047905376042571654,-0.24557970929107856,-0.0909641316815958,-1.0446482930020309,-0.019640263271848524,0.39409960604419125,0.307501891984344,1.0640470005644433,0.4605771334749686,-0.01253920125930594,0.04375281911589982,-0.038391937710840714,-0.7420338914352835,1.096744145813103,-0.6038993177713274,Veteran,False,False,True,False,False,False,False,False,True,False,False
0.8715628933760665,1.1484968522440588,0.4000315029653957,-2.020337761113541,-0.7795902429333142,0.6133559818126755,1.1821551502814491,1.4046235879140923,-0.6566024998519144,-0.6208131429413964,-0.7645648124537047,1.0858922128269317,-0.43677173426829125,1.1744181379136787,-0.581952140906851,3.8554288841587363,-0.006549084887926892,0.013896560381090503,1.1803997356491873,-0.33207041550418837,0.5857489242119456,0.4513267954675561,Early,False,False,True,False,False,False,False,False,False,False,True
0.8715628933760665,-1.1152945779347698,-0.8625613522646779,1.6349415761041286,0.07625557530444615,-0.15844732871125325,1.904039976012843,-0.6154240081306253,0.9672052602711089,0.1816806303018207,2.178230829131966,-0.24235455523684604,0.6953274926145891,-0.014286414965572434,-0.947729727900472,-0.9028687560135218,0.05543052366564162,0.05973032979549642,0.1139570214591628,-0.7420338914352835,0.9230009624101909,1.029191781622359,Early,False,False,True,False,False,False,False,False,True,False,False
0.8715628933760665,-0.10916505341084601,-0.1260488533804683,-1.8351220423240426,-0.2565879167269968,-0.11504467013586137,0.0955575154500138,-0.2812094784417903,0.7340899699057373,-0.5808890878089497,0.0035364602830921014,-1.9630129944944843,-0.05160568786650321,1.0479055515525244,0.5153806200740119,0.7692443401300246,0.14442115352400897,0.022724834364688244,-0.4954388152208512,0.8978200122890985,-0.15888030639304299,-1.5917914812537648,Veteran,True,False,False,False,False,True,False,False,False,False,False
0.8715628933760665,-1.1152945779347698,2.0834886432721604,-2.6929206268049772,-1.7726123360193522,-0.013880204915330612,0.48988530963950105,-0.7532196704585734,0.9018626316554396,0.7231989443267433,-0.9360121131321049,-1.9648281709071194,-0.7612159841389224,-1.3394772841357148,-0.21617455391323007,1.1321835918517422,0.011478157927799645,0.05304399066030864,-0.4954388152208512,-0.7420338914352835,-0.6922920341581112,-2.1220658466056115,Peak,False,False,False,False,True,False,False,False,False,True,False
0.8715628933760665,0.14236732772013497,0.7156797167729141,-0.9477967307558313,1.5702295760442564,0.07072110907707527,0.2674965879116484,0.6557587293733352,-0.36253444079306485,-0.7674185797286328,-0.8608514755108588,-0.6491316869385084,0.18197779838470057,0.5029113803470326,-1.313507314894093,1.1023040416882692,0.04940106980425075,0.034972387340214545,1.1803997356491873,1.3077834882201935,1.0122140371677075,-1.011541851335878,Rookie,False,False,True,False,False,False,True,False,False,False,False
0.8715628933760665,0.14236732772013497,0.8208957880420868,-0.9352421048467294,0.3858850779316674,1.6918422037802072,0.566597834255396,0.06418655828711295,1.3164558146499779,0.6383090246966414,-0.20814237484167528,0.1301414595495184,-0.27044195868766324,-0.48884157017548563,-0.03328576041641958,0.44366144644401345,0.04014417447623021,0.04271536269401581,0.1139570214591628,1.3077834882201935,1.564841315587096,-0.011484929566985325,Peak,True,False,False,False,False,False,False,False,True,False,False
0.8715628933760665,-0.6122298156728079,-1.283425637341369,-0.879204969108519,-0.03555968695065932,1.0888868307490476,-0.9776591271157266,1.3647866586468769,-0.008589153826421378,-0.5374444211139388,-0.7306644820416074,2.1809315251764825,0.524451199239331,-0.9392594565938739,1.0640470005644433,1.8043249821106913,0.05508130296719275,0.0939345147587647,-1.2571836110708687,0.07789306042690809,0.16430963741946036,1.3594756283989573,Veteran,False,False,False,False,True,False,False,True,False,False,False
0.8715628933760665,0.3938997088511159,0.2948154316962229,-1.1102481440354284,1.4446796035825877,0.04577788259997005,0.028060330223045882,-0.5090373756919234,0.9285302735952763,1.3993179230082506,0.4043834885245606,-1.1405733708653456,0.31063970350336206,-0.10854782275358597,-1.1306185213972826,-0.0964762241907248,-0.01814139889702278,0.05113387700473755,1.1803997356491873,0.8978200122890985,0.8065505880526344,-0.6984414937981739,Early,False,False,True,False,False,False,False,False,True,False,False
0.8715628933760665,-0.10916505341084601,1.2417600731187781,0.324139927926194,0.1313885957254612,0.5406942618749103,-0.21818935244660545,1.2729302698830196,-1.4062193567474928,0.5233067188675659,-1.0419688483375955,0.9060209200712254,2.006124113352128,-0.13823987555921535,-0.21617455391323007,0.7782014996340839,-0.11392956174476615,0.10294791304159033,0.1139570214591628,0.8978200122890985,0.29827937527850235,0.1491585401846969,Peak,False,False,False,False,True,True,False,False,False,False,False
0.8715628933760665,-0.10916505341084601,-0.4416970671879867,0.23294833200366086,0.8474266437182817,1.393667835201281,-0.36928319951742483,-2.0042585513104876,-0.6640224710335393,-1.2083057878412977,1.0660512586096593,-0.8741791169491974,-0.9334624157256377,0.17672202633610778,0.5153806200740119,-1.7645910049977855,0.11003529411900659,0.011127061603453005,-0.4954388152208512,0.8978200122890985,1.1372635940522602,-0.10975182975670787,Veteran,True,False,False,False,False,True,False,False,False,False,False
0.8715628933760665,-0.6122298156728079,-1.0729934948030235,-1.5481061205521607,1.2985944323381364,-1.324365940123109,-0.775641961844421,-0.29206084082704215,-0.12809853498621382,1.5421180633388742,-0.3866322981968117,-0.45378675000505,-0.9340764996568958,-1.2877277823554019,1.4298245875580644,0.47364738782882476,-0.06730974102984756,0.04057752659508445,-1.5618815294108757,0.07789306042690809,-0.5508205156097123,-0.5860381409456334,Veteran,False,False,False,False,True,False,True,False,False,False,False
0.8715628933760665,-0.10916505341084601,0.4000315029653957,0.15849427358351834,-1.094807671567853,-0.40682765482642314,1.172843540601514,1.1337873645380516,0.812456935070499,0.28340538624134776,-0.5949360850949861,-0.16520581642989615,0.40877470219227147,0.5444068583580857,-0.581952140906851,0.7617919135269781,0.03601148266160803,0.03965002156362365,0.4186549397991698,0.8978200122890985,-0.2299034948733058,-0.46897596896488797,Early,False,False,True,False,False,False,False,True,False,False,False
0.8715628933760665,-1.1152945779347698,-2.335586350033097,0.04754097202695275,-1.0306091100693022,-1.5642422539751843,-1.7000573691039211,0.4634227171204894,0.34805716516677687,-2.7106391774763474,-0.6656546728340159,-0.5091551337103172,-0.115094773822402,-0.7764146427751859,1.0640470005644433,0.27212132643666237,-0.4912776003519759,0.05818154275182608,-1.5618815294108757,-0.7420338914352835,-2.4098756063502864,-0.788032586458606,Veteran,True,False,False,False,False,False,False,False,False,True,False
