Blocks_Per_Game,Turnovers_Per_Game,Turnover_Usage_Ratio,Age_Experience_Gap,Shooting_Accuracy,Prime_Age_Factor,Rebounds_Per_Game,Rebound_Assist_Ratio,Points_Per_Game,Minutes_Per_Game,Three_Point_Percent,Games_Played,Defensive_Impact,Usage_Percent,Experience_Level
1.2558929937928431,0.7115553541109692,0.0583403639428835,-0.1907408968808442,0.4467583609068868,-1.971924319228569,-0.928654996095692,-0.0250990101283532,-1.379471798579722,0.6922705106658585,-0.6036741444089828,-0.2312649246496411,-0.1154682907267824,0.0508220796198326,0
0.5149383370236359,-0.4094616830638605,0.0267637006489796,-0.6477877743908548,2.631682845747354,0.4878565363580032,0.8946503577271573,0.1215525630712863,1.1041686520918657,-0.1808811808978583,2.318030827423485,0.7156797167729141,1.1609581584009374,0.0670067693496866,3
-0.458856138511995,-0.1716034087618828,0.0279035351644919,-0.9524856927308616,0.6840866346020974,0.077893060426908,0.4041632121223022,0.27935169925392,0.2146467625840256,0.7290778903027337,1.5195264193769964,-0.757345280995505,-0.8110736215318187,0.4045276199184841,3
-0.9279900010180178,0.0207876110002478,0.0518129998410392,1.180399735649187,0.0952249589901295,1.3077834882201935,-0.6236146049831534,0.0472480352223852,-0.4319760892659094,-1.4672131718088504,1.6891623928432682,-1.283425637341369,-1.760845273266637,-0.453562975036455,2
-0.3734367280065447,0.3005231313817497,0.056449127262331,1.9421445314992047,-2.1313262595389557,-0.3320704155041883,0.1964507254311519,0.0973104199891132,-0.7205008333191555,-0.6707956135403356,-1.989892059109512,0.4000315029653957,-0.59422777085938,-0.3035024000989196,2
0.4070449951393306,1.9083238621094911,0.0921159365133276,0.7233528581391768,0.3404574896562558,0.077893060426908,-1.0361511388217843,-0.063940614999902,0.7464977221489708,-0.58649159789239,0.46331648530235,-1.809505993687233,-0.0628577751606839,0.0424557526782979,1
1.1698949989299037,-1.2660462295486783,0.0052407236154184,0.7233528581391768,-0.0589608243965076,-0.3320704155041883,-0.482856229213202,-0.3064308818954114,-0.5109418722492002,-0.4339547730564765,-0.8381433887992604,0.2948154316962229,0.5583743916862961,-0.2275473857868963,1
-1.9416740198324527,0.4231685588202128,-1.440848034389694,-0.8001367335608582,-2.1673796343473923,1.3077834882201935,1.3921317368727189,1.4739556949811,-0.1805104387871404,0.7850919103966992,-2.050050645770076,-0.1260488533804683,-1.9624376088421267,-2.71853426374146,3
0.3384451780927217,0.4674254286143345,0.0963576494398147,1.332748694819191,0.841382691246609,0.8978200122890985,0.7550030116283247,0.1208333483659201,0.2496229833890285,0.1879363215541445,0.7009462251225225,-0.4416970671879867,-0.4097487877984765,-1.0130570762827869,2
0.4404348505372645,-1.9560048279171172,-0.0161286138796116,1.332748694819191,0.455397877157029,0.4878565363580032,0.090203946737371,-0.0169565821926874,-0.528848390964568,-1.509603253661322,0.2489601842048044,1.3469761443879509,1.1380744639078983,0.2268008632198407,0
-0.9544818185665476,1.717548771990014,0.0710390086873498,0.1139570214591628,1.5305003605284333,0.8978200122890985,2.7094558250118776,0.2544530092617119,1.5550589475747456,0.6067972267310259,0.8463285472438898,-0.8625613522646779,-1.482076498966276,0.5236941218524152,1
0.8128683678113673,1.5296708071635192,0.0798720055579561,1.0280507764791835,-0.4802129043072925,0.077893060426908,-1.8136402612749525,-0.1804823461908868,0.4481517393003677,-0.3520928457126108,0.3482697477046748,-1.5990738511488871,1.3092851374165595,0.087726646766426,0
-0.2176665953922687,0.0498839993936045,0.0494583997249392,-0.4954388152208512,-1.3208876038803532,0.8978200122890985,0.5928269782563907,0.7185627321836944,-0.4687691376407855,0.6644147085983838,-0.2890915022270741,-2.651234563840615,0.4255111780691298,-0.3422778381325655,3
-1.1303737607736504,-0.6231265670915243,0.0373786360292816,1.180399735649187,1.023949488999492,0.8978200122890985,-2.5183750215534206,-0.1847304959052577,0.1521112425678776,-1.469030449644939,1.545289883914219,1.4521922156571236,-0.9221009816904696,-0.7709064461999957,2
1.1146459555872623,-0.4545247475562379,0.1172233240226907,0.5710038989691733,1.5690221108572542,-0.3320704155041883,-1.3618782428884766,-0.1193366643118614,0.8164006026262106,0.7135099514660626,1.2110495589122008,0.9261118593112596,0.9229353613093983,-1.777447634036874,1
-0.0635460147589094,0.498411503920192,0.0458010816101407,0.2663059806291663,0.5718400665656863,0.4878565363580032,-0.9599855038136852,-0.0682660185747112,1.0083519601923605,2.2018634243499675,-0.7018393173010102,-0.0208327821112955,0.0845769149366549,0.3364604034190714,0
0.5559891836544384,1.1002911277230998,0.0352312836075734,-1.1048346519008652,-0.3053489006254268,-0.7420338914352835,0.4265502446380037,-0.0495280261890712,-0.599759790411754,0.2760235173352166,-0.303544298205144,0.2948154316962229,-0.0351493410017854,1.8331760346116277,3
1.805284710477086,1.079036282739688,0.1033640385319507,1.332748694819191,-0.6828723841569945,-2.7918512710907595,2.159967414496631,0.3455306573985268,0.2186953172976815,-0.6315230094874699,-1.0623648451096843,0.7156797167729141,1.3036110181315674,-0.7251349834927991,1
2.8917379623410366,0.3001413083210526,0.0949095839512627,-0.3430898560508477,0.0660057241044137,0.4878565363580032,0.6616157403053538,1.3215679134405058,0.3059561799360154,1.071855473704513,-0.560603300057626,0.4000315029653957,1.4338978886258325,-1.1045865371657504,1
1.1403555860262562,0.6310334004851176,0.0535932425243046,-0.8001367335608582,-0.9613625589788856,0.4878565363580032,1.5545993053765477,0.1209893510262077,0.5988974213803772,0.1975402766415342,-0.4655595036445399,0.5052475742345685,1.7535524849587116,0.1468987132359173,3
-0.068024587836325,-0.7832401454565138,0.0131619084571083,-0.3430898560508477,0.3053925823755823,0.4878565363580032,1.1315758657027823,0.0095179324684637,0.915736356404221,-0.0323033246630925,-0.3145363397826284,-0.4416970671879867,-0.0402319094722102,0.3693274401055211,1
-1.2081027956651953,1.9956831423486208,0.0843513591521741,0.1139570214591628,-0.2142655688116193,0.077893060426908,-0.8442787378753764,-0.0566204410831344,0.5628899879347319,-0.0456694449698966,-0.148255631569554,0.8208957880420868,-1.4492924636632525,0.3131406320018208,3
0.2018314314483834,-1.3861386134551297,-0.004398650886568,-0.8001367335608582,1.1645946535929843,0.8978200122890985,0.0384134308730233,0.0504433903229145,-0.252774674944118,-0.6397360111293546,-0.0597606584489175,-0.2312649246496411,0.9473098601956302,1.0607355717825049,3
-0.0568086840153919,0.6841377185779284,0.0421843424018296,-0.4954388152208512,0.0434470055450446,-1.1519973673663786,0.6996106264242117,0.0523186319555055,0.4747613319367423,-1.580583686956212,-0.572251599296655,0.7156797167729141,0.3776229178587378,0.7605256864225598,1
1.886311977392752,-0.9806235335488978,0.0041058706049868,-0.0383919377108407,0.2603677558413237,0.4878565363580032,-1.432455644269803,-0.1057447561043833,0.8401419995354493,-2.0293784146290887,-0.0597606584489175,-1.809505993687233,2.303357533473663,1.0033929910216095,3
-1.6415500741570896,-1.8949503168583544,-0.0148028111655124,-2.018928406920886,0.3860147507177627,-1.561960843297474,-0.4017069432994697,-0.0391048404006403,1.9648195220135083,0.7687162422989865,1.268604227965043,0.5052475742345685,-1.1063508811831555,2.0317850952387704,3
1.058471156169816,-1.843182609315825,-0.0137108925735709,0.7233528581391768,1.1624568072905803,-0.3320704155041883,-0.502176136021633,-0.0645580023898915,-1.2029741752716394,0.6862634145771526,1.0969450880159968,-0.757345280995505,-0.1915508928366878,1.2261072342937018,2
1.137228034161747,0.409748599642072,0.0739669100086666,-1.2571836110708687,-0.3821716299565089,-0.3320704155041883,-0.7418290411070979,-0.0970864981276758,-0.9911890185327432,-0.4746110698441556,-1.0517962584046894,-2.0199381362255786,0.5934462136898777,-0.6633179681485639,3
0.7919622187452613,0.28241022345752,0.0625597068234177,-0.0383919377108407,-0.8963761454170293,-1.561960843297474,2.162434114379791,0.0548377470136981,-1.0261378029488253,-0.1147191075842606,1.0219838458405226,1.6626243581954692,1.6933691832302051,-0.5008733606249272,3
-1.0876262634173246,-0.3058408204809656,0.0449858149599617,0.1139570214591628,1.0085246138785116,0.8978200122890985,0.6663325880073117,0.0339304779280871,-0.0350528753790698,-0.1614164384603082,0.1268744679229757,-0.5469131384571595,-1.6707390610320951,-0.6118094101463747,1
0.7754884144901035,0.7896342301761997,0.0695035648244757,0.5710038989691733,-0.556350304023409,1.3077834882201935,0.1458381358488032,0.1301524381953605,0.925960297074396,-1.2456540029950889,-1.3680042633720844,0.6104636455037412,1.756629061875399,-0.229829309792238,0
-0.6351520358900582,0.6511255436017219,0.1534577501127463,-0.8001367335608582,-0.4230221421827728,0.077893060426908,1.3649624602290422,0.5116279449762204,-0.3378960038025187,-0.7417185360611704,-1.590336135674674,-1.0729934948030235,-1.260618981448582,-1.4686087583871428,3
0.4592851799733911,0.7708167260350903,0.1054884961180156,0.2663059806291663,-0.0764674922467493,0.8978200122890985,0.745233325271262,3.797936235901168,0.1609823025806803,-0.8476213305390065,-0.0636720565618891,-0.0208327821112955,0.0580540770717954,-0.946941926219638,1
-0.1225610004376716,-0.4651978965550833,0.0180086634834661,-0.9524856927308616,-0.9043664327806558,0.4878565363580032,-0.8273080425967697,-0.0876947366958167,-1.9075131069102365,-1.3698068929647986,-1.4575842469157745,-0.8625613522646779,-0.3682299163312638,0.6446086776456953,3
0.9039785861339416,0.882527481578653,0.1208809186998919,-1.1048346519008652,0.985428102316385,-0.7420338914352835,1.3283766942639987,0.0428319651728695,1.184393557182217,0.6614138841021278,1.0560600063008214,-0.6521292097263323,1.103889846916468,-1.0728136050392885,3
0.8479370348421055,0.2640267102096088,0.0733743573223579,-0.0383919377108407,0.6819717584275305,-0.3320704155041883,-1.140909969600878,-0.106099578850395,0.8240450946408495,0.4518949497554362,0.2497127414187085,-1.1782095660721963,1.3691498275428846,-0.7720450879955377,0
-1.6211521669044664,-0.1134553905748307,0.1128236261451627,-1.2571836110708687,-0.1935629453532631,-2.381887795159664,0.6629116767800438,0.0668680691643723,0.8604023469407105,0.1834929959485727,-0.845242418778993,0.4000315029653957,-1.6842422168253164,-1.5522687572235334,1
0.0380266941357779,-0.7312839848908043,0.019683564841939,-0.0383919377108407,-0.0085816257991006,0.077893060426908,0.8774886311101576,-0.0124235942833681,0.4952329135899147,0.2243042164748131,-0.2072619427289102,0.2948154316962229,-0.0048662543549395,-0.0746451981527655,3
-2.182430789860012,1.0725233422911458,0.0822467198975659,-0.4954388152208512,-0.7494137486776312,0.4878565363580032,2.0847111651860435,0.1841704472858487,-0.4781229837687014,0.4452672684881464,-1.023804912216585,2.0834886432721604,-1.2452248599955524,-0.3245916060830996,1
0.2853277392623228,0.594459160174287,0.0375996332175919,-0.3430898560508477,-1.207308121198924,1.3077834882201935,-0.8504359157347557,-0.076388315991915,-1.7802786824043098,1.076352931266611,-0.3811986886586877,2.188704714541333,-0.1163886283133343,0.926316422596142,3
-0.8300127886737617,-0.4512103409918634,0.0592784051555587,0.4186549397991698,0.3549575758448725,0.077893060426908,0.6498020074339418,0.0723414757553351,-0.9491630686385504,0.3709634996175561,0.3274770136892375,-0.1260488533804683,-1.048840563237878,-1.1369109569150715,0
0.1368448822402277,0.9015618008202284,0.0427004051366819,1.332748694819191,-1.7093607246649387,0.8978200122890985,1.581274000381636,0.0373286639536714,-0.7598618229166749,-0.3343932772111533,-0.4922265187564337,-0.2312649246496411,0.3798093822157696,1.008249044480418,2
-0.0643996860813564,-1.0641110971213583,0.0056231193165472,1.4850976539891942,-1.121867774611551,-0.7420338914352835,-1.7005134183533517,-0.1184891239237305,-1.5132214057395976,-0.9879198777143904,-1.4569698125560726,0.0843832891578772,-0.5916865409708758,0.4453087258559614,0
1.262414843083964,-0.1141091028534079,0.0212066116159166,-1.2571836110708687,0.6020815217476087,0.4878565363580032,1.995743982502092,0.1559842384356164,0.8343571558442195,1.5035088832624663,1.3013338679333684,0.2948154316962229,1.4043904904879636,1.0728793400176122,3
0.6681578328703802,-0.5379324155011377,0.0460881345734408,-0.8001367335608582,-1.0527133589182565,1.3077834882201935,-0.586477297966928,-0.0195358736276526,0.8284426946462892,0.297853166075228,-1.4699083381133946,1.3469761443879509,-0.9937861600193876,-0.9274817029331214,3
-0.4656842262631098,-1.7089053459913028,-0.0094457127375364,-2.17127736609089,-0.9736077641319046,-1.1519973673663786,-0.0414684075857211,-0.0462671229767781,0.6636168346875724,-1.0205013087559447,-0.2128833398949456,-0.8625613522646779,0.4339297913035946,0.1245596318195517,3
0.4329814942531417,-1.5798797555158637,-0.0074698309380395,0.4186549397991698,-0.026426147340833,0.8978200122890985,-0.3322824938625852,0.0136081185494855,-0.5017020917439368,0.2381304971444509,-0.5070855153959678,-0.8625613522646779,0.5389029051990976,0.6614978450868726,1
0.2242275417820272,1.9539228338406036,0.0874288500267294,-1.2571836110708687,-1.024365387335047,-0.3320704155041883,0.8339105096522649,0.3007684312639526,-1.2951291081063294,-0.7175537644893231,-0.6850630833409262,0.4000315029653957,0.0454590228798369,0.1958147854397268,3
1.4330257203332246,0.8326568107026465,0.0782062761079813,1.180399735649187,0.0050161823309111,1.3077834882201935,0.9089926126054816,0.0769008655722303,0.0524632516111455,-0.5240585193212695,0.8621205289521648,-0.757345280995505,1.7115175799787523,-0.4162332333253474,2
-1.2766130275055083,0.4015590280238094,0.0439854265359457,-1.5618815294108757,0.538172068049201,0.4878565363580032,-1.846905532505257,-0.139914867543868,1.2290087842856932,0.0761078663377601,-0.9857854836299966,-0.9677774235338508,-1.324887801359818,0.305411620544932,3
-0.5855337779449226,-1.8008900613897505,-0.0123078275898973,-0.1907408968808442,-0.5757960406605107,0.8978200122890985,-0.2459240018060019,-0.0643035320969727,0.0299430653962459,1.9762166886121864,0.4626244991804442,-0.2312649246496411,-0.5183948851114267,0.461393061010071,1
-0.4895956446485217,-0.5261404344055443,0.0260404222285503,-0.0383919377108407,-1.0660430415433766,0.4878565363580032,-0.1264600445137484,-0.0669955285753036,0.4822531640701331,-0.5906971823268102,-2.0220416191871746,0.6104636455037412,-0.3474416173845276,-0.0954397776648803,1
-0.5621253229389684,-0.6448482683469493,0.0189301663266366,-0.1907408968808442,0.2167176114334079,1.3077834882201935,-1.0038720564820158,-0.079089731368374,-1.6710911288045665,-1.3307760461628957,-0.7091447923583449,-0.3364809959188138,0.649438538309374,0.1681503249740675,1
0.8606338503999184,0.3694519970048442,0.1008083104852971,0.4186549397991698,1.6243891181822765,1.3077834882201935,-0.2722507167415381,-0.0641524093094353,-0.6921856179633488,0.0908981728373289,0.8871823956899186,0.7156797167729141,0.567228036263666,-1.1362600913640828,1
0.3240976961784104,1.059355416965707,0.1089503751755294,-0.9524856927308616,-0.3063776384811407,1.3077834882201935,-1.027426067064663,-0.0778608875848548,0.0686047882588589,0.2505816659843332,-0.4657193250565527,-0.0208327821112955,-1.3977107043901704,-0.8210587909089676,3
-1.1658393148602215,-1.105957118328391,-0.0006394884627846,2.3991914090092155,0.6987028166729632,-2.381887795159664,-0.57076995790758,-0.0593601698654124,0.7169702982934539,-0.7827940256327586,-0.4761345387134574,-0.5469131384571595,-0.1468847061442443,1.5388539664652816,0
-1.339887663901771,-0.1160237854506833,0.1372467556095853,0.1139570214591628,0.194946330665315,-1.1519973673663786,-2.062298093276457,0.1756925318182913,-0.3533582836187543,0.886018049889278,-1.0908098811582638,0.18959936042705,-0.8369874123865462,-1.7208323230663365,3
1.2906267937775138,-1.1267655004601256,0.0030468606821772,-0.8001367335608582,-1.2138671180038578,0.8978200122890985,-0.0437235822607445,-0.0481241432516031,-0.3404866386788333,0.3297716760968062,-1.091680577784029,0.18959936042705,0.8131758065070818,0.6205300682211451,3
-0.2493004856771627,1.5160901756852043,0.2381838925627936,0.5710038989691733,0.0997478939845495,0.8978200122890985,-1.7518855829717987,-0.1332056369246244,-0.7263592448668774,0.2117233714509242,2.1601886692388104,0.5052475742345685,0.1054566572537785,-1.5933375567747432,0
0.4623656362610759,-0.3395746748961989,0.0197986330023432,0.2663059806291663,0.5626355337089317,0.8978200122890985,-1.0982403988146336,-0.1084159521671165,-1.75059060431741,1.178366018824208,0.3757089640409313,-0.5469131384571595,0.1919950855044511,0.7442567569349919,1
-0.5709710241487348,-1.2600871097501174,0.0156420279488515,0.7233528581391768,0.3530767825817664,-0.7420338914352835,0.0836366146915295,-0.0671272440377357,0.131729025987047,-0.8033631271603723,0.3284128605475696,-0.757345280995505,-1.4635341747118775,-1.0115057145066475,2
-0.2834978299301306,-1.0167134280853467,0.0075393048891139,0.2663059806291663,-1.0820810984669726,-0.3320704155041883,-0.2799550921562135,-0.0428981890025481,-0.9206678815354266,-0.7893326688070957,-1.8572456003820803,-0.8625613522646779,-0.3419188949182584,0.3432809093545686,0
0.9281517876681358,0.0361039228391929,0.0486218165093475,-0.3430898560508477,1.0069509968087995,0.8978200122890985,-1.2443988431496844,-0.0801438733744067,2.2923000465166754,0.1268811751780139,1.2247116243772864,0.2948154316962229,1.081609746002381,-0.328703040442127,3
-0.554442236906162,-0.7908372613638394,0.0114765938946285,0.7233528581391768,2.2938549833531687,0.4878565363580032,2.3541733065919077,1.2187186997800097,-1.1309475357880123,-0.5725762914730913,2.593068199368255,-0.1260488533804683,-0.7268310677978747,0.5354593651645445,0
1.8234565917183945,-0.4573029389787937,0.0386786525472822,0.2663059806291663,-2.150282803280164,0.4878565363580032,0.942606536141568,0.0172594399704228,-0.8151008907770007,-0.176399645405562,-1.1793523700684223,-0.5469131384571595,1.6552567844436588,-0.5874002357219074,1
1.9366675569869127,0.1401128266571663,0.0319427963063119,-0.3430898560508477,-0.4701377003502832,0.4878565363580032,-1.2023111728487443,-0.0719611420620187,2.090158731933941,0.2175920228711254,-1.850488067605784,-1.3886417086105418,1.7767378466988233,0.6363362543588501,3
-0.6751462468301788,-0.2410380339142999,0.0203048153538421,-0.0383919377108407,-0.8392581193448214,0.4878565363580032,-1.080945252744894,-0.0371525070496495,0.3311405849265054,-0.7047132607149825,-0.312963228928331,-0.3364809959188138,-0.5913484140980434,0.9017843514578928,3
1.4172362347764362,0.8502372182036058,0.0364588048349627,0.1139570214591628,0.94129958060833,-0.3320704155041883,0.0805776480288585,0.0371185350475685,-0.5814550108878644,0.8659354535577913,0.3257543817166537,0.6104636455037412,0.5576454601302662,1.3701196632656465,0
0.422705570769098,-0.7349279299549889,0.0457704478762754,-0.3430898560508477,1.8548033570984723,-0.3320704155041883,0.8792606587340291,-2.925445847652167,-0.5515136760167072,1.1441164205619618,0.3097822491496003,0.7156797167729141,-0.1622322457212113,-1.1576742009723378,3
-0.309579804905297,-0.6583805801073923,0.139261189539667,-1.2571836110708687,-1.6367405533604855,-1.1519973673663786,-1.19482716294571,-0.1015519289790978,1.4815826016579434,-0.2147804736932246,-1.577261347299782,-0.4416970671879867,0.291928322852657,-1.991943911054728,3
1.5206709336667257,0.9261627644494992,0.025936827087654,-1.1048346519008652,1.3913577522117684,0.8978200122890985,-1.2896447679437493,-0.1014474009558651,0.0009727698428056,0.7237046307580445,-0.4568006187715682,0.7156797167729141,0.6211002099554184,2.520459531435936,3
1.3200600530322342,-0.4873616978331973,0.0160439173146901,0.4186549397991698,-0.7690302987841137,0.8978200122890985,-0.653512344459765,-0.0782598702320301,-0.4895717432639999,0.6016480793752281,-0.391150467877614,-0.9677774235338508,1.0977900282040505,0.7958206570837355,0
0.5192748886284332,0.3709890094893741,0.0631026020194936,-1.1048346519008652,1.4011164968016134,0.8978200122890985,-0.092666333136527,0.0660282651589027,-0.8129806648618988,0.3546472096630765,1.5625104915171846,1.1365440018496051,0.3214703046300332,-0.4317514884534834,3
-0.4984521219723317,0.1509274461306294,0.0548686768012963,-0.9524856927308616,-1.582002059577142,0.8978200122890985,0.1714453597307142,0.0391613381045879,0.2157106385470907,-0.4043973953510391,-0.241397675166811,-1.0729934948030235,0.3442843216689429,-0.4096590913633712,3
-0.8402176450106783,-1.0465894634014192,0.0007053013503554,0.4186549397991698,-0.0770735526888664,-0.3320704155041883,0.3623884713188411,0.0527707362621646,0.5878037163859453,-0.4589975533116341,-0.8017643605903537,-0.0208327821112955,-0.1303489705016767,1.4654335397566718,1
0.9383642664998868,-0.2212525266769884,0.0241421959234259,-1.7142304885808792,0.7662180769014862,0.077893060426908,1.1551115260622788,0.4969851279323439,-1.258862110269868,-0.9327278593572486,1.256272608314325,-0.4416970671879867,1.4787813211223777,0.5979724105173886,3
-1.1311404863275456,-0.7725363904352782,0.0140107636917392,-0.4954388152208512,-0.6180742392799099,0.4878565363580032,0.0413393541103065,-0.0001980671657328,-0.1239148286639419,-1.7106793588001952,0.1068800530944608,-0.3364809959188138,-0.9700104850337912,0.3102997062396992,3
1.322443938278726,2.533745069495005,0.2069234433280925,0.2663059806291663,-0.8991204647059584,-0.3320704155041883,-0.4026410114477367,-0.0623638887843669,-1.3964081606368024,0.2055878482770477,-0.6750311207166443,-0.9677774235338508,0.8558061964450969,-1.1132667599471826,0
0.0221576118949846,-1.1002145811126267,0.0084368323338734,-1.5618815294108757,-0.1098541757071646,0.077893060426908,2.040688415518989,0.0738022806332529,1.508222555863021,-1.1894506755653025,0.4063470040925276,-1.4938577798797146,-0.2884197201999997,-0.029196366118572,3
0.1284227634335333,-0.3317101245038911,0.0285360471989561,0.4186549397991698,-0.1849217149909041,0.077893060426908,-0.3599414283456836,-0.0793194365843664,0.1137513781102079,0.9607760419834336,0.4344584078037012,1.1365440018496051,0.3505259016173067,0.090546012581304,1
1.0805389811227208,-1.0310369190618125,0.0094589333816272,-1.2571836110708687,-0.5289093908790565,0.077893060426908,-1.5739505375847036,-0.1286009899911627,-1.2325387541699604,1.4187532436250496,0.6966190401100174,1.767840429464642,0.2960647320501609,0.0717715598677457,3
0.3252007439500394,-0.3427160290737336,0.0291965063828163,-0.4954388152208512,1.270684617318267,0.8978200122890985,0.6728135806340407,-0.0274170429598147,0.7449929343596321,0.1443830777770695,0.7518368151870164,0.0843832891578772,-0.3505743151495052,0.0322697764140276,3
0.192661671178486,0.3068545892039219,0.0293796803583456,0.1139570214591628,0.7841695059981363,0.4878565363580032,1.1176360216870649,0.0426486012061033,0.1874089626106974,0.3524725918705725,-0.0597606584489175,-0.9677774235338508,0.9610544006621692,1.0985913631248465,1
0.758250840865755,-0.1144683327192001,0.058818607080332,-1.5618815294108757,-1.2920932010229542,0.077893060426908,-0.4625646371743355,-0.0466735092275104,0.4970507379579637,-1.6572403849757391,-0.1698670057196806,-0.8625613522646779,0.4798933981272464,-0.7914505335300978,3
-1.2800874861253826,0.6864596752222915,0.0707864837880671,-1.1048346519008652,-1.7053041368566837,-0.7420338914352835,0.1237616822256054,0.073902787171062,0.1447439646369966,0.8334472715937409,-1.9416328973253123,1.767840429464642,-1.3219256001453006,-0.3538607789480617,3
0.294399633066595,-0.1724561245776676,0.0742881154290209,-1.7142304885808792,0.2501510702809682,0.077893060426908,-1.54537481621884,-0.1202177796320561,1.1664006673310958,0.1145739458554394,-0.6808519556915352,1.767840429464642,0.3487855837563515,-1.1513554019844174,3
0.2029998696265216,0.2031224042713016,0.0331145886177855,-1.4095325702408723,1.104105327780598,-0.3320704155041883,0.9221886434144212,0.0328700710454655,-0.8676271295821691,0.6683147005189725,1.8884250675567795,-0.4416970671879867,1.2983986821600098,0.6543811475629293,3
1.0438160320685306,1.548132205232784,0.0277273996729355,-0.8001367335608582,2.310494274436355,0.4878565363580032,0.8885066521536502,0.0289837139102289,-0.616317281575615,-1.8062117166906355,1.395471295028118,1.5574082869262964,1.392953260178907,3.3781783376977037,3
-0.5577125421016241,1.9965827589211669,0.0591343810038503,1.9421445314992047,-0.6634531129236473,-3.611778222952951,1.817063402508658,0.0689010131203846,-0.1390557419435575,-1.0507376776598174,-0.4775567346784862,-1.3886417086105418,-0.7844320581706076,1.300804840605348,1
0.7643429677316752,-0.4992905155646648,0.0142898382158935,1.332748694819191,-0.5501571913178186,0.8978200122890985,-0.2140600569010582,-0.0483804816016116,0.1251049837521017,-0.955789449123038,0.0551810223303141,0.9261118593112596,0.2341896575075585,0.967517185787229,2
0.2863066329650966,-2.417642641911752,-0.0237817330927683,0.1139570214591628,-0.5582895749082624,-1.1519973673663786,-0.7506052008573441,-0.076688657500938,0.2199635090378778,-0.296668191515446,-1.7477857364485996,-0.4416970671879867,1.0722819574060147,1.6932217706010342,0
-2.207440997692606,1.376454776361415,0.1105869393125812,-0.3430898560508477,0.3626711250817194,0.4878565363580032,0.4144474285545805,0.0267026446036468,-0.7963029363923817,-1.494504884541603,-0.8844511610662272,-0.6521292097263323,-2.551886260503196,-0.657722197168349,1
-1.3743874514968744,1.2444877065725453,0.1302473014086507,-1.2571836110708687,1.2245430109582551,-0.3320704155041883,-0.7366514935180466,-0.0535889173353982,0.2706251328783492,-0.1179655887811388,-0.2283498846184947,0.4000315029653957,-0.6684866862864839,-0.986886124933664,3
0.7258855284677733,0.316718915483216,0.0493478668937139,-1.1048346519008652,-1.551159750478967,-0.3320704155041883,-1.1097894418810277,-0.1083247900224383,-0.3438276751013412,-0.2269789056239012,0.2645020017227641,-0.0208327821112955,1.1385387623852423,-0.0327667759148824,3
-0.132635046201562,0.524477409071111,0.0875091831033073,-1.1048346519008652,0.3724771319444152,0.8978200122890985,0.7121096505340873,0.0828737268766411,-0.3247359125041151,-1.024364554834985,-0.0597606584489175,0.5052475742345685,-0.0667759473502649,-0.8355748174189394,3
-1.6148222839578776,-0.5328776518541409,0.0355119944870879,1.0280507764791835,-0.1332082119059845,0.077893060426908,0.394136225397678,0.0715622722562634,0.0274105905481732,-0.1283469983825792,-0.8683617129297121,-0.1260488533804683,-1.8396693225898784,-0.5721712490228027,2
2.330493968357158,0.3135292457716011,0.0711734054267693,1.180399735649187,0.8958897387436757,1.3077834882201935,1.3824774285182913,0.1911668270891925,0.1947977890903717,-0.5301608937284267,0.1612674913920516,1.1365440018496051,1.85242604926801,-0.683181568875523,2
0.8530350723261125,1.3941933820204235,0.0945151568979997,-0.0383919377108407,-0.5117295344345699,-0.3320704155041883,1.3292749397666386,0.0621202841253053,1.393681989086314,-0.4568581262088645,-0.059342459922603,2.3991368570796787,0.3417494977170524,-0.361788351154273,0
-0.3063195061956578,0.4659505855364186,0.6066311661533166,0.2663059806291663,1.9559891494105184,0.4878565363580032,-1.918063577475135,-0.1597146240548501,-0.9437977416419732,-0.6766087534362548,1.586425943455455,-0.2312649246496411,-0.7844495446936905,-2.3128338154118904,0
1.543872381746148,1.288174517699726,0.0567108736367379,0.4186549397991698,0.8785599962711365,0.4878565363580032,-1.5259675235553054,-0.0474882619375455,-0.3899512514017448,0.0410179974272297,0.7398365153747268,-0.5469131384571595,1.5979984382143708,0.7036937852846175,1
0.3889381092740094,0.7036555532917375,0.0497781068869231,0.7233528581391768,0.5234971462236395,-0.3320704155041883,-0.8914973057365324,-0.006570784061357,-1.5831382107733818,-0.5457651511665638,0.788761453896683,-2.756450635109788,0.3989717777657386,0.3905557023585517,2
-0.6868886908674553,-1.0266679535590446,0.0007244216560215,-0.9524856927308616,2.553188811323574,0.4878565363580032,0.2306380619437859,0.0200334878423971,0.2023054494862971,-1.0105503705398484,1.468692472155788,0.9261118593112596,-1.343629534103182,1.5529267705044036,3
-0.0677418630783198,0.5178230365595933,0.0394356123194045,0.7233528581391768,-1.0318409453410555,0.8978200122890985,-0.0902549539160548,0.1627656101727443,0.9705369748960928,-1.0522147836334337,-1.1458077644512696,-1.809505993687233,0.3400818247222848,0.7042884904317693,0
0.488811097641862,-1.3702628996044672,0.0062358595250957,0.7233528581391768,0.9457130376769014,1.3077834882201935,0.6755237197420763,-0.7069389736496723,-0.1152875812699989,-1.2026646628304145,0.886636967535842,0.4000315029653957,0.885078294352172,-0.6965055987325857,0
2.77148256676051,-0.1063599120527707,0.0284305059264307,1.332748694819191,0.3954619543019034,1.3077834882201935,-0.1273969256304662,-0.0420739165199016,-0.8522573512323792,-0.0160834391999076,-0.1895434009948441,-1.5990738511488871,2.7335973731409613,0.478841026429515,2
-0.7251421039850371,0.3990016075870051,0.1010701410917653,0.4186549397991698,0.3355670700243661,0.8978200122890985,0.0901459147988636,-0.0310379849596265,0.6307801370863506,-1.4132307829916837,0.3950536362107512,-1.4938577798797146,-0.6680551362945765,-1.120753343671526,0
0.2528683341135152,-0.8525543536167722,0.0052905126527608,-0.6477877743908548,-0.1062984038106511,1.3077834882201935,0.3181722753524594,-0.0525351279543695,-0.8736407664146452,-1.2672061937706252,0.6304272978712937,-0.2312649246496411,1.043979002273333,1.2572094677504264,3
0.2171039512178082,-1.3282434518971151,0.0086315040828619,1.6374466131591978,-0.024791485749795,0.8978200122890985,0.8802354902373389,0.0414585454071202,1.1438504015268247,-0.4851732340383434,-1.2811243934475949,0.9261118593112596,-0.0101164787193671,-0.7570298864062972,2
0.5291497499533739,-1.101025809874124,0.0038912913122929,-0.0383919377108407,0.6761762439966182,1.3077834882201935,0.5552550940215523,0.0857815943740092,-1.7568350516186773,0.1528871952344694,-0.4128687894330458,-1.809505993687233,0.6622783231520225,0.5780238756775531,1
-1.8859840875192468,1.2884601248352143,0.0827090794259626,-0.0383919377108407,1.2483401906853258,0.4878565363580032,1.5411826450730028,0.206690394620517,-0.1041368010914381,-1.6377884427002167,1.3286952500122633,-0.1260488533804683,-1.869842072083953,-0.172223404446028,3
-0.4136194367922106,-0.2207300720826831,0.0101845302954501,0.5710038989691733,-1.050138294417291,-1.561960843297474,0.3090908761501859,-0.0594060216388853,-0.2659501681079226,0.4908290717940161,-0.7669794220310642,-0.5469131384571595,0.1781182770292701,2.354030229913288,3
0.2294605961943439,0.212399726545435,0.0308025716319157,0.7233528581391768,-0.3964678125302448,-0.3320704155041883,-0.9363222534243448,-0.0812051721130268,-0.5548799306805204,0.3443548816443821,-0.0035013351809553,1.5574082869262964,-0.1137127453105208,0.8325817042362048,1
-0.0562287790646696,-1.236066876257167,0.0172060778009979,-1.2571836110708687,-1.3184234786491265,1.3077834882201935,0.3077401030362337,-0.040754955360768,-1.292437271127683,-1.5547385540498486,-0.3064660287253811,1.5574082869262964,0.4881604319183346,-1.0331697878070476,3
0.9165825428811344,-0.6450721498455088,0.0288735356244966,-0.1907408968808442,0.0571739796881433,-0.7420338914352835,-0.798748664496215,1.8286289708967955,1.670812317734196,-1.1730860761410282,-0.0842012537376745,2.293920785810506,0.0537171265085153,-0.4555976189868553,0
-1.1817899446687827,-0.2628189938550783,0.0140816339812681,0.8757018173091803,-0.222997295949321,1.3077834882201935,0.3816677874152626,0.0536436578348164,-0.825567515250112,-2.492148523539774,-0.923867507365305,1.1365440018496051,-0.5381937209233958,1.5895944282085033,0
0.0140493459449035,-0.7537527344680662,0.0159053024902105,1.0280507764791835,1.0949364986206611,0.4878565363580032,3.1062947674473733,0.1471133299891841,-1.044511635807737,-1.3563019369769371,2.0664932654495574,-0.1260488533804683,-0.5617548756467371,0.1780346335650015,0
-0.6345003774034509,-0.8914217249339081,0.0148064219921526,0.4186549397991698,0.6466049540765823,-1.561960843297474,0.1616406925370817,0.0192145121537149,0.6486227238745489,0.6383648100445156,1.8245514309302275,0.6104636455037412,0.1627224873247869,-0.0594877533537716,3
1.3192928090636238,0.3642004379110503,0.0379789801802262,1.180399735649187,-0.4821515505281599,-1.1519973673663786,-0.4858635597404215,-0.0577130599401538,0.255973264594536,-0.3812027895232524,1.5887273393439991,-1.4938577798797146,0.5040156979110085,0.5810895403986321,1
0.9900002285597312,-0.1403697409984142,0.0255107514785179,-1.2571836110708687,1.1290840760557062,0.077893060426908,1.1267899768502043,0.0124877088483429,0.6649498394275974,0.5475472142530623,1.6925016795107477,-1.0729934948030235,0.4414402862698219,0.6375107359166516,3
-0.663118500247384,-0.8215276563477204,0.0245469413714837,-0.6477877743908548,-1.1218758397422517,-1.561960843297474,0.0666296892174155,0.0230466320235289,0.9721672351614076,1.2739408202255649,-2.509755137849289,-0.2312649246496411,-1.2206094638592293,-0.5508419160403231,1
0.0435972211883637,0.5236878182761661,0.0385869218061394,-0.3430898560508477,-0.2833539064314899,0.8978200122890985,0.4964244917489987,0.0327698881060447,0.0339306336939875,-0.4395360372702352,0.0593694942092838,-0.9677774235338508,0.4087518542178513,0.7644077519654859,1
-0.5307513033768358,0.261389215694171,0.0418478879933256,-0.3430898560508477,1.213274857705389,0.077893060426908,-0.2870120411199344,-0.0381043510233687,-0.8392569754732102,-0.6996419413883759,1.1613690646901484,-0.5469131384571595,-0.2751481149458867,0.2324405793293654,1
-1.6202061658630913,0.26001972883736,0.0252977945819031,0.4186549397991698,0.3176410946868542,1.3077834882201935,-0.8655621408216158,-0.3536316229532841,0.4343441978968321,-0.7331837710931914,0.2741764775358463,-0.0208327821112955,-0.5211890923743945,1.385298570620607,1
0.9087773022417336,0.0873215701027805,0.1410963846671939,0.8757018173091803,-0.891637424567409,0.077893060426908,-1.868387113578876,-0.1407599106406207,-0.7092293889920367,1.3032304124496916,-1.066264814013244,0.6104636455037412,0.8856177914935288,-1.6461829368915797,2
-2.7082728917959025,0.3250821561771223,0.0610860980389181,-0.1907408968808442,-0.4587028292928346,0.4878565363580032,1.1656929411397543,-3.998316066727914,-0.283583835373381,-1.1985290299686575,-0.2273968148170695,0.18959936042705,-1.2461905501171702,-0.4190404348841738,3
-0.7300747247273572,-0.7072942928562744,0.0034651233468427,0.1139570214591628,0.0171257155823465,-0.7420338914352835,-1.404348117464394,-0.1167647141604004,2.920538839188339,1.62834193016811,-0.4560761803438388,0.6104636455037412,-1.1867779954790358,2.208240173687373,0
-0.8418473354276906,0.7045529179705987,0.0468293754950351,-0.9524856927308616,2.376096389162772,0.8978200122890985,-0.5881364052502678,-0.066431752603408,-0.2930585790112413,1.3571742194034189,1.2328299980043742,-1.1782095660721963,-1.2714293627427875,0.5335692632706683,3
-0.0655520358140048,0.4692980615066345,0.0790131035675466,0.1139570214591628,1.24694111258121,0.4878565363580032,0.7174368740262212,-0.0149817119337787,-0.3123912829235106,-0.9454348050807756,0.8866902178825626,-0.5469131384571595,-0.5574359506180555,-0.720106270259999,1
1.418162672478129,1.89242541961836,0.0840421878798245,0.1139570214591628,-0.5001686149827881,0.4878565363580032,-0.3509252661660367,-0.0816801893271968,-0.786561751682154,-0.3009962124243983,0.3364483169350585,-0.4416970671879867,0.8148483163199499,0.2452610072406527,1
0.7836745446138529,0.6991659549558428,0.0592483480902778,-0.4954388152208512,0.489482645561306,0.4878565363580032,-0.0059009306121326,0.0854908165579487,0.6221762326311989,0.6040117327269632,-0.7796186611709959,-0.9677774235338508,0.5857451613288429,0.0062387108902857,3
-1.4741269611553462,1.29882967416853,0.0610513758366152,0.4186549397991698,0.000708143046439,-1.561960843297474,-0.7267851910451919,0.0369073326464749,1.0689482177146157,2.622705794906804,0.2106889676918195,-0.6521292097263323,-0.8449753894256207,0.5262232508046851,2
-0.9907417357892284,-1.0742841526230291,0.0273615262299067,-1.1048346519008652,-0.931397035222134,-0.3320704155041883,-1.011796756349303,-0.086408181477842,-1.3899061815245737,0.934905872870652,-0.3437261816732814,0.5052475742345685,-1.169132429819834,-1.1250259097111233,3
-0.1876963972027999,2.377120801424001,0.071150424338716,-0.3430898560508477,-0.1073487704781362,-1.971924319228569,-0.2377205960934902,0.5446522503985431,-2.8309937983777007,-0.4055466037338235,-0.2817992588044199,1.3469761443879509,-0.7793917340574917,1.084498178232128,0
0.1195679632156304,-0.9892058094173296,0.0105217030216241,-0.4954388152208512,-1.391467656514424,-1.561960843297474,0.3052232362702082,-0.0624054926317502,-1.5701654236067466,-0.5152138023063252,-0.7863810158873373,-1.0729934948030235,1.1746559430270729,0.0817993950312969,0
0.2755399516065286,-1.7748319433400217,-0.0116567111846659,0.1139570214591628,-0.4802172669404264,-0.7420338914352835,1.3065649998070945,0.0251146480972269,-0.5977392466477885,-0.4202407865686509,-0.4006995633031345,-0.1260488533804683,0.1187091512633363,0.4435782111760087,0
1.0210270281711369,0.578447260337018,0.0397359849750362,-0.0383919377108407,0.2285098990372503,-0.7420338914352835,0.892071667012017,0.0788954516193474,0.7013258229717776,-0.7181231018144577,-0.0597606584489175,1.5574082869262964,1.6367384813381594,0.7678357414375584,0
1.291556602010221,-1.146735262173695,0.034481962199537,-0.1907408968808442,-0.8325237609348078,-0.3320704155041883,0.0322027514805908,0.2153227742155468,0.1967564301503681,-1.7821006628516616,-0.6934787007670657,-0.0208327821112955,1.486161723517338,-1.4436463099001522,1
1.1873496958004432,-3.343689234865572,-0.0600104565889917,-1.4095325702408723,-2.426862205234428,-0.3320704155041883,1.0321320744869331,0.0050294387520979,-1.0473649773143414,-0.1624781418186587,-2.0833415823034622,-2.230370278763924,1.174211156299614,-0.247878127352579,3
0.0901423117912316,-1.435539442352245,0.0019098100489139,1.332748694819191,-0.7210552226617302,-1.971924319228569,-1.1648394245908764,-0.0139610857135854,1.4084985087735342,0.0086171432795961,-0.6886594414524978,0.9261118593112596,0.5020952839042838,-0.498596730485512,1
0.7415535431153093,-0.2129317156251167,0.0705893509520808,1.0280507764791835,0.5723383447931896,0.4878565363580032,1.1903248259570802,3.7224442720119937,0.0731731277695,-0.921820276764196,-0.2256304223683325,0.5052475742345685,0.3242083433295573,-1.1239438237903536,2
-0.3688949557832093,-0.3297157735849881,0.0323483934211903,-1.1048346519008652,-0.0809352811905346,0.8978200122890985,-0.7006361588649225,0.0141102572956979,-0.282489195559972,0.9811825782452452,0.6349566252052723,0.5052475742345685,0.0229293314681239,-0.1216846240746007,3
-0.0124815875584434,-1.328787588192996,-0.4967330294395318,1.4850976539891942,1.9917999451504556,0.8978200122890985,-1.217799580667452,-0.0937078496668031,-0.1072381036957964,0.9607490482999176,2.48528644736174,-0.8625613522646779,0.5825033829557416,-2.6879556339059176,2
0.9164736294298808,0.9058439562359456,0.2000606348878206,-0.4954388152208512,0.4520737260823995,0.4878565363580032,-0.0174370496970015,-0.0144901707686706,-2.0994352279862967,1.860804139068096,-1.1073995003276371,0.7156797167729141,0.4336476392814735,-1.6253144590889943,1
-1.6608283851055017,-1.7862792396097609,-0.0130905798880864,1.7897955723292014,-1.0113017006733287,-1.1519973673663786,0.2872229785319554,-0.0639134428100997,1.7633276149851735,0.7170195448819101,-2.0539042520614696,1.6626243581954692,0.0365321604150661,2.084787268516953,0
-0.6636677474615179,1.2273609895488375,0.0564649876751504,0.7233528581391768,-0.3660433536206732,-0.3320704155041883,0.1318571343852433,0.0529459850012006,0.6919137160350494,-0.0157937072271116,1.2928034352952615,0.0843832891578772,-0.7872991663013691,0.6522680544189605,2
-1.6635396855601163,-1.8838750426086248,-0.0142922994182923,-1.1048346519008652,-0.2730828635712178,0.4878565363580032,-1.364000933044005,-0.1114027653123655,0.8664534215818624,-0.3978900497631699,-0.0601788569752315,-0.5469131384571595,-1.4781339804979785,0.3871872028103819,3
0.8056219443002798,0.3707746974212061,0.0224856774950703,-0.6477877743908548,0.6811772320033935,0.4878565363580032,1.0342753434689371,0.0746037260181368,1.984310757040965,-0.9074848497764246,0.5505203014041458,-0.3364809959188138,2.097805227028628,1.8994273730335816,3
-1.712967790467376,-0.4023814054877021,0.0278683954551952,-0.1907408968808442,-0.6069623330319379,0.8978200122890985,0.4877843097809508,0.0619554198883049,-1.3316939517892623,0.5859161490057851,0.1430183592449097,-0.757345280995505,-0.5498357864166669,0.0108804249573926,1
0.7453495839360854,1.5232021216568763,0.0966072580829195,1.0280507764791835,0.5075649416633075,0.8978200122890985,2.584331867235761,0.030039076439654,-2.691070279598863,-1.357454193555934,0.8788349858293645,1.3469761443879509,0.3472052973653577,-0.3182683177180645,2
0.8132662096069515,0.1762020864225131,0.0268712205380129,0.4186549397991698,0.642057515161792,0.077893060426908,-0.1219112395308624,0.0566972557296323,0.8132954568685169,0.6912262435955006,1.3307724478502934,-1.3886417086105418,0.3535047632077969,1.089211756582262,0
-1.8545657519888197,1.864838333205796,0.2220128910775276,-0.4954388152208512,-0.3052278066310669,0.8978200122890985,-0.4224418370842217,0.28580256532024,-0.2299891034637171,0.1097159038295534,-0.0597606584489175,-0.4416970671879867,-1.6000041237041998,-1.416194873093447,3
-1.168709526743997,-1.1014805406292765,0.0156160583763727,-0.1907408968808442,-2.260376875406595,-0.3320704155041883,-1.88902167177988,-0.1421643955980659,0.669390090571335,0.993327993758977,-0.7546272874408437,-2.335586350033097,-0.4959193464736499,-0.6298214284196954,1
0.0090588676051898,-0.3414635454410348,0.0426911611384071,0.4186549397991698,-0.9875579988617756,-0.3320704155041883,-0.1331512939492492,-0.0481856531888028,-1.468061745500031,-0.2928020879759229,-0.0597606584489175,0.9261118593112596,1.1111691638626569,-0.5786636085398744,0
-1.9375043770804077,1.5167920220676772,0.129914992729397,-0.0383919377108407,0.5507828141957517,-1.561960843297474,0.6561427348967334,0.167117543133389,0.3039731613231949,0.4887991997172273,1.042360011506427,0.4000315029653957,-1.8028935528781092,-0.8444208910435227,0
0.5682632685523648,0.3176842180005729,0.0308428327513167,1.332748694819191,0.7591137127907611,0.4878565363580032,-1.023729734574061,-0.105435362079744,0.1950163660485669,1.149168977364324,-0.2390480450843434,0.8208957880420868,0.5385578139789295,0.9986233243004774,0
-1.2732987614168705,1.0243782608538916,0.0387019610623744,-0.8001367335608582,-1.756468041267356,1.3077834882201935,0.6253142141482116,0.0564664278177884,0.04886749027545,1.206151729399258,-2.9596040454182035,-0.1260488533804683,-1.9981177363968683,1.443974896658903,3
-0.2766655947486435,-1.2235836677889655,-0.0022911874532558,1.4850976539891942,-0.2848319239921311,-0.7420338914352835,0.6178554676408868,0.1837534451029266,0.1840418042110309,-0.9534996843585628,-0.6846759425651668,0.6104636455037412,-1.4723092562760278,1.394317606049661,0
0.4971692380149538,0.9741937641109164,0.0775905048226522,-0.9524856927308616,-1.6262147464063257,0.077893060426908,-1.0449656794589428,-0.1095779511877487,0.8972354278444482,-0.2963173896933108,-0.8068643101893719,0.8208957880420868,0.572721187248154,-0.2889704186274638,3
0.9249949354485684,-0.4951015441648508,0.0109260810995384,-2.17127736609089,-0.5385228544640914,-1.1519973673663786,-0.760212277396985,0.043313595405676,-0.9167756547616474,-0.4955146509520785,0.9000389932883418,-0.0208327821112955,1.7897728581832013,1.4377376648245923,3
0.0205461885053728,-0.920509228496342,0.0159138190503478,-0.0383919377108407,-1.3181265152766084,-0.7420338914352835,1.106263078629791,0.2942853188645266,-0.4855395450031531,0.0923726536435142,-0.8725615667014828,0.7156797167729141,0.4126012383473236,-0.2187946564505402,3
0.2698861568510724,0.1184322944935843,0.0526358396147857,0.4186549397991698,0.7156485362569033,0.8978200122890985,-0.2460151484140153,-0.0393132958674737,1.654760679363549,0.715290377948438,0.3674881961062656,-3.4929631339939977,-0.2277251177368582,-0.3731185205141638,0
1.3426298426097338,-1.206789417875063,0.0102418374489175,1.7897955723292014,-2.8426035747681837,-1.561960843297474,0.1476842318624181,0.0343839389031534,0.9290187107887192,0.5269202860531034,-1.3551231130918298,-0.9677774235338508,1.8403915372446176,-0.5206359502823518,0
0.3373841144889244,-0.2106675117901813,0.0273456590089662,0.8757018173091803,-0.0630239539884071,1.3077834882201935,0.7553074707693678,0.3354616607036854,0.4903533748044331,0.7399144647918376,-2.6811927245687057,-0.5469131384571595,0.3290283156772962,0.3759838496119269,0
-0.6460528191806413,0.5540264831897662,0.0351588514015869,1.0280507764791835,1.3627096097240392,1.3077834882201935,0.9614940750215804,0.0463358722352675,-1.334001320307769,0.1930303431680805,1.365387832342043,0.0843832891578772,0.2857684118051723,1.037616085720955,0
-1.2118035399039817,-1.110583602401207,0.0236493583628029,-0.8001367335608582,-0.544593344484986,0.077893060426908,1.5856071695414533,0.0055680369326899,-0.4044762108424975,0.2377590983603966,-1.836962596414096,-1.1782095660721963,-2.0970001453831686,-1.0535628220919384,3
0.2690916715766225,0.8482160069419911,0.0502215051387166,-0.0383919377108407,0.2136528040698238,-0.7420338914352835,0.2736522463597077,0.0656680703699724,-2.241049329483503,1.0661286990576018,0.0741698186103723,0.2948154316962229,1.3785707065860504,0.5336977019312256,3
0.8102188492293402,0.3734693346773308,0.0773826902209958,1.7897955723292014,0.9710119221092948,-1.1519973673663786,-0.520453111778812,-0.0539592505466266,0.8388604639782352,1.009920403985527,0.4248361787765197,-0.0208327821112955,0.2650557597255735,-0.763608287044186,0
-1.2471476411992837,0.9362733384770906,0.0953614073659538,-1.5618815294108757,-0.0137688269804266,-0.3320704155041883,-0.3434177514453226,-0.0025688960180944,-0.371560107974459,-0.873665947656836,-0.5275677599620195,-0.5469131384571595,-1.135445288628523,-0.6851857110791658,3
0.3399490894853419,-1.7775719961443444,-0.0108925097639864,1.0280507764791835,0.1232706468710301,1.3077834882201935,0.1311848838011043,0.0379859560012988,-0.1161561197798275,0.9844957629172156,0.1643224802311627,-1.1782095660721963,0.4009411620241825,-0.1387042862197701,0
-0.6686220119936682,-0.274674197649119,0.0696816475419628,-1.4095325702408723,-0.8106955134866652,-1.561960843297474,-0.1544247461169867,0.2608112600778052,-0.2358784137257666,2.053113527435192,-1.64175490095419,0.2948154316962229,-0.3500371441715619,-1.161986734925138,3
0.1828395202091828,-0.2226591737178332,0.0432182003874577,1.4850976539891942,-1.2744251039225405,0.8978200122890985,-1.9290423505600256,-0.1453505876462329,-1.3904424633983516,0.3747860074100772,0.0077245397753219,-0.3364809959188138,0.6596104906860945,-0.446502924205989,2
0.7181949546471452,-0.4647057942540072,0.0302483322986664,-0.8001367335608582,-0.8464918864029324,0.077893060426908,0.5343935243131516,-0.0301830531686838,1.6157507458337983,1.0845686338431264,0.0601234797810993,0.8208957880420868,1.529587876404966,-0.2269552814977474,3
1.105278735023109,-0.6888615257256012,0.0197622605537548,-1.2571836110708687,-0.4770883013195796,0.077893060426908,-1.0230250725365655,-0.0179803669809451,0.6458382905909521,1.0172253574825778,0.234846296443543,1.4521922156571236,-0.2655617483657961,0.009360833313431,3
-0.2618642015265839,0.2949857781857536,0.036752914251794,1.180399735649187,2.267754464595249,1.3077834882201935,-1.2227573276058938,-0.0805491528837669,-0.668848761352499,-0.1053617999563176,1.3524928627684925,0.8208957880420868,0.0684535258251777,0.5575503288584458,2
0.6991534173808529,-1.8546099371314584,-0.0134577626225896,-0.0383919377108407,0.4004548904989897,-1.561960843297474,-0.5088648959541884,-0.0582687237287677,-0.8494130188267986,0.5956958805765799,0.7993803497519484,-0.8625613522646779,0.5750263524157767,0.2036411273006104,3
0.7763519287878485,0.3644044364503184,0.0418808542643101,1.0280507764791835,-0.2233408300622868,-1.1519973673663786,-0.939932716131805,-0.0347783146415037,-0.1286235979646922,0.1515215991126334,1.2033029849469186,-0.9677774235338508,0.2357948288074193,0.3642364826187791,1
-1.0097775408821077,-2.965837111332036,-0.0554969031652442,1.6374466131591978,0.1747425972451236,-0.3320704155041883,-0.867370562466594,-0.0467253264266781,-0.3910225012600464,0.8680536465782466,0.5444386281691767,-0.0208327821112955,-0.4201038932910814,-0.678731045541873,0
0.7136449349434554,0.4764394076145004,0.0454413913505192,-1.2571836110708687,0.9079806907991956,-0.7420338914352835,-0.0540599186517637,-13.453810127816384,1.3513482506641885,-0.5602621407037058,-0.2702000246619898,1.6626243581954692,1.4194887459885566,0.3270613746902569,3
1.6898228144542455,-0.5344909935346867,0.0153957563816137,1.9421445314992047,0.5703590904541316,-1.1519973673663786,-0.6741827365838843,-0.085557923201502,1.10237806126711,-2.170729512553776,1.6249727330057138,0.5052475742345685,1.6974804545336963,0.7537885444652822,0
-0.5538833107419283,0.8824587540952273,0.0611457173376715,-0.9524856927308616,0.3712247357549495,0.077893060426908,-0.1142755912554284,0.0048724162735368,-0.4575120013713189,-0.2151195750961793,0.2136781346070564,1.1365440018496051,-1.294877386442015,0.1190968547273596,3
1.0494384173014804,1.8000042113061994,0.1213193017317485,-0.0383919377108407,-0.0004325043212982,0.077893060426908,0.2596897798154445,0.0280177809852229,0.1067273509609694,-1.418617236084332,1.3865293311393123,-1.0729934948030235,1.1406048965782225,-0.5806823759436521,1
-1.5043450886768028,1.1357299791958309,0.1708598006206839,1.6374466131591978,-0.8881450253386025,0.4878565363580032,0.2316556269155786,0.0811059568564197,0.2839105267473691,0.0102049986939419,-0.5367298585726474,-0.6521292097263323,-1.4396299300875628,-1.3814798265192227,2
-0.0593467600727895,-0.5423833702757436,0.0238531181369866,0.2663059806291663,0.7805434345780966,1.3077834882201935,0.2718948390551346,0.2190022589071911,-2.044071929873437,1.2051209841480184,-0.3784339295319575,-0.5469131384571595,0.0283198218952223,0.0138073965746441,1
0.4809346023455104,-0.305486750566575,0.013575599496537,1.9421445314992047,-0.6603346017287929,-0.3320704155041883,0.2875837245344102,0.0848746959292306,0.4965051052449004,0.0312137268694845,-0.8260079039748639,1.1365440018496051,0.7299979146336482,1.5535684784662376,2
-0.1047230468883824,-1.297533653863005,0.0057164281569239,-0.0383919377108407,0.9165602368985164,-1.1519973673663786,1.2139063686126552,0.2071327279100074,-0.3475805308330939,-0.8888448354806971,0.6887084337464892,2.188704714541333,0.3746837852212811,-0.3925475461449859,0
0.8952837378017928,-1.30378979355442,-0.0035106535118036,-0.0383919377108407,-0.4582263133020126,-0.7420338914352835,-1.4386749122753155,-0.1160257324071964,-0.9221414246858576,-0.6092816435444859,0.5029633450733314,-0.2312649246496411,1.190083122986736,1.3033639399979615,3
-0.5843761588689422,0.0340928413561234,0.0317584479092436,-0.1907408968808442,0.4779418367582029,0.077893060426908,-0.9652204637080593,-0.0631729621993654,-0.7696407478651852,-0.6904742898412441,1.2559450214441108,-0.5469131384571595,-0.3754953513687193,0.482118253560074,1
-0.2433316142912995,-0.9117558408775716,0.0281959422066962,-0.4954388152208512,0.7681310688029584,-0.3320704155041883,0.006288052001415,0.9112907608055184,-0.939433413891791,0.0822998918591118,-0.2950754631150313,0.8208957880420868,0.2150662397382867,-0.8764557504513796,1
0.4357604777973435,1.0218261533307325,0.0503546523546095,-0.4954388152208512,0.0457165502585345,0.077893060426908,0.9582546689138672,0.0161015327467297,0.4768943767824486,-0.3887418475448991,-0.1627432855985494,0.8208957880420868,0.1504882084814457,0.723155231041694,3
0.1017371123651559,-0.8268993570578921,0.0098789219652524,-0.3430898560508477,-1.8215370939680064,-1.1519973673663786,-0.1598254592251201,-0.0256364943967036,1.2001570366993055,-1.190075140285125,-0.7888350615343913,0.6104636455037412,0.2393750174220973,0.6285218752312973,3
0.1560702350688814,-0.7188669237820857,0.0135455333165309,-0.0383919377108407,0.937444728987508,-1.561960843297474,0.3572240200573265,-0.018724469667874,1.7360572697511625,0.1450752759795767,0.2923791239192386,0.4000315029653957,0.973553180491958,0.4952634233773837,0
0.1495997012618347,1.0634597772227727,0.1126663099398714,-0.0383919377108407,-0.3579509374362448,-0.3320704155041883,-0.2515786206791199,-0.0349376298509224,-0.8512089641959855,-0.139142483272937,-0.407464545841598,-0.757345280995505,-0.120891684303924,-0.8702791524815562,0
-0.3752096791765569,1.3804812165709768,0.1290625943316724,0.8757018173091803,-0.6758044001849147,0.077893060426908,0.9094735869841766,0.0195886719270076,-0.511365337397853,0.5599993548859341,-0.0020573589020642,-0.2312649246496411,-0.2098861854759147,-0.9039494055679582,1
1.1064248350029755,0.4431909763014865,0.040910915883917,1.180399735649187,-0.5690498302277137,-1.561960843297474,-1.318049509778294,-0.1077801952553047,0.8985983943543074,0.3875814016356083,-0.3398052019470558,-0.1260488533804683,1.3211116813531334,0.5192042529969015,1
-0.9454510260031008,-0.4627037897976777,0.016803260559363,0.2663059806291663,0.2112917744792079,-1.971924319228569,0.5175775452361184,-0.0256844220740177,-0.2016582268095216,2.1846884450128083,-0.2099106229629276,0.2948154316962229,-0.6207001305472462,0.7723400386973827,3
-0.6823551028215816,-0.2730692201513682,0.0257125746219034,-0.0383919377108407,-0.7600853006466719,-0.7420338914352835,0.4292147268106223,-0.0422577323681259,0.6516040470764333,0.1096275000163585,-0.4757972753519784,0.18959936042705,-0.0413349746043201,0.3818174086273981,0
0.4311873287134917,-1.282725183436997,0.0021031548329514,-0.1907408968808442,-0.6493652186089932,0.8978200122890985,-0.9482912510037508,-0.095429937758749,-0.8134809883193822,0.3879339449221683,-0.5789609654839236,0.4000315029653957,0.2895078351358239,0.1301339086451219,1
0.5044785461615697,-0.7786151848837123,0.027942859170815,-0.4954388152208512,-1.6299028657264791,-0.7420338914352835,-0.3477655781129434,-0.0516885710806303,-0.1327891542023958,1.58061191338688,-0.4732774138757001,-1.809505993687233,0.7340237030746768,-0.6382498608716392,3
-0.4754857831514755,-0.6164484853583234,0.055344722366859,0.2663059806291663,-0.5407781858432082,-0.3320704155041883,-0.0965020104139309,0.2014227268766732,1.3483794581968114,-0.9952696855652156,-0.672133778588177,1.241760073118778,-0.490105925051025,-1.2287305491966665,3
-0.8700674512983501,1.963038890863468,0.0578186942208487,-1.5618815294108757,0.2295611462950385,0.077893060426908,0.3507194876418951,0.7073719500968777,-0.0892780325627353,2.4143774405970584,-0.2696221309321082,-0.8625613522646779,-1.1773671320884984,1.3370371403809362,3
0.8243742549197286,-0.8198453148514266,0.0086684922140717,-0.6477877743908548,-1.852593571152089,-1.561960843297474,0.1263471504933875,0.031367992512591,-0.3859600219018428,1.5217393429857655,-1.7401655017302244,-1.0729934948030235,0.1612842236737561,0.8137106747925457,1
-1.4260157951900154,0.8940105091531099,0.0511623613739587,0.5710038989691733,-0.7191415688743401,0.8978200122890985,0.5027629903892717,0.0295915732102486,-0.0334593162657304,-0.3202676377350324,0.4520728834036581,-0.5469131384571595,-1.935371232936665,0.540357475095959,0
0.3675215159937604,1.036334038487965,0.0630677459575463,-0.1907408968808442,0.9629082138412322,0.8978200122890985,-0.4883707486423034,-0.0155716111306783,-1.3720711679864035,0.2939915249900079,2.022584441284212,1.241760073118778,0.7375048911683822,0.1978020174676707,1
-1.1935883569117502,-0.2752421666967702,0.0190582873893892,0.5710038989691733,-1.3430907900331854,1.3077834882201935,-1.8001637389715437,-0.1372634010969328,-1.0250275198332468,1.2426806247691846,0.2103999963716298,-0.0208327821112955,-0.4588008024230978,0.9551820553409356,0
-0.485795067796197,-0.1112993723760951,0.0271750980391982,-1.1048346519008652,-0.373616939534346,1.3077834882201935,0.3862666530703104,-0.0222541835336095,1.265177495801607,0.5526341553074806,0.0147949326016878,0.7156797167729141,-0.1388126624033584,0.5612790677616007,3
0.008458301044997,-0.4110928354029203,0.0325715432357866,-0.1907408968808442,-1.2090142774358328,1.3077834882201935,0.0495006566599708,0.2296396783958989,-0.8344014787735234,0.5460786242813894,-1.829098854438789,-0.1260488533804683,0.0547721919006116,-0.2591683064972185,1
0.5231288583286987,0.2891607675978621,0.0829124199418775,0.2663059806291663,0.5777757963231401,-0.3320704155041883,0.1266230117351202,-0.0205519574418382,-0.7439062240532526,-0.1871737012603826,0.6522558361121044,-0.8625613522646779,1.2474701776894934,-0.9304455245124408,3
1.7800873850987349,-1.0452030931053249,-7.434720336790841e-05,0.1139570214591628,0.1155615580132008,-1.561960843297474,0.9154631035526488,0.0273022440679092,-0.0389860853242486,1.5554109722690317,-0.4020321032327146,0.2948154316962229,1.8355185246330608,1.6811623398487745,2
-1.4797750964829628,-0.1591831094801822,0.0393522587713633,-0.8001367335608582,0.6491848765677062,-2.381887795159664,-0.1404957016849077,0.0962292082502276,-0.0635527183458203,-0.9319018629798922,-0.7371821301983901,-0.4416970671879867,-1.8515553098548108,-0.2081752681480745,0
-0.5595001010870467,0.0261642264668294,0.0366990088418372,-1.4095325702408723,-1.6246762567625626,-1.1519973673663786,-0.0283841351751145,0.1468631354216228,0.9348712506845666,-0.6056695971971977,-0.8551450429060581,0.4000315029653957,-0.2733630765499701,0.1778933563567444,3
-1.1584486979009418,-1.1850082038054168,-0.0006442635057002,-1.1048346519008652,0.92467548697446,0.8978200122890985,0.5854851677028916,-0.0159494277332997,1.118518677708889,-0.4756615070979219,0.961962289108196,0.7156797167729141,-1.29213358057749,1.1393170737418603,3
-1.387751508444676,-0.3516934899942266,0.0202333041045064,-0.1907408968808442,-0.0377042284886206,0.077893060426908,-1.7062679803060774,-0.1326911274622706,0.4502635105255373,0.2530041053490999,0.8438038203958915,-0.3364809959188138,-1.028246797563626,0.6780279443103856,3
0.0239663968066722,1.2129452601704345,0.0394218442447967,0.5710038989691733,-0.1172525913805362,0.8978200122890985,-0.7446105074107946,0.2190420906817834,0.0099620401995786,1.1300499620379658,-0.0297736579233708,-0.8625613522646779,-0.3981800039408134,1.645977182892965,0
0.7153512924052982,1.4462168373264326,0.0664127795434338,-0.6477877743908548,-0.7870265464184796,0.4878565363580032,0.2196884454346861,0.0511757951985679,0.094884242093017,-1.3773874717834913,-1.018420277260235,0.2948154316962229,1.0911287671340717,0.4546758078543825,3
1.2220497796665295,-0.3535252578874207,0.0386227203343463,0.1139570214591628,-1.430259468448103,1.3077834882201935,-0.851448687318765,-0.0443711778229252,-1.5335683567030576,-2.2981555642435807,-1.8877661049873489,0.7156797167729141,0.56009647372867,-0.4427644382043394,1
0.6138221988221919,-0.4641288452105322,0.0726550455936309,-0.9524856927308616,0.6968534396576916,0.8978200122890985,0.1086771317692945,0.0962478595645042,1.2044002078190648,-0.0805386571711624,-0.5278733265556013,0.18959936042705,0.1807041157533732,-1.369995199613901,3
-0.0352184394928034,1.794001473201002,0.0991298967201996,0.5710038989691733,-0.4909788961670016,1.3077834882201935,-0.5144312641336063,-0.0278048253541108,0.2258347953972669,2.025752231645427,-0.0816068354290921,-0.0208327821112955,0.0457077614907275,-0.1933667315462503,0
0.5685425970625574,1.9633354695943388,0.0534933150857707,-1.4095325702408723,1.032598655485331,0.4878565363580032,0.0463536399089762,-0.026516552689301,-1.4128415962328242,0.1244459323514666,-0.6832240755796553,-0.9677774235338508,0.1279693721449592,1.584948652563628,3
-0.5377713906088545,-0.6858907616661257,0.0675419477312775,-1.1048346519008652,1.629542142976604,0.8978200122890985,0.3629911701566589,0.1207889631532878,0.0311713952570408,-0.7374840215890061,0.2139853534763978,-1.0729934948030235,-0.1019510319205331,-1.4923948579117,3
0.5585681454488499,0.6250619857271992,0.0971443888740198,-0.8001367335608582,0.1320936231136548,0.077893060426908,-0.415943530975515,-0.016492760513701,1.0618367431017464,0.9940372490163256,-0.2476024173835837,0.9261118593112596,0.4196059099705692,-0.920377915137611,3
-0.9181178800737168,0.0090188513934363,0.0627903367763619,0.1139570214591628,0.1420946607391537,-1.971924319228569,0.533593071546844,0.0388783418105627,0.2832501753568281,0.9987880347557077,-0.5367336250184609,-1.0729934948030235,-0.6585451900333177,-0.7662759654587096,3
-1.875369605080745,0.5435503754254734,0.0541630304345085,0.8757018173091803,-1.314963584344868,-0.3320704155041883,0.0168575969899441,-1.4567323085098602,-1.2269652467908247,0.1772580530461937,-1.0120076142655008,-0.2312649246496411,-1.6744326443840054,0.0311139352478805,2
1.2474161797251293,-1.5972154897699813,-0.0071242547138106,-0.9524856927308616,-0.0680491064552371,0.8978200122890985,0.4127248824863693,0.2025386814877073,1.8998236483782764,0.7962198877023378,0.8708176485774644,-1.283425637341369,0.897691742298051,0.3644110630853002,3
-0.1133184282065809,-0.0808507446728491,0.0211015708470427,-0.3430898560508477,-1.827324358445688,0.4878565363580032,-0.1702547182097971,-0.0528255681078283,-1.5707619864135476,-0.8032857240687334,-1.0068988262170484,-0.0208327821112955,1.0068643483984143,1.151203163573477,1
0.1902124131646261,0.1056457857121825,0.0268713353256767,-0.6477877743908548,-1.1510479869158132,0.4878565363580032,0.2689011796356309,-0.0398339142696845,0.1066544099784877,-0.0818681854686384,-1.3286645939158164,0.4000315029653957,0.6138891218248598,0.9652350235588764,3
0.0203752530011038,-0.9871546861736774,0.0127932493152445,-0.0383919377108407,-0.5309185542746405,0.8978200122890985,-0.0749833542124254,-1.794522947722588,0.104721800602778,-1.7826016557668982,0.8673898802642487,0.4000315029653957,-0.0393062867356098,-0.1299094541917274,1
0.0303659531104902,0.2421588297493433,0.0297915805496439,1.0280507764791835,0.8949223406228249,0.077893060426908,-0.1807278011006593,-0.0133779437991584,0.0955221232937337,0.1126460616786056,0.8457773927722682,-1.1782095660721963,-0.2985857043555872,0.9584856343611398,0
-1.7290131521848062,0.4078150410905615,0.0618902851485704,-0.8001367335608582,1.5017962471273243,-0.3320704155041883,-1.925452834268213,-0.145418710193028,-1.262689864396917,-1.686326206816671,0.3584762421990491,0.6104636455037412,-0.3309005774369071,-0.3623939366948244,1
-0.4866726238067361,-0.3048134236233096,0.0368895175896456,2.551540368179219,0.5925898264153501,-1.561960843297474,0.235997750514747,0.0230757272555144,0.7259687917030803,1.0208496228089874,-0.0799973140611416,-1.1782095660721963,-0.4355974836580442,-0.3019971154099545,2
-0.2354651057008478,0.2947850354243495,0.0391137851221945,-0.8001367335608582,-1.1396849814247545,1.3077834882201935,1.4858707043047077,0.2967733987452021,1.2790581204747111,0.0972886277639326,-1.5121704905365712,1.3469761443879509,-0.473052930526161,0.4202416167949178,3
0.0095200514903442,0.7714536840946695,0.0585422560669456,1.7897955723292014,-0.1035216930311625,0.077893060426908,0.7096307650186505,0.0929612405082678,-1.301679676343226,1.6586929573447329,-1.0734839366686757,-0.8625613522646779,-0.9171052493305346,0.103637047121168,2
-1.0157871210772045,1.275341255002151,0.1075233845504507,1.6374466131591978,0.0027315437388798,0.077893060426908,-0.0703577408221426,-0.0174399024622054,1.6511555072069346,0.4479614232677397,-0.6012386800666862,-1.283425637341369,-0.3085223224778906,-0.6702597815851111,2
0.1847706673098229,0.9850895539666896,0.0484133514973997,-0.6477877743908548,-0.2735249961488559,0.077893060426908,-0.4197454566231076,-0.0564274184010375,1.3129352327450368,0.8353034003243345,-0.8865273326379184,-0.4416970671879867,0.2964439358860773,0.78172484638953,3
1.5728319030411773,-1.3341293257280722,0.0007877293429638,0.5710038989691733,-1.14217278106393,1.3077834882201935,-1.8565936627863329,-0.1427187619339483,-1.2776844025534644,0.5602423814820731,-0.0034391734602786,-0.0208327821112955,1.5300284732365437,0.1166886562020666,0
0.4737131323130055,-1.0352199999055014,0.0025628068706914,-0.6477877743908548,-0.9275261816154372,0.077893060426908,-0.6030461453351817,-0.0158944710723455,-0.9077503436805848,-0.2747758750053328,0.5219297415238565,-0.757345280995505,0.1830084339280261,1.088633038557825,3
-0.1192106293060649,0.6649114007233617,0.1126453446422534,1.6374466131591978,0.9973740724287872,0.8978200122890985,-1.4366714601944992,-0.11150522481775,1.681021320437912,-0.6527276280463755,1.3701886597363444,0.5052475742345685,0.0599255039786715,-1.1005464656421455,2
-1.082233948946807,1.8081216166612504,0.0565165544182608,-0.6477877743908548,0.414009774547283,0.077893060426908,-0.5606529544984227,-0.0820444510360146,0.3014144754124738,0.4030266717152053,-0.8020664705193058,0.9261118593112596,-0.747149078919329,1.248709971804608,1
-0.1602653628009659,0.0120504301389045,0.0602691195459104,-1.7142304885808792,-1.71710393714107,0.077893060426908,1.8345390585101533,0.2179339058747736,-0.8742798152912046,0.2564050306836516,-0.0631985282442506,-0.5469131384571595,0.2828808169403161,-0.7021759394297957,3
0.4136655843430568,-0.0555293280402521,0.1057154532210798,-0.6477877743908548,0.2497763107013993,0.8978200122890985,0.0033384861277578,-0.0263925804551716,-1.2625763260001632,-0.897360045862408,0.9701645903433788,1.3469761443879509,-0.2023884843621817,-1.4554480396330658,3
-0.9465755221446654,-0.6050090913836154,0.0043214331374503,-1.8665794477508828,1.3157770721392534,-1.1519973673663786,0.8388371486603753,0.0485690979535103,-0.4729369361621184,2.143645407162276,1.7607010379149153,-0.9677774235338508,0.0827053220354118,2.384777060752496,3
-1.392768912842662,-0.6653716397250224,0.0472331652123873,-0.0383919377108407,0.5502748536972069,-0.3320704155041883,-0.5500508431768405,-0.0343900820489698,-2.5215139973728022,-0.2842196480538319,-0.2955820475949038,0.8208957880420868,0.1235631231872275,-1.109003307932118,3
-0.2220372884042272,-0.7801139747389737,0.0679839519579262,0.5710038989691733,-0.0250573223684604,0.8978200122890985,-0.3425206093319199,-0.051062891884641,0.0133296561127035,-0.6648105650040581,0.5798133608599666,-0.8625613522646779,-0.0736636539908602,-1.5820203688530623,0
0.8127543724385683,-0.2515245209032754,0.0459910525069108,0.8757018173091803,-0.1550278054539473,-1.971924319228569,-0.1164496382367432,-0.0460322065463785,-0.6145256057680645,-0.5801454771030874,0.3015023117859873,0.6104636455037412,-0.1925560481896685,-0.5787737872973399,3
0.5683049810827548,-0.040857217486154,0.033525254974759,-0.0383919377108407,0.4613951188426994,0.8978200122890985,-0.6067798462099544,-0.0698540168206711,-0.1279218012275438,0.0582759500468521,0.7859634377616134,0.7156797167729141,0.99883166460359,0.2568287280304687,1
-0.5684134219362796,1.5609725285625842,0.0489278304475195,-1.8665794477508828,-0.7685685528600293,-0.7420338914352835,0.1540735798623482,0.3046789283503583,0.9024972217074866,-0.9509885074470094,-1.4953884436922025,1.1365440018496051,-0.3093684592385909,1.4186094460340302,3
1.660143928362808,-0.1213116930537399,0.0280483137646168,-1.2571836110708687,1.4346379864167502,0.4878565363580032,-0.1280465566667225,0.4206602955598557,1.6263869086182996,1.5489493198966884,1.2457665288400814,0.18959936042705,1.0420370469584554,0.4804463377483548,3
-0.2315851687887783,-0.2124457464355373,0.0486363653910374,0.1139570214591628,1.641208028921652,-0.3320704155041883,-0.1536223920432869,-0.0240770307477778,-0.562815761894461,0.6764008932388579,1.119572600315306,1.0313279305804324,-0.0950007659763989,-0.6170983216439445,0
-0.3732392636579383,0.1992430946485561,0.035716829009713,-0.6477877743908548,0.4882467394322333,0.4878565363580032,1.5707398467661071,0.2341448440297981,0.522435108467769,-2.213644962750939,2.068771878672376,-0.0208327821112955,-0.4134987647762371,0.482686188051651,3
0.4508194721148661,-2.5771780042751358,-0.036801807194191,0.4186549397991698,-1.08450427025993,0.077893060426908,-1.0949579437164088,-0.0862561512937445,-0.2661382710598874,-0.1526410098215623,0.1509981304704162,1.1365440018496051,0.5631015403842506,-0.3491557241484128,1
0.4318877190649626,0.6220743643986435,0.1191039875431928,-0.1907408968808442,-1.268288805207504,-0.3320704155041883,-0.1658070612167232,-0.0852456132224332,-1.7420685306155534,1.2091212855679203,-0.4702639170081772,-0.3364809959188138,-0.3358406769527063,-1.1960759869684645,1
0.6826928212235978,1.191791278938966,0.0454120924177359,-0.9524856927308616,-0.5484207514094498,1.3077834882201935,0.7743107236279738,-0.0193082375879197,-0.7668469965397978,-0.2992764269827582,-0.0597606584489175,-0.6521292097263323,0.1059280828177179,1.201070773121862,3
1.2633611037969892,1.7703873562417811,0.1263436293763712,-0.8001367335608582,0.6968751141514987,1.3077834882201935,-0.3535011173404093,0.0390645455703032,-1.7119078559606964,-0.7799685336599282,-0.3565154456054235,1.241760073118778,0.7392445542724319,-0.6677092563790642,3
1.097211038309461,-0.1963530478512962,0.0371068048740085,0.1139570214591628,-0.9263039845211378,0.4878565363580032,0.4903224746475498,0.1627705044481668,0.8438960053792314,0.004860706306552,-1.0556353910488263,-2.0199381362255786,1.184040490451885,-0.1582285353448769,1
-0.1151912769548017,-0.3431658980342071,0.0316869746464493,2.246842449839212,-0.9716630154251822,-1.1519973673663786,1.7704557171865412,0.059245432233737,-0.2979535860011424,1.477693349683501,0.4258175979601348,0.8208957880420868,-0.5458376041436229,-0.1079973636887162,2
-0.3632132245239521,-1.297698757542922,-0.0017972526262028,1.4850976539891942,1.0392427130910449,0.4878565363580032,-0.9631416289715944,-0.0896682400757605,-0.4747496578181074,0.2391900079263396,0.3052778993596774,0.4000315029653957,-0.0956964375301589,0.839450446105823,2
1.2899722945420646,-0.3713384778141126,0.0374889914542722,-2.17127736609089,2.0544285150886767,-2.381887795159664,2.803927829893732,0.4366282053463012,-1.149303692274184,0.0696652528305567,0.9981681341143992,0.0843832891578772,0.6375647718094468,-0.4214355377518797,3
0.6513657689159694,1.2361986356763806,0.0715722956849876,-0.6477877743908548,0.2690774743308513,0.4878565363580032,-0.1826523937649292,-0.0791185260119328,-0.975843141857394,-0.7022991310116921,0.9977616229028976,0.4000315029653957,1.0339098298329064,0.0943185009682136,3
-1.2096994916946031,-0.3147799302274854,0.0430351314397388,-1.1048346519008652,0.2935985498434238,-2.7918512710907595,-0.6758170867652628,-0.0271816888785919,-0.5989615308087973,-1.103201186385574,0.1306190835067368,-0.1260488533804683,-0.4155834566992462,-0.5567010070981117,1
-1.1050397300084984,1.493770991012068,0.0449864081571699,0.7233528581391768,0.1375634805653822,0.4878565363580032,1.084495594418504,0.0991151849812236,-0.8695697320644434,-1.1721547573602444,0.6380995608019446,-0.5469131384571595,-1.3666385023938183,1.5988821134574622,0
-0.6102209843055167,0.2969903577505337,0.0193213498509318,-0.8001367335608582,0.4775840481720246,0.8978200122890985,-1.3938953354966166,-0.1090927660109299,2.773605763575605,1.2249039312566647,0.6978123553374275,1.4521922156571236,-0.0844780987478944,2.1532355942171755,3
0.813569563808825,0.9229919094099296,0.1506307709615925,-0.1907408968808442,-1.2804004150441632,-2.381887795159664,-1.2466627802773036,-0.0941878601032191,-0.2880944455098024,1.608585100885095,-2.100910143390709,-0.3364809959188138,0.1567804598606671,-1.3281279467801532,2
1.4561596686217044,-0.21485865359069,0.0451865276248004,0.4186549397991698,0.5893697708901516,-0.7420338914352835,-0.6982347661896406,-0.0838629673921927,-0.1100673041919593,0.4646498460489578,0.7778922367286281,1.5574082869262964,0.1369467651150726,-0.5070082114193661,2
-0.0230571932383056,-0.1333344834737956,0.0273161193855565,1.180399735649187,0.2753584705535806,1.3077834882201935,-1.1307202878437612,-0.1001789797868301,0.7031702269731851,0.3246015677849141,-0.5415914048240269,-0.4416970671879867,-0.0083348908736545,0.5125007516914335,2
0.983323566254142,0.8571822764590928,0.090272512357629,0.5710038989691733,-1.156438069363046,0.077893060426908,-0.6120230943315916,-0.0530820648042347,0.0964501799553934,3.4531289532052463,-0.3954047523259403,-0.0208327821112955,0.8263771950040292,-0.6484315995918538,0
0.9802426406414853,-0.04231378630073,0.0323730237480874,0.8757018173091803,-1.1813306769478211,0.4878565363580032,1.1094775800792631,-0.0379326772876574,1.570726523989213,-0.9040163127146116,-1.0077877281086751,-1.283425637341369,0.6072246587722214,0.3236374858703527,2
-0.0492529225531943,0.9664852260988864,0.0788381426088233,-0.8001367335608582,-0.7442165322569303,1.3077834882201935,0.001349075137869,0.2855845694073193,-0.4221386502290606,-0.0304304347157575,1.1353393420299618,1.1365440018496051,-0.0405608680422463,-0.3256417233026881,3
-1.133098220560391,-0.3834952080581222,0.0147558295513987,0.4186549397991698,-1.2220492249525623,0.4878565363580032,1.159529144952728,0.4291399969597443,2.3790883943719723,0.6666072307994134,-1.4971855738254456,1.4521922156571236,-1.0871799519602727,1.197778296705985,0
0.5532289763726401,-0.1148209728276003,0.0600501170417402,-1.4095325702408723,-0.8463579085431073,-0.3320704155041883,-0.1607584677893886,-0.007706439321484,0.0011006260140375,0.0662545019021589,0.0660323090576388,0.18959936042705,1.3243214511786736,-0.8213314327955401,3
-0.0021403808044281,0.735218516725253,0.0662570769002989,1.4850976539891942,-2.6219023075335905,0.4878565363580032,-0.1919647126414293,-0.6730413785603553,-1.963732219179294,1.092460013681335,-2.1370295170642275,-0.1260488533804683,0.336594857727484,-0.1849242007111781,2
0.2258183029493854,-0.070772480097944,0.1137035403172295,1.332748694819191,-0.5359071576899588,-1.1519973673663786,-1.2063972575398487,-0.0574165404587394,1.3375869775052422,-0.3874314258259805,0.330316161886595,-0.3364809959188138,0.3063707837602092,-1.5349092139517029,1
-0.0748436325743015,0.4056210163052037,0.0515387470812964,-0.1907408968808442,0.0929130448508183,0.8978200122890985,-0.6831293502867466,-0.0913596952498839,-0.3077586125950121,0.1387425702264718,-0.3609575126320586,0.18959936042705,-0.2421964162650473,-0.0184075963445703,3
0.2649576144140681,-0.1756219698700165,0.0358212458271245,-0.3430898560508477,0.1568767244972145,0.4878565363580032,0.2206782584155742,0.0767133108237521,0.1207362517754767,-1.471636134533317,1.3234741421088176,1.978272572002988,0.4957809522771502,-0.0667819147701627,3
-0.1583350128231362,0.0880342478426974,0.0393161805713601,1.0280507764791835,0.638149116101047,0.8978200122890985,-0.3187836400620459,-0.058846247823292,0.3928905713279292,-0.16709585153557,-0.4108607048107988,-0.0208327821112955,0.2612041421714084,0.1286647634224073,2
0.1963223779429826,0.5037568481263948,0.0790147286710639,1.0280507764791835,0.8418309317641619,1.3077834882201935,1.3543881745061928,0.0327719309553428,-0.370599668659866,-0.6986559967114285,-0.0597606584489175,0.0843832891578772,0.4870047273232157,-0.6930919875052718,0
0.2877091530001198,0.4271575242508705,0.0444510888074531,1.332748694819191,-0.421898375325512,1.3077834882201935,-0.8064090060920438,-0.0894909212759502,0.3125112665838856,-0.9347042563843686,0.2524897620195754,0.4000315029653957,-0.3039827939698457,0.3144951929120733,2
-1.1207392705099644,-0.7450186710266794,0.0166280939810484,1.6374466131591978,-0.7373637493607453,-1.561960843297474,-1.1023081260536591,-0.097460857251827,1.246461178334749,0.8353353830539365,-0.6753357206353205,-0.9677774235338508,-2.1404033373579474,0.1353596837669256,0
-1.6672693404911414,0.6828208518156839,0.08413118869699,0.2663059806291663,0.6379983088535464,-0.3320704155041883,0.6524968388746013,0.0053790836262368,0.5633142314729469,-0.7558605637386476,1.7256766987448884,-0.6521292097263323,-1.0064998278543,-0.6578129885046212,3
-0.48576485572641,-0.0111394225498863,0.0384758342178241,0.2663059806291663,-0.0849899298497679,0.077893060426908,0.7014537346562667,-0.0418251594116942,-0.0365769898487931,0.9918776678335562,0.629884955464124,-0.5469131384571595,-0.3180250675255661,0.0347135737007046,0
1.3365116915017214,-1.0511370398456956,0.0130514506062817,-0.9524856927308616,-1.099429871617027,0.4878565363580032,0.7075273015697578,0.0538801086616323,-0.2051464587977205,1.1830391155107125,-0.2723029241638092,0.9261118593112596,1.194841219414044,-0.3197785603205061,3
-0.3455241075035224,0.3234424701480859,0.0809769930292713,-0.3430898560508477,0.943144685048388,-0.3320704155041883,1.38360226474282,0.0601261044849824,-1.933942997668,0.1574062661676779,1.6412291394760183,0.6104636455037412,-0.260549589294067,-0.8705632159051291,3
-1.0341169769911809,0.1010172755348586,0.0903182017257258,0.5710038989691733,-0.659304503054944,0.077893060426908,0.2359850943303522,0.1187487069843266,2.2392723692608776,-0.9891894145542128,-0.851630746349011,1.873056500733815,-0.5401687507732249,-1.1792271944637274,1
2.0193436365217,2.390061509978274,-22.2251442746014,0.4186549397991698,0.6360091718242302,0.077893060426908,-0.203831617209435,-0.052302056889935,-0.4019702398287922,0.8312500817735837,-0.606035747542544,-0.5469131384571595,1.005608355517923,-2.611221317478606,0
-0.548441524618367,-0.2567417218957492,0.0181121814676252,-0.0383919377108407,0.6355881474956694,0.8978200122890985,-0.1566181424708181,0.1253629480258794,1.0570509665459726,0.1616447768915311,-0.4307394690877481,-1.5990738511488871,-0.2056425175041263,1.097014765793913,1
-0.6129921982838893,-0.6488722448099613,0.0225288141517948,-0.1907408968808442,-0.5098261980837144,-0.7420338914352835,-0.3552572343749536,-0.0392165341604389,-0.7411540538141698,0.5655303328885849,-0.8472843568692952,-1.70428992241806,0.0806003809366622,-0.1032487720160093,0
2.101716063918873,-0.5553544102960106,0.0075921703873426,1.0280507764791835,-0.7605459903439259,0.8978200122890985,0.5909319091428129,0.2480995617536719,-1.5015061306449584,-0.2192103495256835,-0.5732833119452128,0.8208957880420868,1.2432543696593354,1.8318067914304847,0
0.1595949112609107,-0.5217572552945247,0.1130803718553045,1.332748694819191,0.2309089966187373,0.4878565363580032,-3.1805755096619563,-0.2643417251337338,-1.5587727820181247,-0.8898730730368212,-0.8323403529612736,2.8200011421563698,0.3943465011142866,-1.7897506917131862,0
-0.9008350966770312,1.3460679679821688,0.0978954894679178,1.0280507764791835,2.234747109126243,0.8978200122890985,-1.325040797839803,-0.1173759902505801,0.7556721719671047,1.6650211924865486,1.3896077700235965,-0.2312649246496411,0.2076087604239248,-0.4600437271146569,0
-0.3003392592915805,-0.6467562668905977,0.0524530751143417,0.2663059806291663,1.788531630251634,-0.7420338914352835,-1.693720066465896,-0.1304124961462675,-1.3556478734410125,-0.3974507765525676,2.078298895907912,0.9261118593112596,-0.119740555037891,-1.2034042986029587,0
0.7037048490257989,-0.2003312453247369,0.0226387394739915,-0.6477877743908548,-1.1360652896463226,0.8978200122890985,0.3594846976772761,0.2531361333346443,-1.8820312932052248,1.81755709849508,-1.6845482713969429,0.5052475742345685,0.0890595221310167,0.7656766485923111,3
-2.016570028265079,-1.5948007574529035,-0.004908029927565,-1.1048346519008652,-1.2474306728540934,0.4878565363580032,-0.4203424836033624,-0.0347415474843308,0.792760499047081,-0.4576847016042869,0.3624632119984746,0.6104636455037412,-2.286978149940012,-0.2540396176832063,3
-0.2923462369948208,-0.646256240665864,0.0151076750864003,-0.3430898560508477,0.3446890806834028,0.8978200122890985,3.2418166506667765,0.2028445049709555,0.6045629852891873,1.2176627391720225,-0.3379821687351864,-0.757345280995505,-1.0605106407363707,0.5130926614353711,1
0.6787317568126042,0.0653267392198777,0.0297711615419126,-0.9524856927308616,2.292882335105772,1.3077834882201935,-0.2285085481762758,-0.0349629297520712,-0.0086480641997656,-0.5412307951133352,0.4324683217357494,0.4000315029653957,-1.196429644276413,0.6694269239626363,3
-1.2600012982160325,-1.3189849318407154,0.0014242801207115,-0.1907408968808442,0.1068760678730635,0.4878565363580032,-1.02769109464596,-0.0861583600852267,-0.4054405428872012,0.381465261352287,-0.2086942750587865,0.9261118593112596,0.3464209528707982,0.0802417735989082,3
-1.0368985998680644,-0.4372250484846709,0.0603022352484594,0.1139570214591628,2.0842801725320568,-1.1519973673663786,-1.087592641416431,-0.0247727146765126,1.126328579282863,-1.186462245355133,1.5234901623979331,0.5052475742345685,-1.8758421300505816,-1.143003671119715,3
-0.2382955970475252,0.8031037844279915,0.097503693192661,-1.1048346519008652,-0.3192594292681228,0.4878565363580032,-0.4124572448032636,-0.0500325401213881,-0.0240895639782668,0.0600874975021306,-0.087818703301511,1.5574082869262964,-0.1568763644910466,-0.8088951675142314,3
-0.8587091232427724,-0.5029619956219835,0.0244561031616865,0.2663059806291663,-1.684847972587466,-1.971924319228569,0.7160127452924221,0.0891383577114134,-0.3159487867107003,-1.443816341404307,-0.9473955419379418,-0.3364809959188138,0.0443868150964513,0.0476203058779538,3
0.2428745376569349,0.1121212463966047,0.0485521355860604,-1.1048346519008652,-1.1839217104162716,0.077893060426908,1.4279159428662238,0.1211404030813376,0.7212896874646147,-1.106546094225607,-0.6011671961627479,-0.1260488533804683,0.8441324556588959,-0.2380630584772632,3
-1.2139956748425904,0.1404222977284882,0.026282810938568,-0.0383919377108407,1.0014536424754197,0.077893060426908,1.1513689235349047,0.0112552545378925,-0.4963442297324237,0.1970841828850184,0.7256724047519537,-0.3364809959188138,-0.6576789912820982,1.0777016446035104,1
-0.2485330595496546,-0.0267490821645511,0.0503084359889707,0.4186549397991698,1.1318309547981862,0.077893060426908,0.1304083123409597,0.081759582456792,1.3623853341575756,1.4173875456495555,2.230435877974216,-2.335586350033097,-0.0330913109736872,-0.4580139983044248,0
0.093393353199368,-1.372979364557462,-0.0004334711555013,-2.018928406920886,-0.574101219649327,-2.7918512710907595,-0.8297106790534812,-0.0674208562101157,0.6825367156666203,0.4312188118527912,-0.2261625431138769,-0.2312649246496411,0.1217091442243099,0.1464182210455953,3
-1.0105110867870215,-0.2879442332068609,0.3515237548911998,-0.6477877743908548,0.3010159124336113,0.077893060426908,0.991741681042794,0.0505914249035308,0.2368738393918331,1.5679719415755724,-1.023704003034692,0.6104636455037412,-0.5159291777594741,-2.267328799570905,1
1.353337620889711,0.6293417466631221,0.0496154785294743,-0.3430898560508477,-0.8009810427018383,-0.3320704155041883,-1.4772148559031382,-0.106667793933555,1.4802509361902323,0.1551278584915373,-0.8842607855618155,1.1365440018496051,0.7410989301506007,0.3132746973672621,3
0.1692457963731531,0.0151891119122884,0.0541337421539638,0.8757018173091803,-0.1060582543861337,0.8978200122890985,-1.0689251624807818,-0.1031359681732772,0.5997694145700336,0.5774904654223307,1.0119462836293869,0.5052475742345685,0.0486032357032803,-0.5312419755869884,0
0.3935639470511695,0.7252327980939742,0.02347065360079,-0.8001367335608582,0.775040822563742,1.3077834882201935,0.1529644485671497,-0.0484070393253389,-0.327754584526642,-1.0790762506787397,1.3053779934589025,-0.1260488533804683,0.5617398709721052,2.4624968292435367,3
1.6661509985439371,-0.7601082619879777,0.0270941646990807,-0.0383919377108407,-0.9719308834963968,-1.1519973673663786,2.9108324437873665,0.3167028079923699,-2.3074153243200177,-2.726488547969624,-0.6585490975561031,1.1365440018496051,1.5781660884531032,-0.5666309291843018,0
1.1094290170178875,-0.5018560099411828,0.059708783848987,0.5710038989691733,0.4232892338074582,0.8978200122890985,-2.107016681283517,-0.1678758250961393,0.493918009561906,0.080721622208498,-1.2958019243481245,0.18959936042705,1.243280165234361,-1.1952879604216915,0
-1.0011193235286608,-0.072437565050718,0.0240793043014982,-0.3430898560508477,-0.9448776027365868,0.4878565363580032,-0.2087804191393595,-0.0369023881200463,-1.178064856697383,-1.4160824846789772,-1.6885685566454791,1.767840429464642,-0.8845304729305129,0.8831208674242661,3
1.7368757075606025,2.023356631228205,-0.814810129228511,0.4186549397991698,1.0141542818111853,0.077893060426908,0.4049757749595816,0.5035378906710786,-0.8610320575190088,1.560489850587595,0.4925073198764162,1.241760073118778,1.0936053836653454,-2.9618418740214474,0
-0.6057473339411845,-1.248882546240268,0.0257581210316233,-0.4954388152208512,-0.8835436065899364,0.077893060426908,-1.5627419998206458,-0.1204875983370254,-0.9039325565568976,0.4177440001316395,0.150683884458938,1.1365440018496051,-0.8658281079450556,-1.3825498789114627,3
-0.533206411456058,-0.409601335015791,0.0081117044360022,-0.1907408968808442,0.1278200496161254,0.4878565363580032,0.9249343096362967,0.0176709590160735,-1.4602118837510645,-1.0829879699021498,0.2393451995913176,1.1365440018496051,-0.3996633571800683,2.195132609948715,3
-2.500781238784499,-0.0362137215550323,0.0360754369439688,0.8757018173091803,-0.3788784677901737,0.4878565363580032,0.1860165286860629,0.0247720145534285,0.4549576917718047,1.4553902374022043,-0.4477072615430017,0.18959936042705,-1.5402868689538027,0.1216811972387916,0
0.611377626544767,0.2268533866741959,0.0207251307352473,-0.4954388152208512,-0.5318305480032479,-1.561960843297474,1.078980643070892,0.1872851970623441,-0.5449123392324512,-0.1846924027602016,-0.9654157491097036,-0.1260488533804683,0.8270298659118167,1.8234901131886565,0
-1.3722160724354235,0.3324702565797375,0.0373545806320556,1.7897955723292014,-0.9286362202733957,-0.3320704155041883,0.5855568741542444,0.0237101440781817,0.7911132516246653,0.6527796217745649,0.6632109141347069,-0.3364809959188138,-1.1624886748779355,0.5741888768491689,2
0.4086441778619322,0.6785504927755331,0.0364002822374497,0.8757018173091803,0.2134748507805844,1.3077834882201935,-1.5216003061396022,-0.0947429037279538,0.8116452644974785,0.1326872787897076,-0.956161948999648,-0.6521292097263323,0.0423485409921639,1.128636534539551,0
1.7312313766487772,1.848394206680945,0.1750096229910747,1.7897955723292014,-0.4835738025588862,0.4878565363580032,0.1418644080739788,0.0175877727479678,-1.1774815373530552,-1.277717949762516,-1.8350842428677705,-0.757345280995505,1.2636186233749158,-1.1308787371829807,2
-1.703466234947924,1.060487307861217,0.1032496152853593,0.5710038989691733,-0.4727627403560992,-0.3320704155041883,-0.3474830676965191,-0.0312808183089463,-0.1488472453905468,-1.056502936998379,1.3699834527937669,-0.4416970671879867,-2.1906095605826783,-0.7349083970050547,2
-0.8369350895248463,-0.0626797563608037,0.025712753556339,-1.1048346519008652,1.3158367293474715,0.077893060426908,-0.4055646758943061,0.0891898602215552,0.4383538605825173,0.9157172028622887,0.9557355982963672,-2.0199381362255786,-1.6634320317851168,0.7619165063259284,3
1.7921952564193522,-1.111119508409687,-0.0001922788084858,1.180399735649187,-0.4125807310261243,-1.561960843297474,1.1208696959368656,0.3325408734068925,-0.3246373864253868,-0.984614735100965,-0.4237920695744729,1.0313279305804324,1.7245053496058989,1.3904758193314997,1
-1.5468925324212373,-1.7942238746416688,-0.0114292092017052,-1.8665794477508828,-0.5900516863114277,-1.971924319228569,0.3320828082172929,0.0052888048465983,1.2678148875479474,1.0484383745357448,-0.6670532958988,-0.0208327821112955,-0.7908552825634837,-0.1156893283633816,3
0.6241430622509276,-0.2146602115645265,0.0313912060969699,0.4186549397991698,0.8759604458817417,1.3077834882201935,0.0314021116033759,0.2180340192481566,0.0233709692359577,1.1874839488450597,0.3434108601074583,0.6104636455037412,0.3041597473169892,0.1116860395800943,1
-0.2567869664241984,0.0826130059706847,0.0366311933792008,-0.3430898560508477,-1.2876649419488806,0.8978200122890985,0.8533407349260268,0.2348770835101703,-1.6141074621444225,0.7035899098315634,-1.1523798934843967,-0.6521292097263323,-0.0491495290540516,0.2620370504020032,1
-2.5701060642146127,2.211208451759876,0.2057624171770745,1.4850976539891942,-0.3643247439507516,1.3077834882201935,0.255082067268893,0.0410798832733392,0.108539584769364,0.5840712013437874,-1.008428224771586,0.2948154316962229,-1.7637845362516544,-1.2134353746853388,2
-0.1645014037715177,1.0233397232922778,-0.2207102424692377,-0.9524856927308616,-0.3405511513370844,0.4878565363580032,0.8737378099432205,-0.0101567922512336,0.6887669329889731,-0.945482763897122,-0.6017081457049047,-0.6521292097263323,-0.2417895600425302,-3.657099353185546,3
1.1333723533767734,1.5981225301268254,0.2111714931442642,1.6374466131591978,0.5893794053621118,0.8978200122890985,1.8260653988712916,0.2274201816369318,-0.9581236917845616,0.995644239072164,0.6760498827028097,1.0313279305804324,0.2506509559587805,-1.446803105539206,2
1.1723384460323187,0.2275470500066979,0.0499722928285396,0.4186549397991698,0.4217118544357658,-0.3320704155041883,-0.6654714130665477,-0.087543957494963,1.5978600664794331,-0.0513205030217094,-1.2851651309319427,-1.1782095660721963,1.5342235467390362,-0.158487845846812,0
0.4521893773613937,-0.7104068290524566,0.0100130726037288,-0.4954388152208512,0.0697755518285646,-0.3320704155041883,0.0735333436538433,-0.0540631673573729,0.7712319536880378,-0.4384136752152395,-0.0597606584489175,-1.0729934948030235,1.1235783592168846,0.9527430531989912,1
0.4404097833727891,0.2747829627750425,0.0455025333506777,-0.6477877743908548,1.1777907427952303,0.8978200122890985,-0.2615199093314203,-0.0177637942122692,0.3797208923157418,-0.5703804406254265,0.8720955649422938,1.1365440018496051,0.4320207278671093,0.0785005910084475,3
0.1491924553068634,0.2311391581036957,0.1127670240573282,1.9421445314992047,0.548901978384301,0.077893060426908,-0.9486779528315086,-0.0766178665106357,0.451223489164321,1.0875400128807184,0.0391976081440977,-0.4416970671879867,0.0990485534994855,-1.3526568968076154,2
1.1762864513624969,0.017657121265145,0.0529512690959151,-1.2571836110708687,0.6587551580811262,0.4878565363580032,-1.1078016170728733,0.0484743834370073,0.67455344525549,-0.9513452204464254,-0.4982661710777543,0.0843832891578772,0.7423021249339868,-0.4927406666988779,3
-0.8506560122430747,-0.9589350618713106,0.0052383136148698,1.9421445314992047,-1.8517562919718884,-2.381887795159664,1.0139007743648965,0.2207429032382814,-1.5868348302105504,2.353965225423273,-0.9094034730832152,-0.2312649246496411,-0.8437521252476484,0.8825916617100863,0
-0.393309780558634,0.3213658894411059,0.042844784864614,0.5710038989691733,-0.0538685883515512,-0.3320704155041883,-0.6690818073828708,-0.0249544197267117,0.4192479609103083,-0.7497618492123729,-0.885255647940139,-2.230370278763924,0.4053872019676186,0.2602688953286606,1
-0.4089971261761677,0.9737653919618454,0.0399388077548934,-1.4095325702408723,0.4945724274020761,-0.3320704155041883,0.8234384883806436,0.0021277002519222,-0.268282255632709,-0.5490098762146963,-0.2765345937080846,0.0843832891578772,-0.9720232555307576,1.2855204533921183,3
0.5832310858264501,-0.8593874364674358,0.0046891205489464,0.5710038989691733,-0.2769517810681392,-0.7420338914352835,-1.5407575679698684,-0.1244835178726616,1.6727370064671343,0.1066241292966142,-0.5042607401186671,-0.8625613522646779,0.6871370698917907,1.3481901460093542,1
-0.9940981751034716,0.7195881196588385,0.0357402997193626,0.1139570214591628,0.3667840970157504,-0.3320704155041883,1.6745546699230671,0.4598419730190895,-0.3379375401531594,1.0685981905857114,-0.0597606584489175,-1.70428992241806,-1.2940735407081925,1.2364316237951083,0
0.6569805747800218,-1.7898295929065364,-0.0117790898943814,-1.1048346519008652,-0.2653851938345814,0.4878565363580032,-0.5681146651311628,-0.0650330547946813,0.7455696780104754,0.2313145541169939,-0.285907355766046,-0.6521292097263323,0.232875406024077,0.2299715696012705,3
-2.558140857627079,0.6572734147291154,0.0939991996950755,0.4186549397991698,-0.0158778468576599,-1.1519973673663786,1.0638862236764248,0.009311583384279,-1.655206531570729,0.3760116548637245,-1.1163226113810305,0.18959936042705,-1.775169458010461,-0.85029068166452,2
-1.3714131274084167,-1.082115657340416,0.0075517193108076,1.4850976539891942,1.3802070970667664,1.3077834882201935,-0.050784097552486,-0.0224419889898042,0.3391991863858469,-0.2247722995580521,1.0592362128367416,-0.5469131384571595,-0.5134846004804102,0.1293236611617151,2
-0.0464967792779658,0.7085758543807422,0.0978791736712226,-0.1907408968808442,-0.4615525134224128,0.077893060426908,-1.3418383325454908,-0.1156492240517606,-0.2917386674416671,1.271895624310293,-0.1753327092905984,0.5052475742345685,-0.510546699403213,-0.8766511418973009,3
-0.6863202386106056,0.8970285750289866,0.0612189104640065,-0.4954388152208512,0.7800502728901435,0.8978200122890985,-0.1329878095238343,6.089658666059682,-0.4918101181165992,-0.9211398256670996,2.53717309014596,-1.283425637341369,-1.621048866288929,0.1305944295775297,3
0.1026731452635999,2.187331420795076,0.191683661269937,1.332748694819191,-1.0579643960612022,0.8978200122890985,0.2368504992942407,0.0739914435564143,-0.6525910731460102,1.435041688095196,-1.6524667309559782,-0.3364809959188138,-0.6211363531012309,-1.127841424713096,2
2.1333028456772034,-1.8830978095905884,-0.0134467916029383,1.180399735649187,1.98498966461211,0.8978200122890985,-0.3389065866063546,-0.0162986335243313,-0.613389202377759,-1.1253358986271926,0.3336849790544461,0.2948154316962229,1.4529177483229747,-0.9947194479259353,0
-1.0717541246578337,-0.0240098473872606,0.1166160375596116,0.1139570214591628,2.605163093874576,-0.3320704155041883,1.2165890386414857,0.0273381909832746,-0.154262113775484,0.0574012925399585,1.3502289662965417,-0.3364809959188138,-0.279387559255894,-1.5321313295866712,3
-0.9272204550082108,-1.9945107049323585,-0.0175775377619417,-0.0383919377108407,-0.8107461942572833,-1.1519973673663786,-0.9139804786912018,0.0212594697215518,0.2648083195093135,-1.842506024001129,-0.3577224213192466,-1.4938577798797146,-0.1605881587219384,-0.3028466524182024,3
0.9222373177187028,0.7593653202765581,0.0951662877745002,-1.2571836110708687,0.5898673998187312,-1.1519973673663786,0.9107988770271545,0.2614958029737654,-0.1253746055732059,2.2459352326562083,1.1093167814414877,-0.1260488533804683,0.7427837803525341,-0.8003467491620511,3
0.4661313027430635,0.898243878793466,0.0477826701992564,-1.2571836110708687,1.2890111422973998,-1.1519973673663786,-0.3911878941152564,-0.006187984020115,-1.910014825919228,0.4670883425575141,2.748825495132943,0.0843832891578772,1.450941557797866,0.713589598062149,3
2.6826947928867315,0.6508662707753945,0.0352916615995196,0.2663059806291663,0.4232803633862031,0.077893060426908,-0.6398204723455938,-0.0910968089422765,-0.6914894786003831,-1.152616094072696,-0.2501498085135309,-2.125154207494752,2.1939575099601374,1.1698511498226811,0
-0.2617260014394326,0.0640580957517246,0.4950258359427067,1.0280507764791835,0.9290515508245702,1.3077834882201935,-0.0678016608640908,0.0350171754525524,0.5527268608841354,0.7892910824823306,1.0121883977486483,-0.4416970671879867,0.0060967071677731,-2.308973876925701,0
-0.4381802511623009,-0.9811528671686542,0.0149015550285639,0.7233528581391768,-0.5636025187226128,1.3077834882201935,-0.2214954914770779,-0.0066775992515953,-2.3454460370494976,1.3939843500099605,-0.7867256690813662,1.1365440018496051,0.3188648866455887,-0.2877825605437533,0
-1.2235692161035203,-0.2446663970213451,0.0312057059829456,0.1139570214591628,-1.6012516464288662,-1.1519973673663786,0.9716353078611428,-0.007523476712169,0.4736737213411213,0.4852999894052913,-2.111756859932465,0.8208957880420868,-1.9644823851439923,0.0747061979194691,3
0.4977455891520886,0.0727374014545226,0.2835117945228619,1.7897955723292014,-0.5080451954685983,0.4878565363580032,0.6070591461952872,-0.029983285120868,0.8209471392487304,0.5641313968040972,-0.863342751093849,-0.0208327821112955,1.0030424701780498,-2.102997169846627,2
1.6462309642527706,-0.9078360845386724,0.0178797008939055,-1.4095325702408723,-0.35486710124188,-2.381887795159664,0.8030921943377036,0.027578759968747,-0.1111862508077049,1.8856473097183983,0.3717008382738165,-0.9677774235338508,0.8528692337559162,-0.3316744048710964,1
-0.6295506102737404,-0.8213994103320409,0.0082815685959019,0.5710038989691733,1.1798120131082726,0.4878565363580032,-0.3945700871770467,0.1460344300599301,-0.8066959683641937,-0.7030036886940203,-0.0597606584489175,-1.3886417086105418,-0.2662489600758436,0.8649458872207377,1
-0.0229535340161371,-1.5635922492163177,-0.0019854240457923,0.5710038989691733,1.454439966121096,0.8978200122890985,0.3062374647804877,0.0468396042735642,0.7605310140611529,0.0091934889330471,1.9882335705722067,-0.1260488533804683,-0.733759875941741,-0.5966870610454877,1
1.1598183079681283,2.263947606040203,0.1400787303055726,-0.9524856927308616,1.4618658550664363,0.4878565363580032,0.1651178800525961,0.0348774742811931,-0.72419301945001,0.7640625506865865,-0.7140814145989838,0.8208957880420868,0.7764869651701843,-0.6032368739883321,3
0.459170459228103,-1.121846107975871,0.0010334716837778,-1.5618815294108757,0.7475697672358251,0.077893060426908,0.9159399992021364,0.0003217483337148,-0.5338400803057437,1.8425618818309744,1.658325384206958,1.6626243581954692,0.1034419639653233,1.0411882259556202,3
0.8028340618407473,0.2343075790228649,0.0512694172806364,-0.9524856927308616,0.370983917934492,0.8978200122890985,-1.123013657657731,-0.0842502320842046,-0.2674736152539751,0.2074987900850466,0.1095339849043324,-1.283425637341369,0.4975279177365663,-0.1985293385287174,3
0.3930281454089036,1.0616310210665172,0.0544475721742218,-0.6477877743908548,-1.4520969284657648,-0.3320704155041883,0.6382369871995145,0.0046771669977108,-1.9532637245879727,-0.2488431352987732,-0.8857950286118074,0.2948154316962229,0.3217673078828663,0.5703956677826384,1
-1.4454627406347074,-0.7165823244204259,0.0957407592713611,-1.4095325702408723,-0.4770863076055259,-1.971924319228569,0.7860957819582263,-0.0316548518454286,0.5944861211521597,0.8880742762974058,0.826987712928692,0.0843832891578772,-0.7481522142063882,-1.7935073394179728,1
2.8692346461810407,1.8851575238288576,0.1128435973484104,-0.4954388152208512,1.1365539555450503,1.3077834882201935,0.3407015378638138,0.1015176181886226,0.4274119139302854,-0.3669156401392202,0.9487895809635126,0.2948154316962229,3.7765127241543466,-0.3980731256213751,3
-0.319495250845108,-0.5061440005270376,0.0110353107593363,1.7897955723292014,1.019135215680519,0.4878565363580032,0.1425369621505056,0.0902427155972963,-1.0631089159222955,-0.9445003199715944,0.8569720464830505,0.5052475742345685,-0.2908459327388107,1.3898608686810354,2
1.480814182006485,0.3318902192291101,0.2259870707098669,-1.1048346519008652,2.157509806000459,-1.561960843297474,0.6078336468497026,0.07818226147625,-1.213937740155259,-0.1264411768618928,2.149242568779312,-1.70428992241806,1.0002321976287136,-1.905749385290489,1
-0.3083927169254282,-1.2248808698574434,0.0179905804372902,1.4850976539891942,-1.200959750782664,-1.561960843297474,-1.2300262161263835,-0.1195873795962503,0.5412704453660543,-0.1265100292436018,-0.1410054679366467,1.241760073118778,-0.388426663315205,-1.0451877092296284,1
0.4669289800639729,-0.8645482737766288,0.017688353040738,-1.7142304885808792,0.2696885080374065,-0.3320704155041883,-2.065816851940228,-0.1642523641047472,-1.5121865997974464,0.7440426307347006,0.9569640495784016,1.241760073118778,0.277841554303179,-0.2212352628066291,3
-1.1236144417290927,-0.1116445898704207,0.0138950851141411,0.7233528581391768,0.7810728545772406,-0.3320704155041883,3.3814790732875566,1.2966633026853345,-0.1384719095878782,0.1097577759972582,1.6376301586831934,1.767840429464642,-0.141127024551797,2.0003555943975875,1
-1.7544975250349273,-0.7795420574393076,0.0239209944922121,1.180399735649187,0.2784597899400587,-0.7420338914352835,-0.9204271636935212,-0.0124171681528247,2.0033015393395943,1.0478651625243307,0.7460149622448774,0.4000315029653957,-1.913445384724404,-0.4388037757486424,1
0.0341448504163731,-0.2657844468899862,0.019607747753673,-1.7142304885808792,-0.2648527130118827,-0.3320704155041883,0.2463490857842165,0.2162687961294142,1.7217183556594096,-0.9239020676436598,-0.5016793584473835,-1.70428992241806,0.3434449695711742,0.9192424823016772,3
0.7600574124444373,1.049635878478088,0.071091974624904,-0.3430898560508477,-0.8897380256318667,0.077893060426908,1.1404433618480632,0.2603813524716742,1.220274296606425,-0.122199646072302,-0.010335210209556,0.18959936042705,0.6286013158360111,-0.050579607439669,1
-1.3637554310993585,-0.0131669894513115,0.0318519586443416,-1.8665794477508828,0.7538526570462781,-0.7420338914352835,1.119320235229282,0.1766134459868369,0.1961571741640686,-0.0140701766629342,0.9344867159089068,1.241760073118778,-1.9203940423591768,0.4017518926333352,3
0.0438396300828716,1.5661305514718455,0.1009233747265595,1.332748694819191,-1.337329683362818,0.077893060426908,-0.8307970093652333,-0.0976288494433215,0.7135573944796312,0.3656809080730012,-1.045165305167792,1.4521922156571236,0.4007629940783005,-0.375598184276649,0
0.2518126856731641,-1.112434092441423,0.0010898833225736,0.7233528581391768,0.6000905527756477,0.4878565363580032,0.237315537920059,0.0963450301117905,0.1732763316872979,-0.0478376940600626,-0.3553913720490032,-0.757345280995505,0.2966459723151237,1.0712730461380249,0
0.6963462172120738,1.828666920418512,0.0964931372332325,1.4850976539891942,-1.6057084672238746,0.077893060426908,0.7593952852275082,0.0409893380160217,1.177984871277621,-0.0954790936273305,-0.0597606584489175,-0.6521292097263323,-0.0476604804962277,-0.113690528982256,0
-0.3538419460158285,-0.3789050624764767,0.0401707186058992,-1.1048346519008652,0.9828135819229964,0.077893060426908,-0.4853336957062449,0.0291073912520762,0.6953250590174551,-0.9855989582781436,0.1987425367977267,-2.230370278763924,-0.9211016073068256,-0.5368403745372111,3
-0.4598858646512071,-0.6205107432551229,0.0146937218645712,-0.0383919377108407,0.419994152210811,0.8978200122890985,-0.7929186734429646,-0.0794288379545019,0.4578835827030318,0.0536827401932225,0.6516324708025145,-1.3886417086105418,0.1650884087276647,0.6197556112493507,1
-0.8149966959444037,-0.5527113529149222,0.0376060527395773,-1.5618815294108757,-1.020622691963034,-0.7420338914352835,-0.6890378958059579,2.259598931908388,0.6958600472237761,0.1334001553068327,0.8162528862798922,0.6104636455037412,-1.0507933245331342,-0.6801823059602595,3
0.5616118191476395,-0.8915758123326409,0.0126222017378735,1.332748694819191,1.8485991130028516,0.8978200122890985,0.9059278711003628,0.7406045137581592,0.5353773951566111,-0.5552068863716766,0.3088359220936269,-0.8625613522646779,0.3309036886810613,0.1390815867816484,2
-1.813484768340214,1.076894142979974,0.1340112926417972,-2.6283242436009004,-0.7284549411629516,-3.201814747021856,0.7485266355592025,0.873656013897748,-0.3152969867405223,-0.1623877219064775,-1.6696363299780914,0.4000315029653957,-2.523251237395752,-1.1105600465748828,3
-0.1633470684869603,1.3134299132338323,0.063723723612939,-0.6477877743908548,-0.7732344160562276,-1.1519973673663786,-0.1378443837682613,5.882628082076752,0.4395514363363951,1.5347194754064066,-1.1504948691988384,-0.8625613522646779,1.2282832639279402,0.4341965555346579,1
-0.8675105182203062,-0.6017798487139491,0.0104189262116759,1.0280507764791835,0.2781869901620761,0.4878565363580032,0.8437526350988944,0.0989838425192444,0.2087423142700168,1.3217222756182443,1.8756225128895376,0.9261118593112596,-1.440742680462347,1.2098543996225926,2
-0.8174526778294161,0.1750212092144227,0.0640457262976828,-0.0383919377108407,-0.6222176800623128,-1.1519973673663786,1.2672404987266437,0.1689911296116642,1.3020205910810347,2.381261085145498,-0.0349824362905843,-0.3364809959188138,-1.6589289284618134,-0.6403670302833795,3
-1.319136684020621,1.288837282792182,0.09772553988116,1.180399735649187,-0.0877709446429448,0.4878565363580032,-1.4308794972886727,-0.0765230568379269,-0.5762482030645708,2.135291339604336,0.8695548734895432,0.4000315029653957,-1.4405965491217143,-0.4943081610763447,0
1.2073729687158616,-0.0063630827528956,0.0513320127159551,-1.2571836110708687,0.7432939532380165,-1.1519973673663786,1.3127153162820229,0.0428436294780003,0.1186905677767559,-0.4459385783533364,-0.8589482545440946,-0.757345280995505,0.7371455132747017,-0.4682487301456425,3
0.8563796289732221,-0.2101845388492668,0.030556070359933,1.7897955723292014,-1.2403869869414603,-0.3320704155041883,-1.3080230574678855,-0.104809783413021,1.3834432252244795,0.6748820660169991,-0.0966351710113283,0.0843832891578772,1.0655280461881464,0.1683196429566204,2
-1.2873192311894095,-0.3887041064870055,0.0621290120130768,-0.9524856927308616,0.7106433349612463,-1.561960843297474,-0.3834906046323981,-0.066960408448166,0.0384667418699815,-3.030575587943089,0.1856781016016471,-0.0208327821112955,-1.759241323572346,-1.1309382356926505,1
1.5005529107210067,0.0731009976816457,0.0380012888208612,1.7897955723292014,-0.4267636987052701,0.4878565363580032,0.8628463219481064,0.1079631604118761,-1.185532399324861,-1.2110589527406757,0.5331097730955056,0.5052475742345685,1.5888797955315783,0.1752363326375155,2
-0.1264938986180498,-1.5943882329496242,0.0040179117560886,-0.3430898560508477,0.2633463851810879,0.077893060426908,-0.8333436517803458,-0.0743953684547693,-0.0401952704372049,0.3890373249241705,-0.3172904288423228,-0.2312649246496411,-0.6203925163105198,-1.3388499472624582,3
-1.0975717097435618,1.4134700533961162,0.0720835528125548,-1.5618815294108757,-1.1324588677539835,-0.7420338914352835,1.3796547601533695,0.07240026397931,0.9432436941644012,0.1832897453945117,-0.3234283820747382,-0.6521292097263323,-0.5517682521678906,0.228745919175754,3
-0.0196402632718485,0.3940996060441912,0.0437528191158998,-0.0383919377108407,1.096744145813103,-0.7420338914352835,-0.2455797092910785,-0.0125392012593059,-0.0479053760425716,-1.1402767786874035,1.9958890106171017,0.6104636455037412,-0.6038993177713274,0.307501891984344,3
1.0858922128269315,-0.4367717342682912,0.0138965603810905,1.180399735649187,0.5857489242119456,-0.3320704155041883,-0.6566024998519144,-0.0065490848879268,1.4046235879140925,-2.020337761113541,0.6133559818126755,0.4000315029653957,0.4513267954675561,1.1744181379136789,0
-0.242354555236846,0.6953274926145891,0.0597303297954964,0.1139570214591628,0.9230009624101908,-0.7420338914352835,0.9672052602711088,0.0554305236656416,-0.6154240081306253,1.6349415761041286,-0.1584473287112532,-0.8625613522646779,1.029191781622359,-0.0142864149655724,0
-1.9630129944944843,-0.0516056878665032,0.0227248343646882,-0.4954388152208512,-0.1588803063930429,0.8978200122890985,0.7340899699057373,0.1444211535240089,-0.2812094784417903,-1.8351220423240424,-0.1150446701358613,-0.1260488533804683,-1.5917914812537648,1.0479055515525244,3
-1.9648281709071196,-0.7612159841389224,0.0530439906603086,-0.4954388152208512,-0.6922920341581112,-0.7420338914352835,0.9018626316554396,0.0114781579277996,-0.7532196704585734,-2.692920626804977,-0.0138802049153306,2.0834886432721604,-2.1220658466056115,-1.3394772841357148,1
-0.6491316869385084,0.1819777983847005,0.0349723873402145,1.180399735649187,1.0122140371677075,1.3077834882201935,-0.3625344407930648,0.0494010698042507,0.6557587293733352,-0.9477967307558312,0.0707211090770752,0.7156797167729141,-1.011541851335878,0.5029113803470326,2
0.1301414595495184,-0.2704419586876632,0.0427153626940158,0.1139570214591628,1.564841315587096,1.3077834882201935,1.316455814649978,0.0401441744762302,0.0641865582871129,-0.9352421048467294,1.6918422037802072,0.8208957880420868,-0.0114849295669853,-0.4888415701754856,1
2.1809315251764825,0.524451199239331,0.0939345147587647,-1.2571836110708687,0.1643096374194603,0.077893060426908,-0.0085891538264213,0.0550813029671927,1.3647866586468769,-0.879204969108519,1.0888868307490476,-1.283425637341369,1.3594756283989573,-0.939259456593874,3
-1.1405733708653456,0.310639703503362,0.0511338770047375,1.180399735649187,0.8065505880526344,0.8978200122890985,0.9285302735952764,-0.0181413988970227,-0.5090373756919234,-1.1102481440354284,0.04577788259997,0.2948154316962229,-0.6984414937981739,-0.1085478227535859,0
0.9060209200712254,2.006124113352128,0.1029479130415903,0.1139570214591628,0.2982793752785023,0.8978200122890985,-1.4062193567474928,-0.1139295617447661,1.2729302698830196,0.324139927926194,0.5406942618749103,1.241760073118778,0.1491585401846969,-0.1382398755592153,1
-0.8741791169491974,-0.9334624157256376,0.011127061603453,-0.4954388152208512,1.1372635940522602,0.8978200122890985,-0.6640224710335393,0.1100352941190065,-2.004258551310488,0.2329483320036608,1.393667835201281,-0.4416970671879867,-0.1097518297567078,0.1767220263361077,3
-0.45378675000505,-0.9340764996568958,0.0405775265950844,-1.5618815294108757,-0.5508205156097123,0.077893060426908,-0.1280985349862138,-0.0673097410298475,-0.2920608408270421,-1.548106120552161,-1.324365940123109,-1.0729934948030235,-0.5860381409456334,-1.287727782355402,3
-0.1652058164298961,0.4087747021922714,0.0396500215636236,0.4186549397991698,-0.2299034948733058,0.8978200122890985,0.812456935070499,0.036011482661608,1.1337873645380516,0.1584942735835183,-0.4068276548264231,0.4000315029653957,-0.4689759689648879,0.5444068583580857,0
-0.5091551337103172,-0.115094773822402,0.058181542751826,-1.5618815294108757,-2.4098756063502864,-0.7420338914352835,0.3480571651667768,-0.4912776003519759,0.4634227171204894,0.0475409720269527,-1.5642422539751843,-2.335586350033097,-0.788032586458606,-0.7764146427751859,3
